world_tick,entity_id,entity,tag,state,x,y,z,goal,path_len,path_pos,movement,search_us,searches,replans,fail_reason,events
137,0,Husk,T3/1,IDLE,0.500,4.000,0.500,,-1,-1,,-1,0,0,,
138,0,Husk,T3/1,IDLE,0.500,4.000,0.500,,-1,-1,,-1,0,0,,CANCELED
139,0,Husk,T3/1,IDLE,0.500,4.000,0.500,,-1,-1,,-1,0,0,,
140,0,Husk,T3/1,IDLE,0.500,4.000,0.500,,-1,-1,,-1,0,0,,
141,0,Husk,T3/1,IDLE,0.500,4.000,0.500,,-1,-1,,-1,0,0,,
142,0,Husk,T3/1,IDLE,0.500,4.000,0.500,,-1,-1,,-1,0,0,,
143,0,Husk,T3/1,IDLE,0.500,4.000,0.500,,-1,-1,,-1,0,0,,
144,0,Husk,T3/1,IDLE,0.500,4.000,0.500,,-1,-1,,-1,0,0,,
145,0,Husk,T3/1,IDLE,0.500,4.000,0.500,,-1,-1,,-1,0,0,,
146,0,Husk,T3/1,IDLE,0.500,4.000,0.500,,-1,-1,,-1,0,0,,
147,0,Husk,T3/1,SEARCHING,0.500,4.000,0.500,"GoalBlock{x=30,y=4,z=0}",-1,-1,,-1,1,1,,CALC_STARTED
148,0,Husk,T3/1,SEARCHING,0.500,4.000,0.500,"GoalBlock{x=30,y=4,z=0}",-1,-1,,-1,1,1,,
149,0,Husk,T3/1,MOVING,0.627,4.000,0.500,"GoalBlock{x=30,y=4,z=0}",31,0,MovementTraverse,60329,1,1,,CALC_FINISHED_NOW_EXECUTING
150,0,Husk,T3/1,MOVING,0.824,4.000,0.500,"GoalBlock{x=30,y=4,z=0}",31,0,MovementTraverse,60329,1,1,,
151,0,Husk,T3/1,MOVING,1.059,4.000,0.500,"GoalBlock{x=30,y=4,z=0}",31,0,MovementTraverse,60329,1,1,,
152,0,Husk,T3/1,MOVING,1.315,4.000,0.500,"GoalBlock{x=30,y=4,z=0}",31,1,MovementTraverse,60329,1,1,,
153,0,Husk,T3/1,MOVING,1.582,4.000,0.500,"GoalBlock{x=30,y=4,z=0}",31,1,MovementTraverse,60329,1,1,,
154,0,Husk,T3/1,MOVING,1.855,4.000,0.500,"GoalBlock{x=30,y=4,z=0}",31,1,MovementTraverse,60329,1,1,,
155,0,Husk,T3/1,MOVING,2.132,4.000,0.500,"GoalBlock{x=30,y=4,z=0}",31,1,MovementTraverse,60329,1,1,,
156,0,Husk,T3/1,MOVING,2.410,4.000,0.500,"GoalBlock{x=30,y=4,z=0}",31,2,MovementTraverse,60329,1,1,,
157,0,Husk,T3/1,MOVING,2.690,4.000,0.500,"GoalBlock{x=30,y=4,z=0}",31,2,MovementTraverse,60329,1,1,,
158,0,Husk,T3/1,MOVING,2.969,4.000,0.500,"GoalBlock{x=30,y=4,z=0}",31,2,MovementTraverse,60329,1,1,,
159,0,Husk,T3/1,MOVING,3.250,4.000,0.500,"GoalBlock{x=30,y=4,z=0}",31,2,MovementTraverse,60329,1,1,,
160,0,Husk,T3/1,MOVING,3.530,4.000,0.500,"GoalBlock{x=30,y=4,z=0}",31,3,MovementTraverse,60329,1,1,,
161,0,Husk,T3/1,MOVING,3.811,4.000,0.500,"GoalBlock{x=30,y=4,z=0}",31,3,MovementTraverse,60329,1,1,,
162,0,Husk,T3/1,MOVING,4.091,4.000,0.500,"GoalBlock{x=30,y=4,z=0}",31,3,MovementTraverse,60329,1,1,,
163,0,Husk,T3/1,MOVING,4.372,4.000,0.500,"GoalBlock{x=30,y=4,z=0}",31,4,MovementTraverse,60329,1,1,,
164,0,Husk,T3/1,MOVING,4.652,4.000,0.500,"GoalBlock{x=30,y=4,z=0}",31,4,MovementTraverse,60329,1,1,,
165,0,Husk,T3/1,MOVING,4.933,4.000,0.500,"GoalBlock{x=30,y=4,z=0}",31,4,MovementTraverse,60329,1,1,,
166,0,Husk,T3/1,MOVING,5.214,4.000,0.500,"GoalBlock{x=30,y=4,z=0}",31,4,MovementTraverse,60329,1,1,,
167,0,Husk,T3/1,MOVING,5.494,4.000,0.500,"GoalBlock{x=30,y=4,z=0}",31,5,MovementTraverse,60329,1,1,,
168,0,Husk,T3/1,MOVING,5.775,4.000,0.500,"GoalBlock{x=30,y=4,z=0}",31,5,MovementTraverse,60329,1,1,,
169,0,Husk,T3/1,MOVING,6.055,4.000,0.500,"GoalBlock{x=30,y=4,z=0}",31,5,MovementTraverse,60329,1,1,,
170,0,Husk,T3/1,MOVING,6.336,4.000,0.500,"GoalBlock{x=30,y=4,z=0}",31,6,MovementTraverse,60329,1,1,,
171,0,Husk,T3/1,MOVING,6.617,4.000,0.500,"GoalBlock{x=30,y=4,z=0}",31,6,MovementTraverse,60329,1,1,,
172,0,Husk,T3/1,MOVING,6.897,4.000,0.500,"GoalBlock{x=30,y=4,z=0}",31,6,MovementTraverse,60329,1,1,,
173,0,Husk,T3/1,MOVING,7.178,4.000,0.500,"GoalBlock{x=30,y=4,z=0}",31,6,MovementTraverse,60329,1,1,,
174,0,Husk,T3/1,MOVING,7.459,4.000,0.500,"GoalBlock{x=30,y=4,z=0}",31,7,MovementTraverse,60329,1,1,,
175,0,Husk,T3/1,MOVING,7.739,4.000,0.500,"GoalBlock{x=30,y=4,z=0}",31,7,MovementTraverse,60329,1,1,,
176,0,Husk,T3/1,MOVING,8.020,4.000,0.500,"GoalBlock{x=30,y=4,z=0}",31,7,MovementTraverse,60329,1,1,,
177,0,Husk,T3/1,MOVING,8.300,4.000,0.500,"GoalBlock{x=30,y=4,z=0}",31,8,MovementTraverse,60329,1,1,,
178,0,Husk,T3/1,MOVING,8.581,4.000,0.500,"GoalBlock{x=30,y=4,z=0}",31,8,MovementTraverse,60329,1,1,,
179,0,Husk,T3/1,MOVING,8.862,4.000,0.500,"GoalBlock{x=30,y=4,z=0}",31,8,MovementTraverse,60329,1,1,,
180,0,Husk,T3/1,MOVING,9.142,4.000,0.500,"GoalBlock{x=30,y=4,z=0}",31,8,MovementTraverse,60329,1,1,,
181,0,Husk,T3/1,MOVING,9.423,4.000,0.500,"GoalBlock{x=30,y=4,z=0}",31,9,MovementTraverse,60329,1,1,,
182,0,Husk,T3/1,MOVING,9.703,4.000,0.500,"GoalBlock{x=30,y=4,z=0}",31,9,MovementTraverse,60329,1,1,,
183,0,Husk,T3/1,MOVING,9.984,4.000,0.500,"GoalBlock{x=30,y=4,z=0}",31,9,MovementTraverse,60329,1,1,,
184,0,Husk,T3/1,MOVING,10.265,4.000,0.500,"GoalBlock{x=30,y=4,z=0}",31,9,MovementTraverse,60329,1,1,,
185,0,Husk,T3/1,MOVING,10.545,4.000,0.500,"GoalBlock{x=30,y=4,z=0}",31,10,MovementTraverse,60329,1,1,,
186,0,Husk,T3/1,MOVING,10.826,4.000,0.500,"GoalBlock{x=30,y=4,z=0}",31,10,MovementTraverse,60329,1,1,,
187,0,Husk,T3/1,MOVING,11.107,4.000,0.500,"GoalBlock{x=30,y=4,z=0}",31,10,MovementTraverse,60329,1,1,,
188,0,Husk,T3/1,MOVING,11.387,4.000,0.500,"GoalBlock{x=30,y=4,z=0}",31,11,MovementTraverse,60329,1,1,,
189,0,Husk,T3/1,MOVING,11.668,4.000,0.500,"GoalBlock{x=30,y=4,z=0}",31,11,MovementTraverse,60329,1,1,,
190,0,Husk,T3/1,MOVING,11.948,4.000,0.500,"GoalBlock{x=30,y=4,z=0}",31,11,MovementTraverse,60329,1,1,,
191,0,Husk,T3/1,MOVING,12.229,4.000,0.500,"GoalBlock{x=30,y=4,z=0}",31,11,MovementTraverse,60329,1,1,,
192,0,Husk,T3/1,MOVING,12.510,4.000,0.500,"GoalBlock{x=30,y=4,z=0}",31,12,MovementTraverse,60329,1,1,,
193,0,Husk,T3/1,MOVING,12.790,4.000,0.500,"GoalBlock{x=30,y=4,z=0}",31,12,MovementTraverse,60329,1,1,,
194,0,Husk,T3/1,MOVING,13.071,4.000,0.500,"GoalBlock{x=30,y=4,z=0}",31,12,MovementTraverse,60329,1,1,,
195,0,Husk,T3/1,MOVING,13.352,4.000,0.500,"GoalBlock{x=30,y=4,z=0}",31,13,MovementTraverse,60329,1,1,,
196,0,Husk,T3/1,MOVING,13.632,4.000,0.500,"GoalBlock{x=30,y=4,z=0}",31,13,MovementTraverse,60329,1,1,,
197,0,Husk,T3/1,MOVING,13.913,4.000,0.500,"GoalBlock{x=30,y=4,z=0}",31,13,MovementTraverse,60329,1,1,,
198,0,Husk,T3/1,MOVING,14.193,4.000,0.500,"GoalBlock{x=30,y=4,z=0}",31,13,MovementTraverse,60329,1,1,,
199,0,Husk,T3/1,MOVING,14.474,4.000,0.500,"GoalBlock{x=30,y=4,z=0}",31,14,MovementTraverse,60329,1,1,,
200,0,Husk,T3/1,MOVING,14.755,4.000,0.500,"GoalBlock{x=30,y=4,z=0}",31,14,MovementTraverse,60329,1,1,,
201,0,Husk,T3/1,MOVING,15.035,4.000,0.500,"GoalBlock{x=30,y=4,z=0}",31,14,MovementTraverse,60329,1,1,,
202,0,Husk,T3/1,MOVING,15.316,4.000,0.500,"GoalBlock{x=30,y=4,z=0}",31,15,MovementTraverse,60329,1,1,,
203,0,Husk,T3/1,MOVING,15.596,4.000,0.500,"GoalBlock{x=30,y=4,z=0}",31,15,MovementTraverse,60329,1,1,,
204,0,Husk,T3/1,MOVING,15.877,4.000,0.500,"GoalBlock{x=30,y=4,z=0}",31,15,MovementTraverse,60329,1,1,,
205,0,Husk,T3/1,MOVING,16.158,4.000,0.500,"GoalBlock{x=30,y=4,z=0}",31,15,MovementTraverse,60329,1,1,,
206,0,Husk,T3/1,MOVING,16.438,4.000,0.500,"GoalBlock{x=30,y=4,z=0}",31,16,MovementTraverse,60329,1,1,,
207,0,Husk,T3/1,MOVING,16.719,4.000,0.500,"GoalBlock{x=30,y=4,z=0}",31,16,MovementTraverse,60329,1,1,,
208,0,Husk,T3/1,MOVING,17.000,4.000,0.500,"GoalBlock{x=30,y=4,z=0}",31,16,MovementTraverse,60329,1,1,,
209,0,Husk,T3/1,MOVING,17.280,4.000,0.500,"GoalBlock{x=30,y=4,z=0}",31,16,MovementTraverse,60329,1,1,,
210,0,Husk,T3/1,MOVING,17.561,4.000,0.500,"GoalBlock{x=30,y=4,z=0}",31,17,MovementTraverse,60329,1,1,,
211,0,Husk,T3/1,MOVING,17.841,4.000,0.500,"GoalBlock{x=30,y=4,z=0}",31,17,MovementTraverse,60329,1,1,,
212,0,Husk,T3/1,MOVING,18.122,4.000,0.500,"GoalBlock{x=30,y=4,z=0}",31,17,MovementTraverse,60329,1,1,,
213,0,Husk,T3/1,MOVING,18.403,4.000,0.500,"GoalBlock{x=30,y=4,z=0}",31,18,MovementTraverse,60329,1,1,,
214,0,Husk,T3/1,MOVING,18.683,4.000,0.500,"GoalBlock{x=30,y=4,z=0}",31,18,MovementTraverse,60329,1,1,,
215,0,Husk,T3/1,MOVING,18.964,4.000,0.500,"GoalBlock{x=30,y=4,z=0}",31,18,MovementTraverse,60329,1,1,,
216,0,Husk,T3/1,MOVING,19.244,4.000,0.500,"GoalBlock{x=30,y=4,z=0}",31,18,MovementTraverse,60329,1,1,,
217,0,Husk,T3/1,MOVING,19.525,4.000,0.500,"GoalBlock{x=30,y=4,z=0}",31,19,MovementTraverse,60329,1,1,,
218,0,Husk,T3/1,MOVING,19.806,4.000,0.500,"GoalBlock{x=30,y=4,z=0}",31,19,MovementTraverse,60329,1,1,,
219,0,Husk,T3/1,MOVING,20.086,4.000,0.500,"GoalBlock{x=30,y=4,z=0}",31,19,MovementTraverse,60329,1,1,,
220,0,Husk,T3/1,MOVING,20.367,4.000,0.500,"GoalBlock{x=30,y=4,z=0}",31,20,MovementTraverse,60329,1,1,,
221,0,Husk,T3/1,MOVING,20.648,4.000,0.500,"GoalBlock{x=30,y=4,z=0}",31,20,MovementTraverse,60329,1,1,,
222,0,Husk,T3/1,MOVING,20.928,4.000,0.500,"GoalBlock{x=30,y=4,z=0}",31,20,MovementTraverse,60329,1,1,,
223,0,Husk,T3/1,MOVING,21.209,4.000,0.500,"GoalBlock{x=30,y=4,z=0}",31,20,MovementTraverse,60329,1,1,,
224,0,Husk,T3/1,MOVING,21.489,4.000,0.500,"GoalBlock{x=30,y=4,z=0}",31,21,MovementTraverse,60329,1,1,,
225,0,Husk,T3/1,MOVING,21.770,4.000,0.500,"GoalBlock{x=30,y=4,z=0}",31,21,MovementTraverse,60329,1,1,,
226,0,Husk,T3/1,MOVING,22.051,4.000,0.500,"GoalBlock{x=30,y=4,z=0}",31,21,MovementTraverse,60329,1,1,,
227,0,Husk,T3/1,MOVING,22.331,4.000,0.500,"GoalBlock{x=30,y=4,z=0}",31,22,MovementTraverse,60329,1,1,,
228,0,Husk,T3/1,MOVING,22.612,4.000,0.500,"GoalBlock{x=30,y=4,z=0}",31,22,MovementTraverse,60329,1,1,,
229,0,Husk,T3/1,MOVING,22.892,4.000,0.500,"GoalBlock{x=30,y=4,z=0}",31,22,MovementTraverse,60329,1,1,,
230,0,Husk,T3/1,MOVING,23.173,4.000,0.500,"GoalBlock{x=30,y=4,z=0}",31,22,MovementTraverse,60329,1,1,,
231,0,Husk,T3/1,MOVING,23.454,4.000,0.500,"GoalBlock{x=30,y=4,z=0}",31,23,MovementTraverse,60329,1,1,,
232,0,Husk,T3/1,MOVING,23.734,4.000,0.500,"GoalBlock{x=30,y=4,z=0}",31,23,MovementTraverse,60329,1,1,,
233,0,Husk,T3/1,MOVING,24.015,4.000,0.500,"GoalBlock{x=30,y=4,z=0}",31,23,MovementTraverse,60329,1,1,,
234,0,Husk,T3/1,MOVING,24.296,4.000,0.500,"GoalBlock{x=30,y=4,z=0}",31,24,MovementTraverse,60329,1,1,,
235,0,Husk,T3/1,MOVING,24.576,4.000,0.500,"GoalBlock{x=30,y=4,z=0}",31,24,MovementTraverse,60329,1,1,,
236,0,Husk,T3/1,MOVING,24.857,4.000,0.500,"GoalBlock{x=30,y=4,z=0}",31,24,MovementTraverse,60329,1,1,,
237,0,Husk,T3/1,MOVING,25.137,4.000,0.500,"GoalBlock{x=30,y=4,z=0}",31,24,MovementTraverse,60329,1,1,,
238,0,Husk,T3/1,MOVING,25.418,4.000,0.500,"GoalBlock{x=30,y=4,z=0}",31,25,MovementTraverse,60329,1,1,,
239,0,Husk,T3/1,MOVING,25.699,4.000,0.500,"GoalBlock{x=30,y=4,z=0}",31,25,MovementTraverse,60329,1,1,,
240,0,Husk,T3/1,MOVING,25.979,4.000,0.500,"GoalBlock{x=30,y=4,z=0}",31,25,MovementTraverse,60329,1,1,,
241,0,Husk,T3/1,MOVING,26.260,4.000,0.500,"GoalBlock{x=30,y=4,z=0}",31,25,MovementTraverse,60329,1,1,,
242,0,Husk,T3/1,MOVING,26.540,4.000,0.500,"GoalBlock{x=30,y=4,z=0}",31,26,MovementTraverse,60329,1,1,,
243,0,Husk,T3/1,MOVING,26.821,4.000,0.500,"GoalBlock{x=30,y=4,z=0}",31,26,MovementTraverse,60329,1,1,,
244,0,Husk,T3/1,MOVING,27.102,4.000,0.500,"GoalBlock{x=30,y=4,z=0}",31,26,MovementTraverse,60329,1,1,,
245,0,Husk,T3/1,MOVING,27.382,4.000,0.500,"GoalBlock{x=30,y=4,z=0}",31,27,MovementTraverse,60329,1,1,,
246,0,Husk,T3/1,MOVING,27.663,4.000,0.500,"GoalBlock{x=30,y=4,z=0}",31,27,MovementTraverse,60329,1,1,,
247,0,Husk,T3/1,MOVING,27.944,4.000,0.500,"GoalBlock{x=30,y=4,z=0}",31,27,MovementTraverse,60329,1,1,,
248,0,Husk,T3/1,MOVING,28.224,4.000,0.500,"GoalBlock{x=30,y=4,z=0}",31,27,MovementTraverse,60329,1,1,,
249,0,Husk,T3/1,MOVING,28.505,4.000,0.500,"GoalBlock{x=30,y=4,z=0}",31,28,MovementTraverse,60329,1,1,,
250,0,Husk,T3/1,MOVING,28.785,4.000,0.500,"GoalBlock{x=30,y=4,z=0}",31,28,MovementTraverse,60329,1,1,,
251,0,Husk,T3/1,MOVING,29.066,4.000,0.500,"GoalBlock{x=30,y=4,z=0}",31,28,MovementTraverse,60329,1,1,,
252,0,Husk,T3/1,MOVING,29.347,4.000,0.500,"GoalBlock{x=30,y=4,z=0}",31,29,MovementTraverse,60329,1,1,,
253,0,Husk,T3/1,MOVING,29.627,4.000,0.500,"GoalBlock{x=30,y=4,z=0}",31,29,MovementTraverse,60329,1,1,,
254,0,Husk,T3/1,MOVING,29.908,4.000,0.500,"GoalBlock{x=30,y=4,z=0}",31,29,MovementTraverse,60329,1,1,,
255,0,Husk,T3/1,MOVING,30.189,4.000,0.500,"GoalBlock{x=30,y=4,z=0}",31,29,MovementTraverse,60329,1,1,,
256,0,Husk,T3/1,ARRIVED,30.342,4.000,0.500,,-1,-1,,60329,1,1,,CANCELED
257,0,Husk,T3/2,ARRIVED,0.500,4.000,12.500,,-1,-1,,60329,1,1,,CANCELED|CANCELED
258,0,Husk,T3/2,ARRIVED,0.500,4.000,12.500,,-1,-1,,60329,1,1,,
259,0,Husk,T3/2,ARRIVED,0.500,4.000,12.500,,-1,-1,,60329,1,1,,
260,0,Husk,T3/2,ARRIVED,0.500,4.000,12.500,,-1,-1,,60329,1,1,,
261,0,Husk,T3/2,ARRIVED,0.500,4.000,12.500,,-1,-1,,60329,1,1,,
262,0,Husk,T3/2,ARRIVED,0.500,4.000,12.500,,-1,-1,,60329,1,1,,
263,0,Husk,T3/2,ARRIVED,0.500,4.000,12.500,,-1,-1,,60329,1,1,,
264,0,Husk,T3/2,ARRIVED,0.500,4.000,12.500,,-1,-1,,60329,1,1,,
265,0,Husk,T3/2,ARRIVED,0.500,4.000,12.500,,-1,-1,,60329,1,1,,
266,0,Husk,T3/2,ARRIVED,0.500,4.000,12.500,,-1,-1,,60329,1,1,,
267,0,Husk,T3/2,SEARCHING,0.500,4.000,12.500,"GoalBlock{x=20,y=4,z=12}",-1,-1,,60329,2,2,,CALC_STARTED
268,0,Husk,T3/2,MOVING,0.627,4.000,12.500,"GoalBlock{x=20,y=4,z=12}",21,0,MovementTraverse,2901,2,2,,CALC_FINISHED_NOW_EXECUTING
269,0,Husk,T3/2,MOVING,0.824,4.000,12.500,"GoalBlock{x=20,y=4,z=12}",21,0,MovementTraverse,2901,2,2,,
270,0,Husk,T3/2,MOVING,1.059,4.000,12.500,"GoalBlock{x=20,y=4,z=12}",21,0,MovementTraverse,2901,2,2,,
271,0,Husk,T3/2,MOVING,1.315,4.000,12.500,"GoalBlock{x=20,y=4,z=12}",21,1,MovementTraverse,2901,2,2,,
272,0,Husk,T3/2,MOVING,1.582,4.000,12.500,"GoalBlock{x=20,y=4,z=12}",21,1,MovementTraverse,2901,2,2,,
273,0,Husk,T3/2,MOVING,1.855,4.000,12.500,"GoalBlock{x=20,y=4,z=12}",21,1,MovementTraverse,2901,2,2,,
274,0,Husk,T3/2,MOVING,2.132,4.000,12.500,"GoalBlock{x=20,y=4,z=12}",21,1,MovementTraverse,2901,2,2,,
275,0,Husk,T3/2,MOVING,2.410,4.000,12.500,"GoalBlock{x=20,y=4,z=12}",21,2,MovementTraverse,2901,2,2,,
276,0,Husk,T3/2,MOVING,2.690,4.000,12.500,"GoalBlock{x=20,y=4,z=12}",21,2,MovementTraverse,2901,2,2,,
277,0,Husk,T3/2,MOVING,2.969,4.000,12.500,"GoalBlock{x=20,y=4,z=12}",21,2,MovementTraverse,2901,2,2,,
278,0,Husk,T3/2,MOVING,3.250,4.000,12.500,"GoalBlock{x=20,y=4,z=12}",21,2,MovementTraverse,2901,2,2,,
279,0,Husk,T3/2,MOVING,3.530,4.000,12.500,"GoalBlock{x=20,y=4,z=12}",21,3,MovementTraverse,2901,2,2,,
280,0,Husk,T3/2,MOVING,3.811,4.000,12.500,"GoalBlock{x=20,y=4,z=12}",21,3,MovementTraverse,2901,2,2,,
281,0,Husk,T3/2,MOVING,4.091,4.000,12.500,"GoalBlock{x=20,y=4,z=12}",21,3,MovementTraverse,2901,2,2,,
282,0,Husk,T3/2,MOVING,4.372,4.000,12.500,"GoalBlock{x=20,y=4,z=12}",21,4,MovementTraverse,2901,2,2,,
283,0,Husk,T3/2,MOVING,4.652,4.000,12.500,"GoalBlock{x=20,y=4,z=12}",21,4,MovementTraverse,2901,2,2,,
284,0,Husk,T3/2,MOVING,4.933,4.000,12.500,"GoalBlock{x=20,y=4,z=12}",21,4,MovementTraverse,2901,2,2,,
285,0,Husk,T3/2,MOVING,5.214,4.000,12.500,"GoalBlock{x=20,y=4,z=12}",21,4,MovementTraverse,2901,2,2,,
286,0,Husk,T3/2,MOVING,5.494,4.000,12.500,"GoalBlock{x=20,y=4,z=12}",21,5,MovementTraverse,2901,2,2,,
287,0,Husk,T3/2,MOVING,5.775,4.000,12.500,"GoalBlock{x=20,y=4,z=12}",21,5,MovementTraverse,2901,2,2,,
288,0,Husk,T3/2,MOVING,6.055,4.000,12.500,"GoalBlock{x=20,y=4,z=12}",21,5,MovementTraverse,2901,2,2,,
289,0,Husk,T3/2,MOVING,6.319,4.000,12.564,"GoalBlock{x=20,y=4,z=12}",21,6,MovementDiagonal,2901,2,2,,
290,0,Husk,T3/2,MOVING,6.563,4.000,12.678,"GoalBlock{x=20,y=4,z=12}",21,6,MovementDiagonal,2901,2,2,,
291,0,Husk,T3/2,MOVING,6.792,4.000,12.824,"GoalBlock{x=20,y=4,z=12}",21,6,MovementDiagonal,2901,2,2,,
292,0,Husk,T3/2,MOVING,7.009,4.000,12.992,"GoalBlock{x=20,y=4,z=12}",21,6,MovementDiagonal,2901,2,2,,
293,0,Husk,T3/2,MOVING,7.216,4.000,13.175,"GoalBlock{x=20,y=4,z=12}",21,6,MovementDiagonal,2901,2,2,,
294,0,Husk,T3/2,MOVING,7.417,4.000,13.366,"GoalBlock{x=20,y=4,z=12}",21,7,MovementDiagonal,2901,2,2,,
295,0,Husk,T3/2,MOVING,7.616,4.000,13.563,"GoalBlock{x=20,y=4,z=12}",21,7,MovementDiagonal,2901,2,2,,
296,0,Husk,T3/2,MOVING,7.811,4.000,13.763,"GoalBlock{x=20,y=4,z=12}",21,7,MovementDiagonal,2901,2,2,,
297,0,Husk,T3/2,MOVING,8.005,4.000,13.965,"GoalBlock{x=20,y=4,z=12}",21,7,MovementDiagonal,2901,2,2,,
298,0,Husk,T3/2,MOVING,8.197,4.000,14.169,"GoalBlock{x=20,y=4,z=12}",21,7,MovementDiagonal,2901,2,2,,
299,0,Husk,T3/2,MOVING,8.392,4.000,14.372,"GoalBlock{x=20,y=4,z=12}",21,8,MovementDiagonal,2901,2,2,,
300,0,Husk,T3/2,MOVING,8.587,4.000,14.573,"GoalBlock{x=20,y=4,z=12}",21,8,MovementDiagonal,2901,2,2,,
301,0,Husk,T3/2,MOVING,8.783,4.000,14.774,"GoalBlock{x=20,y=4,z=12}",21,8,MovementDiagonal,2901,2,2,,
302,0,Husk,T3/2,MOVING,8.979,4.000,14.974,"GoalBlock{x=20,y=4,z=12}",21,8,MovementDiagonal,2901,2,2,,
303,0,Husk,T3/2,MOVING,9.176,4.000,15.174,"GoalBlock{x=20,y=4,z=12}",21,8,MovementDiagonal,2901,2,2,,
304,0,Husk,T3/2,MOVING,9.407,4.000,15.317,"GoalBlock{x=20,y=4,z=12}",21,9,MovementTraverse,2901,2,2,,
305,0,Husk,T3/2,MOVING,9.658,4.000,15.416,"GoalBlock{x=20,y=4,z=12}",21,9,MovementTraverse,2901,2,2,,
306,0,Husk,T3/2,MOVING,9.922,4.000,15.482,"GoalBlock{x=20,y=4,z=12}",21,9,MovementTraverse,2901,2,2,,
307,0,Husk,T3/2,MOVING,10.194,4.000,15.523,"GoalBlock{x=20,y=4,z=12}",21,9,MovementTraverse,2901,2,2,,
308,0,Husk,T3/2,MOVING,10.469,4.000,15.543,"GoalBlock{x=20,y=4,z=12}",21,10,MovementTraverse,2901,2,2,,
309,0,Husk,T3/2,MOVING,10.747,4.000,15.548,"GoalBlock{x=20,y=4,z=12}",21,10,MovementTraverse,2901,2,2,,
310,0,Husk,T3/2,MOVING,11.026,4.000,15.543,"GoalBlock{x=20,y=4,z=12}",21,10,MovementTraverse,2901,2,2,,
311,0,Husk,T3/2,MOVING,11.306,4.000,15.539,"GoalBlock{x=20,y=4,z=12}",21,11,MovementTraverse,2901,2,2,,
312,0,Husk,T3/2,MOVING,11.586,4.000,15.535,"GoalBlock{x=20,y=4,z=12}",21,11,MovementTraverse,2901,2,2,,
313,0,Husk,T3/2,MOVING,11.866,4.000,15.530,"GoalBlock{x=20,y=4,z=12}",21,11,MovementTraverse,2901,2,2,,
314,0,Husk,T3/2,MOVING,12.146,4.000,15.524,"GoalBlock{x=20,y=4,z=12}",21,11,MovementTraverse,2901,2,2,,
315,0,Husk,T3/2,MOVING,12.426,4.000,15.519,"GoalBlock{x=20,y=4,z=12}",21,12,MovementTraverse,2901,2,2,,
316,0,Husk,T3/2,MOVING,12.707,4.000,15.513,"GoalBlock{x=20,y=4,z=12}",21,12,MovementTraverse,2901,2,2,,
317,0,Husk,T3/2,MOVING,12.987,4.000,15.511,"GoalBlock{x=20,y=4,z=12}",21,12,MovementTraverse,2901,2,2,,
318,0,Husk,T3/2,MOVING,13.268,4.000,15.508,"GoalBlock{x=20,y=4,z=12}",21,12,MovementTraverse,2901,2,2,,
319,0,Husk,T3/2,MOVING,13.548,4.000,15.508,"GoalBlock{x=20,y=4,z=12}",21,13,MovementTraverse,2901,2,2,,
320,0,Husk,T3/2,MOVING,13.829,4.000,15.507,"GoalBlock{x=20,y=4,z=12}",21,13,MovementTraverse,2901,2,2,,
321,0,Husk,T3/2,MOVING,14.110,4.000,15.505,"GoalBlock{x=20,y=4,z=12}",21,13,MovementTraverse,2901,2,2,,
322,0,Husk,T3/2,MOVING,14.390,4.000,15.505,"GoalBlock{x=20,y=4,z=12}",21,14,MovementTraverse,2901,2,2,,
323,0,Husk,T3/2,MOVING,14.671,4.000,15.504,"GoalBlock{x=20,y=4,z=12}",21,14,MovementTraverse,2901,2,2,,
324,0,Husk,T3/2,MOVING,14.951,4.000,15.504,"GoalBlock{x=20,y=4,z=12}",21,14,MovementTraverse,2901,2,2,,
325,0,Husk,T3/2,MOVING,15.232,4.000,15.503,"GoalBlock{x=20,y=4,z=12}",21,14,MovementTraverse,2901,2,2,,
326,0,Husk,T3/2,MOVING,15.513,4.000,15.503,"GoalBlock{x=20,y=4,z=12}",21,15,MovementTraverse,2901,2,2,,
327,0,Husk,T3/2,MOVING,15.793,4.000,15.502,"GoalBlock{x=20,y=4,z=12}",21,15,MovementTraverse,2901,2,2,,
328,0,Husk,T3/2,MOVING,16.074,4.000,15.502,"GoalBlock{x=20,y=4,z=12}",21,15,MovementTraverse,2901,2,2,,
329,0,Husk,T3/2,MOVING,16.354,4.000,15.502,"GoalBlock{x=20,y=4,z=12}",21,16,MovementTraverse,2901,2,2,,
330,0,Husk,T3/2,MOVING,16.635,4.000,15.501,"GoalBlock{x=20,y=4,z=12}",21,16,MovementTraverse,2901,2,2,,
331,0,Husk,T3/2,MOVING,16.916,4.000,15.501,"GoalBlock{x=20,y=4,z=12}",21,16,MovementTraverse,2901,2,2,,
332,0,Husk,T3/2,MOVING,17.196,4.000,15.501,"GoalBlock{x=20,y=4,z=12}",21,16,MovementTraverse,2901,2,2,,
333,0,Husk,T3/2,MOVING,17.460,4.000,15.437,"GoalBlock{x=20,y=4,z=12}",21,17,MovementDiagonal,2901,2,2,,
334,0,Husk,T3/2,MOVING,17.698,4.000,15.317,"GoalBlock{x=20,y=4,z=12}",21,17,MovementDiagonal,2901,2,2,,
335,0,Husk,T3/2,MOVING,17.918,4.000,15.160,"GoalBlock{x=20,y=4,z=12}",21,17,MovementDiagonal,2901,2,2,,
336,0,Husk,T3/2,MOVING,18.122,4.000,14.979,"GoalBlock{x=20,y=4,z=12}",21,17,MovementDiagonal,2901,2,2,,
337,0,Husk,T3/2,MOVING,18.320,4.000,14.787,"GoalBlock{x=20,y=4,z=12}",21,18,MovementDiagonal,2901,2,2,,
338,0,Husk,T3/2,MOVING,18.514,4.000,14.589,"GoalBlock{x=20,y=4,z=12}",21,18,MovementDiagonal,2901,2,2,,
339,0,Husk,T3/2,MOVING,18.706,4.000,14.386,"GoalBlock{x=20,y=4,z=12}",21,18,MovementDiagonal,2901,2,2,,
340,0,Husk,T3/2,MOVING,18.896,4.000,14.180,"GoalBlock{x=20,y=4,z=12}",21,18,MovementDiagonal,2901,2,2,,
341,0,Husk,T3/2,MOVING,19.084,4.000,13.972,"GoalBlock{x=20,y=4,z=12}",21,18,MovementDiagonal,2901,2,2,,
342,0,Husk,T3/2,MOVING,19.275,4.000,13.767,"GoalBlock{x=20,y=4,z=12}",21,19,MovementDiagonal,2901,2,2,,
343,0,Husk,T3/2,MOVING,19.468,4.000,13.564,"GoalBlock{x=20,y=4,z=12}",21,19,MovementDiagonal,2901,2,2,,
344,0,Husk,T3/2,MOVING,19.662,4.000,13.361,"GoalBlock{x=20,y=4,z=12}",21,19,MovementDiagonal,2901,2,2,,
345,0,Husk,T3/2,MOVING,19.857,4.000,13.159,"GoalBlock{x=20,y=4,z=12}",21,19,MovementDiagonal,2901,2,2,,
346,0,Husk,T3/2,MOVING,20.052,4.000,12.958,"GoalBlock{x=20,y=4,z=12}",21,19,MovementDiagonal,2901,2,2,,
347,0,Husk,T3/2,ARRIVED,20.159,4.000,12.848,,-1,-1,,2901,2,2,,CANCELED
348,0,Husk,T3/3,ARRIVED,0.500,4.000,24.500,,-1,-1,,2901,2,2,,CANCELED|CANCELED
349,0,Husk,T3/3,ARRIVED,0.500,4.000,24.500,,-1,-1,,2901,2,2,,
350,0,Husk,T3/3,ARRIVED,0.500,4.000,24.500,,-1,-1,,2901,2,2,,
351,0,Husk,T3/3,ARRIVED,0.500,4.000,24.500,,-1,-1,,2901,2,2,,
352,0,Husk,T3/3,ARRIVED,0.500,4.000,24.500,,-1,-1,,2901,2,2,,
353,0,Husk,T3/3,ARRIVED,0.500,4.000,24.500,,-1,-1,,2901,2,2,,
354,0,Husk,T3/3,ARRIVED,0.500,4.000,24.500,,-1,-1,,2901,2,2,,
355,0,Husk,T3/3,ARRIVED,0.500,4.000,24.500,,-1,-1,,2901,2,2,,
356,0,Husk,T3/3,ARRIVED,0.500,4.000,24.500,,-1,-1,,2901,2,2,,
357,0,Husk,T3/3,ARRIVED,0.500,4.000,24.500,,-1,-1,,2901,2,2,,
358,0,Husk,T3/3,SEARCHING,0.500,4.000,24.500,"GoalBlock{x=15,y=7,z=24}",-1,-1,,2901,3,3,,CALC_STARTED
359,0,Husk,T3/3,MOVING,0.627,4.000,24.500,"GoalBlock{x=15,y=7,z=24}",16,0,MovementTraverse,608,3,3,,CALC_FINISHED_NOW_EXECUTING
360,0,Husk,T3/3,MOVING,0.824,4.000,24.500,"GoalBlock{x=15,y=7,z=24}",16,0,MovementTraverse,608,3,3,,
361,0,Husk,T3/3,MOVING,1.059,4.000,24.500,"GoalBlock{x=15,y=7,z=24}",16,0,MovementTraverse,608,3,3,,
362,0,Husk,T3/3,MOVING,1.315,4.000,24.500,"GoalBlock{x=15,y=7,z=24}",16,1,MovementTraverse,608,3,3,,
363,0,Husk,T3/3,MOVING,1.582,4.000,24.500,"GoalBlock{x=15,y=7,z=24}",16,1,MovementTraverse,608,3,3,,
364,0,Husk,T3/3,MOVING,1.855,4.000,24.500,"GoalBlock{x=15,y=7,z=24}",16,1,MovementTraverse,608,3,3,,
365,0,Husk,T3/3,MOVING,2.132,4.000,24.500,"GoalBlock{x=15,y=7,z=24}",16,1,MovementTraverse,608,3,3,,
366,0,Husk,T3/3,MOVING,2.410,4.000,24.500,"GoalBlock{x=15,y=7,z=24}",16,2,MovementTraverse,608,3,3,,
367,0,Husk,T3/3,MOVING,2.690,4.000,24.500,"GoalBlock{x=15,y=7,z=24}",16,2,MovementTraverse,608,3,3,,
368,0,Husk,T3/3,MOVING,2.969,4.000,24.500,"GoalBlock{x=15,y=7,z=24}",16,2,MovementTraverse,608,3,3,,
369,0,Husk,T3/3,MOVING,3.250,4.000,24.500,"GoalBlock{x=15,y=7,z=24}",16,2,MovementTraverse,608,3,3,,
370,0,Husk,T3/3,MOVING,3.730,4.420,24.500,"GoalBlock{x=15,y=7,z=24}",16,4,MovementAscend,608,3,3,,
371,0,Husk,T3/3,MOVING,4.018,4.753,24.500,"GoalBlock{x=15,y=7,z=24}",16,4,MovementAscend,608,3,3,,
372,0,Husk,T3/3,MOVING,4.305,5.001,24.500,"GoalBlock{x=15,y=7,z=24}",16,4,MovementAscend,608,3,3,,
373,0,Husk,T3/3,MOVING,4.592,5.166,24.500,"GoalBlock{x=15,y=7,z=24}",16,4,MovementAscend,608,3,3,,
374,0,Husk,T3/3,MOVING,4.879,5.249,24.500,"GoalBlock{x=15,y=7,z=24}",16,4,MovementAscend,608,3,3,,
375,0,Husk,T3/3,MOVING,5.165,5.252,24.500,"GoalBlock{x=15,y=7,z=24}",16,4,MovementAscend,608,3,3,,
376,0,Husk,T3/3,MOVING,5.451,5.177,24.500,"GoalBlock{x=15,y=7,z=24}",16,5,MovementTraverse,608,3,3,,
377,0,Husk,T3/3,MOVING,5.737,5.024,24.500,"GoalBlock{x=15,y=7,z=24}",16,5,MovementTraverse,608,3,3,,
378,0,Husk,T3/3,MOVING,6.023,5.000,24.500,"GoalBlock{x=15,y=7,z=24}",16,5,MovementTraverse,608,3,3,,
379,0,Husk,T3/3,MOVING,6.610,5.420,24.500,"GoalBlock{x=15,y=7,z=24}",16,7,MovementAscend,608,3,3,,
380,0,Husk,T3/3,MOVING,6.956,5.753,24.500,"GoalBlock{x=15,y=7,z=24}",16,7,MovementAscend,608,3,3,,
381,0,Husk,T3/3,MOVING,7.296,6.001,24.500,"GoalBlock{x=15,y=7,z=24}",16,7,MovementAscend,608,3,3,,
382,0,Husk,T3/3,MOVING,7.632,6.166,24.500,"GoalBlock{x=15,y=7,z=24}",16,7,MovementAscend,608,3,3,,
383,0,Husk,T3/3,MOVING,7.962,6.249,24.500,"GoalBlock{x=15,y=7,z=24}",16,7,MovementAscend,608,3,3,,
384,0,Husk,T3/3,MOVING,8.289,6.252,24.500,"GoalBlock{x=15,y=7,z=24}",16,7,MovementAscend,608,3,3,,
385,0,Husk,T3/3,MOVING,8.611,6.177,24.500,"GoalBlock{x=15,y=7,z=24}",16,8,MovementTraverse,608,3,3,,
386,0,Husk,T3/3,MOVING,8.930,6.024,24.500,"GoalBlock{x=15,y=7,z=24}",16,8,MovementTraverse,608,3,3,,
387,0,Husk,T3/3,MOVING,9.246,6.000,24.500,"GoalBlock{x=15,y=7,z=24}",16,8,MovementTraverse,608,3,3,,
388,0,Husk,T3/3,MOVING,9.860,6.420,24.500,"GoalBlock{x=15,y=7,z=24}",16,10,MovementAscend,608,3,3,,
389,0,Husk,T3/3,MOVING,10.221,6.753,24.500,"GoalBlock{x=15,y=7,z=24}",16,10,MovementAscend,608,3,3,,
390,0,Husk,T3/3,MOVING,10.575,7.001,24.500,"GoalBlock{x=15,y=7,z=24}",16,10,MovementAscend,608,3,3,,
391,0,Husk,T3/3,MOVING,10.923,7.166,24.500,"GoalBlock{x=15,y=7,z=24}",16,10,MovementAscend,608,3,3,,
392,0,Husk,T3/3,MOVING,11.265,7.249,24.500,"GoalBlock{x=15,y=7,z=24}",16,10,MovementAscend,608,3,3,,
393,0,Husk,T3/3,MOVING,11.601,7.252,24.500,"GoalBlock{x=15,y=7,z=24}",16,11,MovementTraverse,608,3,3,,
394,0,Husk,T3/3,MOVING,11.933,7.177,24.500,"GoalBlock{x=15,y=7,z=24}",16,11,MovementTraverse,608,3,3,,
395,0,Husk,T3/3,MOVING,12.261,7.024,24.500,"GoalBlock{x=15,y=7,z=24}",16,11,MovementTraverse,608,3,3,,
396,0,Husk,T3/3,MOVING,12.584,7.000,24.500,"GoalBlock{x=15,y=7,z=24}",16,12,MovementTraverse,608,3,3,,
397,0,Husk,T3/3,MOVING,13.006,7.000,24.500,"GoalBlock{x=15,y=7,z=24}",16,12,MovementTraverse,608,3,3,,
398,0,Husk,T3/3,MOVING,13.363,7.000,24.500,"GoalBlock{x=15,y=7,z=24}",16,13,MovementTraverse,608,3,3,,
399,0,Husk,T3/3,MOVING,13.686,7.000,24.500,"GoalBlock{x=15,y=7,z=24}",16,13,MovementTraverse,608,3,3,,
400,0,Husk,T3/3,MOVING,13.990,7.000,24.500,"GoalBlock{x=15,y=7,z=24}",16,13,MovementTraverse,608,3,3,,
401,0,Husk,T3/3,MOVING,14.283,7.000,24.500,"GoalBlock{x=15,y=7,z=24}",16,13,MovementTraverse,608,3,3,,
402,0,Husk,T3/3,MOVING,14.570,7.000,24.500,"GoalBlock{x=15,y=7,z=24}",16,14,MovementTraverse,608,3,3,,
403,0,Husk,T3/3,MOVING,14.855,7.000,24.500,"GoalBlock{x=15,y=7,z=24}",16,14,MovementTraverse,608,3,3,,
404,0,Husk,T3/3,MOVING,15.137,7.000,24.500,"GoalBlock{x=15,y=7,z=24}",16,14,MovementTraverse,608,3,3,,
405,0,Husk,T3/3,ARRIVED,15.292,7.000,24.500,,-1,-1,,608,3,3,,CANCELED
406,0,Husk,T3/4,ARRIVED,3.500,8.000,36.500,,-1,-1,,608,3,3,,CANCELED|CANCELED
407,0,Husk,T3/4,ARRIVED,3.500,8.000,36.500,,-1,-1,,608,3,3,,
408,0,Husk,T3/4,ARRIVED,3.500,8.000,36.500,,-1,-1,,608,3,3,,
409,0,Husk,T3/4,ARRIVED,3.500,8.000,36.500,,-1,-1,,608,3,3,,
410,0,Husk,T3/4,ARRIVED,3.500,8.000,36.500,,-1,-1,,608,3,3,,
411,0,Husk,T3/4,ARRIVED,3.500,8.000,36.500,,-1,-1,,608,3,3,,
412,0,Husk,T3/4,ARRIVED,3.500,8.000,36.500,,-1,-1,,608,3,3,,
413,0,Husk,T3/4,ARRIVED,3.500,8.000,36.500,,-1,-1,,608,3,3,,
414,0,Husk,T3/4,ARRIVED,3.500,8.000,36.500,,-1,-1,,608,3,3,,
415,0,Husk,T3/4,ARRIVED,3.500,8.000,36.500,,-1,-1,,608,3,3,,
416,0,Husk,T3/4,SEARCHING,3.500,8.000,36.500,"GoalBlock{x=12,y=4,z=36}",-1,-1,,608,4,4,,CALC_STARTED
417,0,Husk,T3/4,MOVING,3.627,8.000,36.500,"GoalBlock{x=12,y=4,z=36}",11,0,MovementTraverse,881,4,4,,CALC_FINISHED_NOW_EXECUTING
418,0,Husk,T3/4,MOVING,3.824,8.000,36.500,"GoalBlock{x=12,y=4,z=36}",11,0,MovementTraverse,881,4,4,,
419,0,Husk,T3/4,MOVING,4.059,8.000,36.500,"GoalBlock{x=12,y=4,z=36}",11,0,MovementTraverse,881,4,4,,
420,0,Husk,T3/4,MOVING,4.298,8.000,36.436,"GoalBlock{x=12,y=4,z=36}",11,1,MovementDiagonal,881,4,4,,
421,0,Husk,T3/4,MOVING,4.529,8.000,36.323,"GoalBlock{x=12,y=4,z=36}",11,1,MovementDiagonal,881,4,4,,
422,0,Husk,T3/4,MOVING,4.752,8.000,36.179,"GoalBlock{x=12,y=4,z=36}",11,1,MovementDiagonal,881,4,4,,
423,0,Husk,T3/4,MOVING,4.968,8.000,36.015,"GoalBlock{x=12,y=4,z=36}",11,1,MovementDiagonal,881,4,4,,
424,0,Husk,T3/4,MOVING,5.178,8.000,35.837,"GoalBlock{x=12,y=4,z=36}",11,1,MovementDiagonal,881,4,4,,
425,0,Husk,T3/4,MOVING,5.382,8.000,35.649,"GoalBlock{x=12,y=4,z=36}",11,2,MovementDiagonal,881,4,4,,
426,0,Husk,T3/4,MOVING,5.582,8.000,35.455,"GoalBlock{x=12,y=4,z=36}",11,2,MovementDiagonal,881,4,4,,
427,0,Husk,T3/4,MOVING,5.780,8.000,35.257,"GoalBlock{x=12,y=4,z=36}",11,2,MovementDiagonal,881,4,4,,
428,0,Husk,T3/4,MOVING,5.975,8.000,35.057,"GoalBlock{x=12,y=4,z=36}",11,2,MovementDiagonal,881,4,4,,
429,0,Husk,T3/4,MOVING,6.170,8.000,34.855,"GoalBlock{x=12,y=4,z=36}",11,2,MovementDiagonal,881,4,4,,
430,0,Husk,T3/4,MOVING,6.301,8.000,34.650,"GoalBlock{x=12,y=4,z=36}",11,3,MovementFall,881,4,4,,
431,0,Husk,T3/4,MOVING,6.392,8.000,34.442,"GoalBlock{x=12,y=4,z=36}",11,3,MovementFall,881,4,4,,
432,0,Husk,T3/4,MOVING,6.454,8.000,34.231,"GoalBlock{x=12,y=4,z=36}",11,3,MovementFall,881,4,4,,
433,0,Husk,T3/4,MOVING,6.495,8.000,34.018,"GoalBlock{x=12,y=4,z=36}",11,3,MovementFall,881,4,4,,
434,0,Husk,T3/4,MOVING,6.519,8.000,33.804,"GoalBlock{x=12,y=4,z=36}",11,3,MovementFall,881,4,4,,
435,0,Husk,T3/4,MOVING,6.522,8.000,33.590,"GoalBlock{x=12,y=4,z=36}",11,3,MovementFall,881,4,4,,
436,0,Husk,T3/4,MOVING,6.522,7.922,33.472,"GoalBlock{x=12,y=4,z=36}",11,3,MovementFall,881,4,4,,
437,0,Husk,T3/4,MOVING,6.522,7.766,33.409,"GoalBlock{x=12,y=4,z=36}",11,3,MovementFall,881,4,4,,
438,0,Husk,T3/4,MOVING,6.502,7.536,33.352,"GoalBlock{x=12,y=4,z=36}",11,3,MovementFall,881,4,4,,
439,0,Husk,T3/4,MOVING,6.469,7.232,33.313,"GoalBlock{x=12,y=4,z=36}",11,3,MovementFall,881,4,4,,
440,0,Husk,T3/4,MOVING,6.430,6.855,33.295,"GoalBlock{x=12,y=4,z=36}",11,3,MovementFall,881,4,4,,
441,0,Husk,T3/4,MOVING,6.396,6.407,33.284,"GoalBlock{x=12,y=4,z=36}",11,3,MovementFall,881,4,4,,
442,0,Husk,T3/4,MOVING,6.366,6.000,33.280,"GoalBlock{x=12,y=4,z=36}",11,3,MovementFall,881,4,4,,
443,0,Husk,T3/4,MOVING,6.432,6.000,33.364,"GoalBlock{x=12,y=4,z=36}",11,4,MovementFall,881,4,4,,
444,0,Husk,T3/4,MOVING,6.593,6.000,33.438,"GoalBlock{x=12,y=4,z=36}",11,4,MovementFall,881,4,4,,
445,0,Husk,T3/4,MOVING,6.808,6.000,33.481,"GoalBlock{x=12,y=4,z=36}",11,4,MovementFall,881,4,4,,
446,0,Husk,T3/4,MOVING,7.052,6.000,33.506,"GoalBlock{x=12,y=4,z=36}",11,4,MovementFall,881,4,4,,
447,0,Husk,T3/4,MOVING,7.313,6.000,33.519,"GoalBlock{x=12,y=4,z=36}",11,4,MovementFall,881,4,4,,
448,0,Husk,T3/4,MOVING,7.583,5.922,33.525,"GoalBlock{x=12,y=4,z=36}",11,4,MovementFall,881,4,4,,
449,0,Husk,T3/4,MOVING,7.756,5.766,33.528,"GoalBlock{x=12,y=4,z=36}",11,4,MovementFall,881,4,4,,
450,0,Husk,T3/4,MOVING,7.939,5.536,33.528,"GoalBlock{x=12,y=4,z=36}",11,4,MovementFall,881,4,4,,
451,0,Husk,T3/4,MOVING,8.131,5.232,33.527,"GoalBlock{x=12,y=4,z=36}",11,4,MovementFall,881,4,4,,
452,0,Husk,T3/4,MOVING,8.331,4.855,33.526,"GoalBlock{x=12,y=4,z=36}",11,4,MovementFall,881,4,4,,
453,0,Husk,T3/4,MOVING,8.538,4.407,33.525,"GoalBlock{x=12,y=4,z=36}",11,4,MovementFall,881,4,4,,
454,0,Husk,T3/4,MOVING,8.752,4.000,33.524,"GoalBlock{x=12,y=4,z=36}",11,4,MovementFall,881,4,4,,
455,0,Husk,T3/4,MOVING,9.075,4.000,33.515,"GoalBlock{x=12,y=4,z=36}",11,4,MovementFall,881,4,4,,
456,0,Husk,T3/4,MOVING,9.365,4.000,33.566,"GoalBlock{x=12,y=4,z=36}",11,7,MovementDiagonal,881,4,4,,
457,0,Husk,T3/4,MOVING,9.622,4.000,33.675,"GoalBlock{x=12,y=4,z=36}",11,7,MovementDiagonal,881,4,4,,
458,0,Husk,T3/4,MOVING,9.855,4.000,33.822,"GoalBlock{x=12,y=4,z=36}",11,7,MovementDiagonal,881,4,4,,
459,0,Husk,T3/4,MOVING,10.070,4.000,33.994,"GoalBlock{x=12,y=4,z=36}",11,7,MovementDiagonal,881,4,4,,
460,0,Husk,T3/4,MOVING,10.270,4.000,34.185,"GoalBlock{x=12,y=4,z=36}",11,7,MovementDiagonal,881,4,4,,
461,0,Husk,T3/4,MOVING,10.466,4.000,34.383,"GoalBlock{x=12,y=4,z=36}",11,8,MovementDiagonal,881,4,4,,
462,0,Husk,T3/4,MOVING,10.660,4.000,34.584,"GoalBlock{x=12,y=4,z=36}",11,8,MovementDiagonal,881,4,4,,
463,0,Husk,T3/4,MOVING,10.852,4.000,34.788,"GoalBlock{x=12,y=4,z=36}",11,8,MovementDiagonal,881,4,4,,
464,0,Husk,T3/4,MOVING,11.042,4.000,34.993,"GoalBlock{x=12,y=4,z=36}",11,8,MovementDiagonal,881,4,4,,
465,0,Husk,T3/4,MOVING,11.232,4.000,35.200,"GoalBlock{x=12,y=4,z=36}",11,8,MovementDiagonal,881,4,4,,
466,0,Husk,T3/4,MOVING,11.424,4.000,35.404,"GoalBlock{x=12,y=4,z=36}",11,9,MovementDiagonal,881,4,4,,
467,0,Husk,T3/4,MOVING,11.618,4.000,35.607,"GoalBlock{x=12,y=4,z=36}",11,9,MovementDiagonal,881,4,4,,
468,0,Husk,T3/4,MOVING,11.814,4.000,35.808,"GoalBlock{x=12,y=4,z=36}",11,9,MovementDiagonal,881,4,4,,
469,0,Husk,T3/4,MOVING,12.010,4.000,36.008,"GoalBlock{x=12,y=4,z=36}",11,9,MovementDiagonal,881,4,4,,
470,0,Husk,T3/4,ARRIVED,12.118,4.000,36.117,,-1,-1,,881,4,4,,CANCELED
471,0,Husk,T3/5,ARRIVED,0.500,4.000,48.500,,-1,-1,,881,4,4,,CANCELED|CANCELED
472,0,Husk,T3/5,ARRIVED,0.500,4.000,48.500,,-1,-1,,881,4,4,,
473,0,Husk,T3/5,ARRIVED,0.500,4.000,48.500,,-1,-1,,881,4,4,,
474,0,Husk,T3/5,ARRIVED,0.500,4.000,48.500,,-1,-1,,881,4,4,,
475,0,Husk,T3/5,ARRIVED,0.500,4.000,48.500,,-1,-1,,881,4,4,,
476,0,Husk,T3/5,ARRIVED,0.500,4.000,48.500,,-1,-1,,881,4,4,,
477,0,Husk,T3/5,ARRIVED,0.500,4.000,48.500,,-1,-1,,881,4,4,,
478,0,Husk,T3/5,ARRIVED,0.500,4.000,48.500,,-1,-1,,881,4,4,,
479,0,Husk,T3/5,ARRIVED,0.500,4.000,48.500,,-1,-1,,881,4,4,,
480,0,Husk,T3/5,ARRIVED,0.500,4.000,48.500,,-1,-1,,881,4,4,,
481,0,Husk,T3/5,SEARCHING,0.500,4.000,48.500,"GoalBlock{x=5,y=4,z=53}",-1,-1,,881,5,5,,CALC_STARTED
482,0,Husk,T3/5,MOVING,0.610,4.000,48.564,"GoalBlock{x=5,y=4,z=53}",7,0,MovementTraverse,487,5,5,,CALC_FINISHED_NOW_EXECUTING
483,0,Husk,T3/5,MOVING,0.700,4.000,48.709,"GoalBlock{x=5,y=4,z=53}",7,0,MovementTraverse,487,5,5,,
484,0,Husk,T3/5,MOVING,0.700,4.000,48.915,"GoalBlock{x=5,y=4,z=53}",7,0,MovementTraverse,487,5,5,,
485,0,Husk,T3/5,MOVING,0.659,4.000,49.149,"GoalBlock{x=5,y=4,z=53}",7,0,MovementTraverse,487,5,5,,
486,0,Husk,T3/5,MOVING,0.661,4.000,49.401,"GoalBlock{x=5,y=4,z=53}",7,1,MovementDiagonal,487,5,5,,
487,0,Husk,T3/5,MOVING,0.738,4.000,49.640,"GoalBlock{x=5,y=4,z=53}",7,1,MovementDiagonal,487,5,5,,
488,0,Husk,T3/5,MOVING,0.865,4.000,49.866,"GoalBlock{x=5,y=4,z=53}",7,1,MovementDiagonal,487,5,5,,
489,0,Husk,T3/5,MOVING,1.024,4.000,50.079,"GoalBlock{x=5,y=4,z=53}",7,1,MovementDiagonal,487,5,5,,
490,0,Husk,T3/5,MOVING,1.203,4.000,50.284,"GoalBlock{x=5,y=4,z=53}",7,2,MovementDiagonal,487,5,5,,
491,0,Husk,T3/5,MOVING,1.394,4.000,50.483,"GoalBlock{x=5,y=4,z=53}",7,2,MovementDiagonal,487,5,5,,
492,0,Husk,T3/5,MOVING,1.591,4.000,50.678,"GoalBlock{x=5,y=4,z=53}",7,2,MovementDiagonal,487,5,5,,
493,0,Husk,T3/5,MOVING,1.794,4.000,50.870,"GoalBlock{x=5,y=4,z=53}",7,2,MovementDiagonal,487,5,5,,
494,0,Husk,T3/5,MOVING,2.000,4.000,51.059,"GoalBlock{x=5,y=4,z=53}",7,2,MovementDiagonal,487,5,5,,
495,0,Husk,T3/5,MOVING,2.207,4.000,51.247,"GoalBlock{x=5,y=4,z=53}",7,2,MovementDiagonal,487,5,5,,
496,0,Husk,T3/5,MOVING,2.412,4.000,51.438,"GoalBlock{x=5,y=4,z=53}",7,3,MovementDiagonal,487,5,5,,
497,0,Husk,T3/5,MOVING,2.615,4.000,51.632,"GoalBlock{x=5,y=4,z=53}",7,3,MovementDiagonal,487,5,5,,
498,0,Husk,T3/5,MOVING,2.817,4.000,51.826,"GoalBlock{x=5,y=4,z=53}",7,3,MovementDiagonal,487,5,5,,
499,0,Husk,T3/5,MOVING,3.018,4.000,52.022,"GoalBlock{x=5,y=4,z=53}",7,3,MovementDiagonal,487,5,5,,
500,0,Husk,T3/5,MOVING,3.218,4.000,52.219,"GoalBlock{x=5,y=4,z=53}",7,4,MovementDiagonal,487,5,5,,
501,0,Husk,T3/5,MOVING,3.417,4.000,52.417,"GoalBlock{x=5,y=4,z=53}",7,4,MovementDiagonal,487,5,5,,
502,0,Husk,T3/5,MOVING,3.616,4.000,52.615,"GoalBlock{x=5,y=4,z=53}",7,4,MovementDiagonal,487,5,5,,
503,0,Husk,T3/5,MOVING,3.815,4.000,52.813,"GoalBlock{x=5,y=4,z=53}",7,4,MovementDiagonal,487,5,5,,
504,0,Husk,T3/5,MOVING,4.013,4.000,53.011,"GoalBlock{x=5,y=4,z=53}",7,4,MovementDiagonal,487,5,5,,
505,0,Husk,T3/5,MOVING,4.242,4.000,53.159,"GoalBlock{x=5,y=4,z=53}",7,5,MovementTraverse,487,5,5,,
506,0,Husk,T3/5,MOVING,4.491,4.000,53.274,"GoalBlock{x=5,y=4,z=53}",7,5,MovementTraverse,487,5,5,,
507,0,Husk,T3/5,MOVING,4.700,4.000,53.364,"GoalBlock{x=5,y=4,z=53}",7,5,MovementTraverse,487,5,5,,
508,0,Husk,T3/5,MOVING,4.826,4.000,53.434,"GoalBlock{x=5,y=4,z=53}",7,5,MovementTraverse,487,5,5,,
509,0,Husk,T3/5,MOVING,5.021,4.000,53.485,"GoalBlock{x=5,y=4,z=53}",7,5,MovementTraverse,487,5,5,,
510,0,Husk,T3/5,ARRIVED,5.128,4.000,53.513,,-1,-1,,487,5,5,,CANCELED
511,0,Husk,T3/6,ARRIVED,0.500,4.000,60.500,,-1,-1,,487,5,5,,CANCELED|CANCELED
512,0,Husk,T3/6,ARRIVED,0.500,4.000,60.500,,-1,-1,,487,5,5,,
513,0,Husk,T3/6,ARRIVED,0.500,4.000,60.500,,-1,-1,,487,5,5,,
514,0,Husk,T3/6,ARRIVED,0.500,4.000,60.500,,-1,-1,,487,5,5,,
515,0,Husk,T3/6,ARRIVED,0.500,4.000,60.500,,-1,-1,,487,5,5,,
516,0,Husk,T3/6,ARRIVED,0.500,4.000,60.500,,-1,-1,,487,5,5,,
517,0,Husk,T3/6,ARRIVED,0.500,4.000,60.500,,-1,-1,,487,5,5,,
518,0,Husk,T3/6,ARRIVED,0.500,4.000,60.500,,-1,-1,,487,5,5,,
519,0,Husk,T3/6,ARRIVED,0.500,4.000,60.500,,-1,-1,,487,5,5,,
520,0,Husk,T3/6,ARRIVED,0.500,4.000,60.500,,-1,-1,,487,5,5,,
521,0,Husk,T3/6,SEARCHING,0.500,4.000,60.500,"GoalBlock{x=11,y=4,z=60}",-1,-1,,487,6,6,,CALC_STARTED
522,0,Husk,T3/6,MOVING,0.627,4.000,60.500,"GoalBlock{x=11,y=4,z=60}",12,0,MovementTraverse,329,6,6,,CALC_FINISHED_NOW_EXECUTING
523,0,Husk,T3/6,MOVING,0.824,4.000,60.500,"GoalBlock{x=11,y=4,z=60}",12,0,MovementTraverse,329,6,6,,
524,0,Husk,T3/6,MOVING,1.059,4.000,60.500,"GoalBlock{x=11,y=4,z=60}",12,0,MovementTraverse,329,6,6,,
525,0,Husk,T3/6,MOVING,1.315,4.000,60.500,"GoalBlock{x=11,y=4,z=60}",12,1,MovementTraverse,329,6,6,,
526,0,Husk,T3/6,MOVING,1.582,4.000,60.500,"GoalBlock{x=11,y=4,z=60}",12,1,MovementTraverse,329,6,6,,
527,0,Husk,T3/6,MOVING,1.855,4.000,60.500,"GoalBlock{x=11,y=4,z=60}",12,1,MovementTraverse,329,6,6,,
528,0,Husk,T3/6,MOVING,2.132,4.000,60.500,"GoalBlock{x=11,y=4,z=60}",12,1,MovementTraverse,329,6,6,,
529,0,Husk,T3/6,MOVING,2.410,4.000,60.500,"GoalBlock{x=11,y=4,z=60}",12,2,MovementTraverse,329,6,6,,
530,0,Husk,T3/6,MOVING,2.690,4.000,60.500,"GoalBlock{x=11,y=4,z=60}",12,2,MovementTraverse,329,6,6,,
531,0,Husk,T3/6,MOVING,2.969,4.000,60.500,"GoalBlock{x=11,y=4,z=60}",12,2,MovementTraverse,329,6,6,,
532,0,Husk,T3/6,MOVING,3.250,4.000,60.500,"GoalBlock{x=11,y=4,z=60}",12,2,MovementTraverse,329,6,6,,
533,0,Husk,T3/6,MOVING,3.530,4.000,60.500,"GoalBlock{x=11,y=4,z=60}",12,3,MovementTraverse,329,6,6,,
534,0,Husk,T3/6,MOVING,3.811,4.000,60.500,"GoalBlock{x=11,y=4,z=60}",12,3,MovementTraverse,329,6,6,,
535,0,Husk,T3/6,MOVING,4.091,4.000,60.500,"GoalBlock{x=11,y=4,z=60}",12,3,MovementTraverse,329,6,6,,
536,0,Husk,T3/6,MOVING,4.372,4.000,60.500,"GoalBlock{x=11,y=4,z=60}",12,4,MovementTraverse,329,6,6,,
537,0,Husk,T3/6,MOVING,4.652,4.000,60.500,"GoalBlock{x=11,y=4,z=60}",12,4,MovementTraverse,329,6,6,,
538,0,Husk,T3/6,MOVING,4.933,4.000,60.500,"GoalBlock{x=11,y=4,z=60}",12,4,MovementTraverse,329,6,6,,
539,0,Husk,T3/6,MOVING,5.214,4.000,60.500,"GoalBlock{x=11,y=4,z=60}",12,4,MovementTraverse,329,6,6,,
540,0,Husk,T3/6,MOVING,5.494,4.000,60.500,"GoalBlock{x=11,y=4,z=60}",12,5,MovementTraverse,329,6,6,,
541,0,Husk,T3/6,MOVING,5.775,4.000,60.500,"GoalBlock{x=11,y=4,z=60}",12,5,MovementTraverse,329,6,6,,
542,0,Husk,T3/6,MOVING,6.055,4.000,60.500,"GoalBlock{x=11,y=4,z=60}",12,5,MovementTraverse,329,6,6,,
543,0,Husk,T3/6,MOVING,6.336,4.000,60.500,"GoalBlock{x=11,y=4,z=60}",12,6,MovementTraverse,329,6,6,,
544,0,Husk,T3/6,MOVING,6.617,4.000,60.500,"GoalBlock{x=11,y=4,z=60}",12,6,MovementTraverse,329,6,6,,
545,0,Husk,T3/6,MOVING,6.897,4.000,60.500,"GoalBlock{x=11,y=4,z=60}",12,6,MovementTraverse,329,6,6,,
546,0,Husk,T3/6,MOVING,7.178,4.000,60.500,"GoalBlock{x=11,y=4,z=60}",12,6,MovementTraverse,329,6,6,,
547,0,Husk,T3/6,MOVING,7.459,4.000,60.500,"GoalBlock{x=11,y=4,z=60}",12,7,MovementTraverse,329,6,6,,
548,0,Husk,T3/6,MOVING,7.739,4.000,60.500,"GoalBlock{x=11,y=4,z=60}",12,7,MovementTraverse,329,6,6,,
549,0,Husk,T3/6,MOVING,8.020,4.000,60.500,"GoalBlock{x=11,y=4,z=60}",12,7,MovementTraverse,329,6,6,,
550,0,Husk,T3/6,MOVING,8.300,4.000,60.500,"GoalBlock{x=11,y=4,z=60}",12,8,MovementTraverse,329,6,6,,
551,0,Husk,T3/6,MOVING,8.581,4.000,60.500,"GoalBlock{x=11,y=4,z=60}",12,8,MovementTraverse,329,6,6,,
552,0,Husk,T3/6,MOVING,8.862,4.000,60.500,"GoalBlock{x=11,y=4,z=60}",12,8,MovementTraverse,329,6,6,,
553,0,Husk,T3/6,MOVING,9.142,4.000,60.500,"GoalBlock{x=11,y=4,z=60}",12,8,MovementTraverse,329,6,6,,
554,0,Husk,T3/6,MOVING,9.423,4.000,60.500,"GoalBlock{x=11,y=4,z=60}",12,9,MovementTraverse,329,6,6,,
555,0,Husk,T3/6,MOVING,9.703,4.000,60.500,"GoalBlock{x=11,y=4,z=60}",12,9,MovementTraverse,329,6,6,,
556,0,Husk,T3/6,MOVING,9.984,4.000,60.500,"GoalBlock{x=11,y=4,z=60}",12,9,MovementTraverse,329,6,6,,
557,0,Husk,T3/6,MOVING,10.265,4.000,60.500,"GoalBlock{x=11,y=4,z=60}",12,9,MovementTraverse,329,6,6,,
558,0,Husk,T3/6,MOVING,10.545,4.000,60.500,"GoalBlock{x=11,y=4,z=60}",12,10,MovementTraverse,329,6,6,,
559,0,Husk,T3/6,MOVING,10.826,4.000,60.500,"GoalBlock{x=11,y=4,z=60}",12,10,MovementTraverse,329,6,6,,
560,0,Husk,T3/6,MOVING,11.107,4.000,60.500,"GoalBlock{x=11,y=4,z=60}",12,10,MovementTraverse,329,6,6,,
561,0,Husk,T3/6,ARRIVED,11.260,4.000,60.500,,-1,-1,,329,6,6,,CANCELED
562,0,Husk,T3/7,ARRIVED,0.500,4.000,72.500,,-1,-1,,329,6,6,,CANCELED|CANCELED
563,0,Husk,T3/7,ARRIVED,0.500,4.000,72.500,,-1,-1,,329,6,6,,
564,0,Husk,T3/7,ARRIVED,0.500,4.000,72.500,,-1,-1,,329,6,6,,
565,0,Husk,T3/7,ARRIVED,0.500,4.000,72.500,,-1,-1,,329,6,6,,
566,0,Husk,T3/7,ARRIVED,0.500,4.000,72.500,,-1,-1,,329,6,6,,
567,0,Husk,T3/7,ARRIVED,0.500,4.000,72.500,,-1,-1,,329,6,6,,
568,0,Husk,T3/7,ARRIVED,0.500,4.000,72.500,,-1,-1,,329,6,6,,
569,0,Husk,T3/7,ARRIVED,0.500,4.000,72.500,,-1,-1,,329,6,6,,
570,0,Husk,T3/7,ARRIVED,0.500,4.000,72.500,,-1,-1,,329,6,6,,
571,0,Husk,T3/7,ARRIVED,0.500,4.000,72.500,,-1,-1,,329,6,6,,
572,0,Husk,T3/7,SEARCHING,0.500,4.000,72.500,"GoalBlock{x=20,y=4,z=72}",-1,-1,,329,7,7,,CALC_STARTED
573,0,Husk,T3/7,MOVING,0.627,4.000,72.500,"GoalBlock{x=20,y=4,z=72}",21,0,MovementTraverse,1384,7,7,,CALC_FINISHED_NOW_EXECUTING
574,0,Husk,T3/7,MOVING,0.824,4.000,72.500,"GoalBlock{x=20,y=4,z=72}",21,0,MovementTraverse,1384,7,7,,
575,0,Husk,T3/7,MOVING,1.059,4.000,72.500,"GoalBlock{x=20,y=4,z=72}",21,0,MovementTraverse,1384,7,7,,
576,0,Husk,T3/7,MOVING,1.315,4.000,72.500,"GoalBlock{x=20,y=4,z=72}",21,1,MovementTraverse,1384,7,7,,
577,0,Husk,T3/7,MOVING,1.582,4.000,72.500,"GoalBlock{x=20,y=4,z=72}",21,1,MovementTraverse,1384,7,7,,
578,0,Husk,T3/7,MOVING,1.855,4.000,72.500,"GoalBlock{x=20,y=4,z=72}",21,1,MovementTraverse,1384,7,7,,
579,0,Husk,T3/7,MOVING,2.132,4.000,72.500,"GoalBlock{x=20,y=4,z=72}",21,1,MovementTraverse,1384,7,7,,
580,0,Husk,T3/7,MOVING,2.410,4.000,72.500,"GoalBlock{x=20,y=4,z=72}",21,2,MovementTraverse,1384,7,7,,
581,0,Husk,T3/7,MOVING,2.690,4.000,72.500,"GoalBlock{x=20,y=4,z=72}",21,2,MovementTraverse,1384,7,7,,
582,0,Husk,T3/7,MOVING,2.969,4.000,72.500,"GoalBlock{x=20,y=4,z=72}",21,2,MovementTraverse,1384,7,7,,
583,0,Husk,T3/7,MOVING,3.250,4.000,72.500,"GoalBlock{x=20,y=4,z=72}",21,2,MovementTraverse,1384,7,7,,
584,0,Husk,T3/7,MOVING,3.530,4.000,72.500,"GoalBlock{x=20,y=4,z=72}",21,3,MovementTraverse,1384,7,7,,
585,0,Husk,T3/7,MOVING,3.811,4.000,72.500,"GoalBlock{x=20,y=4,z=72}",21,3,MovementTraverse,1384,7,7,,
586,0,Husk,T3/7,MOVING,4.091,4.000,72.500,"GoalBlock{x=20,y=4,z=72}",21,3,MovementTraverse,1384,7,7,,
587,0,Husk,T3/7,MOVING,4.372,4.000,72.500,"GoalBlock{x=20,y=4,z=72}",21,4,MovementTraverse,1384,7,7,,
588,0,Husk,T3/7,MOVING,4.652,4.000,72.500,"GoalBlock{x=20,y=4,z=72}",21,4,MovementTraverse,1384,7,7,,
589,0,Husk,T3/7,MOVING,4.933,4.000,72.500,"GoalBlock{x=20,y=4,z=72}",21,4,MovementTraverse,1384,7,7,,
590,0,Husk,T3/7,MOVING,5.214,4.000,72.500,"GoalBlock{x=20,y=4,z=72}",21,4,MovementTraverse,1384,7,7,,
591,0,Husk,T3/7,MOVING,5.477,4.000,72.436,"GoalBlock{x=20,y=4,z=72}",21,5,MovementDiagonal,1384,7,7,,
592,0,Husk,T3/7,MOVING,5.715,4.000,72.316,"GoalBlock{x=20,y=4,z=72}",21,5,MovementDiagonal,1384,7,7,,
593,0,Husk,T3/7,MOVING,5.933,4.000,72.158,"GoalBlock{x=20,y=4,z=72}",21,5,MovementDiagonal,1384,7,7,,
594,0,Husk,T3/7,MOVING,6.136,4.000,71.975,"GoalBlock{x=20,y=4,z=72}",21,5,MovementDiagonal,1384,7,7,,
595,0,Husk,T3/7,MOVING,6.333,4.000,71.782,"GoalBlock{x=20,y=4,z=72}",21,6,MovementDiagonal,1384,7,7,,
596,0,Husk,T3/7,MOVING,6.526,4.000,71.582,"GoalBlock{x=20,y=4,z=72}",21,6,MovementDiagonal,1384,7,7,,
597,0,Husk,T3/7,MOVING,6.717,4.000,71.378,"GoalBlock{x=20,y=4,z=72}",21,6,MovementDiagonal,1384,7,7,,
598,0,Husk,T3/7,MOVING,6.906,4.000,71.172,"GoalBlock{x=20,y=4,z=72}",21,6,MovementDiagonal,1384,7,7,,
599,0,Husk,T3/7,MOVING,7.093,4.000,70.964,"GoalBlock{x=20,y=4,z=72}",21,6,MovementDiagonal,1384,7,7,,
600,0,Husk,T3/7,MOVING,7.284,4.000,70.759,"GoalBlock{x=20,y=4,z=72}",21,7,MovementDiagonal,1384,7,7,,
601,0,Husk,T3/7,MOVING,7.477,4.000,70.555,"GoalBlock{x=20,y=4,z=72}",21,7,MovementDiagonal,1384,7,7,,
602,0,Husk,T3/7,MOVING,7.670,4.000,70.352,"GoalBlock{x=20,y=4,z=72}",21,7,MovementDiagonal,1384,7,7,,
603,0,Husk,T3/7,MOVING,7.865,4.000,70.150,"GoalBlock{x=20,y=4,z=72}",21,7,MovementDiagonal,1384,7,7,,
604,0,Husk,T3/7,MOVING,8.061,4.000,69.949,"GoalBlock{x=20,y=4,z=72}",21,7,MovementDiagonal,1384,7,7,,
605,0,Husk,T3/7,MOVING,8.257,4.000,69.748,"GoalBlock{x=20,y=4,z=72}",21,8,MovementDiagonal,1384,7,7,,
606,0,Husk,T3/7,MOVING,8.454,4.000,69.549,"GoalBlock{x=20,y=4,z=72}",21,8,MovementDiagonal,1384,7,7,,
607,0,Husk,T3/7,MOVING,8.652,4.000,69.349,"GoalBlock{x=20,y=4,z=72}",21,8,MovementDiagonal,1384,7,7,,
608,0,Husk,T3/7,MOVING,8.850,4.000,69.151,"GoalBlock{x=20,y=4,z=72}",21,8,MovementDiagonal,1384,7,7,,
609,0,Husk,T3/7,MOVING,9.048,4.000,68.952,"GoalBlock{x=20,y=4,z=72}",21,8,MovementDiagonal,1384,7,7,,
610,0,Husk,T3/7,MOVING,9.278,4.000,68.805,"GoalBlock{x=20,y=4,z=72}",21,9,MovementTraverse,1384,7,7,,
611,0,Husk,T3/7,MOVING,9.527,4.000,68.695,"GoalBlock{x=20,y=4,z=72}",21,9,MovementTraverse,1384,7,7,,
612,0,Husk,T3/7,MOVING,9.788,4.000,68.609,"GoalBlock{x=20,y=4,z=72}",21,9,MovementTraverse,1384,7,7,,
613,0,Husk,T3/7,MOVING,10.056,4.000,68.543,"GoalBlock{x=20,y=4,z=72}",21,9,MovementTraverse,1384,7,7,,
614,0,Husk,T3/7,MOVING,10.330,4.000,68.503,"GoalBlock{x=20,y=4,z=72}",21,10,MovementTraverse,1384,7,7,,
615,0,Husk,T3/7,MOVING,10.607,4.000,68.481,"GoalBlock{x=20,y=4,z=72}",21,10,MovementTraverse,1384,7,7,,
616,0,Husk,T3/7,MOVING,10.886,4.000,68.472,"GoalBlock{x=20,y=4,z=72}",21,10,MovementTraverse,1384,7,7,,
617,0,Husk,T3/7,MOVING,11.165,4.000,68.473,"GoalBlock{x=20,y=4,z=72}",21,10,MovementTraverse,1384,7,7,,
618,0,Husk,T3/7,MOVING,11.445,4.000,68.475,"GoalBlock{x=20,y=4,z=72}",21,11,MovementTraverse,1384,7,7,,
619,0,Husk,T3/7,MOVING,11.725,4.000,68.478,"GoalBlock{x=20,y=4,z=72}",21,11,MovementTraverse,1384,7,7,,
620,0,Husk,T3/7,MOVING,12.005,4.000,68.482,"GoalBlock{x=20,y=4,z=72}",21,11,MovementTraverse,1384,7,7,,
621,0,Husk,T3/7,MOVING,12.286,4.000,68.483,"GoalBlock{x=20,y=4,z=72}",21,12,MovementTraverse,1384,7,7,,
622,0,Husk,T3/7,MOVING,12.566,4.000,68.485,"GoalBlock{x=20,y=4,z=72}",21,12,MovementTraverse,1384,7,7,,
623,0,Husk,T3/7,MOVING,12.847,4.000,68.487,"GoalBlock{x=20,y=4,z=72}",21,12,MovementTraverse,1384,7,7,,
624,0,Husk,T3/7,MOVING,13.127,4.000,68.490,"GoalBlock{x=20,y=4,z=72}",21,12,MovementTraverse,1384,7,7,,
625,0,Husk,T3/7,MOVING,13.408,4.000,68.491,"GoalBlock{x=20,y=4,z=72}",21,13,MovementTraverse,1384,7,7,,
626,0,Husk,T3/7,MOVING,13.689,4.000,68.492,"GoalBlock{x=20,y=4,z=72}",21,13,MovementTraverse,1384,7,7,,
627,0,Husk,T3/7,MOVING,13.969,4.000,68.493,"GoalBlock{x=20,y=4,z=72}",21,13,MovementTraverse,1384,7,7,,
628,0,Husk,T3/7,MOVING,14.250,4.000,68.495,"GoalBlock{x=20,y=4,z=72}",21,13,MovementTraverse,1384,7,7,,
629,0,Husk,T3/7,MOVING,14.530,4.000,68.495,"GoalBlock{x=20,y=4,z=72}",21,14,MovementTraverse,1384,7,7,,
630,0,Husk,T3/7,MOVING,14.811,4.000,68.496,"GoalBlock{x=20,y=4,z=72}",21,14,MovementTraverse,1384,7,7,,
631,0,Husk,T3/7,MOVING,15.092,4.000,68.497,"GoalBlock{x=20,y=4,z=72}",21,14,MovementTraverse,1384,7,7,,
632,0,Husk,T3/7,MOVING,15.372,4.000,68.497,"GoalBlock{x=20,y=4,z=72}",21,15,MovementTraverse,1384,7,7,,
633,0,Husk,T3/7,MOVING,15.653,4.000,68.497,"GoalBlock{x=20,y=4,z=72}",21,15,MovementTraverse,1384,7,7,,
634,0,Husk,T3/7,MOVING,15.933,4.000,68.498,"GoalBlock{x=20,y=4,z=72}",21,15,MovementTraverse,1384,7,7,,
635,0,Husk,T3/7,MOVING,16.214,4.000,68.498,"GoalBlock{x=20,y=4,z=72}",21,15,MovementTraverse,1384,7,7,,
636,0,Husk,T3/7,MOVING,16.477,4.000,68.562,"GoalBlock{x=20,y=4,z=72}",21,16,MovementDiagonal,1384,7,7,,
637,0,Husk,T3/7,MOVING,16.715,4.000,68.683,"GoalBlock{x=20,y=4,z=72}",21,16,MovementDiagonal,1384,7,7,,
638,0,Husk,T3/7,MOVING,16.933,4.000,68.841,"GoalBlock{x=20,y=4,z=72}",21,16,MovementDiagonal,1384,7,7,,
639,0,Husk,T3/7,MOVING,17.135,4.000,69.024,"GoalBlock{x=20,y=4,z=72}",21,16,MovementDiagonal,1384,7,7,,
640,0,Husk,T3/7,MOVING,17.332,4.000,69.218,"GoalBlock{x=20,y=4,z=72}",21,17,MovementDiagonal,1384,7,7,,
641,0,Husk,T3/7,MOVING,17.525,4.000,69.417,"GoalBlock{x=20,y=4,z=72}",21,17,MovementDiagonal,1384,7,7,,
642,0,Husk,T3/7,MOVING,17.716,4.000,69.621,"GoalBlock{x=20,y=4,z=72}",21,17,MovementDiagonal,1384,7,7,,
643,0,Husk,T3/7,MOVING,17.905,4.000,69.827,"GoalBlock{x=20,y=4,z=72}",21,17,MovementDiagonal,1384,7,7,,
644,0,Husk,T3/7,MOVING,18.093,4.000,70.035,"GoalBlock{x=20,y=4,z=72}",21,17,MovementDiagonal,1384,7,7,,
645,0,Husk,T3/7,MOVING,18.283,4.000,70.241,"GoalBlock{x=20,y=4,z=72}",21,18,MovementDiagonal,1384,7,7,,
646,0,Husk,T3/7,MOVING,18.476,4.000,70.445,"GoalBlock{x=20,y=4,z=72}",21,18,MovementDiagonal,1384,7,7,,
647,0,Husk,T3/7,MOVING,18.670,4.000,70.647,"GoalBlock{x=20,y=4,z=72}",21,18,MovementDiagonal,1384,7,7,,
648,0,Husk,T3/7,MOVING,18.865,4.000,70.849,"GoalBlock{x=20,y=4,z=72}",21,18,MovementDiagonal,1384,7,7,,
649,0,Husk,T3/7,MOVING,19.060,4.000,71.051,"GoalBlock{x=20,y=4,z=72}",21,18,MovementDiagonal,1384,7,7,,
650,0,Husk,T3/7,MOVING,19.256,4.000,71.251,"GoalBlock{x=20,y=4,z=72}",21,19,MovementDiagonal,1384,7,7,,
651,0,Husk,T3/7,MOVING,19.453,4.000,71.451,"GoalBlock{x=20,y=4,z=72}",21,19,MovementDiagonal,1384,7,7,,
652,0,Husk,T3/7,MOVING,19.651,4.000,71.650,"GoalBlock{x=20,y=4,z=72}",21,19,MovementDiagonal,1384,7,7,,
653,0,Husk,T3/7,MOVING,19.849,4.000,71.849,"GoalBlock{x=20,y=4,z=72}",21,19,MovementDiagonal,1384,7,7,,
654,0,Husk,T3/7,MOVING,20.047,4.000,72.048,"GoalBlock{x=20,y=4,z=72}",21,19,MovementDiagonal,1384,7,7,,
655,0,Husk,T3/7,ARRIVED,20.155,4.000,72.156,,-1,-1,,1384,7,7,,CANCELED
656,0,Husk,T3/8,ARRIVED,20.500,4.000,84.500,,-1,-1,,1384,7,7,,CANCELED|CANCELED
657,0,Husk,T3/8,ARRIVED,20.500,4.000,84.500,,-1,-1,,1384,7,7,,
658,0,Husk,T3/8,ARRIVED,20.500,4.000,84.500,,-1,-1,,1384,7,7,,
659,0,Husk,T3/8,ARRIVED,20.500,4.000,84.500,,-1,-1,,1384,7,7,,
660,0,Husk,T3/8,ARRIVED,20.500,4.000,84.500,,-1,-1,,1384,7,7,,
661,0,Husk,T3/8,ARRIVED,20.500,4.000,84.500,,-1,-1,,1384,7,7,,
662,0,Husk,T3/8,ARRIVED,20.500,4.000,84.500,,-1,-1,,1384,7,7,,
663,0,Husk,T3/8,ARRIVED,20.500,4.000,84.500,,-1,-1,,1384,7,7,,
664,0,Husk,T3/8,ARRIVED,20.500,4.000,84.500,,-1,-1,,1384,7,7,,
665,0,Husk,T3/8,ARRIVED,20.500,4.000,84.500,,-1,-1,,1384,7,7,,
666,0,Husk,T3/8,SEARCHING,20.500,4.000,84.500,"GoalBlock{x=8,y=4,z=84}",-1,-1,,1384,8,8,,CALC_STARTED
667,0,Husk,T3/8,MOVING,20.610,4.000,84.436,"GoalBlock{x=8,y=4,z=84}",13,0,MovementTraverse,506,8,8,,CALC_FINISHED_NOW_EXECUTING
668,0,Husk,T3/8,MOVING,20.734,4.000,84.291,"GoalBlock{x=8,y=4,z=84}",13,0,MovementTraverse,506,8,8,,
669,0,Husk,T3/8,MOVING,20.802,4.000,84.085,"GoalBlock{x=8,y=4,z=84}",13,0,MovementTraverse,506,8,8,,
670,0,Husk,T3/8,MOVING,20.775,4.000,83.861,"GoalBlock{x=8,y=4,z=84}",13,0,MovementTraverse,506,8,8,,
671,0,Husk,T3/8,MOVING,20.650,4.000,83.676,"GoalBlock{x=8,y=4,z=84}",13,0,MovementTraverse,506,8,8,,
672,0,Husk,T3/8,MOVING,20.455,4.000,83.575,"GoalBlock{x=8,y=4,z=84}",13,0,MovementTraverse,506,8,8,,
673,0,Husk,T3/8,MOVING,20.238,4.000,83.583,"GoalBlock{x=8,y=4,z=84}",13,0,MovementTraverse,506,8,8,,
674,0,Husk,T3/8,MOVING,20.039,4.000,83.687,"GoalBlock{x=8,y=4,z=84}",13,0,MovementTraverse,506,8,8,,
675,0,Husk,T3/8,MOVING,19.860,4.000,83.850,"GoalBlock{x=8,y=4,z=84}",13,0,MovementTraverse,506,8,8,,
676,0,Husk,T3/8,MOVING,19.701,4.000,84.050,"GoalBlock{x=8,y=4,z=84}",13,0,MovementTraverse,506,8,8,,
677,0,Husk,T3/8,MOVING,19.505,4.000,84.225,"GoalBlock{x=8,y=4,z=84}",13,1,MovementTraverse,506,8,8,,
678,0,Husk,T3/8,MOVING,19.275,4.000,84.354,"GoalBlock{x=8,y=4,z=84}",13,1,MovementTraverse,506,8,8,,
679,0,Husk,T3/8,MOVING,19.024,4.000,84.448,"GoalBlock{x=8,y=4,z=84}",13,1,MovementTraverse,506,8,8,,
680,0,Husk,T3/8,MOVING,18.760,4.000,84.512,"GoalBlock{x=8,y=4,z=84}",13,1,MovementTraverse,506,8,8,,
681,0,Husk,T3/8,MOVING,18.489,4.000,84.546,"GoalBlock{x=8,y=4,z=84}",13,2,MovementTraverse,506,8,8,,
682,0,Husk,T3/8,MOVING,18.214,4.000,84.558,"GoalBlock{x=8,y=4,z=84}",13,2,MovementTraverse,506,8,8,,
683,0,Husk,T3/8,MOVING,17.936,4.000,84.555,"GoalBlock{x=8,y=4,z=84}",13,2,MovementTraverse,506,8,8,,
684,0,Husk,T3/8,MOVING,17.657,4.000,84.550,"GoalBlock{x=8,y=4,z=84}",13,3,MovementTraverse,506,8,8,,
685,0,Husk,T3/8,MOVING,17.378,4.000,84.544,"GoalBlock{x=8,y=4,z=84}",13,3,MovementTraverse,506,8,8,,
686,0,Husk,T3/8,MOVING,17.098,4.000,84.538,"GoalBlock{x=8,y=4,z=84}",13,3,MovementTraverse,506,8,8,,
687,0,Husk,T3/8,MOVING,16.818,4.000,84.526,"GoalBlock{x=8,y=4,z=84}",13,3,MovementTraverse,506,8,8,,
688,0,Husk,T3/8,MOVING,16.538,4.000,84.517,"GoalBlock{x=8,y=4,z=84}",13,4,MovementTraverse,506,8,8,,
689,0,Husk,T3/8,MOVING,16.258,4.000,84.510,"GoalBlock{x=8,y=4,z=84}",13,4,MovementTraverse,506,8,8,,
690,0,Husk,T3/8,MOVING,15.977,4.000,84.505,"GoalBlock{x=8,y=4,z=84}",13,4,MovementTraverse,506,8,8,,
691,0,Husk,T3/8,MOVING,15.697,4.000,84.501,"GoalBlock{x=8,y=4,z=84}",13,5,MovementTraverse,506,8,8,,
692,0,Husk,T3/8,MOVING,15.416,4.000,84.501,"GoalBlock{x=8,y=4,z=84}",13,5,MovementTraverse,506,8,8,,
693,0,Husk,T3/8,MOVING,15.135,4.000,84.501,"GoalBlock{x=8,y=4,z=84}",13,5,MovementTraverse,506,8,8,,
694,0,Husk,T3/8,MOVING,14.855,4.000,84.501,"GoalBlock{x=8,y=4,z=84}",13,5,MovementTraverse,506,8,8,,
695,0,Husk,T3/8,MOVING,14.574,4.000,84.501,"GoalBlock{x=8,y=4,z=84}",13,6,MovementTraverse,506,8,8,,
696,0,Husk,T3/8,MOVING,14.294,4.000,84.501,"GoalBlock{x=8,y=4,z=84}",13,6,MovementTraverse,506,8,8,,
697,0,Husk,T3/8,MOVING,14.013,4.000,84.501,"GoalBlock{x=8,y=4,z=84}",13,6,MovementTraverse,506,8,8,,
698,0,Husk,T3/8,MOVING,13.732,4.000,84.500,"GoalBlock{x=8,y=4,z=84}",13,6,MovementTraverse,506,8,8,,
699,0,Husk,T3/8,MOVING,13.452,4.000,84.500,"GoalBlock{x=8,y=4,z=84}",13,7,MovementTraverse,506,8,8,,
700,0,Husk,T3/8,MOVING,13.171,4.000,84.500,"GoalBlock{x=8,y=4,z=84}",13,7,MovementTraverse,506,8,8,,
701,0,Husk,T3/8,MOVING,12.890,4.000,84.500,"GoalBlock{x=8,y=4,z=84}",13,7,MovementTraverse,506,8,8,,
702,0,Husk,T3/8,MOVING,12.610,4.000,84.500,"GoalBlock{x=8,y=4,z=84}",13,8,MovementTraverse,506,8,8,,
703,0,Husk,T3/8,MOVING,12.329,4.000,84.500,"GoalBlock{x=8,y=4,z=84}",13,8,MovementTraverse,506,8,8,,
704,0,Husk,T3/8,MOVING,12.049,4.000,84.500,"GoalBlock{x=8,y=4,z=84}",13,8,MovementTraverse,506,8,8,,
705,0,Husk,T3/8,MOVING,11.768,4.000,84.500,"GoalBlock{x=8,y=4,z=84}",13,8,MovementTraverse,506,8,8,,
706,0,Husk,T3/8,MOVING,11.487,4.000,84.500,"GoalBlock{x=8,y=4,z=84}",13,9,MovementTraverse,506,8,8,,
707,0,Husk,T3/8,MOVING,11.207,4.000,84.500,"GoalBlock{x=8,y=4,z=84}",13,9,MovementTraverse,506,8,8,,
708,0,Husk,T3/8,MOVING,10.926,4.000,84.500,"GoalBlock{x=8,y=4,z=84}",13,9,MovementTraverse,506,8,8,,
709,0,Husk,T3/8,MOVING,10.646,4.000,84.500,"GoalBlock{x=8,y=4,z=84}",13,10,MovementTraverse,506,8,8,,
710,0,Husk,T3/8,MOVING,10.365,4.000,84.500,"GoalBlock{x=8,y=4,z=84}",13,10,MovementTraverse,506,8,8,,
711,0,Husk,T3/8,MOVING,10.084,4.000,84.500,"GoalBlock{x=8,y=4,z=84}",13,10,MovementTraverse,506,8,8,,
712,0,Husk,T3/8,MOVING,9.804,4.000,84.500,"GoalBlock{x=8,y=4,z=84}",13,10,MovementTraverse,506,8,8,,
713,0,Husk,T3/8,MOVING,9.523,4.000,84.500,"GoalBlock{x=8,y=4,z=84}",13,11,MovementTraverse,506,8,8,,
714,0,Husk,T3/8,MOVING,9.242,4.000,84.500,"GoalBlock{x=8,y=4,z=84}",13,11,MovementTraverse,506,8,8,,
715,0,Husk,T3/8,MOVING,8.962,4.000,84.500,"GoalBlock{x=8,y=4,z=84}",13,11,MovementTraverse,506,8,8,,
716,0,Husk,T3/8,ARRIVED,8.809,4.000,84.500,,-1,-1,,506,8,8,,CANCELED
717,0,Husk,T3/9,ARRIVED,0.500,4.000,96.500,,-1,-1,,506,8,8,,CANCELED|CANCELED
718,0,Husk,T3/9,ARRIVED,0.500,4.000,96.500,,-1,-1,,506,8,8,,
719,0,Husk,T3/9,ARRIVED,0.500,4.000,96.500,,-1,-1,,506,8,8,,
720,0,Husk,T3/9,ARRIVED,0.500,4.000,96.500,,-1,-1,,506,8,8,,
721,0,Husk,T3/9,ARRIVED,0.500,4.000,96.500,,-1,-1,,506,8,8,,
722,0,Husk,T3/9,ARRIVED,0.500,4.000,96.500,,-1,-1,,506,8,8,,
723,0,Husk,T3/9,ARRIVED,0.500,4.000,96.500,,-1,-1,,506,8,8,,
724,0,Husk,T3/9,ARRIVED,0.500,4.000,96.500,,-1,-1,,506,8,8,,
725,0,Husk,T3/9,ARRIVED,0.500,4.000,96.500,,-1,-1,,506,8,8,,
726,0,Husk,T3/9,ARRIVED,0.500,4.000,96.500,,-1,-1,,506,8,8,,
727,0,Husk,T3/9,SEARCHING,0.500,4.000,96.500,"GoalBlock{x=10,y=4,z=94}",-1,-1,,506,9,9,,CALC_STARTED
728,0,Husk,T3/9,MOVING,0.610,4.000,96.436,"GoalBlock{x=10,y=4,z=94}",13,0,MovementDiagonal,1310,9,9,,CALC_FINISHED_NOW_EXECUTING
729,0,Husk,T3/9,MOVING,0.758,4.000,96.309,"GoalBlock{x=10,y=4,z=94}",13,0,MovementDiagonal,1310,9,9,,
730,0,Husk,T3/9,MOVING,0.925,4.000,96.146,"GoalBlock{x=10,y=4,z=94}",13,0,MovementDiagonal,1310,9,9,,
731,0,Husk,T3/9,MOVING,1.101,4.000,95.962,"GoalBlock{x=10,y=4,z=94}",13,0,MovementDiagonal,1310,9,9,,
732,0,Husk,T3/9,MOVING,1.285,4.000,95.769,"GoalBlock{x=10,y=4,z=94}",13,1,MovementDiagonal,1310,9,9,,
733,0,Husk,T3/9,MOVING,1.474,4.000,95.572,"GoalBlock{x=10,y=4,z=94}",13,1,MovementDiagonal,1310,9,9,,
734,0,Husk,T3/9,MOVING,1.665,4.000,95.372,"GoalBlock{x=10,y=4,z=94}",13,1,MovementDiagonal,1310,9,9,,
735,0,Husk,T3/9,MOVING,1.857,4.000,95.171,"GoalBlock{x=10,y=4,z=94}",13,1,MovementDiagonal,1310,9,9,,
736,0,Husk,T3/9,MOVING,2.051,4.000,94.969,"GoalBlock{x=10,y=4,z=94}",13,1,MovementDiagonal,1310,9,9,,
737,0,Husk,T3/9,MOVING,2.246,4.000,94.768,"GoalBlock{x=10,y=4,z=94}",13,2,MovementDiagonal,1310,9,9,,
738,0,Husk,T3/9,MOVING,2.442,4.000,94.568,"GoalBlock{x=10,y=4,z=94}",13,2,MovementDiagonal,1310,9,9,,
739,0,Husk,T3/9,MOVING,2.638,4.000,94.368,"GoalBlock{x=10,y=4,z=94}",13,2,MovementDiagonal,1310,9,9,,
740,0,Husk,T3/9,MOVING,2.835,4.000,94.169,"GoalBlock{x=10,y=4,z=94}",13,2,MovementDiagonal,1310,9,9,,
741,0,Husk,T3/9,MOVING,3.033,4.000,93.969,"GoalBlock{x=10,y=4,z=94}",13,2,MovementDiagonal,1310,9,9,,
742,0,Husk,T3/9,MOVING,3.231,4.000,93.770,"GoalBlock{x=10,y=4,z=94}",13,3,MovementDiagonal,1310,9,9,,
743,0,Husk,T3/9,MOVING,3.429,4.000,93.572,"GoalBlock{x=10,y=4,z=94}",13,3,MovementDiagonal,1310,9,9,,
744,0,Husk,T3/9,MOVING,3.627,4.000,93.373,"GoalBlock{x=10,y=4,z=94}",13,3,MovementDiagonal,1310,9,9,,
745,0,Husk,T3/9,MOVING,3.825,4.000,93.174,"GoalBlock{x=10,y=4,z=94}",13,3,MovementDiagonal,1310,9,9,,
746,0,Husk,T3/9,MOVING,4.024,4.000,92.976,"GoalBlock{x=10,y=4,z=94}",13,3,MovementDiagonal,1310,9,9,,
747,0,Husk,T3/9,MOVING,4.171,4.000,92.746,"GoalBlock{x=10,y=4,z=94}",13,4,MovementTraverse,1310,9,9,,
748,0,Husk,T3/9,MOVING,4.284,4.000,92.498,"GoalBlock{x=10,y=4,z=94}",13,4,MovementTraverse,1310,9,9,,
749,0,Husk,T3/9,MOVING,4.373,4.000,92.238,"GoalBlock{x=10,y=4,z=94}",13,4,MovementTraverse,1310,9,9,,
750,0,Husk,T3/9,MOVING,4.443,4.000,91.970,"GoalBlock{x=10,y=4,z=94}",13,4,MovementTraverse,1310,9,9,,
751,0,Husk,T3/9,MOVING,4.486,4.000,91.697,"GoalBlock{x=10,y=4,z=94}",13,5,MovementTraverse,1310,9,9,,
752,0,Husk,T3/9,MOVING,4.511,4.000,91.420,"GoalBlock{x=10,y=4,z=94}",13,5,MovementTraverse,1310,9,9,,
753,0,Husk,T3/9,MOVING,4.523,4.000,91.141,"GoalBlock{x=10,y=4,z=94}",13,5,MovementTraverse,1310,9,9,,
754,0,Husk,T3/9,MOVING,4.525,4.000,90.862,"GoalBlock{x=10,y=4,z=94}",13,5,MovementTraverse,1310,9,9,,
755,0,Husk,T3/9,MOVING,4.585,4.000,90.597,"GoalBlock{x=10,y=4,z=94}",13,6,MovementTraverse,1310,9,9,,
756,0,Husk,T3/9,MOVING,4.725,4.000,90.385,"GoalBlock{x=10,y=4,z=94}",13,6,MovementTraverse,1310,9,9,,
757,0,Husk,T3/9,MOVING,4.930,4.000,90.264,"GoalBlock{x=10,y=4,z=94}",13,6,MovementTraverse,1310,9,9,,
758,0,Husk,T3/9,MOVING,5.159,4.000,90.247,"GoalBlock{x=10,y=4,z=94}",13,6,MovementTraverse,1310,9,9,,
759,0,Husk,T3/9,MOVING,5.409,4.000,90.261,"GoalBlock{x=10,y=4,z=94}",13,7,MovementTraverse,1310,9,9,,
760,0,Husk,T3/9,MOVING,5.670,4.000,90.296,"GoalBlock{x=10,y=4,z=94}",13,7,MovementTraverse,1310,9,9,,
761,0,Husk,T3/9,MOVING,5.936,4.000,90.346,"GoalBlock{x=10,y=4,z=94}",13,7,MovementTraverse,1310,9,9,,
762,0,Husk,T3/9,MOVING,6.205,4.000,90.406,"GoalBlock{x=10,y=4,z=94}",13,7,MovementTraverse,1310,9,9,,
763,0,Husk,T3/9,MOVING,6.448,4.000,90.522,"GoalBlock{x=10,y=4,z=94}",13,8,MovementDiagonal,1310,9,9,,
764,0,Husk,T3/9,MOVING,6.675,4.000,90.671,"GoalBlock{x=10,y=4,z=94}",13,8,MovementDiagonal,1310,9,9,,
765,0,Husk,T3/9,MOVING,6.888,4.000,90.843,"GoalBlock{x=10,y=4,z=94}",13,8,MovementDiagonal,1310,9,9,,
766,0,Husk,T3/9,MOVING,7.092,4.000,91.031,"GoalBlock{x=10,y=4,z=94}",13,8,MovementDiagonal,1310,9,9,,
767,0,Husk,T3/9,MOVING,7.291,4.000,91.225,"GoalBlock{x=10,y=4,z=94}",13,9,MovementDiagonal,1310,9,9,,
768,0,Husk,T3/9,MOVING,7.487,4.000,91.423,"GoalBlock{x=10,y=4,z=94}",13,9,MovementDiagonal,1310,9,9,,
769,0,Husk,T3/9,MOVING,7.682,4.000,91.624,"GoalBlock{x=10,y=4,z=94}",13,9,MovementDiagonal,1310,9,9,,
770,0,Husk,T3/9,MOVING,7.875,4.000,91.827,"GoalBlock{x=10,y=4,z=94}",13,9,MovementDiagonal,1310,9,9,,
771,0,Husk,T3/9,MOVING,8.067,4.000,92.031,"GoalBlock{x=10,y=4,z=94}",13,9,MovementDiagonal,1310,9,9,,
772,0,Husk,T3/9,MOVING,8.261,4.000,92.234,"GoalBlock{x=10,y=4,z=94}",13,10,MovementDiagonal,1310,9,9,,
773,0,Husk,T3/9,MOVING,8.456,4.000,92.436,"GoalBlock{x=10,y=4,z=94}",13,10,MovementDiagonal,1310,9,9,,
774,0,Husk,T3/9,MOVING,8.652,4.000,92.637,"GoalBlock{x=10,y=4,z=94}",13,10,MovementDiagonal,1310,9,9,,
775,0,Husk,T3/9,MOVING,8.848,4.000,92.837,"GoalBlock{x=10,y=4,z=94}",13,10,MovementDiagonal,1310,9,9,,
776,0,Husk,T3/9,MOVING,9.044,4.000,93.038,"GoalBlock{x=10,y=4,z=94}",13,10,MovementDiagonal,1310,9,9,,
777,0,Husk,T3/9,MOVING,9.241,4.000,93.237,"GoalBlock{x=10,y=4,z=94}",13,11,MovementDiagonal,1310,9,9,,
778,0,Husk,T3/9,MOVING,9.439,4.000,93.437,"GoalBlock{x=10,y=4,z=94}",13,11,MovementDiagonal,1310,9,9,,
779,0,Husk,T3/9,MOVING,9.637,4.000,93.636,"GoalBlock{x=10,y=4,z=94}",13,11,MovementDiagonal,1310,9,9,,
780,0,Husk,T3/9,MOVING,9.835,4.000,93.834,"GoalBlock{x=10,y=4,z=94}",13,11,MovementDiagonal,1310,9,9,,
781,0,Husk,T3/9,MOVING,10.033,4.000,94.033,"GoalBlock{x=10,y=4,z=94}",13,11,MovementDiagonal,1310,9,9,,
782,0,Husk,T3/9,ARRIVED,10.141,4.000,94.142,,-1,-1,,1310,9,9,,CANCELED
783,0,Husk,T3/10,ARRIVED,0.500,4.000,108.500,,-1,-1,,1310,9,9,,CANCELED|CANCELED
784,0,Husk,T3/10,ARRIVED,0.500,4.000,108.500,,-1,-1,,1310,9,9,,
785,0,Husk,T3/10,ARRIVED,0.500,4.000,108.500,,-1,-1,,1310,9,9,,
786,0,Husk,T3/10,ARRIVED,0.500,4.000,108.500,,-1,-1,,1310,9,9,,
787,0,Husk,T3/10,ARRIVED,0.500,4.000,108.500,,-1,-1,,1310,9,9,,
788,0,Husk,T3/10,ARRIVED,0.500,4.000,108.500,,-1,-1,,1310,9,9,,
789,0,Husk,T3/10,ARRIVED,0.500,4.000,108.500,,-1,-1,,1310,9,9,,
790,0,Husk,T3/10,ARRIVED,0.500,4.000,108.500,,-1,-1,,1310,9,9,,
791,0,Husk,T3/10,ARRIVED,0.500,4.000,108.500,,-1,-1,,1310,9,9,,
792,0,Husk,T3/10,ARRIVED,0.500,4.000,108.500,,-1,-1,,1310,9,9,,
793,0,Husk,T3/10,SEARCHING,0.500,4.000,108.500,"GoalBlock{x=15,y=4,z=108}",-1,-1,,1310,10,10,,CALC_STARTED
794,0,Husk,T3/10,MOVING,0.627,4.000,108.500,"GoalBlock{x=15,y=4,z=108}",14,0,MovementTraverse,33083,11,11,,CALC_FINISHED_NOW_EXECUTING|NEXT_SEGMENT_CALC_STARTED
795,0,Husk,T3/10,MOVING,0.824,4.000,108.500,"GoalBlock{x=15,y=4,z=108}",14,0,MovementTraverse,15271,11,11,,NEXT_CALC_FAILED
796,0,Husk,T3/10,MOVING,1.059,4.000,108.500,"GoalBlock{x=15,y=4,z=108}",14,0,MovementTraverse,15271,11,11,,
797,0,Husk,T3/10,MOVING,1.315,4.000,108.500,"GoalBlock{x=15,y=4,z=108}",14,1,MovementTraverse,15271,11,11,,
798,0,Husk,T3/10,MOVING,1.582,4.000,108.500,"GoalBlock{x=15,y=4,z=108}",14,1,MovementTraverse,15271,11,11,,
799,0,Husk,T3/10,MOVING,1.855,4.000,108.500,"GoalBlock{x=15,y=4,z=108}",14,1,MovementTraverse,15271,11,11,,
800,0,Husk,T3/10,MOVING,2.132,4.000,108.500,"GoalBlock{x=15,y=4,z=108}",14,1,MovementTraverse,15271,11,11,,
801,0,Husk,T3/10,MOVING,2.410,4.000,108.500,"GoalBlock{x=15,y=4,z=108}",14,2,MovementTraverse,15271,11,11,,
802,0,Husk,T3/10,MOVING,2.690,4.000,108.500,"GoalBlock{x=15,y=4,z=108}",14,2,MovementTraverse,15271,11,11,,
803,0,Husk,T3/10,MOVING,2.969,4.000,108.500,"GoalBlock{x=15,y=4,z=108}",14,2,MovementTraverse,15271,11,11,,
804,0,Husk,T3/10,MOVING,3.250,4.000,108.500,"GoalBlock{x=15,y=4,z=108}",14,2,MovementTraverse,15271,11,11,,
805,0,Husk,T3/10,MOVING,3.530,4.000,108.500,"GoalBlock{x=15,y=4,z=108}",14,3,MovementTraverse,15271,11,11,,
806,0,Husk,T3/10,MOVING,3.811,4.000,108.500,"GoalBlock{x=15,y=4,z=108}",14,3,MovementTraverse,15271,11,11,,
807,0,Husk,T3/10,MOVING,4.091,4.000,108.500,"GoalBlock{x=15,y=4,z=108}",14,3,MovementTraverse,15271,11,11,,
808,0,Husk,T3/10,MOVING,4.372,4.000,108.500,"GoalBlock{x=15,y=4,z=108}",14,4,MovementTraverse,15271,11,11,,
809,0,Husk,T3/10,MOVING,4.652,4.000,108.500,"GoalBlock{x=15,y=4,z=108}",14,4,MovementTraverse,15271,11,11,,
810,0,Husk,T3/10,MOVING,4.933,4.000,108.500,"GoalBlock{x=15,y=4,z=108}",14,4,MovementTraverse,15271,11,11,,
811,0,Husk,T3/10,MOVING,5.214,4.000,108.500,"GoalBlock{x=15,y=4,z=108}",14,4,MovementTraverse,15271,11,11,,
812,0,Husk,T3/10,MOVING,5.494,4.000,108.500,"GoalBlock{x=15,y=4,z=108}",14,5,MovementTraverse,15271,11,11,,
813,0,Husk,T3/10,MOVING,5.775,4.000,108.500,"GoalBlock{x=15,y=4,z=108}",14,5,MovementTraverse,15271,11,11,,
814,0,Husk,T3/10,MOVING,6.055,4.000,108.500,"GoalBlock{x=15,y=4,z=108}",14,5,MovementTraverse,15271,11,11,,
815,0,Husk,T3/10,MOVING,6.336,4.000,108.500,"GoalBlock{x=15,y=4,z=108}",14,6,MovementTraverse,15271,11,11,,
816,0,Husk,T3/10,MOVING,6.617,4.000,108.500,"GoalBlock{x=15,y=4,z=108}",14,6,MovementTraverse,15271,11,11,,
817,0,Husk,T3/10,MOVING,6.897,4.000,108.500,"GoalBlock{x=15,y=4,z=108}",14,6,MovementTraverse,15271,11,11,,
818,0,Husk,T3/10,MOVING,7.178,4.000,108.500,"GoalBlock{x=15,y=4,z=108}",14,6,MovementTraverse,15271,11,11,,
819,0,Husk,T3/10,MOVING,7.459,4.000,108.500,"GoalBlock{x=15,y=4,z=108}",14,7,MovementTraverse,15271,11,11,,
820,0,Husk,T3/10,MOVING,7.739,4.000,108.500,"GoalBlock{x=15,y=4,z=108}",14,7,MovementTraverse,15271,11,11,,
821,0,Husk,T3/10,MOVING,8.020,4.000,108.500,"GoalBlock{x=15,y=4,z=108}",14,7,MovementTraverse,15271,11,11,,
822,0,Husk,T3/10,MOVING,8.300,4.000,108.500,"GoalBlock{x=15,y=4,z=108}",14,8,MovementTraverse,15271,11,11,,
823,0,Husk,T3/10,MOVING,8.581,4.000,108.500,"GoalBlock{x=15,y=4,z=108}",14,8,MovementTraverse,15271,11,11,,
824,0,Husk,T3/10,MOVING,8.862,4.000,108.500,"GoalBlock{x=15,y=4,z=108}",14,8,MovementTraverse,15271,11,11,,
825,0,Husk,T3/10,MOVING,9.142,4.000,108.500,"GoalBlock{x=15,y=4,z=108}",14,8,MovementTraverse,15271,11,11,,
826,0,Husk,T3/10,MOVING,9.423,4.000,108.500,"GoalBlock{x=15,y=4,z=108}",14,9,MovementTraverse,15271,11,11,,
827,0,Husk,T3/10,MOVING,9.703,4.000,108.500,"GoalBlock{x=15,y=4,z=108}",14,9,MovementTraverse,15271,11,11,,
828,0,Husk,T3/10,MOVING,9.984,4.000,108.500,"GoalBlock{x=15,y=4,z=108}",14,9,MovementTraverse,15271,11,11,,
829,0,Husk,T3/10,MOVING,10.265,4.000,108.500,"GoalBlock{x=15,y=4,z=108}",14,9,MovementTraverse,15271,11,11,,
830,0,Husk,T3/10,MOVING,10.545,4.000,108.500,"GoalBlock{x=15,y=4,z=108}",14,10,MovementTraverse,15271,11,11,,
831,0,Husk,T3/10,MOVING,10.826,4.000,108.500,"GoalBlock{x=15,y=4,z=108}",14,10,MovementTraverse,15271,11,11,,
832,0,Husk,T3/10,MOVING,11.107,4.000,108.500,"GoalBlock{x=15,y=4,z=108}",14,10,MovementTraverse,15271,11,11,,
833,0,Husk,T3/10,MOVING,11.387,4.000,108.500,"GoalBlock{x=15,y=4,z=108}",14,11,MovementTraverse,15271,11,11,,
834,0,Husk,T3/10,MOVING,11.668,4.000,108.500,"GoalBlock{x=15,y=4,z=108}",14,11,MovementTraverse,15271,11,11,,
835,0,Husk,T3/10,MOVING,11.948,4.000,108.500,"GoalBlock{x=15,y=4,z=108}",14,11,MovementTraverse,15271,11,11,,
836,0,Husk,T3/10,MOVING,12.229,4.000,108.500,"GoalBlock{x=15,y=4,z=108}",14,11,MovementTraverse,15271,11,11,,
837,0,Husk,T3/10,MOVING,12.510,4.000,108.500,"GoalBlock{x=15,y=4,z=108}",14,12,MovementTraverse,15271,11,11,,
838,0,Husk,T3/10,MOVING,12.790,4.000,108.500,"GoalBlock{x=15,y=4,z=108}",14,12,MovementTraverse,15271,11,11,,
839,0,Husk,T3/10,MOVING,13.071,4.000,108.500,"GoalBlock{x=15,y=4,z=108}",14,12,MovementTraverse,15271,11,11,,
840,0,Husk,T3/10,SEARCHING,13.224,4.000,108.500,"GoalBlock{x=15,y=4,z=108}",-1,-1,,15271,12,12,,CALC_STARTED
841,0,Husk,T3/10,FAILED,13.308,4.000,108.500,,-1,-1,,12153,12,12,no_path,CALC_FAILED
842,0,Husk,T3/10,FAILED,13.353,4.000,108.500,,-1,-1,,12153,12,12,no_path,
843,0,Husk,T3/11,FAILED,60.500,4.000,0.500,,-1,-1,,12153,12,12,no_path,CANCELED|CANCELED
844,0,Husk,T3/11,FAILED,60.500,4.000,0.500,,-1,-1,,12153,12,12,no_path,
845,0,Husk,T3/11,FAILED,60.500,4.000,0.500,,-1,-1,,12153,12,12,no_path,
846,0,Husk,T3/11,FAILED,60.500,4.000,0.500,,-1,-1,,12153,12,12,no_path,
847,0,Husk,T3/11,FAILED,60.500,4.000,0.500,,-1,-1,,12153,12,12,no_path,
848,0,Husk,T3/11,FAILED,60.500,4.000,0.500,,-1,-1,,12153,12,12,no_path,
849,0,Husk,T3/11,FAILED,60.500,4.000,0.500,,-1,-1,,12153,12,12,no_path,
850,0,Husk,T3/11,FAILED,60.500,4.000,0.500,,-1,-1,,12153,12,12,no_path,
851,0,Husk,T3/11,FAILED,60.500,4.000,0.500,,-1,-1,,12153,12,12,no_path,
852,0,Husk,T3/11,FAILED,60.500,4.000,0.500,,-1,-1,,12153,12,12,no_path,
853,0,Husk,T3/11,SEARCHING,60.500,4.000,0.500,"GoalBlock{x=80,y=4,z=0}",-1,-1,,12153,13,13,,CALC_STARTED
854,0,Husk,T3/11,MOVING,60.627,4.000,0.500,"GoalBlock{x=80,y=4,z=0}",21,0,MovementTraverse,561,13,13,,CALC_FINISHED_NOW_EXECUTING
855,0,Husk,T3/11,MOVING,60.824,4.000,0.500,"GoalBlock{x=80,y=4,z=0}",21,0,MovementTraverse,561,13,13,,
856,0,Husk,T3/11,MOVING,61.059,4.000,0.500,"GoalBlock{x=80,y=4,z=0}",21,0,MovementTraverse,561,13,13,,
857,0,Husk,T3/11,MOVING,61.315,4.000,0.500,"GoalBlock{x=80,y=4,z=0}",21,1,MovementTraverse,561,13,13,,
858,0,Husk,T3/11,MOVING,61.582,4.000,0.500,"GoalBlock{x=80,y=4,z=0}",21,1,MovementTraverse,561,13,13,,
859,0,Husk,T3/11,MOVING,61.855,4.000,0.500,"GoalBlock{x=80,y=4,z=0}",21,1,MovementTraverse,561,13,13,,
860,0,Husk,T3/11,MOVING,62.132,4.000,0.500,"GoalBlock{x=80,y=4,z=0}",21,1,MovementTraverse,561,13,13,,
861,0,Husk,T3/11,MOVING,62.410,4.000,0.500,"GoalBlock{x=80,y=4,z=0}",21,2,MovementTraverse,561,13,13,,
862,0,Husk,T3/11,MOVING,62.690,4.000,0.500,"GoalBlock{x=80,y=4,z=0}",21,2,MovementTraverse,561,13,13,,
863,0,Husk,T3/11,MOVING,62.969,4.000,0.500,"GoalBlock{x=80,y=4,z=0}",21,2,MovementTraverse,561,13,13,,
864,0,Husk,T3/11,MOVING,63.250,4.000,0.500,"GoalBlock{x=80,y=4,z=0}",21,2,MovementTraverse,561,13,13,,
865,0,Husk,T3/11,MOVING,63.530,4.000,0.500,"GoalBlock{x=80,y=4,z=0}",21,3,MovementTraverse,561,13,13,,
866,0,Husk,T3/11,MOVING,63.811,4.000,0.500,"GoalBlock{x=80,y=4,z=0}",21,3,MovementTraverse,561,13,13,,
867,0,Husk,T3/11,MOVING,64.091,4.000,0.500,"GoalBlock{x=80,y=4,z=0}",21,3,MovementTraverse,561,13,13,,
868,0,Husk,T3/11,MOVING,64.372,4.000,0.500,"GoalBlock{x=80,y=4,z=0}",21,4,MovementTraverse,561,13,13,,
869,0,Husk,T3/11,MOVING,64.652,4.000,0.500,"GoalBlock{x=80,y=4,z=0}",21,4,MovementTraverse,561,13,13,,
870,0,Husk,T3/11,MOVING,64.933,4.000,0.500,"GoalBlock{x=80,y=4,z=0}",21,4,MovementTraverse,561,13,13,,
871,0,Husk,T3/11,MOVING,65.214,4.000,0.500,"GoalBlock{x=80,y=4,z=0}",21,4,MovementTraverse,561,13,13,,
872,0,Husk,T3/11,MOVING,65.494,4.000,0.500,"GoalBlock{x=80,y=4,z=0}",21,5,MovementTraverse,561,13,13,,
873,0,Husk,T3/11,MOVING,65.775,4.000,0.500,"GoalBlock{x=80,y=4,z=0}",21,5,MovementTraverse,561,13,13,,
874,0,Husk,T3/11,MOVING,66.055,4.000,0.500,"GoalBlock{x=80,y=4,z=0}",21,5,MovementTraverse,561,13,13,,
875,0,Husk,T3/11,MOVING,66.336,4.000,0.500,"GoalBlock{x=80,y=4,z=0}",21,6,MovementTraverse,561,13,13,,
876,0,Husk,T3/11,MOVING,66.617,4.000,0.500,"GoalBlock{x=80,y=4,z=0}",21,6,MovementTraverse,561,13,13,,
877,0,Husk,T3/11,MOVING,66.897,4.000,0.500,"GoalBlock{x=80,y=4,z=0}",21,6,MovementTraverse,561,13,13,,
878,0,Husk,T3/11,MOVING,67.178,4.000,0.500,"GoalBlock{x=80,y=4,z=0}",21,6,MovementTraverse,561,13,13,,
879,0,Husk,T3/11,MOVING,67.459,4.000,0.500,"GoalBlock{x=80,y=4,z=0}",21,7,MovementTraverse,561,13,13,,
880,0,Husk,T3/11,MOVING,67.739,4.000,0.500,"GoalBlock{x=80,y=4,z=0}",21,7,MovementTraverse,561,13,13,,
881,0,Husk,T3/11,MOVING,68.020,4.000,0.500,"GoalBlock{x=80,y=4,z=0}",21,7,MovementTraverse,561,13,13,,
882,0,Husk,T3/11,MOVING,68.300,4.000,0.500,"GoalBlock{x=80,y=4,z=0}",21,8,MovementTraverse,561,13,13,,
883,0,Husk,T3/11,MOVING,68.581,4.000,0.500,"GoalBlock{x=80,y=4,z=0}",21,8,MovementTraverse,561,13,13,,
884,0,Husk,T3/11,MOVING,68.862,4.000,0.500,"GoalBlock{x=80,y=4,z=0}",21,8,MovementTraverse,561,13,13,,
885,0,Husk,T3/11,MOVING,69.142,4.000,0.500,"GoalBlock{x=80,y=4,z=0}",21,8,MovementTraverse,561,13,13,,
886,0,Husk,T3/11,MOVING,69.295,4.000,0.500,"GoalBlock{x=80,y=4,z=0}",21,9,MovementTraverse,561,13,13,,
887,0,Husk,T3/11,MOVING,69.507,4.000,0.500,"GoalBlock{x=80,y=4,z=0}",21,9,MovementTraverse,561,13,13,,
888,0,Husk,T3/11,MOVING,69.749,4.000,0.500,"GoalBlock{x=80,y=4,z=0}",21,9,MovementTraverse,561,13,13,,
889,0,Husk,T3/11,MOVING,70.009,4.000,0.500,"GoalBlock{x=80,y=4,z=0}",21,9,MovementTraverse,561,13,13,,
890,0,Husk,T3/11,MOVING,70.278,4.000,0.500,"GoalBlock{x=80,y=4,z=0}",21,10,MovementTraverse,561,13,13,,
891,0,Husk,T3/11,MOVING,70.553,4.000,0.500,"GoalBlock{x=80,y=4,z=0}",21,10,MovementTraverse,561,13,13,,
892,0,Husk,T3/11,MOVING,70.830,4.000,0.500,"GoalBlock{x=80,y=4,z=0}",21,10,MovementTraverse,561,13,13,,
893,0,Husk,T3/11,MOVING,71.109,4.000,0.500,"GoalBlock{x=80,y=4,z=0}",21,10,MovementTraverse,561,13,13,,
894,0,Husk,T3/11,MOVING,71.388,4.000,0.500,"GoalBlock{x=80,y=4,z=0}",21,11,MovementTraverse,561,13,13,,
895,0,Husk,T3/11,MOVING,71.668,4.000,0.500,"GoalBlock{x=80,y=4,z=0}",21,11,MovementTraverse,561,13,13,,
896,0,Husk,T3/11,MOVING,71.949,4.000,0.500,"GoalBlock{x=80,y=4,z=0}",21,11,MovementTraverse,561,13,13,,
897,0,Husk,T3/11,MOVING,72.229,4.000,0.500,"GoalBlock{x=80,y=4,z=0}",21,11,MovementTraverse,561,13,13,,
898,0,Husk,T3/11,MOVING,72.510,4.000,0.500,"GoalBlock{x=80,y=4,z=0}",21,12,MovementTraverse,561,13,13,,
899,0,Husk,T3/11,MOVING,72.790,4.000,0.500,"GoalBlock{x=80,y=4,z=0}",21,12,MovementTraverse,561,13,13,,
900,0,Husk,T3/11,MOVING,73.071,4.000,0.500,"GoalBlock{x=80,y=4,z=0}",21,12,MovementTraverse,561,13,13,,
901,0,Husk,T3/11,MOVING,73.352,4.000,0.500,"GoalBlock{x=80,y=4,z=0}",21,13,MovementTraverse,561,13,13,,
902,0,Husk,T3/11,MOVING,73.632,4.000,0.500,"GoalBlock{x=80,y=4,z=0}",21,13,MovementTraverse,561,13,13,,
903,0,Husk,T3/11,MOVING,73.913,4.000,0.500,"GoalBlock{x=80,y=4,z=0}",21,13,MovementTraverse,561,13,13,,
904,0,Husk,T3/11,MOVING,74.193,4.000,0.500,"GoalBlock{x=80,y=4,z=0}",21,13,MovementTraverse,561,13,13,,
905,0,Husk,T3/11,MOVING,74.474,4.000,0.500,"GoalBlock{x=80,y=4,z=0}",21,14,MovementTraverse,561,13,13,,
906,0,Husk,T3/11,MOVING,74.755,4.000,0.500,"GoalBlock{x=80,y=4,z=0}",21,14,MovementTraverse,561,13,13,,
907,0,Husk,T3/11,MOVING,75.035,4.000,0.500,"GoalBlock{x=80,y=4,z=0}",21,14,MovementTraverse,561,13,13,,
908,0,Husk,T3/11,MOVING,75.316,4.000,0.500,"GoalBlock{x=80,y=4,z=0}",21,15,MovementTraverse,561,13,13,,
909,0,Husk,T3/11,MOVING,75.596,4.000,0.500,"GoalBlock{x=80,y=4,z=0}",21,15,MovementTraverse,561,13,13,,
910,0,Husk,T3/11,MOVING,75.877,4.000,0.500,"GoalBlock{x=80,y=4,z=0}",21,15,MovementTraverse,561,13,13,,
911,0,Husk,T3/11,MOVING,76.158,4.000,0.500,"GoalBlock{x=80,y=4,z=0}",21,15,MovementTraverse,561,13,13,,
912,0,Husk,T3/11,MOVING,76.438,4.000,0.500,"GoalBlock{x=80,y=4,z=0}",21,16,MovementTraverse,561,13,13,,
913,0,Husk,T3/11,MOVING,76.719,4.000,0.500,"GoalBlock{x=80,y=4,z=0}",21,16,MovementTraverse,561,13,13,,
914,0,Husk,T3/11,MOVING,77.000,4.000,0.500,"GoalBlock{x=80,y=4,z=0}",21,16,MovementTraverse,561,13,13,,
915,0,Husk,T3/11,MOVING,77.280,4.000,0.500,"GoalBlock{x=80,y=4,z=0}",21,16,MovementTraverse,561,13,13,,
916,0,Husk,T3/11,MOVING,77.561,4.000,0.500,"GoalBlock{x=80,y=4,z=0}",21,17,MovementTraverse,561,13,13,,
917,0,Husk,T3/11,MOVING,77.841,4.000,0.500,"GoalBlock{x=80,y=4,z=0}",21,17,MovementTraverse,561,13,13,,
918,0,Husk,T3/11,MOVING,78.122,4.000,0.500,"GoalBlock{x=80,y=4,z=0}",21,17,MovementTraverse,561,13,13,,
919,0,Husk,T3/11,MOVING,78.403,4.000,0.500,"GoalBlock{x=80,y=4,z=0}",21,18,MovementTraverse,561,13,13,,
920,0,Husk,T3/11,MOVING,78.683,4.000,0.500,"GoalBlock{x=80,y=4,z=0}",21,18,MovementTraverse,561,13,13,,
921,0,Husk,T3/11,MOVING,78.964,4.000,0.500,"GoalBlock{x=80,y=4,z=0}",21,18,MovementTraverse,561,13,13,,
922,0,Husk,T3/11,MOVING,79.244,4.000,0.500,"GoalBlock{x=80,y=4,z=0}",21,18,MovementTraverse,561,13,13,,
923,0,Husk,T3/11,MOVING,79.525,4.000,0.500,"GoalBlock{x=80,y=4,z=0}",21,19,MovementTraverse,561,13,13,,
924,0,Husk,T3/11,MOVING,79.806,4.000,0.500,"GoalBlock{x=80,y=4,z=0}",21,19,MovementTraverse,561,13,13,,
925,0,Husk,T3/11,MOVING,80.086,4.000,0.500,"GoalBlock{x=80,y=4,z=0}",21,19,MovementTraverse,561,13,13,,
926,0,Husk,T3/11,ARRIVED,80.240,4.000,0.500,,-1,-1,,561,13,13,,CANCELED
927,0,Husk,T3/12,ARRIVED,60.500,4.000,12.500,,-1,-1,,561,13,13,,CANCELED|CANCELED
928,0,Husk,T3/12,ARRIVED,60.500,4.000,12.500,,-1,-1,,561,13,13,,
929,0,Husk,T3/12,ARRIVED,60.500,4.000,12.500,,-1,-1,,561,13,13,,
930,0,Husk,T3/12,ARRIVED,60.500,4.000,12.500,,-1,-1,,561,13,13,,
931,0,Husk,T3/12,ARRIVED,60.500,4.000,12.500,,-1,-1,,561,13,13,,
932,0,Husk,T3/12,ARRIVED,60.500,4.000,12.500,,-1,-1,,561,13,13,,
933,0,Husk,T3/12,ARRIVED,60.500,4.000,12.500,,-1,-1,,561,13,13,,
934,0,Husk,T3/12,ARRIVED,60.500,4.000,12.500,,-1,-1,,561,13,13,,
935,0,Husk,T3/12,ARRIVED,60.500,4.000,12.500,,-1,-1,,561,13,13,,
936,0,Husk,T3/12,ARRIVED,60.500,4.000,12.500,,-1,-1,,561,13,13,,
937,0,Husk,T3/12,SEARCHING,60.500,4.000,12.500,"GoalBlock{x=80,y=4,z=12}",-1,-1,,561,14,14,,CALC_STARTED
938,0,Husk,T3/12,MOVING,60.627,4.000,12.500,"GoalBlock{x=80,y=4,z=12}",10,0,MovementTraverse,1938,15,15,,CALC_FINISHED_NOW_EXECUTING|NEXT_SEGMENT_CALC_STARTED
939,0,Husk,T3/12,MOVING,60.824,4.000,12.500,"GoalBlock{x=80,y=4,z=12}",10,0,MovementTraverse,1028,15,15,,NEXT_CALC_FAILED
940,0,Husk,T3/12,MOVING,61.059,4.000,12.500,"GoalBlock{x=80,y=4,z=12}",10,0,MovementTraverse,1028,15,15,,
941,0,Husk,T3/12,MOVING,61.315,4.000,12.500,"GoalBlock{x=80,y=4,z=12}",10,1,MovementTraverse,1028,15,15,,
942,0,Husk,T3/12,MOVING,61.582,4.000,12.500,"GoalBlock{x=80,y=4,z=12}",10,1,MovementTraverse,1028,15,15,,
943,0,Husk,T3/12,MOVING,61.855,4.000,12.500,"GoalBlock{x=80,y=4,z=12}",10,1,MovementTraverse,1028,15,15,,
944,0,Husk,T3/12,MOVING,62.132,4.000,12.500,"GoalBlock{x=80,y=4,z=12}",10,1,MovementTraverse,1028,15,15,,
945,0,Husk,T3/12,MOVING,62.410,4.000,12.500,"GoalBlock{x=80,y=4,z=12}",10,2,MovementTraverse,1028,15,15,,
946,0,Husk,T3/12,MOVING,62.690,4.000,12.500,"GoalBlock{x=80,y=4,z=12}",10,2,MovementTraverse,1028,15,15,,
947,0,Husk,T3/12,MOVING,62.969,4.000,12.500,"GoalBlock{x=80,y=4,z=12}",10,2,MovementTraverse,1028,15,15,,
948,0,Husk,T3/12,MOVING,63.250,4.000,12.500,"GoalBlock{x=80,y=4,z=12}",10,2,MovementTraverse,1028,15,15,,
949,0,Husk,T3/12,MOVING,63.530,4.000,12.500,"GoalBlock{x=80,y=4,z=12}",10,3,MovementTraverse,1028,15,15,,
950,0,Husk,T3/12,MOVING,63.811,4.000,12.500,"GoalBlock{x=80,y=4,z=12}",10,3,MovementTraverse,1028,15,15,,
951,0,Husk,T3/12,MOVING,64.091,4.000,12.500,"GoalBlock{x=80,y=4,z=12}",10,3,MovementTraverse,1028,15,15,,
952,0,Husk,T3/12,MOVING,64.372,4.000,12.500,"GoalBlock{x=80,y=4,z=12}",10,4,MovementTraverse,1028,15,15,,
953,0,Husk,T3/12,MOVING,64.652,4.000,12.500,"GoalBlock{x=80,y=4,z=12}",10,4,MovementTraverse,1028,15,15,,
954,0,Husk,T3/12,MOVING,64.933,4.000,12.500,"GoalBlock{x=80,y=4,z=12}",10,4,MovementTraverse,1028,15,15,,
955,0,Husk,T3/12,MOVING,65.214,4.000,12.500,"GoalBlock{x=80,y=4,z=12}",10,4,MovementTraverse,1028,15,15,,
956,0,Husk,T3/12,MOVING,65.494,4.000,12.500,"GoalBlock{x=80,y=4,z=12}",10,5,MovementTraverse,1028,15,15,,
957,0,Husk,T3/12,MOVING,65.775,4.000,12.500,"GoalBlock{x=80,y=4,z=12}",10,5,MovementTraverse,1028,15,15,,
958,0,Husk,T3/12,MOVING,66.055,4.000,12.500,"GoalBlock{x=80,y=4,z=12}",10,5,MovementTraverse,1028,15,15,,
959,0,Husk,T3/12,MOVING,66.336,4.000,12.500,"GoalBlock{x=80,y=4,z=12}",10,6,MovementTraverse,1028,15,15,,
960,0,Husk,T3/12,MOVING,66.617,4.000,12.500,"GoalBlock{x=80,y=4,z=12}",10,6,MovementTraverse,1028,15,15,,
961,0,Husk,T3/12,MOVING,66.897,4.000,12.500,"GoalBlock{x=80,y=4,z=12}",10,6,MovementTraverse,1028,15,15,,
962,0,Husk,T3/12,MOVING,67.178,4.000,12.500,"GoalBlock{x=80,y=4,z=12}",10,6,MovementTraverse,1028,15,15,,
963,0,Husk,T3/12,MOVING,67.459,4.000,12.500,"GoalBlock{x=80,y=4,z=12}",10,7,MovementTraverse,1028,15,15,,
964,0,Husk,T3/12,MOVING,67.739,4.000,12.500,"GoalBlock{x=80,y=4,z=12}",10,7,MovementTraverse,1028,15,15,,
965,0,Husk,T3/12,MOVING,68.020,4.000,12.500,"GoalBlock{x=80,y=4,z=12}",10,7,MovementTraverse,1028,15,15,,
966,0,Husk,T3/12,MOVING,68.300,4.000,12.500,"GoalBlock{x=80,y=4,z=12}",10,8,MovementTraverse,1028,15,15,,
967,0,Husk,T3/12,MOVING,68.581,4.000,12.500,"GoalBlock{x=80,y=4,z=12}",10,8,MovementTraverse,1028,15,15,,
968,0,Husk,T3/12,MOVING,68.862,4.000,12.500,"GoalBlock{x=80,y=4,z=12}",10,8,MovementTraverse,1028,15,15,,
969,0,Husk,T3/12,MOVING,69.142,4.000,12.500,"GoalBlock{x=80,y=4,z=12}",10,8,MovementTraverse,1028,15,15,,
970,0,Husk,T3/12,SEARCHING,69.295,4.000,12.500,"GoalBlock{x=80,y=4,z=12}",-1,-1,,1028,16,16,,CALC_STARTED
971,0,Husk,T3/12,FAILED,69.379,4.000,12.500,,-1,-1,,619,16,16,no_path,CALC_FAILED
972,0,Husk,T3/12,FAILED,69.425,4.000,12.500,,-1,-1,,619,16,16,no_path,
973,0,Husk,T3/13,FAILED,60.500,4.000,24.500,,-1,-1,,619,16,16,no_path,CANCELED|CANCELED
974,0,Husk,T3/13,FAILED,60.500,4.000,24.500,,-1,-1,,619,16,16,no_path,
975,0,Husk,T3/13,FAILED,60.500,4.000,24.500,,-1,-1,,619,16,16,no_path,
976,0,Husk,T3/13,FAILED,60.500,4.000,24.500,,-1,-1,,619,16,16,no_path,
977,0,Husk,T3/13,FAILED,60.500,4.000,24.500,,-1,-1,,619,16,16,no_path,
978,0,Husk,T3/13,FAILED,60.500,4.000,24.500,,-1,-1,,619,16,16,no_path,
979,0,Husk,T3/13,FAILED,60.500,4.000,24.500,,-1,-1,,619,16,16,no_path,
980,0,Husk,T3/13,FAILED,60.500,4.000,24.500,,-1,-1,,619,16,16,no_path,
981,0,Husk,T3/13,FAILED,60.500,4.000,24.500,,-1,-1,,619,16,16,no_path,
982,0,Husk,T3/13,FAILED,60.500,4.000,24.500,,-1,-1,,619,16,16,no_path,
983,0,Husk,T3/13,SEARCHING,60.500,4.000,24.500,"GoalBlock{x=80,y=4,z=24}",-1,-1,,619,17,17,,CALC_STARTED
984,0,Husk,T3/13,MOVING,60.627,4.000,24.500,"GoalBlock{x=80,y=4,z=24}",21,0,MovementTraverse,616,17,17,,CALC_FINISHED_NOW_EXECUTING
985,0,Husk,T3/13,MOVING,60.824,4.000,24.500,"GoalBlock{x=80,y=4,z=24}",21,0,MovementTraverse,616,17,17,,
986,0,Husk,T3/13,MOVING,61.059,4.000,24.500,"GoalBlock{x=80,y=4,z=24}",21,0,MovementTraverse,616,17,17,,
987,0,Husk,T3/13,MOVING,61.315,4.000,24.500,"GoalBlock{x=80,y=4,z=24}",21,1,MovementTraverse,616,17,17,,
988,0,Husk,T3/13,MOVING,61.582,4.000,24.500,"GoalBlock{x=80,y=4,z=24}",21,1,MovementTraverse,616,17,17,,
989,0,Husk,T3/13,MOVING,61.855,4.000,24.500,"GoalBlock{x=80,y=4,z=24}",21,1,MovementTraverse,616,17,17,,
990,0,Husk,T3/13,MOVING,62.132,4.000,24.500,"GoalBlock{x=80,y=4,z=24}",21,1,MovementTraverse,616,17,17,,
991,0,Husk,T3/13,MOVING,62.410,4.000,24.500,"GoalBlock{x=80,y=4,z=24}",21,2,MovementTraverse,616,17,17,,
992,0,Husk,T3/13,MOVING,62.690,4.000,24.500,"GoalBlock{x=80,y=4,z=24}",21,2,MovementTraverse,616,17,17,,
993,0,Husk,T3/13,MOVING,62.969,4.000,24.500,"GoalBlock{x=80,y=4,z=24}",21,2,MovementTraverse,616,17,17,,
994,0,Husk,T3/13,MOVING,63.250,4.000,24.500,"GoalBlock{x=80,y=4,z=24}",21,2,MovementTraverse,616,17,17,,
995,0,Husk,T3/13,MOVING,63.530,4.000,24.500,"GoalBlock{x=80,y=4,z=24}",21,3,MovementTraverse,616,17,17,,
996,0,Husk,T3/13,MOVING,63.811,4.000,24.500,"GoalBlock{x=80,y=4,z=24}",21,3,MovementTraverse,616,17,17,,
997,0,Husk,T3/13,MOVING,64.091,4.000,24.500,"GoalBlock{x=80,y=4,z=24}",21,3,MovementTraverse,616,17,17,,
998,0,Husk,T3/13,MOVING,64.372,4.000,24.500,"GoalBlock{x=80,y=4,z=24}",21,4,MovementTraverse,616,17,17,,
999,0,Husk,T3/13,MOVING,64.652,4.000,24.500,"GoalBlock{x=80,y=4,z=24}",21,4,MovementTraverse,616,17,17,,
1000,0,Husk,T3/13,MOVING,64.933,4.000,24.500,"GoalBlock{x=80,y=4,z=24}",21,4,MovementTraverse,616,17,17,,
1001,0,Husk,T3/13,MOVING,65.214,4.000,24.500,"GoalBlock{x=80,y=4,z=24}",21,4,MovementTraverse,616,17,17,,
1002,0,Husk,T3/13,MOVING,65.494,4.000,24.500,"GoalBlock{x=80,y=4,z=24}",21,5,MovementTraverse,616,17,17,,
1003,0,Husk,T3/13,MOVING,65.775,4.000,24.500,"GoalBlock{x=80,y=4,z=24}",21,5,MovementTraverse,616,17,17,,
1004,0,Husk,T3/13,MOVING,66.055,4.000,24.500,"GoalBlock{x=80,y=4,z=24}",21,5,MovementTraverse,616,17,17,,
1005,0,Husk,T3/13,MOVING,66.336,4.000,24.500,"GoalBlock{x=80,y=4,z=24}",21,6,MovementTraverse,616,17,17,,
1006,0,Husk,T3/13,MOVING,66.617,4.000,24.500,"GoalBlock{x=80,y=4,z=24}",21,6,MovementTraverse,616,17,17,,
1007,0,Husk,T3/13,MOVING,66.897,4.000,24.500,"GoalBlock{x=80,y=4,z=24}",21,6,MovementTraverse,616,17,17,,
1008,0,Husk,T3/13,MOVING,67.178,4.000,24.500,"GoalBlock{x=80,y=4,z=24}",21,6,MovementTraverse,616,17,17,,
1009,0,Husk,T3/13,MOVING,67.459,4.000,24.500,"GoalBlock{x=80,y=4,z=24}",21,7,MovementTraverse,616,17,17,,
1010,0,Husk,T3/13,MOVING,67.739,4.000,24.500,"GoalBlock{x=80,y=4,z=24}",21,7,MovementTraverse,616,17,17,,
1011,0,Husk,T3/13,MOVING,68.020,4.000,24.500,"GoalBlock{x=80,y=4,z=24}",21,7,MovementTraverse,616,17,17,,
1012,0,Husk,T3/13,MOVING,68.300,4.000,24.500,"GoalBlock{x=80,y=4,z=24}",21,8,MovementTraverse,616,17,17,,
1013,0,Husk,T3/13,MOVING,68.581,4.000,24.500,"GoalBlock{x=80,y=4,z=24}",21,8,MovementTraverse,616,17,17,,
1014,0,Husk,T3/13,MOVING,68.862,4.000,24.500,"GoalBlock{x=80,y=4,z=24}",21,8,MovementTraverse,616,17,17,,
1015,0,Husk,T3/13,MOVING,69.142,4.000,24.500,"GoalBlock{x=80,y=4,z=24}",21,8,MovementTraverse,616,17,17,,
1016,0,Husk,T3/13,MOVING,69.295,4.000,24.500,"GoalBlock{x=80,y=4,z=24}",21,9,MovementTraverse,616,17,17,,
1017,0,Husk,T3/13,MOVING,69.507,4.000,24.500,"GoalBlock{x=80,y=4,z=24}",21,9,MovementTraverse,616,17,17,,
1018,0,Husk,T3/13,MOVING,69.749,4.000,24.500,"GoalBlock{x=80,y=4,z=24}",21,9,MovementTraverse,616,17,17,,
1019,0,Husk,T3/13,MOVING,70.009,4.000,24.500,"GoalBlock{x=80,y=4,z=24}",21,9,MovementTraverse,616,17,17,,
1020,0,Husk,T3/13,MOVING,70.278,4.000,24.500,"GoalBlock{x=80,y=4,z=24}",21,10,MovementTraverse,616,17,17,,
1021,0,Husk,T3/13,MOVING,70.553,4.000,24.500,"GoalBlock{x=80,y=4,z=24}",21,10,MovementTraverse,616,17,17,,
1022,0,Husk,T3/13,MOVING,70.830,4.000,24.500,"GoalBlock{x=80,y=4,z=24}",21,10,MovementTraverse,616,17,17,,
1023,0,Husk,T3/13,MOVING,71.109,4.000,24.500,"GoalBlock{x=80,y=4,z=24}",21,10,MovementTraverse,616,17,17,,
1024,0,Husk,T3/13,MOVING,71.388,4.000,24.500,"GoalBlock{x=80,y=4,z=24}",21,11,MovementTraverse,616,17,17,,
1025,0,Husk,T3/13,MOVING,71.668,4.000,24.500,"GoalBlock{x=80,y=4,z=24}",21,11,MovementTraverse,616,17,17,,
1026,0,Husk,T3/13,MOVING,71.949,4.000,24.500,"GoalBlock{x=80,y=4,z=24}",21,11,MovementTraverse,616,17,17,,
1027,0,Husk,T3/13,MOVING,72.229,4.000,24.500,"GoalBlock{x=80,y=4,z=24}",21,11,MovementTraverse,616,17,17,,
1028,0,Husk,T3/13,MOVING,72.510,4.000,24.500,"GoalBlock{x=80,y=4,z=24}",21,12,MovementTraverse,616,17,17,,
1029,0,Husk,T3/13,MOVING,72.790,4.000,24.500,"GoalBlock{x=80,y=4,z=24}",21,12,MovementTraverse,616,17,17,,
1030,0,Husk,T3/13,MOVING,73.071,4.000,24.500,"GoalBlock{x=80,y=4,z=24}",21,12,MovementTraverse,616,17,17,,
1031,0,Husk,T3/13,MOVING,73.352,4.000,24.500,"GoalBlock{x=80,y=4,z=24}",21,13,MovementTraverse,616,17,17,,
1032,0,Husk,T3/13,MOVING,73.632,4.000,24.500,"GoalBlock{x=80,y=4,z=24}",21,13,MovementTraverse,616,17,17,,
1033,0,Husk,T3/13,MOVING,73.913,4.000,24.500,"GoalBlock{x=80,y=4,z=24}",21,13,MovementTraverse,616,17,17,,
1034,0,Husk,T3/13,MOVING,74.193,4.000,24.500,"GoalBlock{x=80,y=4,z=24}",21,13,MovementTraverse,616,17,17,,
1035,0,Husk,T3/13,MOVING,74.474,4.000,24.500,"GoalBlock{x=80,y=4,z=24}",21,14,MovementTraverse,616,17,17,,
1036,0,Husk,T3/13,MOVING,74.755,4.000,24.500,"GoalBlock{x=80,y=4,z=24}",21,14,MovementTraverse,616,17,17,,
1037,0,Husk,T3/13,MOVING,75.035,4.000,24.500,"GoalBlock{x=80,y=4,z=24}",21,14,MovementTraverse,616,17,17,,
1038,0,Husk,T3/13,MOVING,75.316,4.000,24.500,"GoalBlock{x=80,y=4,z=24}",21,15,MovementTraverse,616,17,17,,
1039,0,Husk,T3/13,MOVING,75.596,4.000,24.500,"GoalBlock{x=80,y=4,z=24}",21,15,MovementTraverse,616,17,17,,
1040,0,Husk,T3/13,MOVING,75.877,4.000,24.500,"GoalBlock{x=80,y=4,z=24}",21,15,MovementTraverse,616,17,17,,
1041,0,Husk,T3/13,MOVING,76.158,4.000,24.500,"GoalBlock{x=80,y=4,z=24}",21,15,MovementTraverse,616,17,17,,
1042,0,Husk,T3/13,MOVING,76.438,4.000,24.500,"GoalBlock{x=80,y=4,z=24}",21,16,MovementTraverse,616,17,17,,
1043,0,Husk,T3/13,MOVING,76.719,4.000,24.500,"GoalBlock{x=80,y=4,z=24}",21,16,MovementTraverse,616,17,17,,
1044,0,Husk,T3/13,MOVING,77.000,4.000,24.500,"GoalBlock{x=80,y=4,z=24}",21,16,MovementTraverse,616,17,17,,
1045,0,Husk,T3/13,MOVING,77.280,4.000,24.500,"GoalBlock{x=80,y=4,z=24}",21,16,MovementTraverse,616,17,17,,
1046,0,Husk,T3/13,MOVING,77.561,4.000,24.500,"GoalBlock{x=80,y=4,z=24}",21,17,MovementTraverse,616,17,17,,
1047,0,Husk,T3/13,MOVING,77.841,4.000,24.500,"GoalBlock{x=80,y=4,z=24}",21,17,MovementTraverse,616,17,17,,
1048,0,Husk,T3/13,MOVING,78.122,4.000,24.500,"GoalBlock{x=80,y=4,z=24}",21,17,MovementTraverse,616,17,17,,
1049,0,Husk,T3/13,MOVING,78.403,4.000,24.500,"GoalBlock{x=80,y=4,z=24}",21,18,MovementTraverse,616,17,17,,
1050,0,Husk,T3/13,MOVING,78.683,4.000,24.500,"GoalBlock{x=80,y=4,z=24}",21,18,MovementTraverse,616,17,17,,
1051,0,Husk,T3/13,MOVING,78.964,4.000,24.500,"GoalBlock{x=80,y=4,z=24}",21,18,MovementTraverse,616,17,17,,
1052,0,Husk,T3/13,MOVING,79.244,4.000,24.500,"GoalBlock{x=80,y=4,z=24}",21,18,MovementTraverse,616,17,17,,
1053,0,Husk,T3/13,MOVING,79.525,4.000,24.500,"GoalBlock{x=80,y=4,z=24}",21,19,MovementTraverse,616,17,17,,
1054,0,Husk,T3/13,MOVING,79.806,4.000,24.500,"GoalBlock{x=80,y=4,z=24}",21,19,MovementTraverse,616,17,17,,
1055,0,Husk,T3/13,MOVING,80.086,4.000,24.500,"GoalBlock{x=80,y=4,z=24}",21,19,MovementTraverse,616,17,17,,
1056,0,Husk,T3/13,ARRIVED,80.240,4.000,24.500,,-1,-1,,616,17,17,,CANCELED
1057,0,Husk,T3/14,ARRIVED,60.500,4.000,36.500,,-1,-1,,616,17,17,,CANCELED|CANCELED
1058,0,Husk,T3/14,ARRIVED,60.500,4.000,36.500,,-1,-1,,616,17,17,,
1059,0,Husk,T3/14,ARRIVED,60.500,4.000,36.500,,-1,-1,,616,17,17,,
1060,0,Husk,T3/14,ARRIVED,60.500,4.000,36.500,,-1,-1,,616,17,17,,
1061,0,Husk,T3/14,ARRIVED,60.500,4.000,36.500,,-1,-1,,616,17,17,,
1062,0,Husk,T3/14,ARRIVED,60.500,4.000,36.500,,-1,-1,,616,17,17,,
1063,0,Husk,T3/14,ARRIVED,60.500,4.000,36.500,,-1,-1,,616,17,17,,
1064,0,Husk,T3/14,ARRIVED,60.500,4.000,36.500,,-1,-1,,616,17,17,,
1065,0,Husk,T3/14,ARRIVED,60.500,4.000,36.500,,-1,-1,,616,17,17,,
1066,0,Husk,T3/14,ARRIVED,60.500,4.000,36.500,,-1,-1,,616,17,17,,
1067,0,Husk,T3/14,SEARCHING,60.500,4.000,36.500,"GoalBlock{x=75,y=9,z=36}",-1,-1,,616,18,18,,CALC_STARTED
1068,0,Husk,T3/14,MOVING,60.627,4.000,36.500,"GoalBlock{x=75,y=9,z=36}",20,0,MovementTraverse,1161,18,18,,CALC_FINISHED_NOW_EXECUTING
1069,0,Husk,T3/14,MOVING,60.824,4.000,36.500,"GoalBlock{x=75,y=9,z=36}",20,0,MovementTraverse,1161,18,18,,
1070,0,Husk,T3/14,MOVING,61.059,4.000,36.500,"GoalBlock{x=75,y=9,z=36}",20,0,MovementTraverse,1161,18,18,,
1071,0,Husk,T3/14,MOVING,61.315,4.000,36.500,"GoalBlock{x=75,y=9,z=36}",20,1,MovementTraverse,1161,18,18,,
1072,0,Husk,T3/14,MOVING,61.582,4.000,36.500,"GoalBlock{x=75,y=9,z=36}",20,1,MovementTraverse,1161,18,18,,
1073,0,Husk,T3/14,MOVING,61.855,4.000,36.500,"GoalBlock{x=75,y=9,z=36}",20,1,MovementTraverse,1161,18,18,,
1074,0,Husk,T3/14,MOVING,62.132,4.000,36.500,"GoalBlock{x=75,y=9,z=36}",20,1,MovementTraverse,1161,18,18,,
1075,0,Husk,T3/14,MOVING,62.410,4.000,36.500,"GoalBlock{x=75,y=9,z=36}",20,2,MovementTraverse,1161,18,18,,
1076,0,Husk,T3/14,MOVING,62.690,4.000,36.500,"GoalBlock{x=75,y=9,z=36}",20,2,MovementTraverse,1161,18,18,,
1077,0,Husk,T3/14,MOVING,62.969,4.000,36.500,"GoalBlock{x=75,y=9,z=36}",20,2,MovementTraverse,1161,18,18,,
1078,0,Husk,T3/14,MOVING,63.250,4.000,36.500,"GoalBlock{x=75,y=9,z=36}",20,2,MovementTraverse,1161,18,18,,
1079,0,Husk,T3/14,MOVING,63.530,4.000,36.500,"GoalBlock{x=75,y=9,z=36}",20,3,MovementTraverse,1161,18,18,,
1080,0,Husk,T3/14,MOVING,63.811,4.000,36.500,"GoalBlock{x=75,y=9,z=36}",20,3,MovementTraverse,1161,18,18,,
1081,0,Husk,T3/14,MOVING,64.091,4.000,36.500,"GoalBlock{x=75,y=9,z=36}",20,3,MovementTraverse,1161,18,18,,
1082,0,Husk,T3/14,MOVING,64.372,4.000,36.500,"GoalBlock{x=75,y=9,z=36}",20,4,MovementTraverse,1161,18,18,,
1083,0,Husk,T3/14,MOVING,64.652,4.000,36.500,"GoalBlock{x=75,y=9,z=36}",20,4,MovementTraverse,1161,18,18,,
1084,0,Husk,T3/14,MOVING,64.933,4.000,36.500,"GoalBlock{x=75,y=9,z=36}",20,4,MovementTraverse,1161,18,18,,
1085,0,Husk,T3/14,MOVING,65.214,4.000,36.500,"GoalBlock{x=75,y=9,z=36}",20,4,MovementTraverse,1161,18,18,,
1086,0,Husk,T3/14,MOVING,65.494,4.000,36.500,"GoalBlock{x=75,y=9,z=36}",20,5,MovementTraverse,1161,18,18,,
1087,0,Husk,T3/14,MOVING,65.775,4.000,36.500,"GoalBlock{x=75,y=9,z=36}",20,5,MovementTraverse,1161,18,18,,
1088,0,Husk,T3/14,MOVING,66.055,4.000,36.500,"GoalBlock{x=75,y=9,z=36}",20,5,MovementTraverse,1161,18,18,,
1089,0,Husk,T3/14,MOVING,66.336,4.000,36.500,"GoalBlock{x=75,y=9,z=36}",20,6,MovementTraverse,1161,18,18,,
1090,0,Husk,T3/14,MOVING,66.617,4.000,36.500,"GoalBlock{x=75,y=9,z=36}",20,6,MovementTraverse,1161,18,18,,
1091,0,Husk,T3/14,MOVING,66.897,4.000,36.500,"GoalBlock{x=75,y=9,z=36}",20,6,MovementTraverse,1161,18,18,,
1092,0,Husk,T3/14,MOVING,67.178,4.000,36.500,"GoalBlock{x=75,y=9,z=36}",20,6,MovementTraverse,1161,18,18,,
1093,0,Husk,T3/14,MOVING,67.459,4.000,36.500,"GoalBlock{x=75,y=9,z=36}",20,7,MovementTraverse,1161,18,18,,
1094,0,Husk,T3/14,MOVING,67.739,4.000,36.500,"GoalBlock{x=75,y=9,z=36}",20,7,MovementTraverse,1161,18,18,,
1095,0,Husk,T3/14,MOVING,68.020,4.000,36.500,"GoalBlock{x=75,y=9,z=36}",20,7,MovementTraverse,1161,18,18,,
1096,0,Husk,T3/14,MOVING,68.271,4.420,36.500,"GoalBlock{x=75,y=9,z=36}",20,8,MovementAscend,1161,18,18,,
1097,0,Husk,T3/14,MOVING,68.428,4.753,36.500,"GoalBlock{x=75,y=9,z=36}",20,8,MovementAscend,1161,18,18,,
1098,0,Husk,T3/14,MOVING,68.590,5.001,36.500,"GoalBlock{x=75,y=9,z=36}",20,8,MovementAscend,1161,18,18,,
1099,0,Husk,T3/14,MOVING,68.757,5.166,36.500,"GoalBlock{x=75,y=9,z=36}",20,8,MovementAscend,1161,18,18,,
1100,0,Husk,T3/14,MOVING,68.929,5.249,36.500,"GoalBlock{x=75,y=9,z=36}",20,8,MovementAscend,1161,18,18,,
1101,0,Husk,T3/14,MOVING,69.105,5.252,36.500,"GoalBlock{x=75,y=9,z=36}",20,8,MovementAscend,1161,18,18,,
1102,0,Husk,T3/14,MOVING,69.255,5.177,36.500,"GoalBlock{x=75,y=9,z=36}",20,9,MovementPillar,1161,18,18,,
1103,0,Husk,T3/14,MOVING,69.397,5.027,36.500,"GoalBlock{x=75,y=9,z=36}",20,9,MovementPillar,1161,18,18,,
1104,0,Husk,T3/14,MOVING,69.512,4.877,36.500,"GoalBlock{x=75,y=9,z=36}",20,9,MovementPillar,1161,18,18,,
1105,0,Husk,T3/14,MOVING,69.512,4.994,36.500,"GoalBlock{x=75,y=9,z=36}",20,9,MovementPillar,1161,18,18,,
1106,0,Husk,T3/14,MOVING,69.512,5.112,36.500,"GoalBlock{x=75,y=9,z=36}",20,9,MovementPillar,1161,18,18,,
1107,0,Husk,T3/14,MOVING,69.512,5.230,36.500,"GoalBlock{x=75,y=9,z=36}",20,9,MovementPillar,1161,18,18,,
1108,0,Husk,T3/14,MOVING,69.512,5.347,36.500,"GoalBlock{x=75,y=9,z=36}",20,9,MovementPillar,1161,18,18,,
1109,0,Husk,T3/14,MOVING,69.512,5.465,36.500,"GoalBlock{x=75,y=9,z=36}",20,9,MovementPillar,1161,18,18,,
1110,0,Husk,T3/14,MOVING,69.512,5.582,36.500,"GoalBlock{x=75,y=9,z=36}",20,9,MovementPillar,1161,18,18,,
1111,0,Husk,T3/14,MOVING,69.512,5.700,36.500,"GoalBlock{x=75,y=9,z=36}",20,9,MovementPillar,1161,18,18,,
1112,0,Husk,T3/14,MOVING,69.512,5.818,36.500,"GoalBlock{x=75,y=9,z=36}",20,9,MovementPillar,1161,18,18,,
1113,0,Husk,T3/14,MOVING,69.512,5.935,36.500,"GoalBlock{x=75,y=9,z=36}",20,9,MovementPillar,1161,18,18,,
1114,0,Husk,T3/14,MOVING,69.512,6.053,36.500,"GoalBlock{x=75,y=9,z=36}",20,10,MovementPillar,1161,18,18,,
1115,0,Husk,T3/14,MOVING,69.512,6.170,36.500,"GoalBlock{x=75,y=9,z=36}",20,10,MovementPillar,1161,18,18,,
1116,0,Husk,T3/14,MOVING,69.512,6.288,36.500,"GoalBlock{x=75,y=9,z=36}",20,10,MovementPillar,1161,18,18,,
1117,0,Husk,T3/14,MOVING,69.512,6.406,36.500,"GoalBlock{x=75,y=9,z=36}",20,10,MovementPillar,1161,18,18,,
1118,0,Husk,T3/14,MOVING,69.512,6.523,36.500,"GoalBlock{x=75,y=9,z=36}",20,10,MovementPillar,1161,18,18,,
1119,0,Husk,T3/14,MOVING,69.512,6.641,36.500,"GoalBlock{x=75,y=9,z=36}",20,10,MovementPillar,1161,18,18,,
1120,0,Husk,T3/14,MOVING,69.512,6.758,36.500,"GoalBlock{x=75,y=9,z=36}",20,10,MovementPillar,1161,18,18,,
1121,0,Husk,T3/14,MOVING,69.512,6.876,36.500,"GoalBlock{x=75,y=9,z=36}",20,10,MovementPillar,1161,18,18,,
1122,0,Husk,T3/14,MOVING,69.512,6.994,36.500,"GoalBlock{x=75,y=9,z=36}",20,11,MovementPillar,1161,18,18,,
1123,0,Husk,T3/14,MOVING,69.512,7.111,36.500,"GoalBlock{x=75,y=9,z=36}",20,11,MovementPillar,1161,18,18,,
1124,0,Husk,T3/14,MOVING,69.512,7.229,36.500,"GoalBlock{x=75,y=9,z=36}",20,11,MovementPillar,1161,18,18,,
1125,0,Husk,T3/14,MOVING,69.512,7.346,36.500,"GoalBlock{x=75,y=9,z=36}",20,11,MovementPillar,1161,18,18,,
1126,0,Husk,T3/14,MOVING,69.512,7.464,36.500,"GoalBlock{x=75,y=9,z=36}",20,11,MovementPillar,1161,18,18,,
1127,0,Husk,T3/14,MOVING,69.512,7.582,36.500,"GoalBlock{x=75,y=9,z=36}",20,11,MovementPillar,1161,18,18,,
1128,0,Husk,T3/14,MOVING,69.512,7.699,36.500,"GoalBlock{x=75,y=9,z=36}",20,11,MovementPillar,1161,18,18,,
1129,0,Husk,T3/14,MOVING,69.512,7.817,36.500,"GoalBlock{x=75,y=9,z=36}",20,11,MovementPillar,1161,18,18,,
1130,0,Husk,T3/14,MOVING,69.512,7.934,36.500,"GoalBlock{x=75,y=9,z=36}",20,11,MovementPillar,1161,18,18,,
1131,0,Husk,T3/14,MOVING,69.512,8.052,36.500,"GoalBlock{x=75,y=9,z=36}",20,12,MovementPillar,1161,18,18,,
1132,0,Husk,T3/14,MOVING,69.512,8.170,36.500,"GoalBlock{x=75,y=9,z=36}",20,12,MovementPillar,1161,18,18,,
1133,0,Husk,T3/14,MOVING,69.512,8.287,36.500,"GoalBlock{x=75,y=9,z=36}",20,12,MovementPillar,1161,18,18,,
1134,0,Husk,T3/14,MOVING,69.512,8.405,36.500,"GoalBlock{x=75,y=9,z=36}",20,12,MovementPillar,1161,18,18,,
1135,0,Husk,T3/14,MOVING,69.512,8.522,36.500,"GoalBlock{x=75,y=9,z=36}",20,12,MovementPillar,1161,18,18,,
1136,0,Husk,T3/14,MOVING,69.512,8.640,36.500,"GoalBlock{x=75,y=9,z=36}",20,12,MovementPillar,1161,18,18,,
1137,0,Husk,T3/14,MOVING,69.512,8.758,36.500,"GoalBlock{x=75,y=9,z=36}",20,12,MovementPillar,1161,18,18,,
1138,0,Husk,T3/14,MOVING,69.512,8.875,36.500,"GoalBlock{x=75,y=9,z=36}",20,12,MovementPillar,1161,18,18,,
1139,0,Husk,T3/14,MOVING,69.512,8.993,36.500,"GoalBlock{x=75,y=9,z=36}",20,13,MovementTraverse,1161,18,18,,
1140,0,Husk,T3/14,MOVING,69.538,9.110,36.500,"GoalBlock{x=75,y=9,z=36}",20,13,MovementTraverse,1161,18,18,,
1141,0,Husk,T3/14,MOVING,69.587,9.147,36.500,"GoalBlock{x=75,y=9,z=36}",20,13,MovementTraverse,1161,18,18,,
1142,0,Husk,T3/14,MOVING,69.656,9.105,36.500,"GoalBlock{x=75,y=9,z=36}",20,13,MovementTraverse,1161,18,18,,
1143,0,Husk,T3/14,MOVING,69.745,9.000,36.500,"GoalBlock{x=75,y=9,z=36}",20,13,MovementTraverse,1161,18,18,,
1144,0,Husk,T3/14,MOVING,69.954,9.000,36.500,"GoalBlock{x=75,y=9,z=36}",20,13,MovementTraverse,1161,18,18,,
1145,0,Husk,T3/14,MOVING,70.195,9.000,36.500,"GoalBlock{x=75,y=9,z=36}",20,13,MovementTraverse,1161,18,18,,
1146,0,Husk,T3/14,MOVING,70.454,9.000,36.500,"GoalBlock{x=75,y=9,z=36}",20,14,MovementTraverse,1161,18,18,,
1147,0,Husk,T3/14,MOVING,70.723,9.000,36.500,"GoalBlock{x=75,y=9,z=36}",20,14,MovementTraverse,1161,18,18,,
1148,0,Husk,T3/14,MOVING,70.997,9.000,36.500,"GoalBlock{x=75,y=9,z=36}",20,14,MovementTraverse,1161,18,18,,
1149,0,Husk,T3/14,MOVING,71.274,9.000,36.500,"GoalBlock{x=75,y=9,z=36}",20,14,MovementTraverse,1161,18,18,,
1150,0,Husk,T3/14,MOVING,71.553,9.000,36.500,"GoalBlock{x=75,y=9,z=36}",20,15,MovementTraverse,1161,18,18,,
1151,0,Husk,T3/14,MOVING,71.832,9.000,36.500,"GoalBlock{x=75,y=9,z=36}",20,15,MovementTraverse,1161,18,18,,
1152,0,Husk,T3/14,MOVING,72.112,9.000,36.500,"GoalBlock{x=75,y=9,z=36}",20,15,MovementTraverse,1161,18,18,,
1153,0,Husk,T3/14,MOVING,72.393,9.000,36.500,"GoalBlock{x=75,y=9,z=36}",20,16,MovementTraverse,1161,18,18,,
1154,0,Husk,T3/14,MOVING,72.673,9.000,36.500,"GoalBlock{x=75,y=9,z=36}",20,16,MovementTraverse,1161,18,18,,
1155,0,Husk,T3/14,MOVING,72.954,9.000,36.500,"GoalBlock{x=75,y=9,z=36}",20,16,MovementTraverse,1161,18,18,,
1156,0,Husk,T3/14,MOVING,73.234,9.000,36.500,"GoalBlock{x=75,y=9,z=36}",20,16,MovementTraverse,1161,18,18,,
1157,0,Husk,T3/14,MOVING,73.515,9.000,36.500,"GoalBlock{x=75,y=9,z=36}",20,17,MovementTraverse,1161,18,18,,
1158,0,Husk,T3/14,MOVING,73.795,9.000,36.500,"GoalBlock{x=75,y=9,z=36}",20,17,MovementTraverse,1161,18,18,,
1159,0,Husk,T3/14,MOVING,74.076,9.000,36.500,"GoalBlock{x=75,y=9,z=36}",20,17,MovementTraverse,1161,18,18,,
1160,0,Husk,T3/14,MOVING,74.357,9.000,36.500,"GoalBlock{x=75,y=9,z=36}",20,18,MovementTraverse,1161,18,18,,
1161,0,Husk,T3/14,MOVING,74.637,9.000,36.500,"GoalBlock{x=75,y=9,z=36}",20,18,MovementTraverse,1161,18,18,,
1162,0,Husk,T3/14,MOVING,74.918,9.000,36.500,"GoalBlock{x=75,y=9,z=36}",20,18,MovementTraverse,1161,18,18,,
1163,0,Husk,T3/14,MOVING,75.199,9.000,36.500,"GoalBlock{x=75,y=9,z=36}",20,18,MovementTraverse,1161,18,18,,
1164,0,Husk,T3/14,ARRIVED,75.352,9.000,36.500,,-1,-1,,1161,18,18,,CANCELED
1165,0,Husk,T3/15,ARRIVED,60.500,9.000,48.500,,-1,-1,,1161,18,18,,CANCELED|CANCELED
1166,0,Husk,T3/15,ARRIVED,60.500,9.000,48.500,,-1,-1,,1161,18,18,,
1167,0,Husk,T3/15,ARRIVED,60.500,9.000,48.500,,-1,-1,,1161,18,18,,
1168,0,Husk,T3/15,ARRIVED,60.500,9.000,48.500,,-1,-1,,1161,18,18,,
1169,0,Husk,T3/15,ARRIVED,60.500,9.000,48.500,,-1,-1,,1161,18,18,,
1170,0,Husk,T3/15,ARRIVED,60.500,9.000,48.500,,-1,-1,,1161,18,18,,
1171,0,Husk,T3/15,ARRIVED,60.500,9.000,48.500,,-1,-1,,1161,18,18,,
1172,0,Husk,T3/15,ARRIVED,60.500,9.000,48.500,,-1,-1,,1161,18,18,,
1173,0,Husk,T3/15,ARRIVED,60.500,9.000,48.500,,-1,-1,,1161,18,18,,
1174,0,Husk,T3/15,ARRIVED,60.500,9.000,48.500,,-1,-1,,1161,18,18,,
1175,0,Husk,T3/15,SEARCHING,60.500,9.000,48.500,"GoalBlock{x=80,y=4,z=48}",-1,-1,,1161,19,19,,CALC_STARTED
1176,0,Husk,T3/15,MOVING,60.627,9.000,48.500,"GoalBlock{x=80,y=4,z=48}",26,0,MovementTraverse,728,19,19,,CALC_FINISHED_NOW_EXECUTING
1177,0,Husk,T3/15,MOVING,60.824,9.000,48.500,"GoalBlock{x=80,y=4,z=48}",26,0,MovementTraverse,728,19,19,,
1178,0,Husk,T3/15,MOVING,61.059,9.000,48.500,"GoalBlock{x=80,y=4,z=48}",26,0,MovementTraverse,728,19,19,,
1179,0,Husk,T3/15,MOVING,61.315,9.000,48.500,"GoalBlock{x=80,y=4,z=48}",26,1,MovementTraverse,728,19,19,,
1180,0,Husk,T3/15,MOVING,61.582,9.000,48.500,"GoalBlock{x=80,y=4,z=48}",26,1,MovementTraverse,728,19,19,,
1181,0,Husk,T3/15,MOVING,61.855,9.000,48.500,"GoalBlock{x=80,y=4,z=48}",26,1,MovementTraverse,728,19,19,,
1182,0,Husk,T3/15,MOVING,62.132,9.000,48.500,"GoalBlock{x=80,y=4,z=48}",26,1,MovementTraverse,728,19,19,,
1183,0,Husk,T3/15,MOVING,62.410,9.000,48.500,"GoalBlock{x=80,y=4,z=48}",26,2,MovementTraverse,728,19,19,,
1184,0,Husk,T3/15,MOVING,62.690,9.000,48.500,"GoalBlock{x=80,y=4,z=48}",26,2,MovementTraverse,728,19,19,,
1185,0,Husk,T3/15,MOVING,62.969,9.000,48.500,"GoalBlock{x=80,y=4,z=48}",26,2,MovementTraverse,728,19,19,,
1186,0,Husk,T3/15,MOVING,63.250,9.000,48.500,"GoalBlock{x=80,y=4,z=48}",26,2,MovementTraverse,728,19,19,,
1187,0,Husk,T3/15,MOVING,63.530,9.000,48.500,"GoalBlock{x=80,y=4,z=48}",26,3,MovementTraverse,728,19,19,,
1188,0,Husk,T3/15,MOVING,63.811,9.000,48.500,"GoalBlock{x=80,y=4,z=48}",26,3,MovementTraverse,728,19,19,,
1189,0,Husk,T3/15,MOVING,64.091,9.000,48.500,"GoalBlock{x=80,y=4,z=48}",26,3,MovementTraverse,728,19,19,,
1190,0,Husk,T3/15,MOVING,64.372,9.000,48.500,"GoalBlock{x=80,y=4,z=48}",26,4,MovementTraverse,728,19,19,,
1191,0,Husk,T3/15,MOVING,64.652,9.000,48.500,"GoalBlock{x=80,y=4,z=48}",26,4,MovementTraverse,728,19,19,,
1192,0,Husk,T3/15,MOVING,64.933,9.000,48.500,"GoalBlock{x=80,y=4,z=48}",26,4,MovementTraverse,728,19,19,,
1193,0,Husk,T3/15,MOVING,65.214,9.000,48.500,"GoalBlock{x=80,y=4,z=48}",26,4,MovementTraverse,728,19,19,,
1194,0,Husk,T3/15,MOVING,65.494,9.000,48.500,"GoalBlock{x=80,y=4,z=48}",26,5,MovementTraverse,728,19,19,,
1195,0,Husk,T3/15,MOVING,65.775,9.000,48.500,"GoalBlock{x=80,y=4,z=48}",26,5,MovementTraverse,728,19,19,,
1196,0,Husk,T3/15,MOVING,66.055,9.000,48.500,"GoalBlock{x=80,y=4,z=48}",26,5,MovementTraverse,728,19,19,,
1197,0,Husk,T3/15,MOVING,66.336,9.000,48.500,"GoalBlock{x=80,y=4,z=48}",26,6,MovementTraverse,728,19,19,,
1198,0,Husk,T3/15,MOVING,66.617,9.000,48.500,"GoalBlock{x=80,y=4,z=48}",26,6,MovementTraverse,728,19,19,,
1199,0,Husk,T3/15,MOVING,66.897,9.000,48.500,"GoalBlock{x=80,y=4,z=48}",26,6,MovementTraverse,728,19,19,,
1200,0,Husk,T3/15,MOVING,67.178,9.000,48.500,"GoalBlock{x=80,y=4,z=48}",26,6,MovementTraverse,728,19,19,,
1201,0,Husk,T3/15,MOVING,67.459,9.000,48.500,"GoalBlock{x=80,y=4,z=48}",26,7,MovementTraverse,728,19,19,,
1202,0,Husk,T3/15,MOVING,67.739,9.000,48.500,"GoalBlock{x=80,y=4,z=48}",26,7,MovementTraverse,728,19,19,,
1203,0,Husk,T3/15,MOVING,68.020,9.000,48.500,"GoalBlock{x=80,y=4,z=48}",26,7,MovementTraverse,728,19,19,,
1204,0,Husk,T3/15,MOVING,68.300,9.000,48.500,"GoalBlock{x=80,y=4,z=48}",26,8,MovementTraverse,728,19,19,,
1205,0,Husk,T3/15,MOVING,68.581,9.000,48.500,"GoalBlock{x=80,y=4,z=48}",26,8,MovementTraverse,728,19,19,,
1206,0,Husk,T3/15,MOVING,68.862,9.000,48.500,"GoalBlock{x=80,y=4,z=48}",26,8,MovementTraverse,728,19,19,,
1207,0,Husk,T3/15,MOVING,69.142,9.000,48.500,"GoalBlock{x=80,y=4,z=48}",26,8,MovementTraverse,728,19,19,,
1208,0,Husk,T3/15,MOVING,69.393,9.000,48.500,"GoalBlock{x=80,y=4,z=48}",26,9,MovementDownward,728,19,19,,
1209,0,Husk,T3/15,MOVING,69.531,9.000,48.500,"GoalBlock{x=80,y=4,z=48}",26,9,MovementDownward,728,19,19,,
1210,0,Husk,T3/15,MOVING,69.606,8.922,48.500,"GoalBlock{x=80,y=4,z=48}",26,9,MovementDownward,728,19,19,,
1211,0,Husk,T3/15,MOVING,69.646,8.772,48.500,"GoalBlock{x=80,y=4,z=48}",26,9,MovementDownward,728,19,19,,
1212,0,Husk,T3/15,MOVING,69.684,8.622,48.500,"GoalBlock{x=80,y=4,z=48}",26,10,MovementDownward,728,19,19,,
1213,0,Husk,T3/15,MOVING,69.717,8.472,48.500,"GoalBlock{x=80,y=4,z=48}",26,10,MovementDownward,728,19,19,,
1214,0,Husk,T3/15,MOVING,69.765,8.322,48.490,"GoalBlock{x=80,y=4,z=48}",26,10,MovementDownward,728,19,19,,
1215,0,Husk,T3/15,MOVING,69.819,8.172,48.464,"GoalBlock{x=80,y=4,z=48}",26,10,MovementDownward,728,19,19,,
1216,0,Husk,T3/15,MOVING,69.867,8.022,48.421,"GoalBlock{x=80,y=4,z=48}",26,10,MovementDownward,728,19,19,,
1217,0,Husk,T3/15,MOVING,69.901,7.872,48.365,"GoalBlock{x=80,y=4,z=48}",26,10,MovementDownward,728,19,19,,
1218,0,Husk,T3/15,MOVING,69.916,7.722,48.304,"GoalBlock{x=80,y=4,z=48}",26,11,MovementDownward,728,19,19,,
1219,0,Husk,T3/15,MOVING,69.909,7.572,48.248,"GoalBlock{x=80,y=4,z=48}",26,11,MovementDownward,728,19,19,,
1220,0,Husk,T3/15,MOVING,69.886,7.422,48.208,"GoalBlock{x=80,y=4,z=48}",26,11,MovementDownward,728,19,19,,
1221,0,Husk,T3/15,MOVING,69.849,7.272,48.182,"GoalBlock{x=80,y=4,z=48}",26,11,MovementDownward,728,19,19,,
1222,0,Husk,T3/15,MOVING,69.802,7.122,48.173,"GoalBlock{x=80,y=4,z=48}",26,11,MovementDownward,728,19,19,,
1223,0,Husk,T3/15,MOVING,69.745,6.972,48.178,"GoalBlock{x=80,y=4,z=48}",26,11,MovementDownward,728,19,19,,
1224,0,Husk,T3/15,MOVING,69.681,6.822,48.199,"GoalBlock{x=80,y=4,z=48}",26,11,MovementDownward,728,19,19,,
1225,0,Husk,T3/15,MOVING,69.614,6.672,48.234,"GoalBlock{x=80,y=4,z=48}",26,12,MovementDownward,728,19,19,,
1226,0,Husk,T3/15,MOVING,69.544,6.522,48.285,"GoalBlock{x=80,y=4,z=48}",26,12,MovementDownward,728,19,19,,
1227,0,Husk,T3/15,MOVING,69.488,6.372,48.350,"GoalBlock{x=80,y=4,z=48}",26,12,MovementDownward,728,19,19,,
1228,0,Husk,T3/15,MOVING,69.488,6.489,48.409,"GoalBlock{x=80,y=4,z=48}",26,12,MovementDownward,728,19,19,,
1229,0,Husk,T3/15,MOVING,69.488,6.526,48.463,"GoalBlock{x=80,y=4,z=48}",26,12,MovementDownward,728,19,19,,
1230,0,Husk,T3/15,MOVING,69.488,6.484,48.512,"GoalBlock{x=80,y=4,z=48}",26,12,MovementDownward,728,19,19,,
1231,0,Husk,T3/15,MOVING,69.488,6.364,48.557,"GoalBlock{x=80,y=4,z=48}",26,12,MovementDownward,728,19,19,,
1232,0,Husk,T3/15,MOVING,69.488,6.214,48.597,"GoalBlock{x=80,y=4,z=48}",26,12,MovementDownward,728,19,19,,
1233,0,Husk,T3/15,MOVING,69.488,6.064,48.634,"GoalBlock{x=80,y=4,z=48}",26,12,MovementDownward,728,19,19,,
1234,0,Husk,T3/15,MOVING,69.488,5.914,48.668,"GoalBlock{x=80,y=4,z=48}",26,12,MovementDownward,728,19,19,,
1235,0,Husk,T3/15,MOVING,69.488,5.764,48.713,"GoalBlock{x=80,y=4,z=48}",26,12,MovementDownward,728,19,19,,
1236,0,Husk,T3/15,MOVING,69.488,5.882,48.760,"GoalBlock{x=80,y=4,z=48}",26,13,MovementDownward,728,19,19,,
1237,0,Husk,T3/15,MOVING,69.488,5.999,48.799,"GoalBlock{x=80,y=4,z=48}",26,12,MovementDownward,728,19,19,,
1238,0,Husk,T3/15,MOVING,69.488,6.117,48.822,"GoalBlock{x=80,y=4,z=48}",26,12,MovementDownward,728,19,19,,
1239,0,Husk,T3/15,MOVING,69.488,6.234,48.824,"GoalBlock{x=80,y=4,z=48}",26,12,MovementDownward,728,19,19,,
1240,0,Husk,T3/15,MOVING,69.488,6.352,48.805,"GoalBlock{x=80,y=4,z=48}",26,12,MovementDownward,728,19,19,,
1241,0,Husk,T3/15,MOVING,69.489,6.389,48.767,"GoalBlock{x=80,y=4,z=48}",26,12,MovementDownward,728,19,19,,
1242,0,Husk,T3/15,MOVING,69.490,6.346,48.714,"GoalBlock{x=80,y=4,z=48}",26,12,MovementDownward,728,19,19,,
1243,0,Husk,T3/15,MOVING,69.491,6.227,48.645,"GoalBlock{x=80,y=4,z=48}",26,12,MovementDownward,728,19,19,,
1244,0,Husk,T3/15,MOVING,69.491,6.077,48.583,"GoalBlock{x=80,y=4,z=48}",26,12,MovementDownward,728,19,19,,
1245,0,Husk,T3/15,MOVING,69.491,5.927,48.526,"GoalBlock{x=80,y=4,z=48}",26,12,MovementDownward,728,19,19,,
1246,0,Husk,T3/15,MOVING,69.491,5.777,48.475,"GoalBlock{x=80,y=4,z=48}",26,12,MovementDownward,728,19,19,,
1247,0,Husk,T3/15,MOVING,69.491,5.627,48.428,"GoalBlock{x=80,y=4,z=48}",26,13,MovementDownward,728,19,19,,
1248,0,Husk,T3/15,MOVING,69.491,5.477,48.385,"GoalBlock{x=80,y=4,z=48}",26,13,MovementDownward,728,19,19,,
1249,0,Husk,T3/15,MOVING,69.491,5.327,48.346,"GoalBlock{x=80,y=4,z=48}",26,13,MovementDownward,728,19,19,,
1250,0,Husk,T3/15,MOVING,69.491,5.177,48.311,"GoalBlock{x=80,y=4,z=48}",26,13,MovementDownward,728,19,19,,
1251,0,Husk,T3/15,MOVING,69.491,5.027,48.279,"GoalBlock{x=80,y=4,z=48}",26,13,MovementDownward,728,19,19,,
1252,0,Husk,T3/15,MOVING,69.501,4.877,48.233,"GoalBlock{x=80,y=4,z=48}",26,13,MovementDownward,728,19,19,,
1253,0,Husk,T3/15,MOVING,69.528,4.727,48.183,"GoalBlock{x=80,y=4,z=48}",26,13,MovementDownward,728,19,19,,
1254,0,Husk,T3/15,MOVING,69.553,4.577,48.137,"GoalBlock{x=80,y=4,z=48}",26,14,MovementTraverse,728,19,19,,
1255,0,Husk,T3/15,MOVING,69.575,4.427,48.095,"GoalBlock{x=80,y=4,z=48}",26,14,MovementTraverse,728,19,19,,
1256,0,Husk,T3/15,MOVING,69.596,4.277,48.056,"GoalBlock{x=80,y=4,z=48}",26,14,MovementTraverse,728,19,19,,
1257,0,Husk,T3/15,MOVING,69.614,4.127,48.022,"GoalBlock{x=80,y=4,z=48}",26,14,MovementTraverse,728,19,19,,
1258,0,Husk,T3/15,MOVING,69.631,4.000,47.990,"GoalBlock{x=80,y=4,z=48}",26,14,MovementTraverse,728,19,19,,
1259,0,Husk,T3/15,MOVING,69.757,4.000,48.026,"GoalBlock{x=80,y=4,z=48}",26,14,MovementTraverse,728,19,19,,
1260,0,Husk,T3/15,MOVING,69.907,4.000,48.114,"GoalBlock{x=80,y=4,z=48}",26,14,MovementTraverse,728,19,19,,
1261,0,Husk,T3/15,MOVING,70.057,4.000,48.231,"GoalBlock{x=80,y=4,z=48}",26,14,MovementTraverse,728,19,19,,
1262,0,Husk,T3/15,MOVING,70.264,4.000,48.319,"GoalBlock{x=80,y=4,z=48}",26,15,MovementTraverse,728,19,19,,
1263,0,Husk,T3/15,MOVING,70.503,4.000,48.385,"GoalBlock{x=80,y=4,z=48}",26,15,MovementTraverse,728,19,19,,
1264,0,Husk,T3/15,MOVING,70.760,4.000,48.436,"GoalBlock{x=80,y=4,z=48}",26,15,MovementTraverse,728,19,19,,
1265,0,Husk,T3/15,MOVING,71.027,4.000,48.475,"GoalBlock{x=80,y=4,z=48}",26,15,MovementTraverse,728,19,19,,
1266,0,Husk,T3/15,MOVING,71.301,4.000,48.498,"GoalBlock{x=80,y=4,z=48}",26,16,MovementTraverse,728,19,19,,
1267,0,Husk,T3/15,MOVING,71.577,4.000,48.511,"GoalBlock{x=80,y=4,z=48}",26,16,MovementTraverse,728,19,19,,
1268,0,Husk,T3/15,MOVING,71.856,4.000,48.516,"GoalBlock{x=80,y=4,z=48}",26,16,MovementTraverse,728,19,19,,
1269,0,Husk,T3/15,MOVING,72.135,4.000,48.516,"GoalBlock{x=80,y=4,z=48}",26,16,MovementTraverse,728,19,19,,
1270,0,Husk,T3/15,MOVING,72.415,4.000,48.515,"GoalBlock{x=80,y=4,z=48}",26,17,MovementTraverse,728,19,19,,
1271,0,Husk,T3/15,MOVING,72.695,4.000,48.513,"GoalBlock{x=80,y=4,z=48}",26,17,MovementTraverse,728,19,19,,
1272,0,Husk,T3/15,MOVING,72.976,4.000,48.511,"GoalBlock{x=80,y=4,z=48}",26,17,MovementTraverse,728,19,19,,
1273,0,Husk,T3/15,MOVING,73.256,4.000,48.508,"GoalBlock{x=80,y=4,z=48}",26,17,MovementTraverse,728,19,19,,
1274,0,Husk,T3/15,MOVING,73.537,4.000,48.507,"GoalBlock{x=80,y=4,z=48}",26,18,MovementTraverse,728,19,19,,
1275,0,Husk,T3/15,MOVING,73.817,4.000,48.506,"GoalBlock{x=80,y=4,z=48}",26,18,MovementTraverse,728,19,19,,
1276,0,Husk,T3/15,MOVING,74.098,4.000,48.505,"GoalBlock{x=80,y=4,z=48}",26,18,MovementTraverse,728,19,19,,
1277,0,Husk,T3/15,MOVING,74.378,4.000,48.505,"GoalBlock{x=80,y=4,z=48}",26,19,MovementTraverse,728,19,19,,
1278,0,Husk,T3/15,MOVING,74.659,4.000,48.504,"GoalBlock{x=80,y=4,z=48}",26,19,MovementTraverse,728,19,19,,
1279,0,Husk,T3/15,MOVING,74.940,4.000,48.504,"GoalBlock{x=80,y=4,z=48}",26,19,MovementTraverse,728,19,19,,
1280,0,Husk,T3/15,MOVING,75.220,4.000,48.503,"GoalBlock{x=80,y=4,z=48}",26,19,MovementTraverse,728,19,19,,
1281,0,Husk,T3/15,MOVING,75.501,4.000,48.503,"GoalBlock{x=80,y=4,z=48}",26,20,MovementTraverse,728,19,19,,
1282,0,Husk,T3/15,MOVING,75.781,4.000,48.502,"GoalBlock{x=80,y=4,z=48}",26,20,MovementTraverse,728,19,19,,
1283,0,Husk,T3/15,MOVING,76.062,4.000,48.502,"GoalBlock{x=80,y=4,z=48}",26,20,MovementTraverse,728,19,19,,
1284,0,Husk,T3/15,MOVING,76.343,4.000,48.502,"GoalBlock{x=80,y=4,z=48}",26,21,MovementTraverse,728,19,19,,
1285,0,Husk,T3/15,MOVING,76.623,4.000,48.502,"GoalBlock{x=80,y=4,z=48}",26,21,MovementTraverse,728,19,19,,
1286,0,Husk,T3/15,MOVING,76.904,4.000,48.501,"GoalBlock{x=80,y=4,z=48}",26,21,MovementTraverse,728,19,19,,
1287,0,Husk,T3/15,MOVING,77.185,4.000,48.501,"GoalBlock{x=80,y=4,z=48}",26,21,MovementTraverse,728,19,19,,
1288,0,Husk,T3/15,MOVING,77.465,4.000,48.501,"GoalBlock{x=80,y=4,z=48}",26,22,MovementTraverse,728,19,19,,
1289,0,Husk,T3/15,MOVING,77.746,4.000,48.501,"GoalBlock{x=80,y=4,z=48}",26,22,MovementTraverse,728,19,19,,
1290,0,Husk,T3/15,MOVING,78.026,4.000,48.501,"GoalBlock{x=80,y=4,z=48}",26,22,MovementTraverse,728,19,19,,
1291,0,Husk,T3/15,MOVING,78.307,4.000,48.501,"GoalBlock{x=80,y=4,z=48}",26,23,MovementTraverse,728,19,19,,
1292,0,Husk,T3/15,MOVING,78.588,4.000,48.501,"GoalBlock{x=80,y=4,z=48}",26,23,MovementTraverse,728,19,19,,
1293,0,Husk,T3/15,MOVING,78.868,4.000,48.501,"GoalBlock{x=80,y=4,z=48}",26,23,MovementTraverse,728,19,19,,
1294,0,Husk,T3/15,MOVING,79.149,4.000,48.500,"GoalBlock{x=80,y=4,z=48}",26,23,MovementTraverse,728,19,19,,
1295,0,Husk,T3/15,MOVING,79.429,4.000,48.500,"GoalBlock{x=80,y=4,z=48}",26,24,MovementTraverse,728,19,19,,
1296,0,Husk,T3/15,MOVING,79.710,4.000,48.500,"GoalBlock{x=80,y=4,z=48}",26,24,MovementTraverse,728,19,19,,
1297,0,Husk,T3/15,MOVING,79.991,4.000,48.500,"GoalBlock{x=80,y=4,z=48}",26,24,MovementTraverse,728,19,19,,
1298,0,Husk,T3/15,MOVING,80.271,4.000,48.500,"GoalBlock{x=80,y=4,z=48}",26,24,MovementTraverse,728,19,19,,
1299,0,Husk,T3/15,ARRIVED,80.425,4.000,48.500,,-1,-1,,728,19,19,,CANCELED
1300,0,Husk,T3/16,ARRIVED,60.500,4.000,60.500,,-1,-1,,728,19,19,,CANCELED|CANCELED
1301,0,Husk,T3/16,ARRIVED,60.500,4.000,60.500,,-1,-1,,728,19,19,,
1302,0,Husk,T3/16,ARRIVED,60.500,4.000,60.500,,-1,-1,,728,19,19,,
1303,0,Husk,T3/16,ARRIVED,60.500,4.000,60.500,,-1,-1,,728,19,19,,
1304,0,Husk,T3/16,ARRIVED,60.500,4.000,60.500,,-1,-1,,728,19,19,,
1305,0,Husk,T3/16,ARRIVED,60.500,4.000,60.500,,-1,-1,,728,19,19,,
1306,0,Husk,T3/16,ARRIVED,60.500,4.000,60.500,,-1,-1,,728,19,19,,
1307,0,Husk,T3/16,ARRIVED,60.500,4.000,60.500,,-1,-1,,728,19,19,,
1308,0,Husk,T3/16,ARRIVED,60.500,4.000,60.500,,-1,-1,,728,19,19,,
1309,0,Husk,T3/16,ARRIVED,60.500,4.000,60.500,,-1,-1,,728,19,19,,
1310,0,Husk,T3/16,SEARCHING,60.500,4.000,60.500,"GoalBlock{x=80,y=4,z=60}",-1,-1,,728,20,20,,CALC_STARTED
1311,0,Husk,T3/16,MOVING,60.627,4.000,60.500,"GoalBlock{x=80,y=4,z=60}",21,0,MovementTraverse,1341,20,20,,CALC_FINISHED_NOW_EXECUTING
1312,0,Husk,T3/16,MOVING,60.824,4.000,60.500,"GoalBlock{x=80,y=4,z=60}",21,0,MovementTraverse,1341,20,20,,
1313,0,Husk,T3/16,MOVING,61.059,4.000,60.500,"GoalBlock{x=80,y=4,z=60}",21,0,MovementTraverse,1341,20,20,,
1314,0,Husk,T3/16,MOVING,61.315,4.000,60.500,"GoalBlock{x=80,y=4,z=60}",21,1,MovementTraverse,1341,20,20,,
1315,0,Husk,T3/16,MOVING,61.582,4.000,60.500,"GoalBlock{x=80,y=4,z=60}",21,1,MovementTraverse,1341,20,20,,
1316,0,Husk,T3/16,MOVING,61.855,4.000,60.500,"GoalBlock{x=80,y=4,z=60}",21,1,MovementTraverse,1341,20,20,,
1317,0,Husk,T3/16,MOVING,62.132,4.000,60.500,"GoalBlock{x=80,y=4,z=60}",21,1,MovementTraverse,1341,20,20,,
1318,0,Husk,T3/16,MOVING,62.410,4.000,60.500,"GoalBlock{x=80,y=4,z=60}",21,2,MovementTraverse,1341,20,20,,
1319,0,Husk,T3/16,MOVING,62.690,4.000,60.500,"GoalBlock{x=80,y=4,z=60}",21,2,MovementTraverse,1341,20,20,,
1320,0,Husk,T3/16,MOVING,62.969,4.000,60.500,"GoalBlock{x=80,y=4,z=60}",21,2,MovementTraverse,1341,20,20,,
1321,0,Husk,T3/16,MOVING,63.250,4.000,60.500,"GoalBlock{x=80,y=4,z=60}",21,2,MovementTraverse,1341,20,20,,
1322,0,Husk,T3/16,MOVING,63.530,4.000,60.500,"GoalBlock{x=80,y=4,z=60}",21,3,MovementTraverse,1341,20,20,,
1323,0,Husk,T3/16,MOVING,63.811,4.000,60.500,"GoalBlock{x=80,y=4,z=60}",21,3,MovementTraverse,1341,20,20,,
1324,0,Husk,T3/16,MOVING,64.091,4.000,60.500,"GoalBlock{x=80,y=4,z=60}",21,3,MovementTraverse,1341,20,20,,
1325,0,Husk,T3/16,MOVING,64.372,4.000,60.500,"GoalBlock{x=80,y=4,z=60}",21,4,MovementTraverse,1341,20,20,,
1326,0,Husk,T3/16,MOVING,64.652,4.000,60.500,"GoalBlock{x=80,y=4,z=60}",21,4,MovementTraverse,1341,20,20,,
1327,0,Husk,T3/16,MOVING,64.933,4.000,60.500,"GoalBlock{x=80,y=4,z=60}",21,4,MovementTraverse,1341,20,20,,
1328,0,Husk,T3/16,MOVING,65.214,4.000,60.500,"GoalBlock{x=80,y=4,z=60}",21,4,MovementTraverse,1341,20,20,,
1329,0,Husk,T3/16,MOVING,65.494,4.000,60.500,"GoalBlock{x=80,y=4,z=60}",21,5,MovementTraverse,1341,20,20,,
1330,0,Husk,T3/16,MOVING,65.775,4.000,60.500,"GoalBlock{x=80,y=4,z=60}",21,5,MovementTraverse,1341,20,20,,
1331,0,Husk,T3/16,MOVING,66.055,4.000,60.500,"GoalBlock{x=80,y=4,z=60}",21,5,MovementTraverse,1341,20,20,,
1332,0,Husk,T3/16,MOVING,66.336,4.000,60.500,"GoalBlock{x=80,y=4,z=60}",21,6,MovementTraverse,1341,20,20,,
1333,0,Husk,T3/16,MOVING,66.617,4.000,60.500,"GoalBlock{x=80,y=4,z=60}",21,6,MovementTraverse,1341,20,20,,
1334,0,Husk,T3/16,MOVING,66.897,4.000,60.500,"GoalBlock{x=80,y=4,z=60}",21,6,MovementTraverse,1341,20,20,,
1335,0,Husk,T3/16,MOVING,67.178,4.000,60.500,"GoalBlock{x=80,y=4,z=60}",21,6,MovementTraverse,1341,20,20,,
1336,0,Husk,T3/16,MOVING,67.429,4.000,60.500,"GoalBlock{x=80,y=4,z=60}",21,7,MovementDescend,1341,20,20,,
1337,0,Husk,T3/16,MOVING,67.664,4.000,60.500,"GoalBlock{x=80,y=4,z=60}",21,7,MovementDescend,1341,20,20,,
1338,0,Husk,T3/16,MOVING,67.891,4.000,60.500,"GoalBlock{x=80,y=4,z=60}",21,7,MovementDescend,1341,20,20,,
1339,0,Husk,T3/16,MOVING,68.112,4.000,60.500,"GoalBlock{x=80,y=4,z=60}",21,7,MovementDescend,1341,20,20,,
1340,0,Husk,T3/16,MOVING,68.331,4.000,60.500,"GoalBlock{x=80,y=4,z=60}",21,7,MovementDescend,1341,20,20,,
1341,0,Husk,T3/16,MOVING,68.536,3.922,60.451,"GoalBlock{x=80,y=4,z=60}",21,7,MovementDescend,1341,20,20,,
1342,0,Husk,T3/16,MOVING,68.657,3.766,60.407,"GoalBlock{x=80,y=4,z=60}",21,7,MovementDescend,1341,20,20,,
1343,0,Husk,T3/16,MOVING,68.790,3.536,60.355,"GoalBlock{x=80,y=4,z=60}",21,8,MovementTraverse,1341,20,20,,
1344,0,Husk,T3/16,MOVING,68.930,3.272,60.307,"GoalBlock{x=80,y=4,z=60}",21,8,MovementTraverse,1341,20,20,,
1345,0,Husk,T3/16,MOVING,69.061,3.080,60.275,"GoalBlock{x=80,y=4,z=60}",21,8,MovementTraverse,1341,20,20,,
1346,0,Husk,T3/16,MOVING,69.185,3.000,60.252,"GoalBlock{x=80,y=4,z=60}",21,9,MovementTraverse,1341,20,20,,
1347,0,Husk,T3/16,MOVING,69.303,3.020,60.238,"GoalBlock{x=80,y=4,z=60}",21,9,MovementTraverse,1341,20,20,,
1348,0,Husk,T3/16,MOVING,69.417,3.056,60.231,"GoalBlock{x=80,y=4,z=60}",21,9,MovementTraverse,1341,20,20,,
1349,0,Husk,T3/16,MOVING,69.527,3.105,60.230,"GoalBlock{x=80,y=4,z=60}",21,9,MovementTraverse,1341,20,20,,
1350,0,Husk,T3/16,MOVING,69.634,3.164,60.235,"GoalBlock{x=80,y=4,z=60}",21,9,MovementTraverse,1341,20,20,,
1351,0,Husk,T3/16,MOVING,69.739,3.231,60.245,"GoalBlock{x=80,y=4,z=60}",21,9,MovementTraverse,1341,20,20,,
1352,0,Husk,T3/16,MOVING,69.841,3.305,60.259,"GoalBlock{x=80,y=4,z=60}",21,9,MovementTraverse,1341,20,20,,
1353,0,Husk,T3/16,MOVING,69.941,3.384,60.277,"GoalBlock{x=80,y=4,z=60}",21,9,MovementTraverse,1341,20,20,,
1354,0,Husk,T3/16,MOVING,70.039,3.467,60.299,"GoalBlock{x=80,y=4,z=60}",21,9,MovementTraverse,1341,20,20,,
1355,0,Husk,T3/16,MOVING,70.137,3.554,60.319,"GoalBlock{x=80,y=4,z=60}",21,10,MovementTraverse,1341,20,20,,
1356,0,Husk,T3/16,MOVING,70.235,3.643,60.337,"GoalBlock{x=80,y=4,z=60}",21,10,MovementTraverse,1341,20,20,,
1357,0,Husk,T3/16,MOVING,70.338,3.694,60.356,"GoalBlock{x=80,y=4,z=60}",21,10,MovementTraverse,1341,20,20,,
1358,0,Husk,T3/16,MOVING,70.458,3.666,60.375,"GoalBlock{x=80,y=4,z=60}",21,10,MovementTraverse,1341,20,20,,
1359,0,Husk,T3/16,MOVING,70.592,3.560,60.396,"GoalBlock{x=80,y=4,z=60}",21,10,MovementTraverse,1341,20,20,,
1360,0,Husk,T3/16,MOVING,70.733,3.418,60.417,"GoalBlock{x=80,y=4,z=60}",21,10,MovementTraverse,1341,20,20,,
1361,0,Husk,T3/16,MOVING,70.866,3.325,60.436,"GoalBlock{x=80,y=4,z=60}",21,10,MovementTraverse,1341,20,20,,
1362,0,Husk,T3/16,MOVING,70.992,3.270,60.454,"GoalBlock{x=80,y=4,z=60}",21,10,MovementTraverse,1341,20,20,,
1363,0,Husk,T3/16,MOVING,71.112,3.246,60.469,"GoalBlock{x=80,y=4,z=60}",21,10,MovementTraverse,1341,20,20,,
1364,0,Husk,T3/16,MOVING,71.227,3.247,60.482,"GoalBlock{x=80,y=4,z=60}",21,11,MovementTraverse,1341,20,20,,
1365,0,Husk,T3/16,MOVING,71.339,3.267,60.493,"GoalBlock{x=80,y=4,z=60}",21,11,MovementTraverse,1341,20,20,,
1366,0,Husk,T3/16,MOVING,71.449,3.304,60.501,"GoalBlock{x=80,y=4,z=60}",21,11,MovementTraverse,1341,20,20,,
1367,0,Husk,T3/16,MOVING,71.556,3.353,60.508,"GoalBlock{x=80,y=4,z=60}",21,11,MovementTraverse,1341,20,20,,
1368,0,Husk,T3/16,MOVING,71.661,3.412,60.513,"GoalBlock{x=80,y=4,z=60}",21,11,MovementTraverse,1341,20,20,,
1369,0,Husk,T3/16,MOVING,71.765,3.480,60.517,"GoalBlock{x=80,y=4,z=60}",21,11,MovementTraverse,1341,20,20,,
1370,0,Husk,T3/16,MOVING,71.867,3.554,60.520,"GoalBlock{x=80,y=4,z=60}",21,11,MovementTraverse,1341,20,20,,
1371,0,Husk,T3/16,MOVING,71.969,3.633,60.519,"GoalBlock{x=80,y=4,z=60}",21,11,MovementTraverse,1341,20,20,,
1372,0,Husk,T3/16,MOVING,72.076,3.676,60.519,"GoalBlock{x=80,y=4,z=60}",21,11,MovementTraverse,1341,20,20,,
1373,0,Husk,T3/16,MOVING,72.192,3.640,60.518,"GoalBlock{x=80,y=4,z=60}",21,12,MovementAscend,1341,20,20,,
1374,0,Husk,T3/16,MOVING,72.318,3.527,60.518,"GoalBlock{x=80,y=4,z=60}",21,12,MovementAscend,1341,20,20,,
1375,0,Husk,T3/16,MOVING,72.452,3.377,60.518,"GoalBlock{x=80,y=4,z=60}",21,12,MovementAscend,1341,20,20,,
1376,0,Husk,T3/16,MOVING,72.579,3.277,60.517,"GoalBlock{x=80,y=4,z=60}",21,12,MovementAscend,1341,20,20,,
1377,0,Husk,T3/16,MOVING,72.700,3.218,60.517,"GoalBlock{x=80,y=4,z=60}",21,12,MovementAscend,1341,20,20,,
1378,0,Husk,T3/16,MOVING,72.700,3.190,60.517,"GoalBlock{x=80,y=4,z=60}",21,12,MovementAscend,1341,20,20,,
1379,0,Husk,T3/16,MOVING,72.700,3.187,60.516,"GoalBlock{x=80,y=4,z=60}",21,12,MovementAscend,1341,20,20,,
1380,0,Husk,T3/16,MOVING,72.700,3.206,60.516,"GoalBlock{x=80,y=4,z=60}",21,12,MovementAscend,1341,20,20,,
1381,0,Husk,T3/16,MOVING,72.700,3.240,60.515,"GoalBlock{x=80,y=4,z=60}",21,12,MovementAscend,1341,20,20,,
1382,0,Husk,T3/16,MOVING,72.700,3.288,60.515,"GoalBlock{x=80,y=4,z=60}",21,12,MovementAscend,1341,20,20,,
1383,0,Husk,T3/16,MOVING,72.700,3.346,60.515,"GoalBlock{x=80,y=4,z=60}",21,12,MovementAscend,1341,20,20,,
1384,0,Husk,T3/16,MOVING,72.700,3.412,60.514,"GoalBlock{x=80,y=4,z=60}",21,12,MovementAscend,1341,20,20,,
1385,0,Husk,T3/16,MOVING,72.700,3.486,60.514,"GoalBlock{x=80,y=4,z=60}",21,12,MovementAscend,1341,20,20,,
1386,0,Husk,T3/16,MOVING,72.700,3.826,60.514,"GoalBlock{x=80,y=4,z=60}",21,12,MovementAscend,1341,20,20,,
1387,0,Husk,T3/16,MOVING,72.720,4.126,60.513,"GoalBlock{x=80,y=4,z=60}",21,12,MovementAscend,1341,20,20,,
1388,0,Husk,T3/16,MOVING,72.757,4.341,60.513,"GoalBlock{x=80,y=4,z=60}",21,12,MovementAscend,1341,20,20,,
1389,0,Husk,T3/16,MOVING,72.811,4.474,60.513,"GoalBlock{x=80,y=4,z=60}",21,12,MovementAscend,1341,20,20,,
1390,0,Husk,T3/16,MOVING,72.879,4.526,60.512,"GoalBlock{x=80,y=4,z=60}",21,12,MovementAscend,1341,20,20,,
1391,0,Husk,T3/16,MOVING,72.961,4.498,60.512,"GoalBlock{x=80,y=4,z=60}",21,12,MovementAscend,1341,20,20,,
1392,0,Husk,T3/16,MOVING,73.055,4.393,60.511,"GoalBlock{x=80,y=4,z=60}",21,12,MovementAscend,1341,20,20,,
1393,0,Husk,T3/16,MOVING,73.166,4.211,60.511,"GoalBlock{x=80,y=4,z=60}",21,13,MovementTraverse,1341,20,20,,
1394,0,Husk,T3/16,MOVING,73.293,4.000,60.511,"GoalBlock{x=80,y=4,z=60}",21,13,MovementTraverse,1341,20,20,,
1395,0,Husk,T3/16,MOVING,73.535,4.000,60.510,"GoalBlock{x=80,y=4,z=60}",21,13,MovementTraverse,1341,20,20,,
1396,0,Husk,T3/16,MOVING,73.795,4.000,60.509,"GoalBlock{x=80,y=4,z=60}",21,13,MovementTraverse,1341,20,20,,
1397,0,Husk,T3/16,MOVING,74.064,4.000,60.507,"GoalBlock{x=80,y=4,z=60}",21,13,MovementTraverse,1341,20,20,,
1398,0,Husk,T3/16,MOVING,74.339,4.000,60.506,"GoalBlock{x=80,y=4,z=60}",21,14,MovementTraverse,1341,20,20,,
1399,0,Husk,T3/16,MOVING,74.616,4.000,60.506,"GoalBlock{x=80,y=4,z=60}",21,14,MovementTraverse,1341,20,20,,
1400,0,Husk,T3/16,MOVING,74.895,4.000,60.505,"GoalBlock{x=80,y=4,z=60}",21,14,MovementTraverse,1341,20,20,,
1401,0,Husk,T3/16,MOVING,75.174,4.000,60.504,"GoalBlock{x=80,y=4,z=60}",21,14,MovementTraverse,1341,20,20,,
1402,0,Husk,T3/16,MOVING,75.455,4.000,60.504,"GoalBlock{x=80,y=4,z=60}",21,15,MovementTraverse,1341,20,20,,
1403,0,Husk,T3/16,MOVING,75.735,4.000,60.503,"GoalBlock{x=80,y=4,z=60}",21,15,MovementTraverse,1341,20,20,,
1404,0,Husk,T3/16,MOVING,76.015,4.000,60.503,"GoalBlock{x=80,y=4,z=60}",21,15,MovementTraverse,1341,20,20,,
1405,0,Husk,T3/16,MOVING,76.296,4.000,60.502,"GoalBlock{x=80,y=4,z=60}",21,16,MovementTraverse,1341,20,20,,
1406,0,Husk,T3/16,MOVING,76.576,4.000,60.502,"GoalBlock{x=80,y=4,z=60}",21,16,MovementTraverse,1341,20,20,,
1407,0,Husk,T3/16,MOVING,76.857,4.000,60.502,"GoalBlock{x=80,y=4,z=60}",21,16,MovementTraverse,1341,20,20,,
1408,0,Husk,T3/16,MOVING,77.138,4.000,60.501,"GoalBlock{x=80,y=4,z=60}",21,16,MovementTraverse,1341,20,20,,
1409,0,Husk,T3/16,MOVING,77.418,4.000,60.501,"GoalBlock{x=80,y=4,z=60}",21,17,MovementTraverse,1341,20,20,,
1410,0,Husk,T3/16,MOVING,77.699,4.000,60.501,"GoalBlock{x=80,y=4,z=60}",21,17,MovementTraverse,1341,20,20,,
1411,0,Husk,T3/16,MOVING,77.979,4.000,60.501,"GoalBlock{x=80,y=4,z=60}",21,17,MovementTraverse,1341,20,20,,
1412,0,Husk,T3/16,MOVING,78.260,4.000,60.501,"GoalBlock{x=80,y=4,z=60}",21,17,MovementTraverse,1341,20,20,,
1413,0,Husk,T3/16,MOVING,78.541,4.000,60.501,"GoalBlock{x=80,y=4,z=60}",21,18,MovementTraverse,1341,20,20,,
1414,0,Husk,T3/16,MOVING,78.821,4.000,60.501,"GoalBlock{x=80,y=4,z=60}",21,18,MovementTraverse,1341,20,20,,
1415,0,Husk,T3/16,MOVING,79.102,4.000,60.501,"GoalBlock{x=80,y=4,z=60}",21,18,MovementTraverse,1341,20,20,,
1416,0,Husk,T3/16,MOVING,79.382,4.000,60.500,"GoalBlock{x=80,y=4,z=60}",21,19,MovementTraverse,1341,20,20,,
1417,0,Husk,T3/16,MOVING,79.663,4.000,60.500,"GoalBlock{x=80,y=4,z=60}",21,19,MovementTraverse,1341,20,20,,
1418,0,Husk,T3/16,MOVING,79.944,4.000,60.500,"GoalBlock{x=80,y=4,z=60}",21,19,MovementTraverse,1341,20,20,,
1419,0,Husk,T3/16,MOVING,80.224,4.000,60.500,"GoalBlock{x=80,y=4,z=60}",21,19,MovementTraverse,1341,20,20,,
1420,0,Husk,T3/16,ARRIVED,80.378,4.000,60.500,,-1,-1,,1341,20,20,,CANCELED
1421,0,Husk,T3/17,ARRIVED,60.500,4.000,72.500,,-1,-1,,1341,20,20,,CANCELED|CANCELED
1422,0,Husk,T3/17,ARRIVED,60.500,4.000,72.500,,-1,-1,,1341,20,20,,
1423,0,Husk,T3/17,ARRIVED,60.500,4.000,72.500,,-1,-1,,1341,20,20,,
1424,0,Husk,T3/17,ARRIVED,60.500,4.000,72.500,,-1,-1,,1341,20,20,,
1425,0,Husk,T3/17,ARRIVED,60.500,4.000,72.500,,-1,-1,,1341,20,20,,
1426,0,Husk,T3/17,ARRIVED,60.500,4.000,72.500,,-1,-1,,1341,20,20,,
1427,0,Husk,T3/17,ARRIVED,60.500,4.000,72.500,,-1,-1,,1341,20,20,,
1428,0,Husk,T3/17,ARRIVED,60.500,4.000,72.500,,-1,-1,,1341,20,20,,
1429,0,Husk,T3/17,ARRIVED,60.500,4.000,72.500,,-1,-1,,1341,20,20,,
1430,0,Husk,T3/17,ARRIVED,60.500,4.000,72.500,,-1,-1,,1341,20,20,,
1431,0,Husk,T3/17,SEARCHING,60.500,4.000,72.500,"GoalBlock{x=80,y=4,z=72}",-1,-1,,1341,21,21,,CALC_STARTED
1432,0,Husk,T3/17,MOVING,60.627,4.000,72.500,"GoalBlock{x=80,y=4,z=72}",21,0,MovementTraverse,2169,21,21,,CALC_FINISHED_NOW_EXECUTING
1433,0,Husk,T3/17,MOVING,60.824,4.000,72.500,"GoalBlock{x=80,y=4,z=72}",21,0,MovementTraverse,2169,21,21,,
1434,0,Husk,T3/17,MOVING,61.059,4.000,72.500,"GoalBlock{x=80,y=4,z=72}",21,0,MovementTraverse,2169,21,21,,
1435,0,Husk,T3/17,MOVING,61.315,4.000,72.500,"GoalBlock{x=80,y=4,z=72}",21,1,MovementTraverse,2169,21,21,,
1436,0,Husk,T3/17,MOVING,61.582,4.000,72.500,"GoalBlock{x=80,y=4,z=72}",21,1,MovementTraverse,2169,21,21,,
1437,0,Husk,T3/17,MOVING,61.855,4.000,72.500,"GoalBlock{x=80,y=4,z=72}",21,1,MovementTraverse,2169,21,21,,
1438,0,Husk,T3/17,MOVING,62.132,4.000,72.500,"GoalBlock{x=80,y=4,z=72}",21,1,MovementTraverse,2169,21,21,,
1439,0,Husk,T3/17,MOVING,62.410,4.000,72.500,"GoalBlock{x=80,y=4,z=72}",21,2,MovementTraverse,2169,21,21,,
1440,0,Husk,T3/17,MOVING,62.690,4.000,72.500,"GoalBlock{x=80,y=4,z=72}",21,2,MovementTraverse,2169,21,21,,
1441,0,Husk,T3/17,MOVING,62.969,4.000,72.500,"GoalBlock{x=80,y=4,z=72}",21,2,MovementTraverse,2169,21,21,,
1442,0,Husk,T3/17,MOVING,63.250,4.000,72.500,"GoalBlock{x=80,y=4,z=72}",21,2,MovementTraverse,2169,21,21,,
1443,0,Husk,T3/17,MOVING,63.530,4.000,72.500,"GoalBlock{x=80,y=4,z=72}",21,3,MovementTraverse,2169,21,21,,
1444,0,Husk,T3/17,MOVING,63.811,4.000,72.500,"GoalBlock{x=80,y=4,z=72}",21,3,MovementTraverse,2169,21,21,,
1445,0,Husk,T3/17,MOVING,64.091,4.000,72.500,"GoalBlock{x=80,y=4,z=72}",21,3,MovementTraverse,2169,21,21,,
1446,0,Husk,T3/17,MOVING,64.372,4.000,72.500,"GoalBlock{x=80,y=4,z=72}",21,4,MovementTraverse,2169,21,21,,
1447,0,Husk,T3/17,MOVING,64.652,4.000,72.500,"GoalBlock{x=80,y=4,z=72}",21,4,MovementTraverse,2169,21,21,,
1448,0,Husk,T3/17,MOVING,64.933,4.000,72.500,"GoalBlock{x=80,y=4,z=72}",21,4,MovementTraverse,2169,21,21,,
1449,0,Husk,T3/17,MOVING,65.214,4.000,72.500,"GoalBlock{x=80,y=4,z=72}",21,4,MovementTraverse,2169,21,21,,
1450,0,Husk,T3/17,MOVING,65.494,4.000,72.500,"GoalBlock{x=80,y=4,z=72}",21,5,MovementTraverse,2169,21,21,,
1451,0,Husk,T3/17,MOVING,65.775,4.000,72.500,"GoalBlock{x=80,y=4,z=72}",21,5,MovementTraverse,2169,21,21,,
1452,0,Husk,T3/17,MOVING,66.055,4.000,72.500,"GoalBlock{x=80,y=4,z=72}",21,5,MovementTraverse,2169,21,21,,
1453,0,Husk,T3/17,MOVING,66.336,4.000,72.500,"GoalBlock{x=80,y=4,z=72}",21,6,MovementTraverse,2169,21,21,,
1454,0,Husk,T3/17,MOVING,66.617,4.000,72.500,"GoalBlock{x=80,y=4,z=72}",21,6,MovementTraverse,2169,21,21,,
1455,0,Husk,T3/17,MOVING,66.897,4.000,72.500,"GoalBlock{x=80,y=4,z=72}",21,6,MovementTraverse,2169,21,21,,
1456,0,Husk,T3/17,MOVING,67.178,4.000,72.500,"GoalBlock{x=80,y=4,z=72}",21,6,MovementTraverse,2169,21,21,,
1457,0,Husk,T3/17,MOVING,67.429,4.000,72.500,"GoalBlock{x=80,y=4,z=72}",21,7,MovementDescend,2169,21,21,,
1458,0,Husk,T3/17,MOVING,67.664,4.000,72.500,"GoalBlock{x=80,y=4,z=72}",21,7,MovementDescend,2169,21,21,,
1459,0,Husk,T3/17,MOVING,67.891,4.000,72.500,"GoalBlock{x=80,y=4,z=72}",21,7,MovementDescend,2169,21,21,,
1460,0,Husk,T3/17,MOVING,68.112,4.000,72.500,"GoalBlock{x=80,y=4,z=72}",21,7,MovementDescend,2169,21,21,,
1461,0,Husk,T3/17,MOVING,68.331,4.000,72.500,"GoalBlock{x=80,y=4,z=72}",21,7,MovementDescend,2169,21,21,,
1462,0,Husk,T3/17,MOVING,68.536,3.922,72.451,"GoalBlock{x=80,y=4,z=72}",21,7,MovementDescend,2169,21,21,,
1463,0,Husk,T3/17,MOVING,68.657,3.766,72.407,"GoalBlock{x=80,y=4,z=72}",21,7,MovementDescend,2169,21,21,,
1464,0,Husk,T3/17,MOVING,68.790,3.536,72.355,"GoalBlock{x=80,y=4,z=72}",21,8,MovementTraverse,2169,21,21,,
1465,0,Husk,T3/17,MOVING,68.930,3.272,72.307,"GoalBlock{x=80,y=4,z=72}",21,8,MovementTraverse,2169,21,21,,
1466,0,Husk,T3/17,MOVING,69.061,3.080,72.275,"GoalBlock{x=80,y=4,z=72}",21,8,MovementTraverse,2169,21,21,,
1467,0,Husk,T3/17,MOVING,69.185,2.947,72.252,"GoalBlock{x=80,y=4,z=72}",21,9,MovementTraverse,2169,21,21,,
1468,0,Husk,T3/17,MOVING,69.303,2.860,72.238,"GoalBlock{x=80,y=4,z=72}",21,9,MovementTraverse,2169,21,21,,
1469,0,Husk,T3/17,MOVING,69.398,2.811,72.227,"GoalBlock{x=80,y=4,z=72}",21,9,MovementTraverse,2169,21,21,,
1470,0,Husk,T3/17,MOVING,69.474,2.792,72.217,"GoalBlock{x=80,y=4,z=72}",21,9,MovementTraverse,2169,21,21,,
1471,0,Husk,T3/17,MOVING,69.534,2.796,72.210,"GoalBlock{x=80,y=4,z=72}",21,9,MovementTraverse,2169,21,21,,
1472,0,Husk,T3/17,MOVING,69.583,2.820,72.204,"GoalBlock{x=80,y=4,z=72}",21,9,MovementTraverse,2169,21,21,,
1473,0,Husk,T3/17,MOVING,69.622,2.860,72.199,"GoalBlock{x=80,y=4,z=72}",21,9,MovementTraverse,2169,21,21,,
1474,0,Husk,T3/17,MOVING,69.653,2.912,72.196,"GoalBlock{x=80,y=4,z=72}",21,9,MovementTraverse,2169,21,21,,
1475,0,Husk,T3/17,MOVING,69.696,2.973,72.199,"GoalBlock{x=80,y=4,z=72}",21,9,MovementTraverse,2169,21,21,,
1476,0,Husk,T3/17,MOVING,69.749,3.043,72.206,"GoalBlock{x=80,y=4,z=72}",21,9,MovementTraverse,2169,21,21,,
1477,0,Husk,T3/17,MOVING,69.810,3.118,72.219,"GoalBlock{x=80,y=4,z=72}",21,9,MovementTraverse,2169,21,21,,
1478,0,Husk,T3/17,MOVING,69.876,3.199,72.236,"GoalBlock{x=80,y=4,z=72}",21,9,MovementTraverse,2169,21,21,,
1479,0,Husk,T3/17,MOVING,69.948,3.283,72.258,"GoalBlock{x=80,y=4,z=72}",21,9,MovementTraverse,2169,21,21,,
1480,0,Husk,T3/17,MOVING,70.023,3.370,72.283,"GoalBlock{x=80,y=4,z=72}",21,9,MovementTraverse,2169,21,21,,
1481,0,Husk,T3/17,MOVING,70.102,3.460,72.306,"GoalBlock{x=80,y=4,z=72}",21,10,MovementTraverse,2169,21,21,,
1482,0,Husk,T3/17,MOVING,70.185,3.552,72.327,"GoalBlock{x=80,y=4,z=72}",21,10,MovementTraverse,2169,21,21,,
1483,0,Husk,T3/17,MOVING,70.271,3.646,72.346,"GoalBlock{x=80,y=4,z=72}",21,10,MovementTraverse,2169,21,21,,
1484,0,Husk,T3/17,MOVING,70.365,3.700,72.365,"GoalBlock{x=80,y=4,z=72}",21,10,MovementTraverse,2169,21,21,,
1485,0,Husk,T3/17,MOVING,70.476,3.676,72.385,"GoalBlock{x=80,y=4,z=72}",21,10,MovementTraverse,2169,21,21,,
1486,0,Husk,T3/17,MOVING,70.602,3.573,72.406,"GoalBlock{x=80,y=4,z=72}",21,10,MovementTraverse,2169,21,21,,
1487,0,Husk,T3/17,MOVING,70.736,3.434,72.427,"GoalBlock{x=80,y=4,z=72}",21,10,MovementTraverse,2169,21,21,,
1488,0,Husk,T3/17,MOVING,70.863,3.343,72.446,"GoalBlock{x=80,y=4,z=72}",21,10,MovementTraverse,2169,21,21,,
1489,0,Husk,T3/17,MOVING,70.984,3.290,72.463,"GoalBlock{x=80,y=4,z=72}",21,10,MovementTraverse,2169,21,21,,
1490,0,Husk,T3/17,MOVING,71.100,3.268,72.478,"GoalBlock{x=80,y=4,z=72}",21,10,MovementTraverse,2169,21,21,,
1491,0,Husk,T3/17,MOVING,71.213,3.270,72.490,"GoalBlock{x=80,y=4,z=72}",21,11,MovementTraverse,2169,21,21,,
1492,0,Husk,T3/17,MOVING,71.323,3.292,72.500,"GoalBlock{x=80,y=4,z=72}",21,11,MovementTraverse,2169,21,21,,
1493,0,Husk,T3/17,MOVING,71.430,3.332,72.508,"GoalBlock{x=80,y=4,z=72}",21,11,MovementTraverse,2169,21,21,,
1494,0,Husk,T3/17,MOVING,71.536,3.384,72.514,"GoalBlock{x=80,y=4,z=72}",21,11,MovementTraverse,2169,21,21,,
1495,0,Husk,T3/17,MOVING,71.640,3.445,72.518,"GoalBlock{x=80,y=4,z=72}",21,11,MovementTraverse,2169,21,21,,
1496,0,Husk,T3/17,MOVING,71.743,3.515,72.522,"GoalBlock{x=80,y=4,z=72}",21,11,MovementTraverse,2169,21,21,,
1497,0,Husk,T3/17,MOVING,71.845,3.590,72.521,"GoalBlock{x=80,y=4,z=72}",21,11,MovementTraverse,2169,21,21,,
1498,0,Husk,T3/17,MOVING,71.946,3.671,72.520,"GoalBlock{x=80,y=4,z=72}",21,11,MovementTraverse,2169,21,21,,
1499,0,Husk,T3/17,MOVING,72.052,3.715,72.520,"GoalBlock{x=80,y=4,z=72}",21,11,MovementTraverse,2169,21,21,,
1500,0,Husk,T3/17,MOVING,72.174,3.680,72.519,"GoalBlock{x=80,y=4,z=72}",21,12,MovementTraverse,2169,21,21,,
1501,0,Husk,T3/17,MOVING,72.311,3.567,72.519,"GoalBlock{x=80,y=4,z=72}",21,12,MovementTraverse,2169,21,21,,
1502,0,Husk,T3/17,MOVING,72.455,3.418,72.519,"GoalBlock{x=80,y=4,z=72}",21,12,MovementTraverse,2169,21,21,,
1503,0,Husk,T3/17,MOVING,72.590,3.319,72.518,"GoalBlock{x=80,y=4,z=72}",21,12,MovementTraverse,2169,21,21,,
1504,0,Husk,T3/17,MOVING,72.717,3.260,72.518,"GoalBlock{x=80,y=4,z=72}",21,12,MovementTraverse,2169,21,21,,
1505,0,Husk,T3/17,MOVING,72.839,3.232,72.517,"GoalBlock{x=80,y=4,z=72}",21,12,MovementTraverse,2169,21,21,,
1506,0,Husk,T3/17,MOVING,72.955,3.231,72.517,"GoalBlock{x=80,y=4,z=72}",21,12,MovementTraverse,2169,21,21,,
1507,0,Husk,T3/17,MOVING,73.069,3.249,72.516,"GoalBlock{x=80,y=4,z=72}",21,12,MovementTraverse,2169,21,21,,
1508,0,Husk,T3/17,MOVING,73.179,3.284,72.516,"GoalBlock{x=80,y=4,z=72}",21,13,MovementTraverse,2169,21,21,,
1509,0,Husk,T3/17,MOVING,73.286,3.332,72.516,"GoalBlock{x=80,y=4,z=72}",21,13,MovementTraverse,2169,21,21,,
1510,0,Husk,T3/17,MOVING,73.392,3.390,72.516,"GoalBlock{x=80,y=4,z=72}",21,13,MovementTraverse,2169,21,21,,
1511,0,Husk,T3/17,MOVING,73.496,3.456,72.515,"GoalBlock{x=80,y=4,z=72}",21,13,MovementTraverse,2169,21,21,,
1512,0,Husk,T3/17,MOVING,73.599,3.530,72.515,"GoalBlock{x=80,y=4,z=72}",21,13,MovementTraverse,2169,21,21,,
1513,0,Husk,T3/17,MOVING,73.701,3.608,72.515,"GoalBlock{x=80,y=4,z=72}",21,13,MovementTraverse,2169,21,21,,
1514,0,Husk,T3/17,MOVING,73.808,3.651,72.514,"GoalBlock{x=80,y=4,z=72}",21,13,MovementTraverse,2169,21,21,,
1515,0,Husk,T3/17,MOVING,73.931,3.615,72.514,"GoalBlock{x=80,y=4,z=72}",21,13,MovementTraverse,2169,21,21,,
1516,0,Husk,T3/17,MOVING,74.068,3.501,72.513,"GoalBlock{x=80,y=4,z=72}",21,13,MovementTraverse,2169,21,21,,
1517,0,Husk,T3/17,MOVING,74.213,3.351,72.513,"GoalBlock{x=80,y=4,z=72}",21,14,MovementAscend,2169,21,21,,
1518,0,Husk,T3/17,MOVING,74.348,3.251,72.513,"GoalBlock{x=80,y=4,z=72}",21,14,MovementAscend,2169,21,21,,
1519,0,Husk,T3/17,MOVING,74.476,3.190,72.512,"GoalBlock{x=80,y=4,z=72}",21,14,MovementAscend,2169,21,21,,
1520,0,Husk,T3/17,MOVING,74.597,3.162,72.512,"GoalBlock{x=80,y=4,z=72}",21,14,MovementAscend,2169,21,21,,
1521,0,Husk,T3/17,MOVING,74.700,3.160,72.512,"GoalBlock{x=80,y=4,z=72}",21,14,MovementAscend,2169,21,21,,
1522,0,Husk,T3/17,MOVING,74.700,3.178,72.512,"GoalBlock{x=80,y=4,z=72}",21,14,MovementAscend,2169,21,21,,
1523,0,Husk,T3/17,MOVING,74.700,3.212,72.511,"GoalBlock{x=80,y=4,z=72}",21,14,MovementAscend,2169,21,21,,
1524,0,Husk,T3/17,MOVING,74.700,3.260,72.511,"GoalBlock{x=80,y=4,z=72}",21,14,MovementAscend,2169,21,21,,
1525,0,Husk,T3/17,MOVING,74.700,3.318,72.511,"GoalBlock{x=80,y=4,z=72}",21,14,MovementAscend,2169,21,21,,
1526,0,Husk,T3/17,MOVING,74.700,3.384,72.511,"GoalBlock{x=80,y=4,z=72}",21,14,MovementAscend,2169,21,21,,
1527,0,Husk,T3/17,MOVING,74.700,3.457,72.510,"GoalBlock{x=80,y=4,z=72}",21,14,MovementAscend,2169,21,21,,
1528,0,Husk,T3/17,MOVING,74.700,3.797,72.510,"GoalBlock{x=80,y=4,z=72}",21,14,MovementAscend,2169,21,21,,
1529,0,Husk,T3/17,MOVING,74.720,4.097,72.510,"GoalBlock{x=80,y=4,z=72}",21,14,MovementAscend,2169,21,21,,
1530,0,Husk,T3/17,MOVING,74.757,4.313,72.510,"GoalBlock{x=80,y=4,z=72}",21,14,MovementAscend,2169,21,21,,
1531,0,Husk,T3/17,MOVING,74.811,4.446,72.509,"GoalBlock{x=80,y=4,z=72}",21,14,MovementAscend,2169,21,21,,
1532,0,Husk,T3/17,MOVING,74.879,4.498,72.509,"GoalBlock{x=80,y=4,z=72}",21,14,MovementAscend,2169,21,21,,
1533,0,Husk,T3/17,MOVING,74.961,4.470,72.509,"GoalBlock{x=80,y=4,z=72}",21,14,MovementAscend,2169,21,21,,
1534,0,Husk,T3/17,MOVING,75.055,4.365,72.508,"GoalBlock{x=80,y=4,z=72}",21,14,MovementAscend,2169,21,21,,
1535,0,Husk,T3/17,MOVING,75.166,4.183,72.508,"GoalBlock{x=80,y=4,z=72}",21,15,MovementTraverse,2169,21,21,,
1536,0,Husk,T3/17,MOVING,75.293,4.000,72.508,"GoalBlock{x=80,y=4,z=72}",21,15,MovementTraverse,2169,21,21,,
1537,0,Husk,T3/17,MOVING,75.535,4.000,72.507,"GoalBlock{x=80,y=4,z=72}",21,15,MovementTraverse,2169,21,21,,
1538,0,Husk,T3/17,MOVING,75.795,4.000,72.506,"GoalBlock{x=80,y=4,z=72}",21,15,MovementTraverse,2169,21,21,,
1539,0,Husk,T3/17,MOVING,76.065,4.000,72.505,"GoalBlock{x=80,y=4,z=72}",21,15,MovementTraverse,2169,21,21,,
1540,0,Husk,T3/17,MOVING,76.339,4.000,72.505,"GoalBlock{x=80,y=4,z=72}",21,16,MovementTraverse,2169,21,21,,
1541,0,Husk,T3/17,MOVING,76.616,4.000,72.504,"GoalBlock{x=80,y=4,z=72}",21,16,MovementTraverse,2169,21,21,,
1542,0,Husk,T3/17,MOVING,76.895,4.000,72.504,"GoalBlock{x=80,y=4,z=72}",21,16,MovementTraverse,2169,21,21,,
1543,0,Husk,T3/17,MOVING,77.175,4.000,72.503,"GoalBlock{x=80,y=4,z=72}",21,16,MovementTraverse,2169,21,21,,
1544,0,Husk,T3/17,MOVING,77.455,4.000,72.503,"GoalBlock{x=80,y=4,z=72}",21,17,MovementTraverse,2169,21,21,,
1545,0,Husk,T3/17,MOVING,77.735,4.000,72.502,"GoalBlock{x=80,y=4,z=72}",21,17,MovementTraverse,2169,21,21,,
1546,0,Husk,T3/17,MOVING,78.015,4.000,72.502,"GoalBlock{x=80,y=4,z=72}",21,17,MovementTraverse,2169,21,21,,
1547,0,Husk,T3/17,MOVING,78.296,4.000,72.502,"GoalBlock{x=80,y=4,z=72}",21,18,MovementTraverse,2169,21,21,,
1548,0,Husk,T3/17,MOVING,78.576,4.000,72.502,"GoalBlock{x=80,y=4,z=72}",21,18,MovementTraverse,2169,21,21,,
1549,0,Husk,T3/17,MOVING,78.857,4.000,72.501,"GoalBlock{x=80,y=4,z=72}",21,18,MovementTraverse,2169,21,21,,
1550,0,Husk,T3/17,MOVING,79.138,4.000,72.501,"GoalBlock{x=80,y=4,z=72}",21,18,MovementTraverse,2169,21,21,,
1551,0,Husk,T3/17,MOVING,79.418,4.000,72.501,"GoalBlock{x=80,y=4,z=72}",21,19,MovementTraverse,2169,21,21,,
1552,0,Husk,T3/17,MOVING,79.699,4.000,72.501,"GoalBlock{x=80,y=4,z=72}",21,19,MovementTraverse,2169,21,21,,
1553,0,Husk,T3/17,MOVING,79.979,4.000,72.501,"GoalBlock{x=80,y=4,z=72}",21,19,MovementTraverse,2169,21,21,,
1554,0,Husk,T3/17,MOVING,80.260,4.000,72.501,"GoalBlock{x=80,y=4,z=72}",21,19,MovementTraverse,2169,21,21,,
1555,0,Husk,T3/17,ARRIVED,80.413,4.000,72.501,,-1,-1,,2169,21,21,,CANCELED
1556,0,Husk,T3/18,ARRIVED,60.500,4.000,84.500,,-1,-1,,2169,21,21,,CANCELED|CANCELED
1557,0,Husk,T3/18,ARRIVED,60.500,4.000,84.500,,-1,-1,,2169,21,21,,
1558,0,Husk,T3/18,ARRIVED,60.500,4.000,84.500,,-1,-1,,2169,21,21,,
1559,0,Husk,T3/18,ARRIVED,60.500,4.000,84.500,,-1,-1,,2169,21,21,,
1560,0,Husk,T3/18,ARRIVED,60.500,4.000,84.500,,-1,-1,,2169,21,21,,
1561,0,Husk,T3/18,ARRIVED,60.500,4.000,84.500,,-1,-1,,2169,21,21,,
1562,0,Husk,T3/18,ARRIVED,60.500,4.000,84.500,,-1,-1,,2169,21,21,,
1563,0,Husk,T3/18,ARRIVED,60.500,4.000,84.500,,-1,-1,,2169,21,21,,
1564,0,Husk,T3/18,ARRIVED,60.500,4.000,84.500,,-1,-1,,2169,21,21,,
1565,0,Husk,T3/18,ARRIVED,60.500,4.000,84.500,,-1,-1,,2169,21,21,,
1566,0,Husk,T3/18,SEARCHING,60.500,4.000,84.500,"GoalBlock{x=80,y=4,z=84}",-1,-1,,2169,22,22,,CALC_STARTED
1567,0,Husk,T3/18,MOVING,60.627,4.000,84.500,"GoalBlock{x=80,y=4,z=84}",21,0,MovementTraverse,602,22,22,,CALC_FINISHED_NOW_EXECUTING
1568,0,Husk,T3/18,MOVING,60.824,4.000,84.500,"GoalBlock{x=80,y=4,z=84}",21,0,MovementTraverse,602,22,22,,
1569,0,Husk,T3/18,MOVING,61.059,4.000,84.500,"GoalBlock{x=80,y=4,z=84}",21,0,MovementTraverse,602,22,22,,
1570,0,Husk,T3/18,MOVING,61.315,4.000,84.500,"GoalBlock{x=80,y=4,z=84}",21,1,MovementTraverse,602,22,22,,
1571,0,Husk,T3/18,MOVING,61.582,4.000,84.500,"GoalBlock{x=80,y=4,z=84}",21,1,MovementTraverse,602,22,22,,
1572,0,Husk,T3/18,MOVING,61.855,4.000,84.500,"GoalBlock{x=80,y=4,z=84}",21,1,MovementTraverse,602,22,22,,
1573,0,Husk,T3/18,MOVING,62.132,4.000,84.500,"GoalBlock{x=80,y=4,z=84}",21,1,MovementTraverse,602,22,22,,
1574,0,Husk,T3/18,MOVING,62.410,4.000,84.500,"GoalBlock{x=80,y=4,z=84}",21,2,MovementTraverse,602,22,22,,
1575,0,Husk,T3/18,MOVING,62.690,4.000,84.500,"GoalBlock{x=80,y=4,z=84}",21,2,MovementTraverse,602,22,22,,
1576,0,Husk,T3/18,MOVING,62.969,4.000,84.500,"GoalBlock{x=80,y=4,z=84}",21,2,MovementTraverse,602,22,22,,
1577,0,Husk,T3/18,MOVING,63.250,4.000,84.500,"GoalBlock{x=80,y=4,z=84}",21,2,MovementTraverse,602,22,22,,
1578,0,Husk,T3/18,MOVING,63.530,4.000,84.500,"GoalBlock{x=80,y=4,z=84}",21,3,MovementTraverse,602,22,22,,
1579,0,Husk,T3/18,MOVING,63.811,4.000,84.500,"GoalBlock{x=80,y=4,z=84}",21,3,MovementTraverse,602,22,22,,
1580,0,Husk,T3/18,MOVING,64.091,4.000,84.500,"GoalBlock{x=80,y=4,z=84}",21,3,MovementTraverse,602,22,22,,
1581,0,Husk,T3/18,MOVING,64.372,4.000,84.500,"GoalBlock{x=80,y=4,z=84}",21,4,MovementTraverse,602,22,22,,
1582,0,Husk,T3/18,MOVING,64.652,4.000,84.500,"GoalBlock{x=80,y=4,z=84}",21,4,MovementTraverse,602,22,22,,
1583,0,Husk,T3/18,MOVING,64.933,4.000,84.500,"GoalBlock{x=80,y=4,z=84}",21,4,MovementTraverse,602,22,22,,
1584,0,Husk,T3/18,MOVING,65.214,4.000,84.500,"GoalBlock{x=80,y=4,z=84}",21,4,MovementTraverse,602,22,22,,
1585,0,Husk,T3/18,MOVING,65.477,4.000,84.564,"GoalBlock{x=80,y=4,z=84}",21,5,MovementDiagonal,602,22,22,,
1586,0,Husk,T3/18,MOVING,65.715,4.000,84.684,"GoalBlock{x=80,y=4,z=84}",21,5,MovementDiagonal,602,22,22,,
1587,0,Husk,T3/18,MOVING,65.933,4.000,84.842,"GoalBlock{x=80,y=4,z=84}",21,5,MovementDiagonal,602,22,22,,
1588,0,Husk,T3/18,MOVING,66.136,4.000,85.025,"GoalBlock{x=80,y=4,z=84}",21,5,MovementDiagonal,602,22,22,,
1589,0,Husk,T3/18,MOVING,66.333,4.000,85.218,"GoalBlock{x=80,y=4,z=84}",21,6,MovementDiagonal,602,22,22,,
1590,0,Husk,T3/18,MOVING,66.526,4.000,85.418,"GoalBlock{x=80,y=4,z=84}",21,6,MovementDiagonal,602,22,22,,
1591,0,Husk,T3/18,MOVING,66.717,4.000,85.622,"GoalBlock{x=80,y=4,z=84}",21,6,MovementDiagonal,602,22,22,,
1592,0,Husk,T3/18,MOVING,66.906,4.000,85.828,"GoalBlock{x=80,y=4,z=84}",21,6,MovementDiagonal,602,22,22,,
1593,0,Husk,T3/18,MOVING,67.093,4.000,86.036,"GoalBlock{x=80,y=4,z=84}",21,6,MovementDiagonal,602,22,22,,
1594,0,Husk,T3/18,MOVING,67.284,4.000,86.241,"GoalBlock{x=80,y=4,z=84}",21,7,MovementDiagonal,602,22,22,,
1595,0,Husk,T3/18,MOVING,67.476,4.000,86.445,"GoalBlock{x=80,y=4,z=84}",21,7,MovementDiagonal,602,22,22,,
1596,0,Husk,T3/18,MOVING,67.670,4.000,86.648,"GoalBlock{x=80,y=4,z=84}",21,7,MovementDiagonal,602,22,22,,
1597,0,Husk,T3/18,MOVING,67.865,4.000,86.850,"GoalBlock{x=80,y=4,z=84}",21,7,MovementDiagonal,602,22,22,,
1598,0,Husk,T3/18,MOVING,68.060,4.000,87.051,"GoalBlock{x=80,y=4,z=84}",21,7,MovementDiagonal,602,22,22,,
1599,0,Husk,T3/18,MOVING,68.257,4.000,87.252,"GoalBlock{x=80,y=4,z=84}",21,8,MovementDiagonal,602,22,22,,
1600,0,Husk,T3/18,MOVING,68.454,4.000,87.451,"GoalBlock{x=80,y=4,z=84}",21,8,MovementDiagonal,602,22,22,,
1601,0,Husk,T3/18,MOVING,68.652,4.000,87.650,"GoalBlock{x=80,y=4,z=84}",21,8,MovementDiagonal,602,22,22,,
1602,0,Husk,T3/18,MOVING,68.850,4.000,87.849,"GoalBlock{x=80,y=4,z=84}",21,8,MovementDiagonal,602,22,22,,
1603,0,Husk,T3/18,MOVING,69.048,4.000,88.048,"GoalBlock{x=80,y=4,z=84}",21,8,MovementDiagonal,602,22,22,,
1604,0,Husk,T3/18,MOVING,69.277,4.000,88.194,"GoalBlock{x=80,y=4,z=84}",21,9,MovementTraverse,602,22,22,,
1605,0,Husk,T3/18,MOVING,69.527,4.000,88.305,"GoalBlock{x=80,y=4,z=84}",21,9,MovementTraverse,602,22,22,,
1606,0,Husk,T3/18,MOVING,69.787,4.000,88.391,"GoalBlock{x=80,y=4,z=84}",21,9,MovementTraverse,602,22,22,,
1607,0,Husk,T3/18,MOVING,70.056,4.000,88.457,"GoalBlock{x=80,y=4,z=84}",21,9,MovementTraverse,602,22,22,,
1608,0,Husk,T3/18,MOVING,70.330,4.000,88.497,"GoalBlock{x=80,y=4,z=84}",21,10,MovementTraverse,602,22,22,,
1609,0,Husk,T3/18,MOVING,70.607,4.000,88.519,"GoalBlock{x=80,y=4,z=84}",21,10,MovementTraverse,602,22,22,,
1610,0,Husk,T3/18,MOVING,70.885,4.000,88.528,"GoalBlock{x=80,y=4,z=84}",21,10,MovementTraverse,602,22,22,,
1611,0,Husk,T3/18,MOVING,71.165,4.000,88.527,"GoalBlock{x=80,y=4,z=84}",21,10,MovementTraverse,602,22,22,,
1612,0,Husk,T3/18,MOVING,71.445,4.000,88.525,"GoalBlock{x=80,y=4,z=84}",21,11,MovementTraverse,602,22,22,,
1613,0,Husk,T3/18,MOVING,71.725,4.000,88.522,"GoalBlock{x=80,y=4,z=84}",21,11,MovementTraverse,602,22,22,,
1614,0,Husk,T3/18,MOVING,72.005,4.000,88.518,"GoalBlock{x=80,y=4,z=84}",21,11,MovementTraverse,602,22,22,,
1615,0,Husk,T3/18,MOVING,72.286,4.000,88.517,"GoalBlock{x=80,y=4,z=84}",21,12,MovementTraverse,602,22,22,,
1616,0,Husk,T3/18,MOVING,72.566,4.000,88.515,"GoalBlock{x=80,y=4,z=84}",21,12,MovementTraverse,602,22,22,,
1617,0,Husk,T3/18,MOVING,72.847,4.000,88.513,"GoalBlock{x=80,y=4,z=84}",21,12,MovementTraverse,602,22,22,,
1618,0,Husk,T3/18,MOVING,73.127,4.000,88.510,"GoalBlock{x=80,y=4,z=84}",21,12,MovementTraverse,602,22,22,,
1619,0,Husk,T3/18,MOVING,73.408,4.000,88.509,"GoalBlock{x=80,y=4,z=84}",21,13,MovementTraverse,602,22,22,,
1620,0,Husk,T3/18,MOVING,73.688,4.000,88.508,"GoalBlock{x=80,y=4,z=84}",21,13,MovementTraverse,602,22,22,,
1621,0,Husk,T3/18,MOVING,73.969,4.000,88.507,"GoalBlock{x=80,y=4,z=84}",21,13,MovementTraverse,602,22,22,,
1622,0,Husk,T3/18,MOVING,74.249,4.000,88.505,"GoalBlock{x=80,y=4,z=84}",21,13,MovementTraverse,602,22,22,,
1623,0,Husk,T3/18,MOVING,74.530,4.000,88.505,"GoalBlock{x=80,y=4,z=84}",21,14,MovementTraverse,602,22,22,,
1624,0,Husk,T3/18,MOVING,74.811,4.000,88.504,"GoalBlock{x=80,y=4,z=84}",21,14,MovementTraverse,602,22,22,,
1625,0,Husk,T3/18,MOVING,75.091,4.000,88.503,"GoalBlock{x=80,y=4,z=84}",21,14,MovementTraverse,602,22,22,,
1626,0,Husk,T3/18,MOVING,75.372,4.000,88.503,"GoalBlock{x=80,y=4,z=84}",21,15,MovementTraverse,602,22,22,,
1627,0,Husk,T3/18,MOVING,75.653,4.000,88.503,"GoalBlock{x=80,y=4,z=84}",21,15,MovementTraverse,602,22,22,,
1628,0,Husk,T3/18,MOVING,75.933,4.000,88.502,"GoalBlock{x=80,y=4,z=84}",21,15,MovementTraverse,602,22,22,,
1629,0,Husk,T3/18,MOVING,76.214,4.000,88.502,"GoalBlock{x=80,y=4,z=84}",21,15,MovementTraverse,602,22,22,,
1630,0,Husk,T3/18,MOVING,76.477,4.000,88.438,"GoalBlock{x=80,y=4,z=84}",21,16,MovementDiagonal,602,22,22,,
1631,0,Husk,T3/18,MOVING,76.715,4.000,88.317,"GoalBlock{x=80,y=4,z=84}",21,16,MovementDiagonal,602,22,22,,
1632,0,Husk,T3/18,MOVING,76.933,4.000,88.159,"GoalBlock{x=80,y=4,z=84}",21,16,MovementDiagonal,602,22,22,,
1633,0,Husk,T3/18,MOVING,77.135,4.000,87.976,"GoalBlock{x=80,y=4,z=84}",21,16,MovementDiagonal,602,22,22,,
1634,0,Husk,T3/18,MOVING,77.332,4.000,87.783,"GoalBlock{x=80,y=4,z=84}",21,17,MovementDiagonal,602,22,22,,
1635,0,Husk,T3/18,MOVING,77.525,4.000,87.583,"GoalBlock{x=80,y=4,z=84}",21,17,MovementDiagonal,602,22,22,,
1636,0,Husk,T3/18,MOVING,77.716,4.000,87.379,"GoalBlock{x=80,y=4,z=84}",21,17,MovementDiagonal,602,22,22,,
1637,0,Husk,T3/18,MOVING,77.905,4.000,87.173,"GoalBlock{x=80,y=4,z=84}",21,17,MovementDiagonal,602,22,22,,
1638,0,Husk,T3/18,MOVING,78.093,4.000,86.965,"GoalBlock{x=80,y=4,z=84}",21,17,MovementDiagonal,602,22,22,,
1639,0,Husk,T3/18,MOVING,78.283,4.000,86.759,"GoalBlock{x=80,y=4,z=84}",21,18,MovementDiagonal,602,22,22,,
1640,0,Husk,T3/18,MOVING,78.476,4.000,86.555,"GoalBlock{x=80,y=4,z=84}",21,18,MovementDiagonal,602,22,22,,
1641,0,Husk,T3/18,MOVING,78.670,4.000,86.353,"GoalBlock{x=80,y=4,z=84}",21,18,MovementDiagonal,602,22,22,,
1642,0,Husk,T3/18,MOVING,78.865,4.000,86.151,"GoalBlock{x=80,y=4,z=84}",21,18,MovementDiagonal,602,22,22,,
1643,0,Husk,T3/18,MOVING,79.060,4.000,85.949,"GoalBlock{x=80,y=4,z=84}",21,18,MovementDiagonal,602,22,22,,
1644,0,Husk,T3/18,MOVING,79.256,4.000,85.749,"GoalBlock{x=80,y=4,z=84}",21,19,MovementDiagonal,602,22,22,,
1645,0,Husk,T3/18,MOVING,79.454,4.000,85.549,"GoalBlock{x=80,y=4,z=84}",21,19,MovementDiagonal,602,22,22,,
1646,0,Husk,T3/18,MOVING,79.651,4.000,85.350,"GoalBlock{x=80,y=4,z=84}",21,19,MovementDiagonal,602,22,22,,
1647,0,Husk,T3/18,MOVING,79.849,4.000,85.151,"GoalBlock{x=80,y=4,z=84}",21,19,MovementDiagonal,602,22,22,,
1648,0,Husk,T3/18,MOVING,80.047,4.000,84.952,"GoalBlock{x=80,y=4,z=84}",21,19,MovementDiagonal,602,22,22,,
1649,0,Husk,T3/18,ARRIVED,80.155,4.000,84.844,,-1,-1,,602,22,22,,CANCELED
1650,0,Husk,T3/19,ARRIVED,60.500,4.000,96.500,,-1,-1,,602,22,22,,CANCELED|CANCELED
1651,0,Husk,T3/19,ARRIVED,60.500,4.000,96.500,,-1,-1,,602,22,22,,
1652,0,Husk,T3/19,ARRIVED,60.500,4.000,96.500,,-1,-1,,602,22,22,,
1653,0,Husk,T3/19,ARRIVED,60.500,4.000,96.500,,-1,-1,,602,22,22,,
1654,0,Husk,T3/19,ARRIVED,60.500,4.000,96.500,,-1,-1,,602,22,22,,
1655,0,Husk,T3/19,ARRIVED,60.500,4.000,96.500,,-1,-1,,602,22,22,,
1656,0,Husk,T3/19,ARRIVED,60.500,4.000,96.500,,-1,-1,,602,22,22,,
1657,0,Husk,T3/19,ARRIVED,60.500,4.000,96.500,,-1,-1,,602,22,22,,
1658,0,Husk,T3/19,ARRIVED,60.500,4.000,96.500,,-1,-1,,602,22,22,,
1659,0,Husk,T3/19,ARRIVED,60.500,4.000,96.500,,-1,-1,,602,22,22,,
1660,0,Husk,T3/19,SEARCHING,60.500,4.000,96.500,"GoalBlock{x=80,y=4,z=96}",-1,-1,,602,23,23,,CALC_STARTED
1661,0,Husk,T3/19,MOVING,60.627,4.000,96.500,"GoalBlock{x=80,y=4,z=96}",21,0,MovementTraverse,456,23,23,,CALC_FINISHED_NOW_EXECUTING
1662,0,Husk,T3/19,MOVING,60.824,4.000,96.500,"GoalBlock{x=80,y=4,z=96}",21,0,MovementTraverse,456,23,23,,
1663,0,Husk,T3/19,MOVING,61.059,4.000,96.500,"GoalBlock{x=80,y=4,z=96}",21,0,MovementTraverse,456,23,23,,
1664,0,Husk,T3/19,MOVING,61.315,4.000,96.500,"GoalBlock{x=80,y=4,z=96}",21,1,MovementTraverse,456,23,23,,
1665,0,Husk,T3/19,MOVING,61.582,4.000,96.500,"GoalBlock{x=80,y=4,z=96}",21,1,MovementTraverse,456,23,23,,
1666,0,Husk,T3/19,MOVING,61.855,4.000,96.500,"GoalBlock{x=80,y=4,z=96}",21,1,MovementTraverse,456,23,23,,
1667,0,Husk,T3/19,MOVING,62.132,4.000,96.500,"GoalBlock{x=80,y=4,z=96}",21,1,MovementTraverse,456,23,23,,
1668,0,Husk,T3/19,MOVING,62.410,4.000,96.500,"GoalBlock{x=80,y=4,z=96}",21,2,MovementTraverse,456,23,23,,
1669,0,Husk,T3/19,MOVING,62.690,4.000,96.500,"GoalBlock{x=80,y=4,z=96}",21,2,MovementTraverse,456,23,23,,
1670,0,Husk,T3/19,MOVING,62.969,4.000,96.500,"GoalBlock{x=80,y=4,z=96}",21,2,MovementTraverse,456,23,23,,
1671,0,Husk,T3/19,MOVING,63.250,4.000,96.500,"GoalBlock{x=80,y=4,z=96}",21,2,MovementTraverse,456,23,23,,
1672,0,Husk,T3/19,MOVING,63.530,4.000,96.500,"GoalBlock{x=80,y=4,z=96}",21,3,MovementTraverse,456,23,23,,
1673,0,Husk,T3/19,MOVING,63.811,4.000,96.500,"GoalBlock{x=80,y=4,z=96}",21,3,MovementTraverse,456,23,23,,
1674,0,Husk,T3/19,MOVING,64.091,4.000,96.500,"GoalBlock{x=80,y=4,z=96}",21,3,MovementTraverse,456,23,23,,
1675,0,Husk,T3/19,MOVING,64.372,4.000,96.500,"GoalBlock{x=80,y=4,z=96}",21,4,MovementTraverse,456,23,23,,
1676,0,Husk,T3/19,MOVING,64.652,4.000,96.500,"GoalBlock{x=80,y=4,z=96}",21,4,MovementTraverse,456,23,23,,
1677,0,Husk,T3/19,MOVING,64.933,4.000,96.500,"GoalBlock{x=80,y=4,z=96}",21,4,MovementTraverse,456,23,23,,
1678,0,Husk,T3/19,MOVING,65.214,4.000,96.500,"GoalBlock{x=80,y=4,z=96}",21,4,MovementTraverse,456,23,23,,
1679,0,Husk,T3/19,MOVING,65.494,4.000,96.500,"GoalBlock{x=80,y=4,z=96}",21,5,MovementTraverse,456,23,23,,
1680,0,Husk,T3/19,MOVING,65.775,4.000,96.500,"GoalBlock{x=80,y=4,z=96}",21,5,MovementTraverse,456,23,23,,
1681,0,Husk,T3/19,MOVING,66.055,4.000,96.500,"GoalBlock{x=80,y=4,z=96}",21,5,MovementTraverse,456,23,23,,
1682,0,Husk,T3/19,MOVING,66.336,4.000,96.500,"GoalBlock{x=80,y=4,z=96}",21,6,MovementTraverse,456,23,23,,
1683,0,Husk,T3/19,MOVING,66.617,4.000,96.500,"GoalBlock{x=80,y=4,z=96}",21,6,MovementTraverse,456,23,23,,
1684,0,Husk,T3/19,MOVING,66.897,4.000,96.500,"GoalBlock{x=80,y=4,z=96}",21,6,MovementTraverse,456,23,23,,
1685,0,Husk,T3/19,MOVING,67.178,4.000,96.500,"GoalBlock{x=80,y=4,z=96}",21,6,MovementTraverse,456,23,23,,
1686,0,Husk,T3/19,MOVING,67.459,4.000,96.500,"GoalBlock{x=80,y=4,z=96}",21,7,MovementTraverse,456,23,23,,
1687,0,Husk,T3/19,MOVING,67.739,4.000,96.500,"GoalBlock{x=80,y=4,z=96}",21,7,MovementTraverse,456,23,23,,
1688,0,Husk,T3/19,MOVING,68.020,4.000,96.500,"GoalBlock{x=80,y=4,z=96}",21,7,MovementTraverse,456,23,23,,
1689,0,Husk,T3/19,MOVING,68.283,4.000,96.564,"GoalBlock{x=80,y=4,z=96}",21,8,MovementDiagonal,456,23,23,,
1690,0,Husk,T3/19,MOVING,68.528,4.000,96.676,"GoalBlock{x=80,y=4,z=96}",21,8,MovementDiagonal,456,23,23,,
1691,0,Husk,T3/19,MOVING,68.759,4.000,96.820,"GoalBlock{x=80,y=4,z=96}",21,8,MovementDiagonal,456,23,23,,
1692,0,Husk,T3/19,MOVING,68.979,4.000,96.985,"GoalBlock{x=80,y=4,z=96}",21,8,MovementDiagonal,456,23,23,,
1693,0,Husk,T3/19,MOVING,69.190,4.000,97.164,"GoalBlock{x=80,y=4,z=96}",21,8,MovementDiagonal,456,23,23,,
1694,0,Husk,T3/19,MOVING,69.428,4.000,97.294,"GoalBlock{x=80,y=4,z=96}",21,9,MovementTraverse,456,23,23,,
1695,0,Husk,T3/19,MOVING,69.683,4.000,97.390,"GoalBlock{x=80,y=4,z=96}",21,9,MovementTraverse,456,23,23,,
1696,0,Husk,T3/19,MOVING,69.949,4.000,97.459,"GoalBlock{x=80,y=4,z=96}",21,9,MovementTraverse,456,23,23,,
1697,0,Husk,T3/19,MOVING,70.221,4.000,97.506,"GoalBlock{x=80,y=4,z=96}",21,9,MovementTraverse,456,23,23,,
1698,0,Husk,T3/19,MOVING,70.497,4.000,97.531,"GoalBlock{x=80,y=4,z=96}",21,10,MovementTraverse,456,23,23,,
1699,0,Husk,T3/19,MOVING,70.775,4.000,97.541,"GoalBlock{x=80,y=4,z=96}",21,10,MovementTraverse,456,23,23,,
1700,0,Husk,T3/19,MOVING,71.054,4.000,97.539,"GoalBlock{x=80,y=4,z=96}",21,10,MovementTraverse,456,23,23,,
1701,0,Husk,T3/19,MOVING,71.333,4.000,97.536,"GoalBlock{x=80,y=4,z=96}",21,11,MovementTraverse,456,23,23,,
1702,0,Husk,T3/19,MOVING,71.613,4.000,97.532,"GoalBlock{x=80,y=4,z=96}",21,11,MovementTraverse,456,23,23,,
1703,0,Husk,T3/19,MOVING,71.894,4.000,97.527,"GoalBlock{x=80,y=4,z=96}",21,11,MovementTraverse,456,23,23,,
1704,0,Husk,T3/19,MOVING,72.174,4.000,97.521,"GoalBlock{x=80,y=4,z=96}",21,11,MovementTraverse,456,23,23,,
1705,0,Husk,T3/19,MOVING,72.454,4.000,97.516,"GoalBlock{x=80,y=4,z=96}",21,12,MovementTraverse,456,23,23,,
1706,0,Husk,T3/19,MOVING,72.735,4.000,97.514,"GoalBlock{x=80,y=4,z=96}",21,12,MovementTraverse,456,23,23,,
1707,0,Husk,T3/19,MOVING,73.015,4.000,97.512,"GoalBlock{x=80,y=4,z=96}",21,12,MovementTraverse,456,23,23,,
1708,0,Husk,T3/19,MOVING,73.296,4.000,97.511,"GoalBlock{x=80,y=4,z=96}",21,13,MovementTraverse,456,23,23,,
1709,0,Husk,T3/19,MOVING,73.576,4.000,97.510,"GoalBlock{x=80,y=4,z=96}",21,13,MovementTraverse,456,23,23,,
1710,0,Husk,T3/19,MOVING,73.857,4.000,97.508,"GoalBlock{x=80,y=4,z=96}",21,13,MovementTraverse,456,23,23,,
1711,0,Husk,T3/19,MOVING,74.138,4.000,97.507,"GoalBlock{x=80,y=4,z=96}",21,13,MovementTraverse,456,23,23,,
1712,0,Husk,T3/19,MOVING,74.418,4.000,97.506,"GoalBlock{x=80,y=4,z=96}",21,14,MovementTraverse,456,23,23,,
1713,0,Husk,T3/19,MOVING,74.699,4.000,97.505,"GoalBlock{x=80,y=4,z=96}",21,14,MovementTraverse,456,23,23,,
1714,0,Husk,T3/19,MOVING,74.979,4.000,97.505,"GoalBlock{x=80,y=4,z=96}",21,14,MovementTraverse,456,23,23,,
1715,0,Husk,T3/19,MOVING,75.260,4.000,97.503,"GoalBlock{x=80,y=4,z=96}",21,14,MovementTraverse,456,23,23,,
1716,0,Husk,T3/19,MOVING,75.541,4.000,97.503,"GoalBlock{x=80,y=4,z=96}",21,15,MovementTraverse,456,23,23,,
1717,0,Husk,T3/19,MOVING,75.821,4.000,97.503,"GoalBlock{x=80,y=4,z=96}",21,15,MovementTraverse,456,23,23,,
1718,0,Husk,T3/19,MOVING,76.102,4.000,97.502,"GoalBlock{x=80,y=4,z=96}",21,15,MovementTraverse,456,23,23,,
1719,0,Husk,T3/19,MOVING,76.382,4.000,97.502,"GoalBlock{x=80,y=4,z=96}",21,16,MovementTraverse,456,23,23,,
1720,0,Husk,T3/19,MOVING,76.663,4.000,97.502,"GoalBlock{x=80,y=4,z=96}",21,16,MovementTraverse,456,23,23,,
1721,0,Husk,T3/19,MOVING,76.944,4.000,97.502,"GoalBlock{x=80,y=4,z=96}",21,16,MovementTraverse,456,23,23,,
1722,0,Husk,T3/19,MOVING,77.224,4.000,97.501,"GoalBlock{x=80,y=4,z=96}",21,16,MovementTraverse,456,23,23,,
1723,0,Husk,T3/19,MOVING,77.505,4.000,97.501,"GoalBlock{x=80,y=4,z=96}",21,17,MovementTraverse,456,23,23,,
1724,0,Husk,T3/19,MOVING,77.786,4.000,97.501,"GoalBlock{x=80,y=4,z=96}",21,17,MovementTraverse,456,23,23,,
1725,0,Husk,T3/19,MOVING,78.066,4.000,97.501,"GoalBlock{x=80,y=4,z=96}",21,17,MovementTraverse,456,23,23,,
1726,0,Husk,T3/19,MOVING,78.347,4.000,97.501,"GoalBlock{x=80,y=4,z=96}",21,18,MovementTraverse,456,23,23,,
1727,0,Husk,T3/19,MOVING,78.627,4.000,97.501,"GoalBlock{x=80,y=4,z=96}",21,18,MovementTraverse,456,23,23,,
1728,0,Husk,T3/19,MOVING,78.908,4.000,97.501,"GoalBlock{x=80,y=4,z=96}",21,18,MovementTraverse,456,23,23,,
1729,0,Husk,T3/19,MOVING,79.189,4.000,97.500,"GoalBlock{x=80,y=4,z=96}",21,18,MovementTraverse,456,23,23,,
1730,0,Husk,T3/19,MOVING,79.452,4.000,97.437,"GoalBlock{x=80,y=4,z=96}",21,19,MovementDiagonal,456,23,23,,
1731,0,Husk,T3/19,MOVING,79.691,4.000,97.317,"GoalBlock{x=80,y=4,z=96}",21,19,MovementDiagonal,456,23,23,,
1732,0,Husk,T3/19,MOVING,79.911,4.000,97.161,"GoalBlock{x=80,y=4,z=96}",21,19,MovementDiagonal,456,23,23,,
1733,0,Husk,T3/19,MOVING,80.116,4.000,96.981,"GoalBlock{x=80,y=4,z=96}",21,19,MovementDiagonal,456,23,23,,
1734,0,Husk,T3/19,ARRIVED,80.228,4.000,96.882,,-1,-1,,456,23,23,,CANCELED
1735,0,Husk,T3/20,ARRIVED,60.500,14.000,108.500,,-1,-1,,456,23,23,,CANCELED|CANCELED
1736,0,Husk,T3/20,ARRIVED,60.500,14.000,108.500,,-1,-1,,456,23,23,,
1737,0,Husk,T3/20,ARRIVED,60.500,14.000,108.500,,-1,-1,,456,23,23,,
1738,0,Husk,T3/20,ARRIVED,60.500,14.000,108.500,,-1,-1,,456,23,23,,
1739,0,Husk,T3/20,ARRIVED,60.500,14.000,108.500,,-1,-1,,456,23,23,,
1740,0,Husk,T3/20,ARRIVED,60.500,14.000,108.500,,-1,-1,,456,23,23,,
1741,0,Husk,T3/20,ARRIVED,60.500,14.000,108.500,,-1,-1,,456,23,23,,
1742,0,Husk,T3/20,ARRIVED,60.500,14.000,108.500,,-1,-1,,456,23,23,,
1743,0,Husk,T3/20,ARRIVED,60.500,14.000,108.500,,-1,-1,,456,23,23,,
1744,0,Husk,T3/20,ARRIVED,60.500,14.000,108.500,,-1,-1,,456,23,23,,
1745,0,Husk,T3/20,SEARCHING,60.500,14.000,108.500,"GoalBlock{x=75,y=4,z=108}",-1,-1,,456,24,24,,CALC_STARTED
1746,0,Husk,T3/20,MOVING,60.627,14.000,108.500,"GoalBlock{x=75,y=4,z=108}",16,0,MovementTraverse,1062,24,24,,CALC_FINISHED_NOW_EXECUTING
1747,0,Husk,T3/20,MOVING,60.824,14.000,108.500,"GoalBlock{x=75,y=4,z=108}",16,0,MovementTraverse,1062,24,24,,
1748,0,Husk,T3/20,MOVING,61.059,14.000,108.500,"GoalBlock{x=75,y=4,z=108}",16,0,MovementTraverse,1062,24,24,,
1749,0,Husk,T3/20,MOVING,61.315,14.000,108.500,"GoalBlock{x=75,y=4,z=108}",16,1,MovementTraverse,1062,24,24,,
1750,0,Husk,T3/20,MOVING,61.582,14.000,108.500,"GoalBlock{x=75,y=4,z=108}",16,1,MovementTraverse,1062,24,24,,
1751,0,Husk,T3/20,MOVING,61.855,14.000,108.500,"GoalBlock{x=75,y=4,z=108}",16,1,MovementTraverse,1062,24,24,,
1752,0,Husk,T3/20,MOVING,62.132,14.000,108.500,"GoalBlock{x=75,y=4,z=108}",16,1,MovementTraverse,1062,24,24,,
1753,0,Husk,T3/20,MOVING,62.410,14.000,108.500,"GoalBlock{x=75,y=4,z=108}",16,2,MovementTraverse,1062,24,24,,
1754,0,Husk,T3/20,MOVING,62.690,14.000,108.500,"GoalBlock{x=75,y=4,z=108}",16,2,MovementTraverse,1062,24,24,,
1755,0,Husk,T3/20,MOVING,62.969,14.000,108.500,"GoalBlock{x=75,y=4,z=108}",16,2,MovementTraverse,1062,24,24,,
1756,0,Husk,T3/20,MOVING,63.250,14.000,108.500,"GoalBlock{x=75,y=4,z=108}",16,2,MovementTraverse,1062,24,24,,
1757,0,Husk,T3/20,MOVING,63.501,14.000,108.500,"GoalBlock{x=75,y=4,z=108}",16,3,MovementFall,1062,24,24,,
1758,0,Husk,T3/20,MOVING,63.736,14.000,108.500,"GoalBlock{x=75,y=4,z=108}",16,3,MovementFall,1062,24,24,,
1759,0,Husk,T3/20,MOVING,63.962,14.000,108.500,"GoalBlock{x=75,y=4,z=108}",16,3,MovementFall,1062,24,24,,
1760,0,Husk,T3/20,MOVING,64.184,14.000,108.500,"GoalBlock{x=75,y=4,z=108}",16,3,MovementFall,1062,24,24,,
1761,0,Husk,T3/20,MOVING,64.403,14.000,108.500,"GoalBlock{x=75,y=4,z=108}",16,3,MovementFall,1062,24,24,,
1762,0,Husk,T3/20,MOVING,64.522,13.922,108.500,"GoalBlock{x=75,y=4,z=108}",16,3,MovementFall,1062,24,24,,
1763,0,Husk,T3/20,MOVING,64.588,13.766,108.500,"GoalBlock{x=75,y=4,z=108}",16,3,MovementFall,1062,24,24,,
1764,0,Husk,T3/20,MOVING,64.647,13.536,108.480,"GoalBlock{x=75,y=4,z=108}",16,3,MovementFall,1062,24,24,,
1765,0,Husk,T3/20,MOVING,64.691,13.232,108.446,"GoalBlock{x=75,y=4,z=108}",16,3,MovementFall,1062,24,24,,
1766,0,Husk,T3/20,MOVING,64.715,12.855,108.404,"GoalBlock{x=75,y=4,z=108}",16,3,MovementFall,1062,24,24,,
1767,0,Husk,T3/20,MOVING,64.730,12.407,108.366,"GoalBlock{x=75,y=4,z=108}",16,3,MovementFall,1062,24,24,,
1768,0,Husk,T3/20,MOVING,64.738,11.890,108.334,"GoalBlock{x=75,y=4,z=108}",16,3,MovementFall,1062,24,24,,
1769,0,Husk,T3/20,MOVING,64.741,11.305,108.307,"GoalBlock{x=75,y=4,z=108}",16,3,MovementFall,1062,24,24,,
1770,0,Husk,T3/20,MOVING,64.735,10.654,108.285,"GoalBlock{x=75,y=4,z=108}",16,3,MovementFall,1062,24,24,,
1771,0,Husk,T3/20,MOVING,64.726,9.937,108.269,"GoalBlock{x=75,y=4,z=108}",16,3,MovementFall,1062,24,24,,
1772,0,Husk,T3/20,MOVING,64.712,9.156,108.257,"GoalBlock{x=75,y=4,z=108}",16,3,MovementFall,1062,24,24,,
1773,0,Husk,T3/20,MOVING,64.695,8.312,108.249,"GoalBlock{x=75,y=4,z=108}",16,3,MovementFall,1062,24,24,,
1774,0,Husk,T3/20,MOVING,64.674,7.406,108.246,"GoalBlock{x=75,y=4,z=108}",16,3,MovementFall,1062,24,24,,
1775,0,Husk,T3/20,MOVING,64.651,6.440,108.250,"GoalBlock{x=75,y=4,z=108}",16,3,MovementFall,1062,24,24,,
1776,0,Husk,T3/20,MOVING,64.626,5.416,108.257,"GoalBlock{x=75,y=4,z=108}",16,3,MovementFall,1062,24,24,,
1777,0,Husk,T3/20,MOVING,64.598,4.333,108.268,"GoalBlock{x=75,y=4,z=108}",16,3,MovementFall,1062,24,24,,
1778,0,Husk,T3/20,MOVING,64.570,3.193,108.282,"GoalBlock{x=75,y=4,z=108}",16,3,MovementFall,1062,24,24,,
1779,0,Husk,T3/20,MOVING,64.539,2.038,108.299,"GoalBlock{x=75,y=4,z=108}",16,3,MovementFall,1062,24,24,,
1780,0,Husk,T3/20,MOVING,64.511,2.000,108.318,"GoalBlock{x=75,y=4,z=108}",16,3,MovementFall,1062,24,24,,
1781,0,Husk,T3/20,MOVING,64.477,2.020,108.348,"GoalBlock{x=75,y=4,z=108}",16,3,MovementFall,1062,24,24,,
1782,0,Husk,T3/20,MOVING,64.439,2.056,108.388,"GoalBlock{x=75,y=4,z=108}",16,3,MovementFall,1062,24,24,,
1783,0,Husk,T3/20,MOVING,64.409,2.105,108.421,"GoalBlock{x=75,y=4,z=108}",16,3,MovementFall,1062,24,24,,
1784,0,Husk,T3/20,MOVING,64.377,2.164,108.465,"GoalBlock{x=75,y=4,z=108}",16,3,MovementFall,1062,24,24,,
1785,0,Husk,T3/20,MOVING,64.350,2.231,108.520,"GoalBlock{x=75,y=4,z=108}",16,3,MovementFall,1062,24,24,,
1786,0,Husk,T3/20,MOVING,64.338,2.305,108.581,"GoalBlock{x=75,y=4,z=108}",16,3,MovementFall,1062,24,24,,
1787,0,Husk,T3/20,MOVING,64.345,2.384,108.640,"GoalBlock{x=75,y=4,z=108}",16,3,MovementFall,1062,24,24,,
1788,0,Husk,T3/20,MOVING,64.370,2.467,108.689,"GoalBlock{x=75,y=4,z=108}",16,3,MovementFall,1062,24,24,,
1789,0,Husk,T3/20,MOVING,64.407,2.554,108.719,"GoalBlock{x=75,y=4,z=108}",16,3,MovementFall,1062,24,24,,
1790,0,Husk,T3/20,MOVING,64.447,2.643,108.726,"GoalBlock{x=75,y=4,z=108}",16,3,MovementFall,1062,24,24,,
1791,0,Husk,T3/20,MOVING,64.481,2.734,108.712,"GoalBlock{x=75,y=4,z=108}",16,3,MovementFall,1062,24,24,,
1792,0,Husk,T3/20,MOVING,64.498,2.827,108.683,"GoalBlock{x=75,y=4,z=108}",16,3,MovementFall,1062,24,24,,
1793,0,Husk,T3/20,MOVING,64.502,2.922,108.644,"GoalBlock{x=75,y=4,z=108}",16,3,MovementFall,1062,24,24,,
1794,0,Husk,T3/20,MOVING,64.500,3.018,108.594,"GoalBlock{x=75,y=4,z=108}",16,4,MovementTraverse,1062,24,24,,
1795,0,Husk,T3/20,MOVING,64.509,3.114,108.535,"GoalBlock{x=75,y=4,z=108}",16,4,MovementTraverse,1062,24,24,,
1796,0,Husk,T3/20,MOVING,64.532,3.211,108.478,"GoalBlock{x=75,y=4,z=108}",16,4,MovementTraverse,1062,24,24,,
1797,0,Husk,T3/20,MOVING,64.570,3.309,108.430,"GoalBlock{x=75,y=4,z=108}",16,4,MovementTraverse,1062,24,24,,
1798,0,Husk,T3/20,MOVING,64.620,3.407,108.394,"GoalBlock{x=75,y=4,z=108}",16,4,MovementTraverse,1062,24,24,,
1799,0,Husk,T3/20,MOVING,64.680,3.506,108.367,"GoalBlock{x=75,y=4,z=108}",16,4,MovementTraverse,1062,24,24,,
1800,0,Husk,T3/20,MOVING,64.747,3.605,108.349,"GoalBlock{x=75,y=4,z=108}",16,4,MovementTraverse,1062,24,24,,
1801,0,Husk,T3/20,MOVING,64.825,3.664,108.339,"GoalBlock{x=75,y=4,z=108}",16,4,MovementTraverse,1062,24,24,,
1802,0,Husk,T3/20,MOVING,64.921,3.643,108.336,"GoalBlock{x=75,y=4,z=108}",16,4,MovementTraverse,1062,24,24,,
1803,0,Husk,T3/20,MOVING,65.034,3.545,108.343,"GoalBlock{x=75,y=4,z=108}",16,4,MovementTraverse,1062,24,24,,
1804,0,Husk,T3/20,MOVING,65.155,3.410,108.352,"GoalBlock{x=75,y=4,z=108}",16,5,MovementTraverse,1062,24,24,,
1805,0,Husk,T3/20,MOVING,65.272,3.322,108.360,"GoalBlock{x=75,y=4,z=108}",16,5,MovementTraverse,1062,24,24,,
1806,0,Husk,T3/20,MOVING,65.384,3.271,108.370,"GoalBlock{x=75,y=4,z=108}",16,5,MovementTraverse,1062,24,24,,
1807,0,Husk,T3/20,MOVING,65.494,3.251,108.380,"GoalBlock{x=75,y=4,z=108}",16,5,MovementTraverse,1062,24,24,,
1808,0,Husk,T3/20,MOVING,65.601,3.255,108.390,"GoalBlock{x=75,y=4,z=108}",16,5,MovementTraverse,1062,24,24,,
1809,0,Husk,T3/20,MOVING,65.707,3.278,108.400,"GoalBlock{x=75,y=4,z=108}",16,5,MovementTraverse,1062,24,24,,
1810,0,Husk,T3/20,MOVING,65.810,3.318,108.411,"GoalBlock{x=75,y=4,z=108}",16,5,MovementTraverse,1062,24,24,,
1811,0,Husk,T3/20,MOVING,65.913,3.370,108.422,"GoalBlock{x=75,y=4,z=108}",16,5,MovementTraverse,1062,24,24,,
1812,0,Husk,T3/20,MOVING,66.014,3.432,108.434,"GoalBlock{x=75,y=4,z=108}",16,5,MovementTraverse,1062,24,24,,
1813,0,Husk,T3/20,MOVING,66.115,3.501,108.444,"GoalBlock{x=75,y=4,z=108}",16,6,MovementTraverse,1062,24,24,,
1814,0,Husk,T3/20,MOVING,66.215,3.576,108.453,"GoalBlock{x=75,y=4,z=108}",16,6,MovementTraverse,1062,24,24,,
1815,0,Husk,T3/20,MOVING,66.314,3.657,108.460,"GoalBlock{x=75,y=4,z=108}",16,6,MovementTraverse,1062,24,24,,
1816,0,Husk,T3/20,MOVING,66.420,3.701,108.468,"GoalBlock{x=75,y=4,z=108}",16,6,MovementTraverse,1062,24,24,,
1817,0,Husk,T3/20,MOVING,66.541,3.666,108.475,"GoalBlock{x=75,y=4,z=108}",16,6,MovementTraverse,1062,24,24,,
1818,0,Husk,T3/20,MOVING,66.677,3.553,108.482,"GoalBlock{x=75,y=4,z=108}",16,6,MovementTraverse,1062,24,24,,
1819,0,Husk,T3/20,MOVING,66.820,3.404,108.489,"GoalBlock{x=75,y=4,z=108}",16,6,MovementTraverse,1062,24,24,,
1820,0,Husk,T3/20,MOVING,66.954,3.305,108.495,"GoalBlock{x=75,y=4,z=108}",16,6,MovementTraverse,1062,24,24,,
1821,0,Husk,T3/20,MOVING,67.081,3.246,108.500,"GoalBlock{x=75,y=4,z=108}",16,6,MovementTraverse,1062,24,24,,
1822,0,Husk,T3/20,MOVING,67.202,3.219,108.504,"GoalBlock{x=75,y=4,z=108}",16,7,MovementTraverse,1062,24,24,,
1823,0,Husk,T3/20,MOVING,67.318,3.217,108.507,"GoalBlock{x=75,y=4,z=108}",16,7,MovementTraverse,1062,24,24,,
1824,0,Husk,T3/20,MOVING,67.431,3.235,108.507,"GoalBlock{x=75,y=4,z=108}",16,7,MovementTraverse,1062,24,24,,
1825,0,Husk,T3/20,MOVING,67.541,3.270,108.507,"GoalBlock{x=75,y=4,z=108}",16,7,MovementTraverse,1062,24,24,,
1826,0,Husk,T3/20,MOVING,67.648,3.318,108.507,"GoalBlock{x=75,y=4,z=108}",16,7,MovementTraverse,1062,24,24,,
1827,0,Husk,T3/20,MOVING,67.754,3.376,108.506,"GoalBlock{x=75,y=4,z=108}",16,7,MovementTraverse,1062,24,24,,
1828,0,Husk,T3/20,MOVING,67.858,3.442,108.506,"GoalBlock{x=75,y=4,z=108}",16,7,MovementTraverse,1062,24,24,,
1829,0,Husk,T3/20,MOVING,67.961,3.516,108.506,"GoalBlock{x=75,y=4,z=108}",16,7,MovementTraverse,1062,24,24,,
1830,0,Husk,T3/20,MOVING,68.063,3.594,108.506,"GoalBlock{x=75,y=4,z=108}",16,7,MovementTraverse,1062,24,24,,
1831,0,Husk,T3/20,MOVING,68.164,3.677,108.506,"GoalBlock{x=75,y=4,z=108}",16,8,MovementAscend,1062,24,24,,
1832,0,Husk,T3/20,MOVING,68.264,3.724,108.506,"GoalBlock{x=75,y=4,z=108}",16,8,MovementAscend,1062,24,24,,
1833,0,Husk,T3/20,MOVING,68.375,3.691,108.506,"GoalBlock{x=75,y=4,z=108}",16,8,MovementAscend,1062,24,24,,
1834,0,Husk,T3/20,MOVING,68.496,3.580,108.506,"GoalBlock{x=75,y=4,z=108}",16,8,MovementAscend,1062,24,24,,
1835,0,Husk,T3/20,MOVING,68.625,3.433,108.505,"GoalBlock{x=75,y=4,z=108}",16,8,MovementAscend,1062,24,24,,
1836,0,Husk,T3/20,MOVING,68.700,3.335,108.505,"GoalBlock{x=75,y=4,z=108}",16,8,MovementAscend,1062,24,24,,
1837,0,Husk,T3/20,MOVING,68.700,3.277,108.505,"GoalBlock{x=75,y=4,z=108}",16,8,MovementAscend,1062,24,24,,
1838,0,Husk,T3/20,MOVING,68.700,3.251,108.505,"GoalBlock{x=75,y=4,z=108}",16,8,MovementAscend,1062,24,24,,
1839,0,Husk,T3/20,MOVING,68.700,3.250,108.505,"GoalBlock{x=75,y=4,z=108}",16,8,MovementAscend,1062,24,24,,
1840,0,Husk,T3/20,MOVING,68.700,3.269,108.505,"GoalBlock{x=75,y=4,z=108}",16,8,MovementAscend,1062,24,24,,
1841,0,Husk,T3/20,MOVING,68.700,3.304,108.505,"GoalBlock{x=75,y=4,z=108}",16,8,MovementAscend,1062,24,24,,
1842,0,Husk,T3/20,MOVING,68.700,3.352,108.505,"GoalBlock{x=75,y=4,z=108}",16,8,MovementAscend,1062,24,24,,
1843,0,Husk,T3/20,MOVING,68.700,3.411,108.504,"GoalBlock{x=75,y=4,z=108}",16,8,MovementAscend,1062,24,24,,
1844,0,Husk,T3/20,MOVING,68.700,3.478,108.504,"GoalBlock{x=75,y=4,z=108}",16,8,MovementAscend,1062,24,24,,
1845,0,Husk,T3/20,MOVING,68.700,3.818,108.504,"GoalBlock{x=75,y=4,z=108}",16,8,MovementAscend,1062,24,24,,
1846,0,Husk,T3/20,MOVING,68.720,4.118,108.504,"GoalBlock{x=75,y=4,z=108}",16,8,MovementAscend,1062,24,24,,
1847,0,Husk,T3/20,MOVING,68.757,4.333,108.504,"GoalBlock{x=75,y=4,z=108}",16,8,MovementAscend,1062,24,24,,
1848,0,Husk,T3/20,MOVING,68.811,4.466,108.504,"GoalBlock{x=75,y=4,z=108}",16,8,MovementAscend,1062,24,24,,
1849,0,Husk,T3/20,MOVING,68.879,4.518,108.504,"GoalBlock{x=75,y=4,z=108}",16,8,MovementAscend,1062,24,24,,
1850,0,Husk,T3/20,MOVING,68.961,4.490,108.504,"GoalBlock{x=75,y=4,z=108}",16,8,MovementAscend,1062,24,24,,
1851,0,Husk,T3/20,MOVING,69.055,4.385,108.504,"GoalBlock{x=75,y=4,z=108}",16,8,MovementAscend,1062,24,24,,
1852,0,Husk,T3/20,MOVING,69.166,4.203,108.503,"GoalBlock{x=75,y=4,z=108}",16,9,MovementTraverse,1062,24,24,,
1853,0,Husk,T3/20,MOVING,69.293,4.000,108.503,"GoalBlock{x=75,y=4,z=108}",16,9,MovementTraverse,1062,24,24,,
1854,0,Husk,T3/20,MOVING,69.535,4.000,108.503,"GoalBlock{x=75,y=4,z=108}",16,9,MovementTraverse,1062,24,24,,
1855,0,Husk,T3/20,MOVING,69.795,4.000,108.503,"GoalBlock{x=75,y=4,z=108}",16,9,MovementTraverse,1062,24,24,,
1856,0,Husk,T3/20,MOVING,70.065,4.000,108.502,"GoalBlock{x=75,y=4,z=108}",16,9,MovementTraverse,1062,24,24,,
1857,0,Husk,T3/20,MOVING,70.339,4.000,108.502,"GoalBlock{x=75,y=4,z=108}",16,10,MovementTraverse,1062,24,24,,
1858,0,Husk,T3/20,MOVING,70.616,4.000,108.502,"GoalBlock{x=75,y=4,z=108}",16,10,MovementTraverse,1062,24,24,,
1859,0,Husk,T3/20,MOVING,70.895,4.000,108.502,"GoalBlock{x=75,y=4,z=108}",16,10,MovementTraverse,1062,24,24,,
1860,0,Husk,T3/20,MOVING,71.175,4.000,108.501,"GoalBlock{x=75,y=4,z=108}",16,10,MovementTraverse,1062,24,24,,
1861,0,Husk,T3/20,MOVING,71.455,4.000,108.501,"GoalBlock{x=75,y=4,z=108}",16,11,MovementTraverse,1062,24,24,,
1862,0,Husk,T3/20,MOVING,71.735,4.000,108.501,"GoalBlock{x=75,y=4,z=108}",16,11,MovementTraverse,1062,24,24,,
1863,0,Husk,T3/20,MOVING,72.015,4.000,108.501,"GoalBlock{x=75,y=4,z=108}",16,11,MovementTraverse,1062,24,24,,
1864,0,Husk,T3/20,MOVING,72.296,4.000,108.501,"GoalBlock{x=75,y=4,z=108}",16,12,MovementTraverse,1062,24,24,,
1865,0,Husk,T3/20,MOVING,72.577,4.000,108.501,"GoalBlock{x=75,y=4,z=108}",16,12,MovementTraverse,1062,24,24,,
1866,0,Husk,T3/20,MOVING,72.857,4.000,108.501,"GoalBlock{x=75,y=4,z=108}",16,12,MovementTraverse,1062,24,24,,
1867,0,Husk,T3/20,MOVING,73.138,4.000,108.500,"GoalBlock{x=75,y=4,z=108}",16,12,MovementTraverse,1062,24,24,,
1868,0,Husk,T3/20,MOVING,73.418,4.000,108.500,"GoalBlock{x=75,y=4,z=108}",16,13,MovementTraverse,1062,24,24,,
1869,0,Husk,T3/20,MOVING,73.699,4.000,108.500,"GoalBlock{x=75,y=4,z=108}",16,13,MovementTraverse,1062,24,24,,
1870,0,Husk,T3/20,MOVING,73.980,4.000,108.500,"GoalBlock{x=75,y=4,z=108}",16,13,MovementTraverse,1062,24,24,,
1871,0,Husk,T3/20,MOVING,74.260,4.000,108.500,"GoalBlock{x=75,y=4,z=108}",16,13,MovementTraverse,1062,24,24,,
1872,0,Husk,T3/20,MOVING,74.541,4.000,108.500,"GoalBlock{x=75,y=4,z=108}",16,14,MovementTraverse,1062,24,24,,
1873,0,Husk,T3/20,MOVING,74.821,4.000,108.500,"GoalBlock{x=75,y=4,z=108}",16,14,MovementTraverse,1062,24,24,,
1874,0,Husk,T3/20,MOVING,75.102,4.000,108.500,"GoalBlock{x=75,y=4,z=108}",16,14,MovementTraverse,1062,24,24,,
1875,0,Husk,T3/20,ARRIVED,75.255,4.000,108.500,,-1,-1,,1062,24,24,,CANCELED
1876,0,Husk,T3/21,ARRIVED,0.500,4.000,0.500,,-1,-1,,1062,24,24,,CANCELED|CANCELED
1877,0,Husk,T3/21,ARRIVED,0.500,4.000,0.500,,-1,-1,,1062,24,24,,
1878,0,Husk,T3/21,ARRIVED,0.500,4.000,0.500,,-1,-1,,1062,24,24,,
1879,0,Husk,T3/21,ARRIVED,0.500,4.000,0.500,,-1,-1,,1062,24,24,,
1880,0,Husk,T3/21,ARRIVED,0.500,4.000,0.500,,-1,-1,,1062,24,24,,
1881,0,Husk,T3/21,ARRIVED,0.500,4.000,0.500,,-1,-1,,1062,24,24,,
1882,0,Husk,T3/21,ARRIVED,0.500,4.000,0.500,,-1,-1,,1062,24,24,,
1883,0,Husk,T3/21,ARRIVED,0.500,4.000,0.500,,-1,-1,,1062,24,24,,
1884,0,Husk,T3/21,ARRIVED,0.500,4.000,0.500,,-1,-1,,1062,24,24,,
1885,0,Husk,T3/21,ARRIVED,0.500,4.000,0.500,,-1,-1,,1062,24,24,,
1886,0,Husk,T3/21,SEARCHING,0.500,4.000,0.500,"GoalBlock{x=30,y=4,z=0}",-1,-1,,1062,25,25,,CALC_STARTED
1887,0,Husk,T3/21,MOVING,0.627,4.000,0.500,"GoalBlock{x=30,y=4,z=0}",31,0,MovementTraverse,291,25,25,,CALC_FINISHED_NOW_EXECUTING
1888,0,Husk,T3/21,MOVING,0.824,4.000,0.500,"GoalBlock{x=30,y=4,z=0}",31,0,MovementTraverse,291,25,25,,
1889,0,Husk,T3/21,MOVING,1.059,4.000,0.500,"GoalBlock{x=30,y=4,z=0}",31,0,MovementTraverse,291,25,25,,
1890,0,Husk,T3/21,MOVING,1.315,4.000,0.500,"GoalBlock{x=30,y=4,z=0}",31,1,MovementTraverse,291,25,25,,
1891,0,Husk,T3/21,MOVING,1.582,4.000,0.500,"GoalBlock{x=30,y=4,z=0}",31,1,MovementTraverse,291,25,25,,
1892,0,Husk,T3/21,MOVING,1.855,4.000,0.500,"GoalBlock{x=30,y=4,z=0}",31,1,MovementTraverse,291,25,25,,
1893,0,Husk,T3/21,MOVING,2.132,4.000,0.500,"GoalBlock{x=30,y=4,z=0}",31,1,MovementTraverse,291,25,25,,
1894,0,Husk,T3/21,MOVING,2.410,4.000,0.500,"GoalBlock{x=30,y=4,z=0}",31,2,MovementTraverse,291,25,25,,
1895,0,Husk,T3/21,MOVING,2.690,4.000,0.500,"GoalBlock{x=30,y=4,z=0}",31,2,MovementTraverse,291,25,25,,
1896,0,Husk,T3/21,MOVING,2.969,4.000,0.500,"GoalBlock{x=30,y=4,z=0}",31,2,MovementTraverse,291,25,25,,
1897,0,Husk,T3/21,MOVING,3.250,4.000,0.500,"GoalBlock{x=30,y=4,z=0}",31,2,MovementTraverse,291,25,25,,
1898,0,Husk,T3/21,MOVING,3.530,4.000,0.500,"GoalBlock{x=30,y=4,z=0}",31,3,MovementTraverse,291,25,25,,
1899,0,Husk,T3/21,MOVING,3.811,4.000,0.500,"GoalBlock{x=30,y=4,z=0}",31,3,MovementTraverse,291,25,25,,
1900,0,Husk,T3/21,MOVING,4.091,4.000,0.500,"GoalBlock{x=30,y=4,z=0}",31,3,MovementTraverse,291,25,25,,
1901,0,Husk,T3/21,MOVING,4.372,4.000,0.500,"GoalBlock{x=30,y=4,z=0}",31,4,MovementTraverse,291,25,25,,
1902,0,Husk,T3/21,MOVING,4.652,4.000,0.500,"GoalBlock{x=30,y=4,z=0}",31,4,MovementTraverse,291,25,25,,
1903,0,Husk,T3/21,MOVING,4.933,4.000,0.500,"GoalBlock{x=30,y=4,z=0}",31,4,MovementTraverse,291,25,25,,
1904,0,Husk,T3/21,MOVING,5.214,4.000,0.500,"GoalBlock{x=30,y=4,z=0}",31,4,MovementTraverse,291,25,25,,
1905,0,Husk,T3/21,MOVING,5.494,4.000,0.500,"GoalBlock{x=30,y=4,z=0}",31,5,MovementTraverse,291,25,25,,
1906,0,Husk,T3/21,MOVING,5.775,4.000,0.500,"GoalBlock{x=30,y=4,z=0}",31,5,MovementTraverse,291,25,25,,
1907,0,Husk,T3/21,MOVING,6.055,4.000,0.500,"GoalBlock{x=30,y=4,z=0}",31,5,MovementTraverse,291,25,25,,
1908,0,Husk,T3/21,MOVING,6.336,4.000,0.500,"GoalBlock{x=30,y=4,z=0}",31,6,MovementTraverse,291,25,25,,
1909,0,Husk,T3/21,MOVING,6.617,4.000,0.500,"GoalBlock{x=30,y=4,z=0}",31,6,MovementTraverse,291,25,25,,
1910,0,Husk,T3/21,MOVING,6.897,4.000,0.500,"GoalBlock{x=30,y=4,z=0}",31,6,MovementTraverse,291,25,25,,
1911,0,Husk,T3/21,MOVING,7.178,4.000,0.500,"GoalBlock{x=30,y=4,z=0}",31,6,MovementTraverse,291,25,25,,
1912,0,Husk,T3/21,MOVING,7.459,4.000,0.500,"GoalBlock{x=30,y=4,z=0}",31,7,MovementTraverse,291,25,25,,
1913,0,Husk,T3/21,MOVING,7.739,4.000,0.500,"GoalBlock{x=30,y=4,z=0}",31,7,MovementTraverse,291,25,25,,
1914,0,Husk,T3/21,MOVING,8.020,4.000,0.500,"GoalBlock{x=30,y=4,z=0}",31,7,MovementTraverse,291,25,25,,
1915,0,Husk,T3/21,MOVING,8.300,4.000,0.500,"GoalBlock{x=30,y=4,z=0}",31,8,MovementTraverse,291,25,25,,
1916,0,Husk,T3/21,MOVING,8.581,4.000,0.500,"GoalBlock{x=30,y=4,z=0}",31,8,MovementTraverse,291,25,25,,
1917,0,Husk,T3/21,MOVING,8.862,4.000,0.500,"GoalBlock{x=30,y=4,z=0}",31,8,MovementTraverse,291,25,25,,
1918,0,Husk,T3/21,MOVING,9.142,4.000,0.500,"GoalBlock{x=30,y=4,z=0}",31,8,MovementTraverse,291,25,25,,
1919,0,Husk,T3/21,MOVING,9.423,4.000,0.500,"GoalBlock{x=30,y=4,z=0}",31,9,MovementTraverse,291,25,25,,
1920,0,Husk,T3/21,MOVING,9.703,4.000,0.500,"GoalBlock{x=30,y=4,z=0}",31,9,MovementTraverse,291,25,25,,
1921,0,Husk,T3/21,MOVING,9.984,4.000,0.500,"GoalBlock{x=30,y=4,z=0}",31,9,MovementTraverse,291,25,25,,
1922,0,Husk,T3/21,MOVING,10.265,4.000,0.500,"GoalBlock{x=30,y=4,z=0}",31,9,MovementTraverse,291,25,25,,
1923,0,Husk,T3/21,MOVING,10.545,4.000,0.500,"GoalBlock{x=30,y=4,z=0}",31,10,MovementTraverse,291,25,25,,
1924,0,Husk,T3/21,MOVING,10.826,4.000,0.500,"GoalBlock{x=30,y=4,z=0}",31,10,MovementTraverse,291,25,25,,
1925,0,Husk,T3/21,MOVING,11.107,4.000,0.500,"GoalBlock{x=30,y=4,z=0}",31,10,MovementTraverse,291,25,25,,
1926,0,Husk,T3/21,MOVING,11.387,4.000,0.500,"GoalBlock{x=30,y=4,z=0}",31,11,MovementTraverse,291,25,25,,
1927,0,Husk,T3/21,MOVING,11.668,4.000,0.500,"GoalBlock{x=30,y=4,z=0}",31,11,MovementTraverse,291,25,25,,
1928,0,Husk,T3/21,MOVING,11.948,4.000,0.500,"GoalBlock{x=30,y=4,z=0}",31,11,MovementTraverse,291,25,25,,
1929,0,Husk,T3/21,MOVING,12.229,4.000,0.500,"GoalBlock{x=30,y=4,z=0}",31,11,MovementTraverse,291,25,25,,
1930,0,Husk,T3/21,MOVING,12.510,4.000,0.500,"GoalBlock{x=30,y=4,z=0}",31,12,MovementTraverse,291,25,25,,
1931,0,Husk,T3/21,MOVING,12.790,4.000,0.500,"GoalBlock{x=30,y=4,z=0}",31,12,MovementTraverse,291,25,25,,
1932,0,Husk,T3/21,MOVING,13.071,4.000,0.500,"GoalBlock{x=30,y=4,z=0}",31,12,MovementTraverse,291,25,25,,
1933,0,Husk,T3/21,MOVING,13.352,4.000,0.500,"GoalBlock{x=30,y=4,z=0}",31,13,MovementTraverse,291,25,25,,
1934,0,Husk,T3/21,MOVING,13.632,4.000,0.500,"GoalBlock{x=30,y=4,z=0}",31,13,MovementTraverse,291,25,25,,
1935,0,Husk,T3/21,MOVING,13.913,4.000,0.500,"GoalBlock{x=30,y=4,z=0}",31,13,MovementTraverse,291,25,25,,
1936,0,Husk,T3/21,MOVING,14.193,4.000,0.500,"GoalBlock{x=30,y=4,z=0}",31,13,MovementTraverse,291,25,25,,
1937,0,Husk,T3/21,MOVING,14.474,4.000,0.500,"GoalBlock{x=30,y=4,z=0}",31,14,MovementTraverse,291,25,25,,
1938,0,Husk,T3/21,MOVING,14.755,4.000,0.500,"GoalBlock{x=30,y=4,z=0}",31,14,MovementTraverse,291,25,25,,
1939,0,Husk,T3/21,MOVING,15.035,4.000,0.500,"GoalBlock{x=30,y=4,z=0}",31,14,MovementTraverse,291,25,25,,
1940,0,Husk,T3/21,MOVING,15.316,4.000,0.500,"GoalBlock{x=30,y=4,z=0}",31,15,MovementTraverse,291,25,25,,
1941,0,Husk,T3/21,MOVING,15.596,4.000,0.500,"GoalBlock{x=30,y=4,z=0}",31,15,MovementTraverse,291,25,25,,
1942,0,Husk,T3/21,MOVING,15.877,4.000,0.500,"GoalBlock{x=30,y=4,z=0}",31,15,MovementTraverse,291,25,25,,
1943,0,Husk,T3/21,MOVING,16.158,4.000,0.500,"GoalBlock{x=30,y=4,z=0}",31,15,MovementTraverse,291,25,25,,
1944,0,Husk,T3/21,MOVING,16.438,4.000,0.500,"GoalBlock{x=30,y=4,z=0}",31,16,MovementTraverse,291,25,25,,
1945,0,Husk,T3/21,MOVING,16.719,4.000,0.500,"GoalBlock{x=30,y=4,z=0}",31,16,MovementTraverse,291,25,25,,
1946,0,Husk,T3/21,MOVING,17.000,4.000,0.500,"GoalBlock{x=30,y=4,z=0}",31,16,MovementTraverse,291,25,25,,
1947,0,Husk,T3/21,MOVING,17.280,4.000,0.500,"GoalBlock{x=30,y=4,z=0}",31,16,MovementTraverse,291,25,25,,
1948,0,Husk,T3/21,MOVING,17.561,4.000,0.500,"GoalBlock{x=30,y=4,z=0}",31,17,MovementTraverse,291,25,25,,
1949,0,Husk,T3/21,MOVING,17.841,4.000,0.500,"GoalBlock{x=30,y=4,z=0}",31,17,MovementTraverse,291,25,25,,
1950,0,Husk,T3/21,MOVING,18.122,4.000,0.500,"GoalBlock{x=30,y=4,z=0}",31,17,MovementTraverse,291,25,25,,
1951,0,Husk,T3/21,MOVING,18.403,4.000,0.500,"GoalBlock{x=30,y=4,z=0}",31,18,MovementTraverse,291,25,25,,
1952,0,Husk,T3/21,MOVING,18.683,4.000,0.500,"GoalBlock{x=30,y=4,z=0}",31,18,MovementTraverse,291,25,25,,
1953,0,Husk,T3/21,MOVING,18.964,4.000,0.500,"GoalBlock{x=30,y=4,z=0}",31,18,MovementTraverse,291,25,25,,
1954,0,Husk,T3/21,MOVING,19.244,4.000,0.500,"GoalBlock{x=30,y=4,z=0}",31,18,MovementTraverse,291,25,25,,
1955,0,Husk,T3/21,MOVING,19.525,4.000,0.500,"GoalBlock{x=30,y=4,z=0}",31,19,MovementTraverse,291,25,25,,
1956,0,Husk,T3/21,MOVING,19.806,4.000,0.500,"GoalBlock{x=30,y=4,z=0}",31,19,MovementTraverse,291,25,25,,
1957,0,Husk,T3/21,MOVING,20.086,4.000,0.500,"GoalBlock{x=30,y=4,z=0}",31,19,MovementTraverse,291,25,25,,
1958,0,Husk,T3/21,MOVING,20.367,4.000,0.500,"GoalBlock{x=30,y=4,z=0}",31,20,MovementTraverse,291,25,25,,
1959,0,Husk,T3/21,MOVING,20.648,4.000,0.500,"GoalBlock{x=30,y=4,z=0}",31,20,MovementTraverse,291,25,25,,
1960,0,Husk,T3/21,MOVING,20.928,4.000,0.500,"GoalBlock{x=30,y=4,z=0}",31,20,MovementTraverse,291,25,25,,
1961,0,Husk,T3/21,MOVING,21.209,4.000,0.500,"GoalBlock{x=30,y=4,z=0}",31,20,MovementTraverse,291,25,25,,
1962,0,Husk,T3/21,MOVING,21.489,4.000,0.500,"GoalBlock{x=30,y=4,z=0}",31,21,MovementTraverse,291,25,25,,
1963,0,Husk,T3/21,MOVING,21.770,4.000,0.500,"GoalBlock{x=30,y=4,z=0}",31,21,MovementTraverse,291,25,25,,
1964,0,Husk,T3/21,MOVING,22.051,4.000,0.500,"GoalBlock{x=30,y=4,z=0}",31,21,MovementTraverse,291,25,25,,
1965,0,Husk,T3/21,MOVING,22.331,4.000,0.500,"GoalBlock{x=30,y=4,z=0}",31,22,MovementTraverse,291,25,25,,
1966,0,Husk,T3/21,MOVING,22.612,4.000,0.500,"GoalBlock{x=30,y=4,z=0}",31,22,MovementTraverse,291,25,25,,
1967,0,Husk,T3/21,MOVING,22.892,4.000,0.500,"GoalBlock{x=30,y=4,z=0}",31,22,MovementTraverse,291,25,25,,
1968,0,Husk,T3/21,MOVING,23.173,4.000,0.500,"GoalBlock{x=30,y=4,z=0}",31,22,MovementTraverse,291,25,25,,
1969,0,Husk,T3/21,MOVING,23.454,4.000,0.500,"GoalBlock{x=30,y=4,z=0}",31,23,MovementTraverse,291,25,25,,
1970,0,Husk,T3/21,MOVING,23.734,4.000,0.500,"GoalBlock{x=30,y=4,z=0}",31,23,MovementTraverse,291,25,25,,
1971,0,Husk,T3/21,MOVING,24.015,4.000,0.500,"GoalBlock{x=30,y=4,z=0}",31,23,MovementTraverse,291,25,25,,
1972,0,Husk,T3/21,MOVING,24.296,4.000,0.500,"GoalBlock{x=30,y=4,z=0}",31,24,MovementTraverse,291,25,25,,
1973,0,Husk,T3/21,MOVING,24.576,4.000,0.500,"GoalBlock{x=30,y=4,z=0}",31,24,MovementTraverse,291,25,25,,
1974,0,Husk,T3/21,MOVING,24.857,4.000,0.500,"GoalBlock{x=30,y=4,z=0}",31,24,MovementTraverse,291,25,25,,
1975,0,Husk,T3/21,MOVING,25.137,4.000,0.500,"GoalBlock{x=30,y=4,z=0}",31,24,MovementTraverse,291,25,25,,
1976,0,Husk,T3/21,MOVING,25.418,4.000,0.500,"GoalBlock{x=30,y=4,z=0}",31,25,MovementTraverse,291,25,25,,
1977,0,Husk,T3/21,MOVING,25.699,4.000,0.500,"GoalBlock{x=30,y=4,z=0}",31,25,MovementTraverse,291,25,25,,
1978,0,Husk,T3/21,MOVING,25.979,4.000,0.500,"GoalBlock{x=30,y=4,z=0}",31,25,MovementTraverse,291,25,25,,
1979,0,Husk,T3/21,MOVING,26.260,4.000,0.500,"GoalBlock{x=30,y=4,z=0}",31,25,MovementTraverse,291,25,25,,
1980,0,Husk,T3/21,MOVING,26.540,4.000,0.500,"GoalBlock{x=30,y=4,z=0}",31,26,MovementTraverse,291,25,25,,
1981,0,Husk,T3/21,MOVING,26.821,4.000,0.500,"GoalBlock{x=30,y=4,z=0}",31,26,MovementTraverse,291,25,25,,
1982,0,Husk,T3/21,MOVING,27.102,4.000,0.500,"GoalBlock{x=30,y=4,z=0}",31,26,MovementTraverse,291,25,25,,
1983,0,Husk,T3/21,MOVING,27.382,4.000,0.500,"GoalBlock{x=30,y=4,z=0}",31,27,MovementTraverse,291,25,25,,
1984,0,Husk,T3/21,MOVING,27.663,4.000,0.500,"GoalBlock{x=30,y=4,z=0}",31,27,MovementTraverse,291,25,25,,
1985,0,Husk,T3/21,MOVING,27.944,4.000,0.500,"GoalBlock{x=30,y=4,z=0}",31,27,MovementTraverse,291,25,25,,
1986,0,Husk,T3/21,MOVING,28.224,4.000,0.500,"GoalBlock{x=30,y=4,z=0}",31,27,MovementTraverse,291,25,25,,
1987,0,Husk,T3/21,MOVING,28.505,4.000,0.500,"GoalBlock{x=30,y=4,z=0}",31,28,MovementTraverse,291,25,25,,
1988,0,Husk,T3/21,MOVING,28.785,4.000,0.500,"GoalBlock{x=30,y=4,z=0}",31,28,MovementTraverse,291,25,25,,
1989,0,Husk,T3/21,MOVING,29.066,4.000,0.500,"GoalBlock{x=30,y=4,z=0}",31,28,MovementTraverse,291,25,25,,
1990,0,Husk,T3/21,MOVING,29.347,4.000,0.500,"GoalBlock{x=30,y=4,z=0}",31,29,MovementTraverse,291,25,25,,
1991,0,Husk,T3/21,MOVING,29.627,4.000,0.500,"GoalBlock{x=30,y=4,z=0}",31,29,MovementTraverse,291,25,25,,
1992,0,Husk,T3/21,MOVING,29.908,4.000,0.500,"GoalBlock{x=30,y=4,z=0}",31,29,MovementTraverse,291,25,25,,
1993,0,Husk,T3/21,MOVING,30.189,4.000,0.500,"GoalBlock{x=30,y=4,z=0}",31,29,MovementTraverse,291,25,25,,
1994,0,Husk,T3/21,ARRIVED,30.342,4.000,0.500,,-1,-1,,291,25,25,,CANCELED
1995,0,Husk,T3/22,ARRIVED,0.500,4.000,12.500,,-1,-1,,291,25,25,,CANCELED|CANCELED
1996,0,Husk,T3/22,ARRIVED,0.500,4.000,12.500,,-1,-1,,291,25,25,,
1997,0,Husk,T3/22,ARRIVED,0.500,4.000,12.500,,-1,-1,,291,25,25,,
1998,0,Husk,T3/22,ARRIVED,0.500,4.000,12.500,,-1,-1,,291,25,25,,
1999,0,Husk,T3/22,ARRIVED,0.500,4.000,12.500,,-1,-1,,291,25,25,,
2000,0,Husk,T3/22,ARRIVED,0.500,4.000,12.500,,-1,-1,,291,25,25,,
2001,0,Husk,T3/22,ARRIVED,0.500,4.000,12.500,,-1,-1,,291,25,25,,
2002,0,Husk,T3/22,ARRIVED,0.500,4.000,12.500,,-1,-1,,291,25,25,,
2003,0,Husk,T3/22,ARRIVED,0.500,4.000,12.500,,-1,-1,,291,25,25,,
2004,0,Husk,T3/22,ARRIVED,0.500,4.000,12.500,,-1,-1,,291,25,25,,
2005,0,Husk,T3/22,SEARCHING,0.500,4.000,12.500,"GoalBlock{x=20,y=4,z=12}",-1,-1,,291,26,26,,CALC_STARTED
2006,0,Husk,T3/22,MOVING,0.627,4.000,12.500,"GoalBlock{x=20,y=4,z=12}",21,0,MovementTraverse,521,26,26,,CALC_FINISHED_NOW_EXECUTING
2007,0,Husk,T3/22,MOVING,0.824,4.000,12.500,"GoalBlock{x=20,y=4,z=12}",21,0,MovementTraverse,521,26,26,,
2008,0,Husk,T3/22,MOVING,1.059,4.000,12.500,"GoalBlock{x=20,y=4,z=12}",21,0,MovementTraverse,521,26,26,,
2009,0,Husk,T3/22,MOVING,1.315,4.000,12.500,"GoalBlock{x=20,y=4,z=12}",21,1,MovementTraverse,521,26,26,,
2010,0,Husk,T3/22,MOVING,1.582,4.000,12.500,"GoalBlock{x=20,y=4,z=12}",21,1,MovementTraverse,521,26,26,,
2011,0,Husk,T3/22,MOVING,1.855,4.000,12.500,"GoalBlock{x=20,y=4,z=12}",21,1,MovementTraverse,521,26,26,,
2012,0,Husk,T3/22,MOVING,2.132,4.000,12.500,"GoalBlock{x=20,y=4,z=12}",21,1,MovementTraverse,521,26,26,,
2013,0,Husk,T3/22,MOVING,2.410,4.000,12.500,"GoalBlock{x=20,y=4,z=12}",21,2,MovementTraverse,521,26,26,,
2014,0,Husk,T3/22,MOVING,2.690,4.000,12.500,"GoalBlock{x=20,y=4,z=12}",21,2,MovementTraverse,521,26,26,,
2015,0,Husk,T3/22,MOVING,2.969,4.000,12.500,"GoalBlock{x=20,y=4,z=12}",21,2,MovementTraverse,521,26,26,,
2016,0,Husk,T3/22,MOVING,3.250,4.000,12.500,"GoalBlock{x=20,y=4,z=12}",21,2,MovementTraverse,521,26,26,,
2017,0,Husk,T3/22,MOVING,3.530,4.000,12.500,"GoalBlock{x=20,y=4,z=12}",21,3,MovementTraverse,521,26,26,,
2018,0,Husk,T3/22,MOVING,3.811,4.000,12.500,"GoalBlock{x=20,y=4,z=12}",21,3,MovementTraverse,521,26,26,,
2019,0,Husk,T3/22,MOVING,4.091,4.000,12.500,"GoalBlock{x=20,y=4,z=12}",21,3,MovementTraverse,521,26,26,,
2020,0,Husk,T3/22,MOVING,4.372,4.000,12.500,"GoalBlock{x=20,y=4,z=12}",21,4,MovementTraverse,521,26,26,,
2021,0,Husk,T3/22,MOVING,4.652,4.000,12.500,"GoalBlock{x=20,y=4,z=12}",21,4,MovementTraverse,521,26,26,,
2022,0,Husk,T3/22,MOVING,4.933,4.000,12.500,"GoalBlock{x=20,y=4,z=12}",21,4,MovementTraverse,521,26,26,,
2023,0,Husk,T3/22,MOVING,5.214,4.000,12.500,"GoalBlock{x=20,y=4,z=12}",21,4,MovementTraverse,521,26,26,,
2024,0,Husk,T3/22,MOVING,5.494,4.000,12.500,"GoalBlock{x=20,y=4,z=12}",21,5,MovementTraverse,521,26,26,,
2025,0,Husk,T3/22,MOVING,5.775,4.000,12.500,"GoalBlock{x=20,y=4,z=12}",21,5,MovementTraverse,521,26,26,,
2026,0,Husk,T3/22,MOVING,6.055,4.000,12.500,"GoalBlock{x=20,y=4,z=12}",21,5,MovementTraverse,521,26,26,,
2027,0,Husk,T3/22,MOVING,6.319,4.000,12.564,"GoalBlock{x=20,y=4,z=12}",21,6,MovementDiagonal,521,26,26,,
2028,0,Husk,T3/22,MOVING,6.563,4.000,12.678,"GoalBlock{x=20,y=4,z=12}",21,6,MovementDiagonal,521,26,26,,
2029,0,Husk,T3/22,MOVING,6.792,4.000,12.824,"GoalBlock{x=20,y=4,z=12}",21,6,MovementDiagonal,521,26,26,,
2030,0,Husk,T3/22,MOVING,7.009,4.000,12.992,"GoalBlock{x=20,y=4,z=12}",21,6,MovementDiagonal,521,26,26,,
2031,0,Husk,T3/22,MOVING,7.216,4.000,13.175,"GoalBlock{x=20,y=4,z=12}",21,6,MovementDiagonal,521,26,26,,
2032,0,Husk,T3/22,MOVING,7.417,4.000,13.366,"GoalBlock{x=20,y=4,z=12}",21,7,MovementDiagonal,521,26,26,,
2033,0,Husk,T3/22,MOVING,7.616,4.000,13.563,"GoalBlock{x=20,y=4,z=12}",21,7,MovementDiagonal,521,26,26,,
2034,0,Husk,T3/22,MOVING,7.811,4.000,13.763,"GoalBlock{x=20,y=4,z=12}",21,7,MovementDiagonal,521,26,26,,
2035,0,Husk,T3/22,MOVING,8.005,4.000,13.965,"GoalBlock{x=20,y=4,z=12}",21,7,MovementDiagonal,521,26,26,,
2036,0,Husk,T3/22,MOVING,8.197,4.000,14.169,"GoalBlock{x=20,y=4,z=12}",21,7,MovementDiagonal,521,26,26,,
2037,0,Husk,T3/22,MOVING,8.392,4.000,14.372,"GoalBlock{x=20,y=4,z=12}",21,8,MovementDiagonal,521,26,26,,
2038,0,Husk,T3/22,MOVING,8.587,4.000,14.573,"GoalBlock{x=20,y=4,z=12}",21,8,MovementDiagonal,521,26,26,,
2039,0,Husk,T3/22,MOVING,8.783,4.000,14.774,"GoalBlock{x=20,y=4,z=12}",21,8,MovementDiagonal,521,26,26,,
2040,0,Husk,T3/22,MOVING,8.979,4.000,14.974,"GoalBlock{x=20,y=4,z=12}",21,8,MovementDiagonal,521,26,26,,
2041,0,Husk,T3/22,MOVING,9.176,4.000,15.174,"GoalBlock{x=20,y=4,z=12}",21,8,MovementDiagonal,521,26,26,,
2042,0,Husk,T3/22,MOVING,9.407,4.000,15.317,"GoalBlock{x=20,y=4,z=12}",21,9,MovementTraverse,521,26,26,,
2043,0,Husk,T3/22,MOVING,9.658,4.000,15.416,"GoalBlock{x=20,y=4,z=12}",21,9,MovementTraverse,521,26,26,,
2044,0,Husk,T3/22,MOVING,9.922,4.000,15.482,"GoalBlock{x=20,y=4,z=12}",21,9,MovementTraverse,521,26,26,,
2045,0,Husk,T3/22,MOVING,10.194,4.000,15.523,"GoalBlock{x=20,y=4,z=12}",21,9,MovementTraverse,521,26,26,,
2046,0,Husk,T3/22,MOVING,10.469,4.000,15.543,"GoalBlock{x=20,y=4,z=12}",21,10,MovementTraverse,521,26,26,,
2047,0,Husk,T3/22,MOVING,10.747,4.000,15.548,"GoalBlock{x=20,y=4,z=12}",21,10,MovementTraverse,521,26,26,,
2048,0,Husk,T3/22,MOVING,11.026,4.000,15.543,"GoalBlock{x=20,y=4,z=12}",21,10,MovementTraverse,521,26,26,,
2049,0,Husk,T3/22,MOVING,11.306,4.000,15.539,"GoalBlock{x=20,y=4,z=12}",21,11,MovementTraverse,521,26,26,,
2050,0,Husk,T3/22,MOVING,11.586,4.000,15.535,"GoalBlock{x=20,y=4,z=12}",21,11,MovementTraverse,521,26,26,,
2051,0,Husk,T3/22,MOVING,11.866,4.000,15.530,"GoalBlock{x=20,y=4,z=12}",21,11,MovementTraverse,521,26,26,,
2052,0,Husk,T3/22,MOVING,12.146,4.000,15.524,"GoalBlock{x=20,y=4,z=12}",21,11,MovementTraverse,521,26,26,,
2053,0,Husk,T3/22,MOVING,12.426,4.000,15.519,"GoalBlock{x=20,y=4,z=12}",21,12,MovementTraverse,521,26,26,,
2054,0,Husk,T3/22,MOVING,12.707,4.000,15.513,"GoalBlock{x=20,y=4,z=12}",21,12,MovementTraverse,521,26,26,,
2055,0,Husk,T3/22,MOVING,12.987,4.000,15.511,"GoalBlock{x=20,y=4,z=12}",21,12,MovementTraverse,521,26,26,,
2056,0,Husk,T3/22,MOVING,13.268,4.000,15.508,"GoalBlock{x=20,y=4,z=12}",21,12,MovementTraverse,521,26,26,,
2057,0,Husk,T3/22,MOVING,13.548,4.000,15.508,"GoalBlock{x=20,y=4,z=12}",21,13,MovementTraverse,521,26,26,,
2058,0,Husk,T3/22,MOVING,13.829,4.000,15.507,"GoalBlock{x=20,y=4,z=12}",21,13,MovementTraverse,521,26,26,,
2059,0,Husk,T3/22,MOVING,14.110,4.000,15.505,"GoalBlock{x=20,y=4,z=12}",21,13,MovementTraverse,521,26,26,,
2060,0,Husk,T3/22,MOVING,14.390,4.000,15.505,"GoalBlock{x=20,y=4,z=12}",21,14,MovementTraverse,521,26,26,,
2061,0,Husk,T3/22,MOVING,14.671,4.000,15.504,"GoalBlock{x=20,y=4,z=12}",21,14,MovementTraverse,521,26,26,,
2062,0,Husk,T3/22,MOVING,14.951,4.000,15.504,"GoalBlock{x=20,y=4,z=12}",21,14,MovementTraverse,521,26,26,,
2063,0,Husk,T3/22,MOVING,15.232,4.000,15.503,"GoalBlock{x=20,y=4,z=12}",21,14,MovementTraverse,521,26,26,,
2064,0,Husk,T3/22,MOVING,15.513,4.000,15.503,"GoalBlock{x=20,y=4,z=12}",21,15,MovementTraverse,521,26,26,,
2065,0,Husk,T3/22,MOVING,15.793,4.000,15.502,"GoalBlock{x=20,y=4,z=12}",21,15,MovementTraverse,521,26,26,,
2066,0,Husk,T3/22,MOVING,16.074,4.000,15.502,"GoalBlock{x=20,y=4,z=12}",21,15,MovementTraverse,521,26,26,,
2067,0,Husk,T3/22,MOVING,16.354,4.000,15.502,"GoalBlock{x=20,y=4,z=12}",21,16,MovementTraverse,521,26,26,,
2068,0,Husk,T3/22,MOVING,16.635,4.000,15.501,"GoalBlock{x=20,y=4,z=12}",21,16,MovementTraverse,521,26,26,,
2069,0,Husk,T3/22,MOVING,16.916,4.000,15.501,"GoalBlock{x=20,y=4,z=12}",21,16,MovementTraverse,521,26,26,,
2070,0,Husk,T3/22,MOVING,17.196,4.000,15.501,"GoalBlock{x=20,y=4,z=12}",21,16,MovementTraverse,521,26,26,,
2071,0,Husk,T3/22,MOVING,17.460,4.000,15.437,"GoalBlock{x=20,y=4,z=12}",21,17,MovementDiagonal,521,26,26,,
2072,0,Husk,T3/22,MOVING,17.698,4.000,15.317,"GoalBlock{x=20,y=4,z=12}",21,17,MovementDiagonal,521,26,26,,
2073,0,Husk,T3/22,MOVING,17.918,4.000,15.160,"GoalBlock{x=20,y=4,z=12}",21,17,MovementDiagonal,521,26,26,,
2074,0,Husk,T3/22,MOVING,18.122,4.000,14.979,"GoalBlock{x=20,y=4,z=12}",21,17,MovementDiagonal,521,26,26,,
2075,0,Husk,T3/22,MOVING,18.320,4.000,14.787,"GoalBlock{x=20,y=4,z=12}",21,18,MovementDiagonal,521,26,26,,
2076,0,Husk,T3/22,MOVING,18.514,4.000,14.589,"GoalBlock{x=20,y=4,z=12}",21,18,MovementDiagonal,521,26,26,,
2077,0,Husk,T3/22,MOVING,18.706,4.000,14.386,"GoalBlock{x=20,y=4,z=12}",21,18,MovementDiagonal,521,26,26,,
2078,0,Husk,T3/22,MOVING,18.896,4.000,14.180,"GoalBlock{x=20,y=4,z=12}",21,18,MovementDiagonal,521,26,26,,
2079,0,Husk,T3/22,MOVING,19.084,4.000,13.972,"GoalBlock{x=20,y=4,z=12}",21,18,MovementDiagonal,521,26,26,,
2080,0,Husk,T3/22,MOVING,19.275,4.000,13.767,"GoalBlock{x=20,y=4,z=12}",21,19,MovementDiagonal,521,26,26,,
2081,0,Husk,T3/22,MOVING,19.468,4.000,13.564,"GoalBlock{x=20,y=4,z=12}",21,19,MovementDiagonal,521,26,26,,
2082,0,Husk,T3/22,MOVING,19.662,4.000,13.361,"GoalBlock{x=20,y=4,z=12}",21,19,MovementDiagonal,521,26,26,,
2083,0,Husk,T3/22,MOVING,19.857,4.000,13.159,"GoalBlock{x=20,y=4,z=12}",21,19,MovementDiagonal,521,26,26,,
2084,0,Husk,T3/22,MOVING,20.052,4.000,12.958,"GoalBlock{x=20,y=4,z=12}",21,19,MovementDiagonal,521,26,26,,
2085,0,Husk,T3/22,ARRIVED,20.159,4.000,12.848,,-1,-1,,521,26,26,,CANCELED
2086,0,Husk,T3/23,ARRIVED,0.500,4.000,24.500,,-1,-1,,521,26,26,,CANCELED|CANCELED
2087,0,Husk,T3/23,ARRIVED,0.500,4.000,24.500,,-1,-1,,521,26,26,,
2088,0,Husk,T3/23,ARRIVED,0.500,4.000,24.500,,-1,-1,,521,26,26,,
2089,0,Husk,T3/23,ARRIVED,0.500,4.000,24.500,,-1,-1,,521,26,26,,
2090,0,Husk,T3/23,ARRIVED,0.500,4.000,24.500,,-1,-1,,521,26,26,,
2091,0,Husk,T3/23,ARRIVED,0.500,4.000,24.500,,-1,-1,,521,26,26,,
2092,0,Husk,T3/23,ARRIVED,0.500,4.000,24.500,,-1,-1,,521,26,26,,
2093,0,Husk,T3/23,ARRIVED,0.500,4.000,24.500,,-1,-1,,521,26,26,,
2094,0,Husk,T3/23,ARRIVED,0.500,4.000,24.500,,-1,-1,,521,26,26,,
2095,0,Husk,T3/23,ARRIVED,0.500,4.000,24.500,,-1,-1,,521,26,26,,
2096,0,Husk,T3/23,SEARCHING,0.500,4.000,24.500,"GoalBlock{x=15,y=7,z=24}",-1,-1,,521,27,27,,CALC_STARTED
2097,0,Husk,T3/23,MOVING,0.627,4.000,24.500,"GoalBlock{x=15,y=7,z=24}",16,0,MovementTraverse,309,27,27,,CALC_FINISHED_NOW_EXECUTING
2098,0,Husk,T3/23,MOVING,0.824,4.000,24.500,"GoalBlock{x=15,y=7,z=24}",16,0,MovementTraverse,309,27,27,,
2099,0,Husk,T3/23,MOVING,1.059,4.000,24.500,"GoalBlock{x=15,y=7,z=24}",16,0,MovementTraverse,309,27,27,,
2100,0,Husk,T3/23,MOVING,1.315,4.000,24.500,"GoalBlock{x=15,y=7,z=24}",16,1,MovementTraverse,309,27,27,,
2101,0,Husk,T3/23,MOVING,1.582,4.000,24.500,"GoalBlock{x=15,y=7,z=24}",16,1,MovementTraverse,309,27,27,,
2102,0,Husk,T3/23,MOVING,1.855,4.000,24.500,"GoalBlock{x=15,y=7,z=24}",16,1,MovementTraverse,309,27,27,,
2103,0,Husk,T3/23,MOVING,2.132,4.000,24.500,"GoalBlock{x=15,y=7,z=24}",16,1,MovementTraverse,309,27,27,,
2104,0,Husk,T3/23,MOVING,2.410,4.000,24.500,"GoalBlock{x=15,y=7,z=24}",16,2,MovementTraverse,309,27,27,,
2105,0,Husk,T3/23,MOVING,2.690,4.000,24.500,"GoalBlock{x=15,y=7,z=24}",16,2,MovementTraverse,309,27,27,,
2106,0,Husk,T3/23,MOVING,2.969,4.000,24.500,"GoalBlock{x=15,y=7,z=24}",16,2,MovementTraverse,309,27,27,,
2107,0,Husk,T3/23,MOVING,3.250,4.000,24.500,"GoalBlock{x=15,y=7,z=24}",16,2,MovementTraverse,309,27,27,,
2108,0,Husk,T3/23,MOVING,3.730,4.420,24.500,"GoalBlock{x=15,y=7,z=24}",16,4,MovementAscend,309,27,27,,
2109,0,Husk,T3/23,MOVING,4.018,4.753,24.500,"GoalBlock{x=15,y=7,z=24}",16,4,MovementAscend,309,27,27,,
2110,0,Husk,T3/23,MOVING,4.305,5.001,24.500,"GoalBlock{x=15,y=7,z=24}",16,4,MovementAscend,309,27,27,,
2111,0,Husk,T3/23,MOVING,4.592,5.166,24.500,"GoalBlock{x=15,y=7,z=24}",16,4,MovementAscend,309,27,27,,
2112,0,Husk,T3/23,MOVING,4.879,5.249,24.500,"GoalBlock{x=15,y=7,z=24}",16,4,MovementAscend,309,27,27,,
2113,0,Husk,T3/23,MOVING,5.165,5.252,24.500,"GoalBlock{x=15,y=7,z=24}",16,4,MovementAscend,309,27,27,,
2114,0,Husk,T3/23,MOVING,5.451,5.177,24.500,"GoalBlock{x=15,y=7,z=24}",16,5,MovementTraverse,309,27,27,,
2115,0,Husk,T3/23,MOVING,5.737,5.024,24.500,"GoalBlock{x=15,y=7,z=24}",16,5,MovementTraverse,309,27,27,,
2116,0,Husk,T3/23,MOVING,6.023,5.000,24.500,"GoalBlock{x=15,y=7,z=24}",16,5,MovementTraverse,309,27,27,,
2117,0,Husk,T3/23,MOVING,6.610,5.420,24.500,"GoalBlock{x=15,y=7,z=24}",16,7,MovementAscend,309,27,27,,
2118,0,Husk,T3/23,MOVING,6.956,5.753,24.500,"GoalBlock{x=15,y=7,z=24}",16,7,MovementAscend,309,27,27,,
2119,0,Husk,T3/23,MOVING,7.296,6.001,24.500,"GoalBlock{x=15,y=7,z=24}",16,7,MovementAscend,309,27,27,,
2120,0,Husk,T3/23,MOVING,7.632,6.166,24.500,"GoalBlock{x=15,y=7,z=24}",16,7,MovementAscend,309,27,27,,
2121,0,Husk,T3/23,MOVING,7.962,6.249,24.500,"GoalBlock{x=15,y=7,z=24}",16,7,MovementAscend,309,27,27,,
2122,0,Husk,T3/23,MOVING,8.289,6.252,24.500,"GoalBlock{x=15,y=7,z=24}",16,7,MovementAscend,309,27,27,,
2123,0,Husk,T3/23,MOVING,8.611,6.177,24.500,"GoalBlock{x=15,y=7,z=24}",16,8,MovementTraverse,309,27,27,,
2124,0,Husk,T3/23,MOVING,8.930,6.024,24.500,"GoalBlock{x=15,y=7,z=24}",16,8,MovementTraverse,309,27,27,,
2125,0,Husk,T3/23,MOVING,9.246,6.000,24.500,"GoalBlock{x=15,y=7,z=24}",16,8,MovementTraverse,309,27,27,,
2126,0,Husk,T3/23,MOVING,9.860,6.420,24.500,"GoalBlock{x=15,y=7,z=24}",16,10,MovementAscend,309,27,27,,
2127,0,Husk,T3/23,MOVING,10.221,6.753,24.500,"GoalBlock{x=15,y=7,z=24}",16,10,MovementAscend,309,27,27,,
2128,0,Husk,T3/23,MOVING,10.575,7.001,24.500,"GoalBlock{x=15,y=7,z=24}",16,10,MovementAscend,309,27,27,,
2129,0,Husk,T3/23,MOVING,10.923,7.166,24.500,"GoalBlock{x=15,y=7,z=24}",16,10,MovementAscend,309,27,27,,
2130,0,Husk,T3/23,MOVING,11.265,7.249,24.500,"GoalBlock{x=15,y=7,z=24}",16,10,MovementAscend,309,27,27,,
2131,0,Husk,T3/23,MOVING,11.601,7.252,24.500,"GoalBlock{x=15,y=7,z=24}",16,11,MovementTraverse,309,27,27,,
2132,0,Husk,T3/23,MOVING,11.933,7.177,24.500,"GoalBlock{x=15,y=7,z=24}",16,11,MovementTraverse,309,27,27,,
2133,0,Husk,T3/23,MOVING,12.261,7.024,24.500,"GoalBlock{x=15,y=7,z=24}",16,11,MovementTraverse,309,27,27,,
2134,0,Husk,T3/23,MOVING,12.584,7.000,24.500,"GoalBlock{x=15,y=7,z=24}",16,12,MovementTraverse,309,27,27,,
2135,0,Husk,T3/23,MOVING,13.006,7.000,24.500,"GoalBlock{x=15,y=7,z=24}",16,12,MovementTraverse,309,27,27,,
2136,0,Husk,T3/23,MOVING,13.363,7.000,24.500,"GoalBlock{x=15,y=7,z=24}",16,13,MovementTraverse,309,27,27,,
2137,0,Husk,T3/23,MOVING,13.686,7.000,24.500,"GoalBlock{x=15,y=7,z=24}",16,13,MovementTraverse,309,27,27,,
2138,0,Husk,T3/23,MOVING,13.990,7.000,24.500,"GoalBlock{x=15,y=7,z=24}",16,13,MovementTraverse,309,27,27,,
2139,0,Husk,T3/23,MOVING,14.283,7.000,24.500,"GoalBlock{x=15,y=7,z=24}",16,13,MovementTraverse,309,27,27,,
2140,0,Husk,T3/23,MOVING,14.570,7.000,24.500,"GoalBlock{x=15,y=7,z=24}",16,14,MovementTraverse,309,27,27,,
2141,0,Husk,T3/23,MOVING,14.855,7.000,24.500,"GoalBlock{x=15,y=7,z=24}",16,14,MovementTraverse,309,27,27,,
2142,0,Husk,T3/23,MOVING,15.137,7.000,24.500,"GoalBlock{x=15,y=7,z=24}",16,14,MovementTraverse,309,27,27,,
2143,0,Husk,T3/23,ARRIVED,15.292,7.000,24.500,,-1,-1,,309,27,27,,CANCELED
2144,0,Husk,T3/24,ARRIVED,3.500,8.000,36.500,,-1,-1,,309,27,27,,CANCELED|CANCELED
2145,0,Husk,T3/24,ARRIVED,3.500,8.000,36.500,,-1,-1,,309,27,27,,
2146,0,Husk,T3/24,ARRIVED,3.500,8.000,36.500,,-1,-1,,309,27,27,,
2147,0,Husk,T3/24,ARRIVED,3.500,8.000,36.500,,-1,-1,,309,27,27,,
2148,0,Husk,T3/24,ARRIVED,3.500,8.000,36.500,,-1,-1,,309,27,27,,
2149,0,Husk,T3/24,ARRIVED,3.500,8.000,36.500,,-1,-1,,309,27,27,,
2150,0,Husk,T3/24,ARRIVED,3.500,8.000,36.500,,-1,-1,,309,27,27,,
2151,0,Husk,T3/24,ARRIVED,3.500,8.000,36.500,,-1,-1,,309,27,27,,
2152,0,Husk,T3/24,ARRIVED,3.500,8.000,36.500,,-1,-1,,309,27,27,,
2153,0,Husk,T3/24,ARRIVED,3.500,8.000,36.500,,-1,-1,,309,27,27,,
2154,0,Husk,T3/24,SEARCHING,3.500,8.000,36.500,"GoalBlock{x=12,y=4,z=36}",-1,-1,,309,28,28,,CALC_STARTED
2155,0,Husk,T3/24,MOVING,3.627,8.000,36.500,"GoalBlock{x=12,y=4,z=36}",11,0,MovementTraverse,354,28,28,,CALC_FINISHED_NOW_EXECUTING
2156,0,Husk,T3/24,MOVING,3.824,8.000,36.500,"GoalBlock{x=12,y=4,z=36}",11,0,MovementTraverse,354,28,28,,
2157,0,Husk,T3/24,MOVING,4.059,8.000,36.500,"GoalBlock{x=12,y=4,z=36}",11,0,MovementTraverse,354,28,28,,
2158,0,Husk,T3/24,MOVING,4.298,8.000,36.436,"GoalBlock{x=12,y=4,z=36}",11,1,MovementDiagonal,354,28,28,,
2159,0,Husk,T3/24,MOVING,4.529,8.000,36.323,"GoalBlock{x=12,y=4,z=36}",11,1,MovementDiagonal,354,28,28,,
2160,0,Husk,T3/24,MOVING,4.752,8.000,36.179,"GoalBlock{x=12,y=4,z=36}",11,1,MovementDiagonal,354,28,28,,
2161,0,Husk,T3/24,MOVING,4.968,8.000,36.015,"GoalBlock{x=12,y=4,z=36}",11,1,MovementDiagonal,354,28,28,,
2162,0,Husk,T3/24,MOVING,5.178,8.000,35.837,"GoalBlock{x=12,y=4,z=36}",11,1,MovementDiagonal,354,28,28,,
2163,0,Husk,T3/24,MOVING,5.382,8.000,35.649,"GoalBlock{x=12,y=4,z=36}",11,2,MovementDiagonal,354,28,28,,
2164,0,Husk,T3/24,MOVING,5.582,8.000,35.455,"GoalBlock{x=12,y=4,z=36}",11,2,MovementDiagonal,354,28,28,,
2165,0,Husk,T3/24,MOVING,5.780,8.000,35.257,"GoalBlock{x=12,y=4,z=36}",11,2,MovementDiagonal,354,28,28,,
2166,0,Husk,T3/24,MOVING,5.975,8.000,35.057,"GoalBlock{x=12,y=4,z=36}",11,2,MovementDiagonal,354,28,28,,
2167,0,Husk,T3/24,MOVING,6.170,8.000,34.855,"GoalBlock{x=12,y=4,z=36}",11,2,MovementDiagonal,354,28,28,,
2168,0,Husk,T3/24,MOVING,6.301,8.000,34.650,"GoalBlock{x=12,y=4,z=36}",11,3,MovementFall,354,28,28,,
2169,0,Husk,T3/24,MOVING,6.392,8.000,34.442,"GoalBlock{x=12,y=4,z=36}",11,3,MovementFall,354,28,28,,
2170,0,Husk,T3/24,MOVING,6.454,8.000,34.231,"GoalBlock{x=12,y=4,z=36}",11,3,MovementFall,354,28,28,,
2171,0,Husk,T3/24,MOVING,6.495,8.000,34.018,"GoalBlock{x=12,y=4,z=36}",11,3,MovementFall,354,28,28,,
2172,0,Husk,T3/24,MOVING,6.519,8.000,33.804,"GoalBlock{x=12,y=4,z=36}",11,3,MovementFall,354,28,28,,
2173,0,Husk,T3/24,MOVING,6.522,8.000,33.590,"GoalBlock{x=12,y=4,z=36}",11,3,MovementFall,354,28,28,,
2174,0,Husk,T3/24,MOVING,6.522,7.922,33.472,"GoalBlock{x=12,y=4,z=36}",11,3,MovementFall,354,28,28,,
2175,0,Husk,T3/24,MOVING,6.522,7.766,33.409,"GoalBlock{x=12,y=4,z=36}",11,3,MovementFall,354,28,28,,
2176,0,Husk,T3/24,MOVING,6.502,7.536,33.352,"GoalBlock{x=12,y=4,z=36}",11,3,MovementFall,354,28,28,,
2177,0,Husk,T3/24,MOVING,6.469,7.232,33.313,"GoalBlock{x=12,y=4,z=36}",11,3,MovementFall,354,28,28,,
2178,0,Husk,T3/24,MOVING,6.430,6.855,33.295,"GoalBlock{x=12,y=4,z=36}",11,3,MovementFall,354,28,28,,
2179,0,Husk,T3/24,MOVING,6.396,6.407,33.284,"GoalBlock{x=12,y=4,z=36}",11,3,MovementFall,354,28,28,,
2180,0,Husk,T3/24,MOVING,6.366,6.000,33.280,"GoalBlock{x=12,y=4,z=36}",11,3,MovementFall,354,28,28,,
2181,0,Husk,T3/24,MOVING,6.432,6.000,33.364,"GoalBlock{x=12,y=4,z=36}",11,4,MovementFall,354,28,28,,
2182,0,Husk,T3/24,MOVING,6.593,6.000,33.438,"GoalBlock{x=12,y=4,z=36}",11,4,MovementFall,354,28,28,,
2183,0,Husk,T3/24,MOVING,6.808,6.000,33.481,"GoalBlock{x=12,y=4,z=36}",11,4,MovementFall,354,28,28,,
2184,0,Husk,T3/24,MOVING,7.052,6.000,33.506,"GoalBlock{x=12,y=4,z=36}",11,4,MovementFall,354,28,28,,
2185,0,Husk,T3/24,MOVING,7.313,6.000,33.519,"GoalBlock{x=12,y=4,z=36}",11,4,MovementFall,354,28,28,,
2186,0,Husk,T3/24,MOVING,7.583,5.922,33.525,"GoalBlock{x=12,y=4,z=36}",11,4,MovementFall,354,28,28,,
2187,0,Husk,T3/24,MOVING,7.756,5.766,33.528,"GoalBlock{x=12,y=4,z=36}",11,4,MovementFall,354,28,28,,
2188,0,Husk,T3/24,MOVING,7.939,5.536,33.528,"GoalBlock{x=12,y=4,z=36}",11,4,MovementFall,354,28,28,,
2189,0,Husk,T3/24,MOVING,8.131,5.232,33.527,"GoalBlock{x=12,y=4,z=36}",11,4,MovementFall,354,28,28,,
2190,0,Husk,T3/24,MOVING,8.331,4.855,33.526,"GoalBlock{x=12,y=4,z=36}",11,4,MovementFall,354,28,28,,
2191,0,Husk,T3/24,MOVING,8.538,4.407,33.525,"GoalBlock{x=12,y=4,z=36}",11,4,MovementFall,354,28,28,,
2192,0,Husk,T3/24,MOVING,8.752,4.000,33.524,"GoalBlock{x=12,y=4,z=36}",11,4,MovementFall,354,28,28,,
2193,0,Husk,T3/24,MOVING,9.075,4.000,33.515,"GoalBlock{x=12,y=4,z=36}",11,4,MovementFall,354,28,28,,
2194,0,Husk,T3/24,MOVING,9.365,4.000,33.566,"GoalBlock{x=12,y=4,z=36}",11,7,MovementDiagonal,354,28,28,,
2195,0,Husk,T3/24,MOVING,9.622,4.000,33.675,"GoalBlock{x=12,y=4,z=36}",11,7,MovementDiagonal,354,28,28,,
2196,0,Husk,T3/24,MOVING,9.855,4.000,33.822,"GoalBlock{x=12,y=4,z=36}",11,7,MovementDiagonal,354,28,28,,
2197,0,Husk,T3/24,MOVING,10.070,4.000,33.994,"GoalBlock{x=12,y=4,z=36}",11,7,MovementDiagonal,354,28,28,,
2198,0,Husk,T3/24,MOVING,10.270,4.000,34.185,"GoalBlock{x=12,y=4,z=36}",11,7,MovementDiagonal,354,28,28,,
2199,0,Husk,T3/24,MOVING,10.466,4.000,34.383,"GoalBlock{x=12,y=4,z=36}",11,8,MovementDiagonal,354,28,28,,
2200,0,Husk,T3/24,MOVING,10.660,4.000,34.584,"GoalBlock{x=12,y=4,z=36}",11,8,MovementDiagonal,354,28,28,,
2201,0,Husk,T3/24,MOVING,10.852,4.000,34.788,"GoalBlock{x=12,y=4,z=36}",11,8,MovementDiagonal,354,28,28,,
2202,0,Husk,T3/24,MOVING,11.042,4.000,34.993,"GoalBlock{x=12,y=4,z=36}",11,8,MovementDiagonal,354,28,28,,
2203,0,Husk,T3/24,MOVING,11.232,4.000,35.200,"GoalBlock{x=12,y=4,z=36}",11,8,MovementDiagonal,354,28,28,,
2204,0,Husk,T3/24,MOVING,11.424,4.000,35.404,"GoalBlock{x=12,y=4,z=36}",11,9,MovementDiagonal,354,28,28,,
2205,0,Husk,T3/24,MOVING,11.618,4.000,35.607,"GoalBlock{x=12,y=4,z=36}",11,9,MovementDiagonal,354,28,28,,
2206,0,Husk,T3/24,MOVING,11.814,4.000,35.808,"GoalBlock{x=12,y=4,z=36}",11,9,MovementDiagonal,354,28,28,,
2207,0,Husk,T3/24,MOVING,12.010,4.000,36.008,"GoalBlock{x=12,y=4,z=36}",11,9,MovementDiagonal,354,28,28,,
2208,0,Husk,T3/24,ARRIVED,12.118,4.000,36.117,,-1,-1,,354,28,28,,CANCELED
2209,0,Husk,T3/25,ARRIVED,0.500,4.000,48.500,,-1,-1,,354,28,28,,CANCELED|CANCELED
2210,0,Husk,T3/25,ARRIVED,0.500,4.000,48.500,,-1,-1,,354,28,28,,
2211,0,Husk,T3/25,ARRIVED,0.500,4.000,48.500,,-1,-1,,354,28,28,,
2212,0,Husk,T3/25,ARRIVED,0.500,4.000,48.500,,-1,-1,,354,28,28,,
2213,0,Husk,T3/25,ARRIVED,0.500,4.000,48.500,,-1,-1,,354,28,28,,
2214,0,Husk,T3/25,ARRIVED,0.500,4.000,48.500,,-1,-1,,354,28,28,,
2215,0,Husk,T3/25,ARRIVED,0.500,4.000,48.500,,-1,-1,,354,28,28,,
2216,0,Husk,T3/25,ARRIVED,0.500,4.000,48.500,,-1,-1,,354,28,28,,
2217,0,Husk,T3/25,ARRIVED,0.500,4.000,48.500,,-1,-1,,354,28,28,,
2218,0,Husk,T3/25,ARRIVED,0.500,4.000,48.500,,-1,-1,,354,28,28,,
2219,0,Husk,T3/25,SEARCHING,0.500,4.000,48.500,"GoalBlock{x=5,y=4,z=53}",-1,-1,,354,29,29,,CALC_STARTED
2220,0,Husk,T3/25,MOVING,0.610,4.000,48.564,"GoalBlock{x=5,y=4,z=53}",7,0,MovementTraverse,215,29,29,,CALC_FINISHED_NOW_EXECUTING
2221,0,Husk,T3/25,MOVING,0.700,4.000,48.709,"GoalBlock{x=5,y=4,z=53}",7,0,MovementTraverse,215,29,29,,
2222,0,Husk,T3/25,MOVING,0.700,4.000,48.915,"GoalBlock{x=5,y=4,z=53}",7,0,MovementTraverse,215,29,29,,
2223,0,Husk,T3/25,MOVING,0.659,4.000,49.149,"GoalBlock{x=5,y=4,z=53}",7,0,MovementTraverse,215,29,29,,
2224,0,Husk,T3/25,MOVING,0.661,4.000,49.401,"GoalBlock{x=5,y=4,z=53}",7,1,MovementDiagonal,215,29,29,,
2225,0,Husk,T3/25,MOVING,0.738,4.000,49.640,"GoalBlock{x=5,y=4,z=53}",7,1,MovementDiagonal,215,29,29,,
2226,0,Husk,T3/25,MOVING,0.865,4.000,49.866,"GoalBlock{x=5,y=4,z=53}",7,1,MovementDiagonal,215,29,29,,
2227,0,Husk,T3/25,MOVING,1.024,4.000,50.079,"GoalBlock{x=5,y=4,z=53}",7,1,MovementDiagonal,215,29,29,,
2228,0,Husk,T3/25,MOVING,1.203,4.000,50.284,"GoalBlock{x=5,y=4,z=53}",7,2,MovementDiagonal,215,29,29,,
2229,0,Husk,T3/25,MOVING,1.394,4.000,50.483,"GoalBlock{x=5,y=4,z=53}",7,2,MovementDiagonal,215,29,29,,
2230,0,Husk,T3/25,MOVING,1.591,4.000,50.678,"GoalBlock{x=5,y=4,z=53}",7,2,MovementDiagonal,215,29,29,,
2231,0,Husk,T3/25,MOVING,1.794,4.000,50.870,"GoalBlock{x=5,y=4,z=53}",7,2,MovementDiagonal,215,29,29,,
2232,0,Husk,T3/25,MOVING,2.000,4.000,51.059,"GoalBlock{x=5,y=4,z=53}",7,2,MovementDiagonal,215,29,29,,
2233,0,Husk,T3/25,MOVING,2.207,4.000,51.247,"GoalBlock{x=5,y=4,z=53}",7,2,MovementDiagonal,215,29,29,,
2234,0,Husk,T3/25,MOVING,2.412,4.000,51.438,"GoalBlock{x=5,y=4,z=53}",7,3,MovementDiagonal,215,29,29,,
2235,0,Husk,T3/25,MOVING,2.615,4.000,51.632,"GoalBlock{x=5,y=4,z=53}",7,3,MovementDiagonal,215,29,29,,
2236,0,Husk,T3/25,MOVING,2.817,4.000,51.826,"GoalBlock{x=5,y=4,z=53}",7,3,MovementDiagonal,215,29,29,,
2237,0,Husk,T3/25,MOVING,3.018,4.000,52.022,"GoalBlock{x=5,y=4,z=53}",7,3,MovementDiagonal,215,29,29,,
2238,0,Husk,T3/25,MOVING,3.218,4.000,52.219,"GoalBlock{x=5,y=4,z=53}",7,4,MovementDiagonal,215,29,29,,
2239,0,Husk,T3/25,MOVING,3.417,4.000,52.417,"GoalBlock{x=5,y=4,z=53}",7,4,MovementDiagonal,215,29,29,,
2240,0,Husk,T3/25,MOVING,3.616,4.000,52.615,"GoalBlock{x=5,y=4,z=53}",7,4,MovementDiagonal,215,29,29,,
2241,0,Husk,T3/25,MOVING,3.815,4.000,52.813,"GoalBlock{x=5,y=4,z=53}",7,4,MovementDiagonal,215,29,29,,
2242,0,Husk,T3/25,MOVING,4.013,4.000,53.011,"GoalBlock{x=5,y=4,z=53}",7,4,MovementDiagonal,215,29,29,,
2243,0,Husk,T3/25,MOVING,4.242,4.000,53.159,"GoalBlock{x=5,y=4,z=53}",7,5,MovementTraverse,215,29,29,,
2244,0,Husk,T3/25,MOVING,4.491,4.000,53.274,"GoalBlock{x=5,y=4,z=53}",7,5,MovementTraverse,215,29,29,,
2245,0,Husk,T3/25,MOVING,4.700,4.000,53.364,"GoalBlock{x=5,y=4,z=53}",7,5,MovementTraverse,215,29,29,,
2246,0,Husk,T3/25,MOVING,4.826,4.000,53.434,"GoalBlock{x=5,y=4,z=53}",7,5,MovementTraverse,215,29,29,,
2247,0,Husk,T3/25,MOVING,5.021,4.000,53.485,"GoalBlock{x=5,y=4,z=53}",7,5,MovementTraverse,215,29,29,,
2248,0,Husk,T3/25,ARRIVED,5.128,4.000,53.513,,-1,-1,,215,29,29,,CANCELED
2249,0,Husk,T3/26,ARRIVED,0.500,4.000,60.500,,-1,-1,,215,29,29,,CANCELED|CANCELED
2250,0,Husk,T3/26,ARRIVED,0.500,4.000,60.500,,-1,-1,,215,29,29,,
2251,0,Husk,T3/26,ARRIVED,0.500,4.000,60.500,,-1,-1,,215,29,29,,
2252,0,Husk,T3/26,ARRIVED,0.500,4.000,60.500,,-1,-1,,215,29,29,,
2253,0,Husk,T3/26,ARRIVED,0.500,4.000,60.500,,-1,-1,,215,29,29,,
2254,0,Husk,T3/26,ARRIVED,0.500,4.000,60.500,,-1,-1,,215,29,29,,
2255,0,Husk,T3/26,ARRIVED,0.500,4.000,60.500,,-1,-1,,215,29,29,,
2256,0,Husk,T3/26,ARRIVED,0.500,4.000,60.500,,-1,-1,,215,29,29,,
2257,0,Husk,T3/26,ARRIVED,0.500,4.000,60.500,,-1,-1,,215,29,29,,
2258,0,Husk,T3/26,ARRIVED,0.500,4.000,60.500,,-1,-1,,215,29,29,,
2259,0,Husk,T3/26,SEARCHING,0.500,4.000,60.500,"GoalBlock{x=11,y=4,z=60}",-1,-1,,215,30,30,,CALC_STARTED
2260,0,Husk,T3/26,MOVING,0.627,4.000,60.500,"GoalBlock{x=11,y=4,z=60}",12,0,MovementTraverse,121,30,30,,CALC_FINISHED_NOW_EXECUTING
2261,0,Husk,T3/26,MOVING,0.824,4.000,60.500,"GoalBlock{x=11,y=4,z=60}",12,0,MovementTraverse,121,30,30,,
2262,0,Husk,T3/26,MOVING,1.059,4.000,60.500,"GoalBlock{x=11,y=4,z=60}",12,0,MovementTraverse,121,30,30,,
2263,0,Husk,T3/26,MOVING,1.315,4.000,60.500,"GoalBlock{x=11,y=4,z=60}",12,1,MovementTraverse,121,30,30,,
2264,0,Husk,T3/26,MOVING,1.582,4.000,60.500,"GoalBlock{x=11,y=4,z=60}",12,1,MovementTraverse,121,30,30,,
2265,0,Husk,T3/26,MOVING,1.855,4.000,60.500,"GoalBlock{x=11,y=4,z=60}",12,1,MovementTraverse,121,30,30,,
2266,0,Husk,T3/26,MOVING,2.132,4.000,60.500,"GoalBlock{x=11,y=4,z=60}",12,1,MovementTraverse,121,30,30,,
2267,0,Husk,T3/26,MOVING,2.410,4.000,60.500,"GoalBlock{x=11,y=4,z=60}",12,2,MovementTraverse,121,30,30,,
2268,0,Husk,T3/26,MOVING,2.690,4.000,60.500,"GoalBlock{x=11,y=4,z=60}",12,2,MovementTraverse,121,30,30,,
2269,0,Husk,T3/26,MOVING,2.969,4.000,60.500,"GoalBlock{x=11,y=4,z=60}",12,2,MovementTraverse,121,30,30,,
2270,0,Husk,T3/26,MOVING,3.250,4.000,60.500,"GoalBlock{x=11,y=4,z=60}",12,2,MovementTraverse,121,30,30,,
2271,0,Husk,T3/26,MOVING,3.530,4.000,60.500,"GoalBlock{x=11,y=4,z=60}",12,3,MovementTraverse,121,30,30,,
2272,0,Husk,T3/26,MOVING,3.811,4.000,60.500,"GoalBlock{x=11,y=4,z=60}",12,3,MovementTraverse,121,30,30,,
2273,0,Husk,T3/26,MOVING,4.091,4.000,60.500,"GoalBlock{x=11,y=4,z=60}",12,3,MovementTraverse,121,30,30,,
2274,0,Husk,T3/26,MOVING,4.372,4.000,60.500,"GoalBlock{x=11,y=4,z=60}",12,4,MovementTraverse,121,30,30,,
2275,0,Husk,T3/26,MOVING,4.652,4.000,60.500,"GoalBlock{x=11,y=4,z=60}",12,4,MovementTraverse,121,30,30,,
2276,0,Husk,T3/26,MOVING,4.933,4.000,60.500,"GoalBlock{x=11,y=4,z=60}",12,4,MovementTraverse,121,30,30,,
2277,0,Husk,T3/26,MOVING,5.214,4.000,60.500,"GoalBlock{x=11,y=4,z=60}",12,4,MovementTraverse,121,30,30,,
2278,0,Husk,T3/26,MOVING,5.494,4.000,60.500,"GoalBlock{x=11,y=4,z=60}",12,5,MovementTraverse,121,30,30,,
2279,0,Husk,T3/26,MOVING,5.775,4.000,60.500,"GoalBlock{x=11,y=4,z=60}",12,5,MovementTraverse,121,30,30,,
2280,0,Husk,T3/26,MOVING,6.055,4.000,60.500,"GoalBlock{x=11,y=4,z=60}",12,5,MovementTraverse,121,30,30,,
2281,0,Husk,T3/26,MOVING,6.336,4.000,60.500,"GoalBlock{x=11,y=4,z=60}",12,6,MovementTraverse,121,30,30,,
2282,0,Husk,T3/26,MOVING,6.617,4.000,60.500,"GoalBlock{x=11,y=4,z=60}",12,6,MovementTraverse,121,30,30,,
2283,0,Husk,T3/26,MOVING,6.897,4.000,60.500,"GoalBlock{x=11,y=4,z=60}",12,6,MovementTraverse,121,30,30,,
2284,0,Husk,T3/26,MOVING,7.178,4.000,60.500,"GoalBlock{x=11,y=4,z=60}",12,6,MovementTraverse,121,30,30,,
2285,0,Husk,T3/26,MOVING,7.459,4.000,60.500,"GoalBlock{x=11,y=4,z=60}",12,7,MovementTraverse,121,30,30,,
2286,0,Husk,T3/26,MOVING,7.739,4.000,60.500,"GoalBlock{x=11,y=4,z=60}",12,7,MovementTraverse,121,30,30,,
2287,0,Husk,T3/26,MOVING,8.020,4.000,60.500,"GoalBlock{x=11,y=4,z=60}",12,7,MovementTraverse,121,30,30,,
2288,0,Husk,T3/26,MOVING,8.300,4.000,60.500,"GoalBlock{x=11,y=4,z=60}",12,8,MovementTraverse,121,30,30,,
2289,0,Husk,T3/26,MOVING,8.581,4.000,60.500,"GoalBlock{x=11,y=4,z=60}",12,8,MovementTraverse,121,30,30,,
2290,0,Husk,T3/26,MOVING,8.862,4.000,60.500,"GoalBlock{x=11,y=4,z=60}",12,8,MovementTraverse,121,30,30,,
2291,0,Husk,T3/26,MOVING,9.142,4.000,60.500,"GoalBlock{x=11,y=4,z=60}",12,8,MovementTraverse,121,30,30,,
2292,0,Husk,T3/26,MOVING,9.423,4.000,60.500,"GoalBlock{x=11,y=4,z=60}",12,9,MovementTraverse,121,30,30,,
2293,0,Husk,T3/26,MOVING,9.703,4.000,60.500,"GoalBlock{x=11,y=4,z=60}",12,9,MovementTraverse,121,30,30,,
2294,0,Husk,T3/26,MOVING,9.984,4.000,60.500,"GoalBlock{x=11,y=4,z=60}",12,9,MovementTraverse,121,30,30,,
2295,0,Husk,T3/26,MOVING,10.265,4.000,60.500,"GoalBlock{x=11,y=4,z=60}",12,9,MovementTraverse,121,30,30,,
2296,0,Husk,T3/26,MOVING,10.545,4.000,60.500,"GoalBlock{x=11,y=4,z=60}",12,10,MovementTraverse,121,30,30,,
2297,0,Husk,T3/26,MOVING,10.826,4.000,60.500,"GoalBlock{x=11,y=4,z=60}",12,10,MovementTraverse,121,30,30,,
2298,0,Husk,T3/26,MOVING,11.107,4.000,60.500,"GoalBlock{x=11,y=4,z=60}",12,10,MovementTraverse,121,30,30,,
2299,0,Husk,T3/26,ARRIVED,11.260,4.000,60.500,,-1,-1,,121,30,30,,CANCELED
2300,0,Husk,T3/27,ARRIVED,0.500,4.000,72.500,,-1,-1,,121,30,30,,CANCELED|CANCELED
2301,0,Husk,T3/27,ARRIVED,0.500,4.000,72.500,,-1,-1,,121,30,30,,
2302,0,Husk,T3/27,ARRIVED,0.500,4.000,72.500,,-1,-1,,121,30,30,,
2303,0,Husk,T3/27,ARRIVED,0.500,4.000,72.500,,-1,-1,,121,30,30,,
2304,0,Husk,T3/27,ARRIVED,0.500,4.000,72.500,,-1,-1,,121,30,30,,
2305,0,Husk,T3/27,ARRIVED,0.500,4.000,72.500,,-1,-1,,121,30,30,,
2306,0,Husk,T3/27,ARRIVED,0.500,4.000,72.500,,-1,-1,,121,30,30,,
2307,0,Husk,T3/27,ARRIVED,0.500,4.000,72.500,,-1,-1,,121,30,30,,
2308,0,Husk,T3/27,ARRIVED,0.500,4.000,72.500,,-1,-1,,121,30,30,,
2309,0,Husk,T3/27,ARRIVED,0.500,4.000,72.500,,-1,-1,,121,30,30,,
2310,0,Husk,T3/27,SEARCHING,0.500,4.000,72.500,"GoalBlock{x=20,y=4,z=72}",-1,-1,,121,31,31,,CALC_STARTED
2311,0,Husk,T3/27,MOVING,0.627,4.000,72.500,"GoalBlock{x=20,y=4,z=72}",21,0,MovementTraverse,473,31,31,,CALC_FINISHED_NOW_EXECUTING
2312,0,Husk,T3/27,MOVING,0.824,4.000,72.500,"GoalBlock{x=20,y=4,z=72}",21,0,MovementTraverse,473,31,31,,
2313,0,Husk,T3/27,MOVING,1.059,4.000,72.500,"GoalBlock{x=20,y=4,z=72}",21,0,MovementTraverse,473,31,31,,
2314,0,Husk,T3/27,MOVING,1.315,4.000,72.500,"GoalBlock{x=20,y=4,z=72}",21,1,MovementTraverse,473,31,31,,
2315,0,Husk,T3/27,MOVING,1.582,4.000,72.500,"GoalBlock{x=20,y=4,z=72}",21,1,MovementTraverse,473,31,31,,
2316,0,Husk,T3/27,MOVING,1.855,4.000,72.500,"GoalBlock{x=20,y=4,z=72}",21,1,MovementTraverse,473,31,31,,
2317,0,Husk,T3/27,MOVING,2.132,4.000,72.500,"GoalBlock{x=20,y=4,z=72}",21,1,MovementTraverse,473,31,31,,
2318,0,Husk,T3/27,MOVING,2.410,4.000,72.500,"GoalBlock{x=20,y=4,z=72}",21,2,MovementTraverse,473,31,31,,
2319,0,Husk,T3/27,MOVING,2.690,4.000,72.500,"GoalBlock{x=20,y=4,z=72}",21,2,MovementTraverse,473,31,31,,
2320,0,Husk,T3/27,MOVING,2.969,4.000,72.500,"GoalBlock{x=20,y=4,z=72}",21,2,MovementTraverse,473,31,31,,
2321,0,Husk,T3/27,MOVING,3.250,4.000,72.500,"GoalBlock{x=20,y=4,z=72}",21,2,MovementTraverse,473,31,31,,
2322,0,Husk,T3/27,MOVING,3.530,4.000,72.500,"GoalBlock{x=20,y=4,z=72}",21,3,MovementTraverse,473,31,31,,
2323,0,Husk,T3/27,MOVING,3.811,4.000,72.500,"GoalBlock{x=20,y=4,z=72}",21,3,MovementTraverse,473,31,31,,
2324,0,Husk,T3/27,MOVING,4.091,4.000,72.500,"GoalBlock{x=20,y=4,z=72}",21,3,MovementTraverse,473,31,31,,
2325,0,Husk,T3/27,MOVING,4.372,4.000,72.500,"GoalBlock{x=20,y=4,z=72}",21,4,MovementTraverse,473,31,31,,
2326,0,Husk,T3/27,MOVING,4.652,4.000,72.500,"GoalBlock{x=20,y=4,z=72}",21,4,MovementTraverse,473,31,31,,
2327,0,Husk,T3/27,MOVING,4.933,4.000,72.500,"GoalBlock{x=20,y=4,z=72}",21,4,MovementTraverse,473,31,31,,
2328,0,Husk,T3/27,MOVING,5.214,4.000,72.500,"GoalBlock{x=20,y=4,z=72}",21,4,MovementTraverse,473,31,31,,
2329,0,Husk,T3/27,MOVING,5.477,4.000,72.436,"GoalBlock{x=20,y=4,z=72}",21,5,MovementDiagonal,473,31,31,,
2330,0,Husk,T3/27,MOVING,5.715,4.000,72.316,"GoalBlock{x=20,y=4,z=72}",21,5,MovementDiagonal,473,31,31,,
2331,0,Husk,T3/27,MOVING,5.933,4.000,72.158,"GoalBlock{x=20,y=4,z=72}",21,5,MovementDiagonal,473,31,31,,
2332,0,Husk,T3/27,MOVING,6.136,4.000,71.975,"GoalBlock{x=20,y=4,z=72}",21,5,MovementDiagonal,473,31,31,,
2333,0,Husk,T3/27,MOVING,6.333,4.000,71.782,"GoalBlock{x=20,y=4,z=72}",21,6,MovementDiagonal,473,31,31,,
2334,0,Husk,T3/27,MOVING,6.526,4.000,71.582,"GoalBlock{x=20,y=4,z=72}",21,6,MovementDiagonal,473,31,31,,
2335,0,Husk,T3/27,MOVING,6.717,4.000,71.378,"GoalBlock{x=20,y=4,z=72}",21,6,MovementDiagonal,473,31,31,,
2336,0,Husk,T3/27,MOVING,6.906,4.000,71.172,"GoalBlock{x=20,y=4,z=72}",21,6,MovementDiagonal,473,31,31,,
2337,0,Husk,T3/27,MOVING,7.093,4.000,70.964,"GoalBlock{x=20,y=4,z=72}",21,6,MovementDiagonal,473,31,31,,
2338,0,Husk,T3/27,MOVING,7.284,4.000,70.759,"GoalBlock{x=20,y=4,z=72}",21,7,MovementDiagonal,473,31,31,,
2339,0,Husk,T3/27,MOVING,7.477,4.000,70.555,"GoalBlock{x=20,y=4,z=72}",21,7,MovementDiagonal,473,31,31,,
2340,0,Husk,T3/27,MOVING,7.670,4.000,70.352,"GoalBlock{x=20,y=4,z=72}",21,7,MovementDiagonal,473,31,31,,
2341,0,Husk,T3/27,MOVING,7.865,4.000,70.150,"GoalBlock{x=20,y=4,z=72}",21,7,MovementDiagonal,473,31,31,,
2342,0,Husk,T3/27,MOVING,8.061,4.000,69.949,"GoalBlock{x=20,y=4,z=72}",21,7,MovementDiagonal,473,31,31,,
2343,0,Husk,T3/27,MOVING,8.257,4.000,69.748,"GoalBlock{x=20,y=4,z=72}",21,8,MovementDiagonal,473,31,31,,
2344,0,Husk,T3/27,MOVING,8.454,4.000,69.549,"GoalBlock{x=20,y=4,z=72}",21,8,MovementDiagonal,473,31,31,,
2345,0,Husk,T3/27,MOVING,8.652,4.000,69.349,"GoalBlock{x=20,y=4,z=72}",21,8,MovementDiagonal,473,31,31,,
2346,0,Husk,T3/27,MOVING,8.850,4.000,69.151,"GoalBlock{x=20,y=4,z=72}",21,8,MovementDiagonal,473,31,31,,
2347,0,Husk,T3/27,MOVING,9.048,4.000,68.952,"GoalBlock{x=20,y=4,z=72}",21,8,MovementDiagonal,473,31,31,,
2348,0,Husk,T3/27,MOVING,9.278,4.000,68.805,"GoalBlock{x=20,y=4,z=72}",21,9,MovementTraverse,473,31,31,,
2349,0,Husk,T3/27,MOVING,9.527,4.000,68.695,"GoalBlock{x=20,y=4,z=72}",21,9,MovementTraverse,473,31,31,,
2350,0,Husk,T3/27,MOVING,9.788,4.000,68.609,"GoalBlock{x=20,y=4,z=72}",21,9,MovementTraverse,473,31,31,,
2351,0,Husk,T3/27,MOVING,10.056,4.000,68.543,"GoalBlock{x=20,y=4,z=72}",21,9,MovementTraverse,473,31,31,,
2352,0,Husk,T3/27,MOVING,10.330,4.000,68.503,"GoalBlock{x=20,y=4,z=72}",21,10,MovementTraverse,473,31,31,,
2353,0,Husk,T3/27,MOVING,10.607,4.000,68.481,"GoalBlock{x=20,y=4,z=72}",21,10,MovementTraverse,473,31,31,,
2354,0,Husk,T3/27,MOVING,10.886,4.000,68.472,"GoalBlock{x=20,y=4,z=72}",21,10,MovementTraverse,473,31,31,,
2355,0,Husk,T3/27,MOVING,11.165,4.000,68.473,"GoalBlock{x=20,y=4,z=72}",21,10,MovementTraverse,473,31,31,,
2356,0,Husk,T3/27,MOVING,11.445,4.000,68.475,"GoalBlock{x=20,y=4,z=72}",21,11,MovementTraverse,473,31,31,,
2357,0,Husk,T3/27,MOVING,11.725,4.000,68.478,"GoalBlock{x=20,y=4,z=72}",21,11,MovementTraverse,473,31,31,,
2358,0,Husk,T3/27,MOVING,12.005,4.000,68.482,"GoalBlock{x=20,y=4,z=72}",21,11,MovementTraverse,473,31,31,,
2359,0,Husk,T3/27,MOVING,12.286,4.000,68.483,"GoalBlock{x=20,y=4,z=72}",21,12,MovementTraverse,473,31,31,,
2360,0,Husk,T3/27,MOVING,12.566,4.000,68.485,"GoalBlock{x=20,y=4,z=72}",21,12,MovementTraverse,473,31,31,,
2361,0,Husk,T3/27,MOVING,12.847,4.000,68.487,"GoalBlock{x=20,y=4,z=72}",21,12,MovementTraverse,473,31,31,,
2362,0,Husk,T3/27,MOVING,13.127,4.000,68.490,"GoalBlock{x=20,y=4,z=72}",21,12,MovementTraverse,473,31,31,,
2363,0,Husk,T3/27,MOVING,13.408,4.000,68.491,"GoalBlock{x=20,y=4,z=72}",21,13,MovementTraverse,473,31,31,,
2364,0,Husk,T3/27,MOVING,13.689,4.000,68.492,"GoalBlock{x=20,y=4,z=72}",21,13,MovementTraverse,473,31,31,,
2365,0,Husk,T3/27,MOVING,13.969,4.000,68.493,"GoalBlock{x=20,y=4,z=72}",21,13,MovementTraverse,473,31,31,,
2366,0,Husk,T3/27,MOVING,14.250,4.000,68.495,"GoalBlock{x=20,y=4,z=72}",21,13,MovementTraverse,473,31,31,,
2367,0,Husk,T3/27,MOVING,14.530,4.000,68.495,"GoalBlock{x=20,y=4,z=72}",21,14,MovementTraverse,473,31,31,,
2368,0,Husk,T3/27,MOVING,14.811,4.000,68.496,"GoalBlock{x=20,y=4,z=72}",21,14,MovementTraverse,473,31,31,,
2369,0,Husk,T3/27,MOVING,15.092,4.000,68.497,"GoalBlock{x=20,y=4,z=72}",21,14,MovementTraverse,473,31,31,,
2370,0,Husk,T3/27,MOVING,15.372,4.000,68.497,"GoalBlock{x=20,y=4,z=72}",21,15,MovementTraverse,473,31,31,,
2371,0,Husk,T3/27,MOVING,15.653,4.000,68.497,"GoalBlock{x=20,y=4,z=72}",21,15,MovementTraverse,473,31,31,,
2372,0,Husk,T3/27,MOVING,15.933,4.000,68.498,"GoalBlock{x=20,y=4,z=72}",21,15,MovementTraverse,473,31,31,,
2373,0,Husk,T3/27,MOVING,16.214,4.000,68.498,"GoalBlock{x=20,y=4,z=72}",21,15,MovementTraverse,473,31,31,,
2374,0,Husk,T3/27,MOVING,16.477,4.000,68.562,"GoalBlock{x=20,y=4,z=72}",21,16,MovementDiagonal,473,31,31,,
2375,0,Husk,T3/27,MOVING,16.715,4.000,68.683,"GoalBlock{x=20,y=4,z=72}",21,16,MovementDiagonal,473,31,31,,
2376,0,Husk,T3/27,MOVING,16.933,4.000,68.841,"GoalBlock{x=20,y=4,z=72}",21,16,MovementDiagonal,473,31,31,,
2377,0,Husk,T3/27,MOVING,17.135,4.000,69.024,"GoalBlock{x=20,y=4,z=72}",21,16,MovementDiagonal,473,31,31,,
2378,0,Husk,T3/27,MOVING,17.332,4.000,69.218,"GoalBlock{x=20,y=4,z=72}",21,17,MovementDiagonal,473,31,31,,
2379,0,Husk,T3/27,MOVING,17.525,4.000,69.417,"GoalBlock{x=20,y=4,z=72}",21,17,MovementDiagonal,473,31,31,,
2380,0,Husk,T3/27,MOVING,17.716,4.000,69.621,"GoalBlock{x=20,y=4,z=72}",21,17,MovementDiagonal,473,31,31,,
2381,0,Husk,T3/27,MOVING,17.905,4.000,69.827,"GoalBlock{x=20,y=4,z=72}",21,17,MovementDiagonal,473,31,31,,
2382,0,Husk,T3/27,MOVING,18.093,4.000,70.035,"GoalBlock{x=20,y=4,z=72}",21,17,MovementDiagonal,473,31,31,,
2383,0,Husk,T3/27,MOVING,18.283,4.000,70.241,"GoalBlock{x=20,y=4,z=72}",21,18,MovementDiagonal,473,31,31,,
2384,0,Husk,T3/27,MOVING,18.476,4.000,70.445,"GoalBlock{x=20,y=4,z=72}",21,18,MovementDiagonal,473,31,31,,
2385,0,Husk,T3/27,MOVING,18.670,4.000,70.647,"GoalBlock{x=20,y=4,z=72}",21,18,MovementDiagonal,473,31,31,,
2386,0,Husk,T3/27,MOVING,18.865,4.000,70.849,"GoalBlock{x=20,y=4,z=72}",21,18,MovementDiagonal,473,31,31,,
2387,0,Husk,T3/27,MOVING,19.060,4.000,71.051,"GoalBlock{x=20,y=4,z=72}",21,18,MovementDiagonal,473,31,31,,
2388,0,Husk,T3/27,MOVING,19.256,4.000,71.251,"GoalBlock{x=20,y=4,z=72}",21,19,MovementDiagonal,473,31,31,,
2389,0,Husk,T3/27,MOVING,19.453,4.000,71.451,"GoalBlock{x=20,y=4,z=72}",21,19,MovementDiagonal,473,31,31,,
2390,0,Husk,T3/27,MOVING,19.651,4.000,71.650,"GoalBlock{x=20,y=4,z=72}",21,19,MovementDiagonal,473,31,31,,
2391,0,Husk,T3/27,MOVING,19.849,4.000,71.849,"GoalBlock{x=20,y=4,z=72}",21,19,MovementDiagonal,473,31,31,,
2392,0,Husk,T3/27,MOVING,20.047,4.000,72.048,"GoalBlock{x=20,y=4,z=72}",21,19,MovementDiagonal,473,31,31,,
2393,0,Husk,T3/27,ARRIVED,20.155,4.000,72.156,,-1,-1,,473,31,31,,CANCELED
2394,0,Husk,T3/28,ARRIVED,20.500,4.000,84.500,,-1,-1,,473,31,31,,CANCELED|CANCELED
2395,0,Husk,T3/28,ARRIVED,20.500,4.000,84.500,,-1,-1,,473,31,31,,
2396,0,Husk,T3/28,ARRIVED,20.500,4.000,84.500,,-1,-1,,473,31,31,,
2397,0,Husk,T3/28,ARRIVED,20.500,4.000,84.500,,-1,-1,,473,31,31,,
2398,0,Husk,T3/28,ARRIVED,20.500,4.000,84.500,,-1,-1,,473,31,31,,
2399,0,Husk,T3/28,ARRIVED,20.500,4.000,84.500,,-1,-1,,473,31,31,,
2400,0,Husk,T3/28,ARRIVED,20.500,4.000,84.500,,-1,-1,,473,31,31,,
2401,0,Husk,T3/28,ARRIVED,20.500,4.000,84.500,,-1,-1,,473,31,31,,
2402,0,Husk,T3/28,ARRIVED,20.500,4.000,84.500,,-1,-1,,473,31,31,,
2403,0,Husk,T3/28,ARRIVED,20.500,4.000,84.500,,-1,-1,,473,31,31,,
2404,0,Husk,T3/28,SEARCHING,20.500,4.000,84.500,"GoalBlock{x=8,y=4,z=84}",-1,-1,,473,32,32,,CALC_STARTED
2405,0,Husk,T3/28,MOVING,20.610,4.000,84.436,"GoalBlock{x=8,y=4,z=84}",13,0,MovementTraverse,134,32,32,,CALC_FINISHED_NOW_EXECUTING
2406,0,Husk,T3/28,MOVING,20.734,4.000,84.291,"GoalBlock{x=8,y=4,z=84}",13,0,MovementTraverse,134,32,32,,
2407,0,Husk,T3/28,MOVING,20.802,4.000,84.085,"GoalBlock{x=8,y=4,z=84}",13,0,MovementTraverse,134,32,32,,
2408,0,Husk,T3/28,MOVING,20.775,4.000,83.861,"GoalBlock{x=8,y=4,z=84}",13,0,MovementTraverse,134,32,32,,
2409,0,Husk,T3/28,MOVING,20.650,4.000,83.676,"GoalBlock{x=8,y=4,z=84}",13,0,MovementTraverse,134,32,32,,
2410,0,Husk,T3/28,MOVING,20.455,4.000,83.575,"GoalBlock{x=8,y=4,z=84}",13,0,MovementTraverse,134,32,32,,
2411,0,Husk,T3/28,MOVING,20.238,4.000,83.583,"GoalBlock{x=8,y=4,z=84}",13,0,MovementTraverse,134,32,32,,
2412,0,Husk,T3/28,MOVING,20.039,4.000,83.687,"GoalBlock{x=8,y=4,z=84}",13,0,MovementTraverse,134,32,32,,
2413,0,Husk,T3/28,MOVING,19.860,4.000,83.850,"GoalBlock{x=8,y=4,z=84}",13,0,MovementTraverse,134,32,32,,
2414,0,Husk,T3/28,MOVING,19.701,4.000,84.050,"GoalBlock{x=8,y=4,z=84}",13,0,MovementTraverse,134,32,32,,
2415,0,Husk,T3/28,MOVING,19.505,4.000,84.225,"GoalBlock{x=8,y=4,z=84}",13,1,MovementTraverse,134,32,32,,
2416,0,Husk,T3/28,MOVING,19.275,4.000,84.354,"GoalBlock{x=8,y=4,z=84}",13,1,MovementTraverse,134,32,32,,
2417,0,Husk,T3/28,MOVING,19.024,4.000,84.448,"GoalBlock{x=8,y=4,z=84}",13,1,MovementTraverse,134,32,32,,
2418,0,Husk,T3/28,MOVING,18.760,4.000,84.512,"GoalBlock{x=8,y=4,z=84}",13,1,MovementTraverse,134,32,32,,
2419,0,Husk,T3/28,MOVING,18.489,4.000,84.546,"GoalBlock{x=8,y=4,z=84}",13,2,MovementTraverse,134,32,32,,
2420,0,Husk,T3/28,MOVING,18.214,4.000,84.558,"GoalBlock{x=8,y=4,z=84}",13,2,MovementTraverse,134,32,32,,
2421,0,Husk,T3/28,MOVING,17.936,4.000,84.555,"GoalBlock{x=8,y=4,z=84}",13,2,MovementTraverse,134,32,32,,
2422,0,Husk,T3/28,MOVING,17.657,4.000,84.550,"GoalBlock{x=8,y=4,z=84}",13,3,MovementTraverse,134,32,32,,
2423,0,Husk,T3/28,MOVING,17.378,4.000,84.544,"GoalBlock{x=8,y=4,z=84}",13,3,MovementTraverse,134,32,32,,
2424,0,Husk,T3/28,MOVING,17.098,4.000,84.538,"GoalBlock{x=8,y=4,z=84}",13,3,MovementTraverse,134,32,32,,
2425,0,Husk,T3/28,MOVING,16.818,4.000,84.526,"GoalBlock{x=8,y=4,z=84}",13,3,MovementTraverse,134,32,32,,
2426,0,Husk,T3/28,MOVING,16.538,4.000,84.517,"GoalBlock{x=8,y=4,z=84}",13,4,MovementTraverse,134,32,32,,
2427,0,Husk,T3/28,MOVING,16.258,4.000,84.510,"GoalBlock{x=8,y=4,z=84}",13,4,MovementTraverse,134,32,32,,
2428,0,Husk,T3/28,MOVING,15.977,4.000,84.505,"GoalBlock{x=8,y=4,z=84}",13,4,MovementTraverse,134,32,32,,
2429,0,Husk,T3/28,MOVING,15.697,4.000,84.501,"GoalBlock{x=8,y=4,z=84}",13,5,MovementTraverse,134,32,32,,
2430,0,Husk,T3/28,MOVING,15.416,4.000,84.501,"GoalBlock{x=8,y=4,z=84}",13,5,MovementTraverse,134,32,32,,
2431,0,Husk,T3/28,MOVING,15.135,4.000,84.501,"GoalBlock{x=8,y=4,z=84}",13,5,MovementTraverse,134,32,32,,
2432,0,Husk,T3/28,MOVING,14.855,4.000,84.501,"GoalBlock{x=8,y=4,z=84}",13,5,MovementTraverse,134,32,32,,
2433,0,Husk,T3/28,MOVING,14.574,4.000,84.501,"GoalBlock{x=8,y=4,z=84}",13,6,MovementTraverse,134,32,32,,
2434,0,Husk,T3/28,MOVING,14.294,4.000,84.501,"GoalBlock{x=8,y=4,z=84}",13,6,MovementTraverse,134,32,32,,
2435,0,Husk,T3/28,MOVING,14.013,4.000,84.501,"GoalBlock{x=8,y=4,z=84}",13,6,MovementTraverse,134,32,32,,
2436,0,Husk,T3/28,MOVING,13.732,4.000,84.500,"GoalBlock{x=8,y=4,z=84}",13,6,MovementTraverse,134,32,32,,
2437,0,Husk,T3/28,MOVING,13.452,4.000,84.500,"GoalBlock{x=8,y=4,z=84}",13,7,MovementTraverse,134,32,32,,
2438,0,Husk,T3/28,MOVING,13.171,4.000,84.500,"GoalBlock{x=8,y=4,z=84}",13,7,MovementTraverse,134,32,32,,
2439,0,Husk,T3/28,MOVING,12.890,4.000,84.500,"GoalBlock{x=8,y=4,z=84}",13,7,MovementTraverse,134,32,32,,
2440,0,Husk,T3/28,MOVING,12.610,4.000,84.500,"GoalBlock{x=8,y=4,z=84}",13,8,MovementTraverse,134,32,32,,
2441,0,Husk,T3/28,MOVING,12.329,4.000,84.500,"GoalBlock{x=8,y=4,z=84}",13,8,MovementTraverse,134,32,32,,
2442,0,Husk,T3/28,MOVING,12.049,4.000,84.500,"GoalBlock{x=8,y=4,z=84}",13,8,MovementTraverse,134,32,32,,
2443,0,Husk,T3/28,MOVING,11.768,4.000,84.500,"GoalBlock{x=8,y=4,z=84}",13,8,MovementTraverse,134,32,32,,
2444,0,Husk,T3/28,MOVING,11.487,4.000,84.500,"GoalBlock{x=8,y=4,z=84}",13,9,MovementTraverse,134,32,32,,
2445,0,Husk,T3/28,MOVING,11.207,4.000,84.500,"GoalBlock{x=8,y=4,z=84}",13,9,MovementTraverse,134,32,32,,
2446,0,Husk,T3/28,MOVING,10.926,4.000,84.500,"GoalBlock{x=8,y=4,z=84}",13,9,MovementTraverse,134,32,32,,
2447,0,Husk,T3/28,MOVING,10.646,4.000,84.500,"GoalBlock{x=8,y=4,z=84}",13,10,MovementTraverse,134,32,32,,
2448,0,Husk,T3/28,MOVING,10.365,4.000,84.500,"GoalBlock{x=8,y=4,z=84}",13,10,MovementTraverse,134,32,32,,
2449,0,Husk,T3/28,MOVING,10.084,4.000,84.500,"GoalBlock{x=8,y=4,z=84}",13,10,MovementTraverse,134,32,32,,
2450,0,Husk,T3/28,MOVING,9.804,4.000,84.500,"GoalBlock{x=8,y=4,z=84}",13,10,MovementTraverse,134,32,32,,
2451,0,Husk,T3/28,MOVING,9.523,4.000,84.500,"GoalBlock{x=8,y=4,z=84}",13,11,MovementTraverse,134,32,32,,
2452,0,Husk,T3/28,MOVING,9.242,4.000,84.500,"GoalBlock{x=8,y=4,z=84}",13,11,MovementTraverse,134,32,32,,
2453,0,Husk,T3/28,MOVING,8.962,4.000,84.500,"GoalBlock{x=8,y=4,z=84}",13,11,MovementTraverse,134,32,32,,
2454,0,Husk,T3/28,ARRIVED,8.809,4.000,84.500,,-1,-1,,134,32,32,,CANCELED
2455,0,Husk,T3/29,ARRIVED,0.500,4.000,96.500,,-1,-1,,134,32,32,,CANCELED|CANCELED
2456,0,Husk,T3/29,ARRIVED,0.500,4.000,96.500,,-1,-1,,134,32,32,,
2457,0,Husk,T3/29,ARRIVED,0.500,4.000,96.500,,-1,-1,,134,32,32,,
2458,0,Husk,T3/29,ARRIVED,0.500,4.000,96.500,,-1,-1,,134,32,32,,
2459,0,Husk,T3/29,ARRIVED,0.500,4.000,96.500,,-1,-1,,134,32,32,,
2460,0,Husk,T3/29,ARRIVED,0.500,4.000,96.500,,-1,-1,,134,32,32,,
2461,0,Husk,T3/29,ARRIVED,0.500,4.000,96.500,,-1,-1,,134,32,32,,
2462,0,Husk,T3/29,ARRIVED,0.500,4.000,96.500,,-1,-1,,134,32,32,,
2463,0,Husk,T3/29,ARRIVED,0.500,4.000,96.500,,-1,-1,,134,32,32,,
2464,0,Husk,T3/29,ARRIVED,0.500,4.000,96.500,,-1,-1,,134,32,32,,
2465,0,Husk,T3/29,SEARCHING,0.500,4.000,96.500,"GoalBlock{x=10,y=4,z=94}",-1,-1,,134,33,33,,CALC_STARTED
2466,0,Husk,T3/29,MOVING,0.610,4.000,96.436,"GoalBlock{x=10,y=4,z=94}",13,0,MovementDiagonal,506,33,33,,CALC_FINISHED_NOW_EXECUTING
2467,0,Husk,T3/29,MOVING,0.758,4.000,96.309,"GoalBlock{x=10,y=4,z=94}",13,0,MovementDiagonal,506,33,33,,
2468,0,Husk,T3/29,MOVING,0.925,4.000,96.146,"GoalBlock{x=10,y=4,z=94}",13,0,MovementDiagonal,506,33,33,,
2469,0,Husk,T3/29,MOVING,1.101,4.000,95.962,"GoalBlock{x=10,y=4,z=94}",13,0,MovementDiagonal,506,33,33,,
2470,0,Husk,T3/29,MOVING,1.285,4.000,95.769,"GoalBlock{x=10,y=4,z=94}",13,1,MovementDiagonal,506,33,33,,
2471,0,Husk,T3/29,MOVING,1.474,4.000,95.572,"GoalBlock{x=10,y=4,z=94}",13,1,MovementDiagonal,506,33,33,,
2472,0,Husk,T3/29,MOVING,1.665,4.000,95.372,"GoalBlock{x=10,y=4,z=94}",13,1,MovementDiagonal,506,33,33,,
2473,0,Husk,T3/29,MOVING,1.857,4.000,95.171,"GoalBlock{x=10,y=4,z=94}",13,1,MovementDiagonal,506,33,33,,
2474,0,Husk,T3/29,MOVING,2.051,4.000,94.969,"GoalBlock{x=10,y=4,z=94}",13,1,MovementDiagonal,506,33,33,,
2475,0,Husk,T3/29,MOVING,2.246,4.000,94.768,"GoalBlock{x=10,y=4,z=94}",13,2,MovementDiagonal,506,33,33,,
2476,0,Husk,T3/29,MOVING,2.442,4.000,94.568,"GoalBlock{x=10,y=4,z=94}",13,2,MovementDiagonal,506,33,33,,
2477,0,Husk,T3/29,MOVING,2.638,4.000,94.368,"GoalBlock{x=10,y=4,z=94}",13,2,MovementDiagonal,506,33,33,,
2478,0,Husk,T3/29,MOVING,2.835,4.000,94.169,"GoalBlock{x=10,y=4,z=94}",13,2,MovementDiagonal,506,33,33,,
2479,0,Husk,T3/29,MOVING,3.033,4.000,93.969,"GoalBlock{x=10,y=4,z=94}",13,2,MovementDiagonal,506,33,33,,
2480,0,Husk,T3/29,MOVING,3.231,4.000,93.770,"GoalBlock{x=10,y=4,z=94}",13,3,MovementDiagonal,506,33,33,,
2481,0,Husk,T3/29,MOVING,3.429,4.000,93.572,"GoalBlock{x=10,y=4,z=94}",13,3,MovementDiagonal,506,33,33,,
2482,0,Husk,T3/29,MOVING,3.627,4.000,93.373,"GoalBlock{x=10,y=4,z=94}",13,3,MovementDiagonal,506,33,33,,
2483,0,Husk,T3/29,MOVING,3.825,4.000,93.174,"GoalBlock{x=10,y=4,z=94}",13,3,MovementDiagonal,506,33,33,,
2484,0,Husk,T3/29,MOVING,4.024,4.000,92.976,"GoalBlock{x=10,y=4,z=94}",13,3,MovementDiagonal,506,33,33,,
2485,0,Husk,T3/29,MOVING,4.171,4.000,92.746,"GoalBlock{x=10,y=4,z=94}",13,4,MovementTraverse,506,33,33,,
2486,0,Husk,T3/29,MOVING,4.284,4.000,92.498,"GoalBlock{x=10,y=4,z=94}",13,4,MovementTraverse,506,33,33,,
2487,0,Husk,T3/29,MOVING,4.373,4.000,92.238,"GoalBlock{x=10,y=4,z=94}",13,4,MovementTraverse,506,33,33,,
2488,0,Husk,T3/29,MOVING,4.443,4.000,91.970,"GoalBlock{x=10,y=4,z=94}",13,4,MovementTraverse,506,33,33,,
2489,0,Husk,T3/29,MOVING,4.486,4.000,91.697,"GoalBlock{x=10,y=4,z=94}",13,5,MovementTraverse,506,33,33,,
2490,0,Husk,T3/29,MOVING,4.511,4.000,91.420,"GoalBlock{x=10,y=4,z=94}",13,5,MovementTraverse,506,33,33,,
2491,0,Husk,T3/29,MOVING,4.523,4.000,91.141,"GoalBlock{x=10,y=4,z=94}",13,5,MovementTraverse,506,33,33,,
2492,0,Husk,T3/29,MOVING,4.525,4.000,90.862,"GoalBlock{x=10,y=4,z=94}",13,5,MovementTraverse,506,33,33,,
2493,0,Husk,T3/29,MOVING,4.585,4.000,90.597,"GoalBlock{x=10,y=4,z=94}",13,6,MovementTraverse,506,33,33,,
2494,0,Husk,T3/29,MOVING,4.725,4.000,90.385,"GoalBlock{x=10,y=4,z=94}",13,6,MovementTraverse,506,33,33,,
2495,0,Husk,T3/29,MOVING,4.930,4.000,90.264,"GoalBlock{x=10,y=4,z=94}",13,6,MovementTraverse,506,33,33,,
2496,0,Husk,T3/29,MOVING,5.159,4.000,90.247,"GoalBlock{x=10,y=4,z=94}",13,6,MovementTraverse,506,33,33,,
2497,0,Husk,T3/29,MOVING,5.409,4.000,90.261,"GoalBlock{x=10,y=4,z=94}",13,7,MovementTraverse,506,33,33,,
2498,0,Husk,T3/29,MOVING,5.670,4.000,90.296,"GoalBlock{x=10,y=4,z=94}",13,7,MovementTraverse,506,33,33,,
2499,0,Husk,T3/29,MOVING,5.936,4.000,90.346,"GoalBlock{x=10,y=4,z=94}",13,7,MovementTraverse,506,33,33,,
2500,0,Husk,T3/29,MOVING,6.205,4.000,90.406,"GoalBlock{x=10,y=4,z=94}",13,7,MovementTraverse,506,33,33,,
2501,0,Husk,T3/29,MOVING,6.448,4.000,90.522,"GoalBlock{x=10,y=4,z=94}",13,8,MovementDiagonal,506,33,33,,
2502,0,Husk,T3/29,MOVING,6.675,4.000,90.671,"GoalBlock{x=10,y=4,z=94}",13,8,MovementDiagonal,506,33,33,,
2503,0,Husk,T3/29,MOVING,6.888,4.000,90.843,"GoalBlock{x=10,y=4,z=94}",13,8,MovementDiagonal,506,33,33,,
2504,0,Husk,T3/29,MOVING,7.092,4.000,91.031,"GoalBlock{x=10,y=4,z=94}",13,8,MovementDiagonal,506,33,33,,
2505,0,Husk,T3/29,MOVING,7.291,4.000,91.225,"GoalBlock{x=10,y=4,z=94}",13,9,MovementDiagonal,506,33,33,,
2506,0,Husk,T3/29,MOVING,7.487,4.000,91.423,"GoalBlock{x=10,y=4,z=94}",13,9,MovementDiagonal,506,33,33,,
2507,0,Husk,T3/29,MOVING,7.682,4.000,91.624,"GoalBlock{x=10,y=4,z=94}",13,9,MovementDiagonal,506,33,33,,
2508,0,Husk,T3/29,MOVING,7.875,4.000,91.827,"GoalBlock{x=10,y=4,z=94}",13,9,MovementDiagonal,506,33,33,,
2509,0,Husk,T3/29,MOVING,8.067,4.000,92.031,"GoalBlock{x=10,y=4,z=94}",13,9,MovementDiagonal,506,33,33,,
2510,0,Husk,T3/29,MOVING,8.261,4.000,92.234,"GoalBlock{x=10,y=4,z=94}",13,10,MovementDiagonal,506,33,33,,
2511,0,Husk,T3/29,MOVING,8.456,4.000,92.436,"GoalBlock{x=10,y=4,z=94}",13,10,MovementDiagonal,506,33,33,,
2512,0,Husk,T3/29,MOVING,8.652,4.000,92.637,"GoalBlock{x=10,y=4,z=94}",13,10,MovementDiagonal,506,33,33,,
2513,0,Husk,T3/29,MOVING,8.848,4.000,92.837,"GoalBlock{x=10,y=4,z=94}",13,10,MovementDiagonal,506,33,33,,
2514,0,Husk,T3/29,MOVING,9.044,4.000,93.038,"GoalBlock{x=10,y=4,z=94}",13,10,MovementDiagonal,506,33,33,,
2515,0,Husk,T3/29,MOVING,9.241,4.000,93.237,"GoalBlock{x=10,y=4,z=94}",13,11,MovementDiagonal,506,33,33,,
2516,0,Husk,T3/29,MOVING,9.439,4.000,93.437,"GoalBlock{x=10,y=4,z=94}",13,11,MovementDiagonal,506,33,33,,
2517,0,Husk,T3/29,MOVING,9.637,4.000,93.636,"GoalBlock{x=10,y=4,z=94}",13,11,MovementDiagonal,506,33,33,,
2518,0,Husk,T3/29,MOVING,9.835,4.000,93.834,"GoalBlock{x=10,y=4,z=94}",13,11,MovementDiagonal,506,33,33,,
2519,0,Husk,T3/29,MOVING,10.033,4.000,94.033,"GoalBlock{x=10,y=4,z=94}",13,11,MovementDiagonal,506,33,33,,
2520,0,Husk,T3/29,ARRIVED,10.141,4.000,94.142,,-1,-1,,506,33,33,,CANCELED
2521,0,Husk,T3/30,ARRIVED,0.500,4.000,108.500,,-1,-1,,506,33,33,,CANCELED|CANCELED
2522,0,Husk,T3/30,ARRIVED,0.500,4.000,108.500,,-1,-1,,506,33,33,,
2523,0,Husk,T3/30,ARRIVED,0.500,4.000,108.500,,-1,-1,,506,33,33,,
2524,0,Husk,T3/30,ARRIVED,0.500,4.000,108.500,,-1,-1,,506,33,33,,
2525,0,Husk,T3/30,ARRIVED,0.500,4.000,108.500,,-1,-1,,506,33,33,,
2526,0,Husk,T3/30,ARRIVED,0.500,4.000,108.500,,-1,-1,,506,33,33,,
2527,0,Husk,T3/30,ARRIVED,0.500,4.000,108.500,,-1,-1,,506,33,33,,
2528,0,Husk,T3/30,ARRIVED,0.500,4.000,108.500,,-1,-1,,506,33,33,,
2529,0,Husk,T3/30,ARRIVED,0.500,4.000,108.500,,-1,-1,,506,33,33,,
2530,0,Husk,T3/30,ARRIVED,0.500,4.000,108.500,,-1,-1,,506,33,33,,
2531,0,Husk,T3/30,SEARCHING,0.500,4.000,108.500,"GoalBlock{x=15,y=4,z=108}",-1,-1,,506,34,34,,CALC_STARTED
2532,0,Husk,T3/30,MOVING,0.627,4.000,108.500,"GoalBlock{x=15,y=4,z=108}",14,0,MovementTraverse,7276,35,35,,CALC_FINISHED_NOW_EXECUTING|NEXT_SEGMENT_CALC_STARTED
2533,0,Husk,T3/30,MOVING,0.824,4.000,108.500,"GoalBlock{x=15,y=4,z=108}",14,0,MovementTraverse,7591,35,35,,NEXT_CALC_FAILED
2534,0,Husk,T3/30,MOVING,1.059,4.000,108.500,"GoalBlock{x=15,y=4,z=108}",14,0,MovementTraverse,7591,35,35,,
2535,0,Husk,T3/30,MOVING,1.315,4.000,108.500,"GoalBlock{x=15,y=4,z=108}",14,1,MovementTraverse,7591,35,35,,
2536,0,Husk,T3/30,MOVING,1.582,4.000,108.500,"GoalBlock{x=15,y=4,z=108}",14,1,MovementTraverse,7591,35,35,,
2537,0,Husk,T3/30,MOVING,1.855,4.000,108.500,"GoalBlock{x=15,y=4,z=108}",14,1,MovementTraverse,7591,35,35,,
2538,0,Husk,T3/30,MOVING,2.132,4.000,108.500,"GoalBlock{x=15,y=4,z=108}",14,1,MovementTraverse,7591,35,35,,
2539,0,Husk,T3/30,MOVING,2.410,4.000,108.500,"GoalBlock{x=15,y=4,z=108}",14,2,MovementTraverse,7591,35,35,,
2540,0,Husk,T3/30,MOVING,2.690,4.000,108.500,"GoalBlock{x=15,y=4,z=108}",14,2,MovementTraverse,7591,35,35,,
2541,0,Husk,T3/30,MOVING,2.969,4.000,108.500,"GoalBlock{x=15,y=4,z=108}",14,2,MovementTraverse,7591,35,35,,
2542,0,Husk,T3/30,MOVING,3.250,4.000,108.500,"GoalBlock{x=15,y=4,z=108}",14,2,MovementTraverse,7591,35,35,,
2543,0,Husk,T3/30,MOVING,3.530,4.000,108.500,"GoalBlock{x=15,y=4,z=108}",14,3,MovementTraverse,7591,35,35,,
2544,0,Husk,T3/30,MOVING,3.811,4.000,108.500,"GoalBlock{x=15,y=4,z=108}",14,3,MovementTraverse,7591,35,35,,
2545,0,Husk,T3/30,MOVING,4.091,4.000,108.500,"GoalBlock{x=15,y=4,z=108}",14,3,MovementTraverse,7591,35,35,,
2546,0,Husk,T3/30,MOVING,4.372,4.000,108.500,"GoalBlock{x=15,y=4,z=108}",14,4,MovementTraverse,7591,35,35,,
2547,0,Husk,T3/30,MOVING,4.652,4.000,108.500,"GoalBlock{x=15,y=4,z=108}",14,4,MovementTraverse,7591,35,35,,
2548,0,Husk,T3/30,MOVING,4.933,4.000,108.500,"GoalBlock{x=15,y=4,z=108}",14,4,MovementTraverse,7591,35,35,,
2549,0,Husk,T3/30,MOVING,5.214,4.000,108.500,"GoalBlock{x=15,y=4,z=108}",14,4,MovementTraverse,7591,35,35,,
2550,0,Husk,T3/30,MOVING,5.494,4.000,108.500,"GoalBlock{x=15,y=4,z=108}",14,5,MovementTraverse,7591,35,35,,
2551,0,Husk,T3/30,MOVING,5.775,4.000,108.500,"GoalBlock{x=15,y=4,z=108}",14,5,MovementTraverse,7591,35,35,,
2552,0,Husk,T3/30,MOVING,6.055,4.000,108.500,"GoalBlock{x=15,y=4,z=108}",14,5,MovementTraverse,7591,35,35,,
2553,0,Husk,T3/30,MOVING,6.336,4.000,108.500,"GoalBlock{x=15,y=4,z=108}",14,6,MovementTraverse,7591,35,35,,
2554,0,Husk,T3/30,MOVING,6.617,4.000,108.500,"GoalBlock{x=15,y=4,z=108}",14,6,MovementTraverse,7591,35,35,,
2555,0,Husk,T3/30,MOVING,6.897,4.000,108.500,"GoalBlock{x=15,y=4,z=108}",14,6,MovementTraverse,7591,35,35,,
2556,0,Husk,T3/30,MOVING,7.178,4.000,108.500,"GoalBlock{x=15,y=4,z=108}",14,6,MovementTraverse,7591,35,35,,
2557,0,Husk,T3/30,MOVING,7.459,4.000,108.500,"GoalBlock{x=15,y=4,z=108}",14,7,MovementTraverse,7591,35,35,,
2558,0,Husk,T3/30,MOVING,7.739,4.000,108.500,"GoalBlock{x=15,y=4,z=108}",14,7,MovementTraverse,7591,35,35,,
2559,0,Husk,T3/30,MOVING,8.020,4.000,108.500,"GoalBlock{x=15,y=4,z=108}",14,7,MovementTraverse,7591,35,35,,
2560,0,Husk,T3/30,MOVING,8.300,4.000,108.500,"GoalBlock{x=15,y=4,z=108}",14,8,MovementTraverse,7591,35,35,,
2561,0,Husk,T3/30,MOVING,8.581,4.000,108.500,"GoalBlock{x=15,y=4,z=108}",14,8,MovementTraverse,7591,35,35,,
2562,0,Husk,T3/30,MOVING,8.862,4.000,108.500,"GoalBlock{x=15,y=4,z=108}",14,8,MovementTraverse,7591,35,35,,
2563,0,Husk,T3/30,MOVING,9.142,4.000,108.500,"GoalBlock{x=15,y=4,z=108}",14,8,MovementTraverse,7591,35,35,,
2564,0,Husk,T3/30,MOVING,9.423,4.000,108.500,"GoalBlock{x=15,y=4,z=108}",14,9,MovementTraverse,7591,35,35,,
2565,0,Husk,T3/30,MOVING,9.703,4.000,108.500,"GoalBlock{x=15,y=4,z=108}",14,9,MovementTraverse,7591,35,35,,
2566,0,Husk,T3/30,MOVING,9.984,4.000,108.500,"GoalBlock{x=15,y=4,z=108}",14,9,MovementTraverse,7591,35,35,,
2567,0,Husk,T3/30,MOVING,10.265,4.000,108.500,"GoalBlock{x=15,y=4,z=108}",14,9,MovementTraverse,7591,35,35,,
2568,0,Husk,T3/30,MOVING,10.545,4.000,108.500,"GoalBlock{x=15,y=4,z=108}",14,10,MovementTraverse,7591,35,35,,
2569,0,Husk,T3/30,MOVING,10.826,4.000,108.500,"GoalBlock{x=15,y=4,z=108}",14,10,MovementTraverse,7591,35,35,,
2570,0,Husk,T3/30,MOVING,11.107,4.000,108.500,"GoalBlock{x=15,y=4,z=108}",14,10,MovementTraverse,7591,35,35,,
2571,0,Husk,T3/30,MOVING,11.387,4.000,108.500,"GoalBlock{x=15,y=4,z=108}",14,11,MovementTraverse,7591,35,35,,
2572,0,Husk,T3/30,MOVING,11.668,4.000,108.500,"GoalBlock{x=15,y=4,z=108}",14,11,MovementTraverse,7591,35,35,,
2573,0,Husk,T3/30,MOVING,11.948,4.000,108.500,"GoalBlock{x=15,y=4,z=108}",14,11,MovementTraverse,7591,35,35,,
2574,0,Husk,T3/30,MOVING,12.229,4.000,108.500,"GoalBlock{x=15,y=4,z=108}",14,11,MovementTraverse,7591,35,35,,
2575,0,Husk,T3/30,MOVING,12.510,4.000,108.500,"GoalBlock{x=15,y=4,z=108}",14,12,MovementTraverse,7591,35,35,,
2576,0,Husk,T3/30,MOVING,12.790,4.000,108.500,"GoalBlock{x=15,y=4,z=108}",14,12,MovementTraverse,7591,35,35,,
2577,0,Husk,T3/30,MOVING,13.071,4.000,108.500,"GoalBlock{x=15,y=4,z=108}",14,12,MovementTraverse,7591,35,35,,
2578,0,Husk,T3/30,SEARCHING,13.224,4.000,108.500,"GoalBlock{x=15,y=4,z=108}",-1,-1,,7591,36,36,,CALC_STARTED
2579,0,Husk,T3/30,FAILED,13.308,4.000,108.500,,-1,-1,,5171,36,36,no_path,CALC_FAILED
2580,0,Husk,T3/30,FAILED,13.353,4.000,108.500,,-1,-1,,5171,36,36,no_path,
2581,0,Husk,T3/31,FAILED,60.500,4.000,0.500,,-1,-1,,5171,36,36,no_path,CANCELED|CANCELED
2582,0,Husk,T3/31,FAILED,60.500,4.000,0.500,,-1,-1,,5171,36,36,no_path,
2583,0,Husk,T3/31,FAILED,60.500,4.000,0.500,,-1,-1,,5171,36,36,no_path,
2584,0,Husk,T3/31,FAILED,60.500,4.000,0.500,,-1,-1,,5171,36,36,no_path,
2585,0,Husk,T3/31,FAILED,60.500,4.000,0.500,,-1,-1,,5171,36,36,no_path,
2586,0,Husk,T3/31,FAILED,60.500,4.000,0.500,,-1,-1,,5171,36,36,no_path,
2587,0,Husk,T3/31,FAILED,60.500,4.000,0.500,,-1,-1,,5171,36,36,no_path,
2588,0,Husk,T3/31,FAILED,60.500,4.000,0.500,,-1,-1,,5171,36,36,no_path,
2589,0,Husk,T3/31,FAILED,60.500,4.000,0.500,,-1,-1,,5171,36,36,no_path,
2590,0,Husk,T3/31,FAILED,60.500,4.000,0.500,,-1,-1,,5171,36,36,no_path,
2591,0,Husk,T3/31,SEARCHING,60.500,4.000,0.500,"GoalBlock{x=80,y=4,z=0}",-1,-1,,5171,37,37,,CALC_STARTED
2592,0,Husk,T3/31,MOVING,60.627,4.000,0.500,"GoalBlock{x=80,y=4,z=0}",21,0,MovementTraverse,214,37,37,,CALC_FINISHED_NOW_EXECUTING
2593,0,Husk,T3/31,MOVING,60.824,4.000,0.500,"GoalBlock{x=80,y=4,z=0}",21,0,MovementTraverse,214,37,37,,
2594,0,Husk,T3/31,MOVING,61.059,4.000,0.500,"GoalBlock{x=80,y=4,z=0}",21,0,MovementTraverse,214,37,37,,
2595,0,Husk,T3/31,MOVING,61.315,4.000,0.500,"GoalBlock{x=80,y=4,z=0}",21,1,MovementTraverse,214,37,37,,
2596,0,Husk,T3/31,MOVING,61.582,4.000,0.500,"GoalBlock{x=80,y=4,z=0}",21,1,MovementTraverse,214,37,37,,
2597,0,Husk,T3/31,MOVING,61.855,4.000,0.500,"GoalBlock{x=80,y=4,z=0}",21,1,MovementTraverse,214,37,37,,
2598,0,Husk,T3/31,MOVING,62.132,4.000,0.500,"GoalBlock{x=80,y=4,z=0}",21,1,MovementTraverse,214,37,37,,
2599,0,Husk,T3/31,MOVING,62.410,4.000,0.500,"GoalBlock{x=80,y=4,z=0}",21,2,MovementTraverse,214,37,37,,
2600,0,Husk,T3/31,MOVING,62.690,4.000,0.500,"GoalBlock{x=80,y=4,z=0}",21,2,MovementTraverse,214,37,37,,
2601,0,Husk,T3/31,MOVING,62.969,4.000,0.500,"GoalBlock{x=80,y=4,z=0}",21,2,MovementTraverse,214,37,37,,
2602,0,Husk,T3/31,MOVING,63.250,4.000,0.500,"GoalBlock{x=80,y=4,z=0}",21,2,MovementTraverse,214,37,37,,
2603,0,Husk,T3/31,MOVING,63.530,4.000,0.500,"GoalBlock{x=80,y=4,z=0}",21,3,MovementTraverse,214,37,37,,
2604,0,Husk,T3/31,MOVING,63.811,4.000,0.500,"GoalBlock{x=80,y=4,z=0}",21,3,MovementTraverse,214,37,37,,
2605,0,Husk,T3/31,MOVING,64.091,4.000,0.500,"GoalBlock{x=80,y=4,z=0}",21,3,MovementTraverse,214,37,37,,
2606,0,Husk,T3/31,MOVING,64.372,4.000,0.500,"GoalBlock{x=80,y=4,z=0}",21,4,MovementTraverse,214,37,37,,
2607,0,Husk,T3/31,MOVING,64.652,4.000,0.500,"GoalBlock{x=80,y=4,z=0}",21,4,MovementTraverse,214,37,37,,
2608,0,Husk,T3/31,MOVING,64.933,4.000,0.500,"GoalBlock{x=80,y=4,z=0}",21,4,MovementTraverse,214,37,37,,
2609,0,Husk,T3/31,MOVING,65.214,4.000,0.500,"GoalBlock{x=80,y=4,z=0}",21,4,MovementTraverse,214,37,37,,
2610,0,Husk,T3/31,MOVING,65.494,4.000,0.500,"GoalBlock{x=80,y=4,z=0}",21,5,MovementTraverse,214,37,37,,
2611,0,Husk,T3/31,MOVING,65.775,4.000,0.500,"GoalBlock{x=80,y=4,z=0}",21,5,MovementTraverse,214,37,37,,
2612,0,Husk,T3/31,MOVING,66.055,4.000,0.500,"GoalBlock{x=80,y=4,z=0}",21,5,MovementTraverse,214,37,37,,
2613,0,Husk,T3/31,MOVING,66.336,4.000,0.500,"GoalBlock{x=80,y=4,z=0}",21,6,MovementTraverse,214,37,37,,
2614,0,Husk,T3/31,MOVING,66.617,4.000,0.500,"GoalBlock{x=80,y=4,z=0}",21,6,MovementTraverse,214,37,37,,
2615,0,Husk,T3/31,MOVING,66.897,4.000,0.500,"GoalBlock{x=80,y=4,z=0}",21,6,MovementTraverse,214,37,37,,
2616,0,Husk,T3/31,MOVING,67.178,4.000,0.500,"GoalBlock{x=80,y=4,z=0}",21,6,MovementTraverse,214,37,37,,
2617,0,Husk,T3/31,MOVING,67.459,4.000,0.500,"GoalBlock{x=80,y=4,z=0}",21,7,MovementTraverse,214,37,37,,
2618,0,Husk,T3/31,MOVING,67.739,4.000,0.500,"GoalBlock{x=80,y=4,z=0}",21,7,MovementTraverse,214,37,37,,
2619,0,Husk,T3/31,MOVING,68.020,4.000,0.500,"GoalBlock{x=80,y=4,z=0}",21,7,MovementTraverse,214,37,37,,
2620,0,Husk,T3/31,MOVING,68.300,4.000,0.500,"GoalBlock{x=80,y=4,z=0}",21,8,MovementTraverse,214,37,37,,
2621,0,Husk,T3/31,MOVING,68.581,4.000,0.500,"GoalBlock{x=80,y=4,z=0}",21,8,MovementTraverse,214,37,37,,
2622,0,Husk,T3/31,MOVING,68.862,4.000,0.500,"GoalBlock{x=80,y=4,z=0}",21,8,MovementTraverse,214,37,37,,
2623,0,Husk,T3/31,MOVING,69.142,4.000,0.500,"GoalBlock{x=80,y=4,z=0}",21,8,MovementTraverse,214,37,37,,
2624,0,Husk,T3/31,MOVING,69.295,4.000,0.500,"GoalBlock{x=80,y=4,z=0}",21,9,MovementTraverse,214,37,37,,
2625,0,Husk,T3/31,MOVING,69.507,4.000,0.500,"GoalBlock{x=80,y=4,z=0}",21,9,MovementTraverse,214,37,37,,
2626,0,Husk,T3/31,MOVING,69.749,4.000,0.500,"GoalBlock{x=80,y=4,z=0}",21,9,MovementTraverse,214,37,37,,
2627,0,Husk,T3/31,MOVING,70.009,4.000,0.500,"GoalBlock{x=80,y=4,z=0}",21,9,MovementTraverse,214,37,37,,
2628,0,Husk,T3/31,MOVING,70.278,4.000,0.500,"GoalBlock{x=80,y=4,z=0}",21,10,MovementTraverse,214,37,37,,
2629,0,Husk,T3/31,MOVING,70.553,4.000,0.500,"GoalBlock{x=80,y=4,z=0}",21,10,MovementTraverse,214,37,37,,
2630,0,Husk,T3/31,MOVING,70.830,4.000,0.500,"GoalBlock{x=80,y=4,z=0}",21,10,MovementTraverse,214,37,37,,
2631,0,Husk,T3/31,MOVING,71.109,4.000,0.500,"GoalBlock{x=80,y=4,z=0}",21,10,MovementTraverse,214,37,37,,
2632,0,Husk,T3/31,MOVING,71.388,4.000,0.500,"GoalBlock{x=80,y=4,z=0}",21,11,MovementTraverse,214,37,37,,
2633,0,Husk,T3/31,MOVING,71.668,4.000,0.500,"GoalBlock{x=80,y=4,z=0}",21,11,MovementTraverse,214,37,37,,
2634,0,Husk,T3/31,MOVING,71.949,4.000,0.500,"GoalBlock{x=80,y=4,z=0}",21,11,MovementTraverse,214,37,37,,
2635,0,Husk,T3/31,MOVING,72.229,4.000,0.500,"GoalBlock{x=80,y=4,z=0}",21,11,MovementTraverse,214,37,37,,
2636,0,Husk,T3/31,MOVING,72.510,4.000,0.500,"GoalBlock{x=80,y=4,z=0}",21,12,MovementTraverse,214,37,37,,
2637,0,Husk,T3/31,MOVING,72.790,4.000,0.500,"GoalBlock{x=80,y=4,z=0}",21,12,MovementTraverse,214,37,37,,
2638,0,Husk,T3/31,MOVING,73.071,4.000,0.500,"GoalBlock{x=80,y=4,z=0}",21,12,MovementTraverse,214,37,37,,
2639,0,Husk,T3/31,MOVING,73.352,4.000,0.500,"GoalBlock{x=80,y=4,z=0}",21,13,MovementTraverse,214,37,37,,
2640,0,Husk,T3/31,MOVING,73.632,4.000,0.500,"GoalBlock{x=80,y=4,z=0}",21,13,MovementTraverse,214,37,37,,
2641,0,Husk,T3/31,MOVING,73.913,4.000,0.500,"GoalBlock{x=80,y=4,z=0}",21,13,MovementTraverse,214,37,37,,
2642,0,Husk,T3/31,MOVING,74.193,4.000,0.500,"GoalBlock{x=80,y=4,z=0}",21,13,MovementTraverse,214,37,37,,
2643,0,Husk,T3/31,MOVING,74.474,4.000,0.500,"GoalBlock{x=80,y=4,z=0}",21,14,MovementTraverse,214,37,37,,
2644,0,Husk,T3/31,MOVING,74.755,4.000,0.500,"GoalBlock{x=80,y=4,z=0}",21,14,MovementTraverse,214,37,37,,
2645,0,Husk,T3/31,MOVING,75.035,4.000,0.500,"GoalBlock{x=80,y=4,z=0}",21,14,MovementTraverse,214,37,37,,
2646,0,Husk,T3/31,MOVING,75.316,4.000,0.500,"GoalBlock{x=80,y=4,z=0}",21,15,MovementTraverse,214,37,37,,
2647,0,Husk,T3/31,MOVING,75.596,4.000,0.500,"GoalBlock{x=80,y=4,z=0}",21,15,MovementTraverse,214,37,37,,
2648,0,Husk,T3/31,MOVING,75.877,4.000,0.500,"GoalBlock{x=80,y=4,z=0}",21,15,MovementTraverse,214,37,37,,
2649,0,Husk,T3/31,MOVING,76.158,4.000,0.500,"GoalBlock{x=80,y=4,z=0}",21,15,MovementTraverse,214,37,37,,
2650,0,Husk,T3/31,MOVING,76.438,4.000,0.500,"GoalBlock{x=80,y=4,z=0}",21,16,MovementTraverse,214,37,37,,
2651,0,Husk,T3/31,MOVING,76.719,4.000,0.500,"GoalBlock{x=80,y=4,z=0}",21,16,MovementTraverse,214,37,37,,
2652,0,Husk,T3/31,MOVING,77.000,4.000,0.500,"GoalBlock{x=80,y=4,z=0}",21,16,MovementTraverse,214,37,37,,
2653,0,Husk,T3/31,MOVING,77.280,4.000,0.500,"GoalBlock{x=80,y=4,z=0}",21,16,MovementTraverse,214,37,37,,
2654,0,Husk,T3/31,MOVING,77.561,4.000,0.500,"GoalBlock{x=80,y=4,z=0}",21,17,MovementTraverse,214,37,37,,
2655,0,Husk,T3/31,MOVING,77.841,4.000,0.500,"GoalBlock{x=80,y=4,z=0}",21,17,MovementTraverse,214,37,37,,
2656,0,Husk,T3/31,MOVING,78.122,4.000,0.500,"GoalBlock{x=80,y=4,z=0}",21,17,MovementTraverse,214,37,37,,
2657,0,Husk,T3/31,MOVING,78.403,4.000,0.500,"GoalBlock{x=80,y=4,z=0}",21,18,MovementTraverse,214,37,37,,
2658,0,Husk,T3/31,MOVING,78.683,4.000,0.500,"GoalBlock{x=80,y=4,z=0}",21,18,MovementTraverse,214,37,37,,
2659,0,Husk,T3/31,MOVING,78.964,4.000,0.500,"GoalBlock{x=80,y=4,z=0}",21,18,MovementTraverse,214,37,37,,
2660,0,Husk,T3/31,MOVING,79.244,4.000,0.500,"GoalBlock{x=80,y=4,z=0}",21,18,MovementTraverse,214,37,37,,
2661,0,Husk,T3/31,MOVING,79.525,4.000,0.500,"GoalBlock{x=80,y=4,z=0}",21,19,MovementTraverse,214,37,37,,
2662,0,Husk,T3/31,MOVING,79.806,4.000,0.500,"GoalBlock{x=80,y=4,z=0}",21,19,MovementTraverse,214,37,37,,
2663,0,Husk,T3/31,MOVING,80.086,4.000,0.500,"GoalBlock{x=80,y=4,z=0}",21,19,MovementTraverse,214,37,37,,
2664,0,Husk,T3/31,ARRIVED,80.240,4.000,0.500,,-1,-1,,214,37,37,,CANCELED
2665,0,Husk,T3/32,ARRIVED,60.500,4.000,12.500,,-1,-1,,214,37,37,,CANCELED|CANCELED
2666,0,Husk,T3/32,ARRIVED,60.500,4.000,12.500,,-1,-1,,214,37,37,,
2667,0,Husk,T3/32,ARRIVED,60.500,4.000,12.500,,-1,-1,,214,37,37,,
2668,0,Husk,T3/32,ARRIVED,60.500,4.000,12.500,,-1,-1,,214,37,37,,
2669,0,Husk,T3/32,ARRIVED,60.500,4.000,12.500,,-1,-1,,214,37,37,,
2670,0,Husk,T3/32,ARRIVED,60.500,4.000,12.500,,-1,-1,,214,37,37,,
2671,0,Husk,T3/32,ARRIVED,60.500,4.000,12.500,,-1,-1,,214,37,37,,
2672,0,Husk,T3/32,ARRIVED,60.500,4.000,12.500,,-1,-1,,214,37,37,,
2673,0,Husk,T3/32,ARRIVED,60.500,4.000,12.500,,-1,-1,,214,37,37,,
2674,0,Husk,T3/32,ARRIVED,60.500,4.000,12.500,,-1,-1,,214,37,37,,
2675,0,Husk,T3/32,SEARCHING,60.500,4.000,12.500,"GoalBlock{x=80,y=4,z=12}",-1,-1,,214,38,38,,CALC_STARTED
2676,0,Husk,T3/32,MOVING,60.627,4.000,12.500,"GoalBlock{x=80,y=4,z=12}",10,0,MovementTraverse,522,39,39,,CALC_FINISHED_NOW_EXECUTING|NEXT_SEGMENT_CALC_STARTED
2677,0,Husk,T3/32,MOVING,60.824,4.000,12.500,"GoalBlock{x=80,y=4,z=12}",10,0,MovementTraverse,444,39,39,,NEXT_CALC_FAILED
2678,0,Husk,T3/32,MOVING,61.059,4.000,12.500,"GoalBlock{x=80,y=4,z=12}",10,0,MovementTraverse,444,39,39,,
2679,0,Husk,T3/32,MOVING,61.315,4.000,12.500,"GoalBlock{x=80,y=4,z=12}",10,1,MovementTraverse,444,39,39,,
2680,0,Husk,T3/32,MOVING,61.582,4.000,12.500,"GoalBlock{x=80,y=4,z=12}",10,1,MovementTraverse,444,39,39,,
2681,0,Husk,T3/32,MOVING,61.855,4.000,12.500,"GoalBlock{x=80,y=4,z=12}",10,1,MovementTraverse,444,39,39,,
2682,0,Husk,T3/32,MOVING,62.132,4.000,12.500,"GoalBlock{x=80,y=4,z=12}",10,1,MovementTraverse,444,39,39,,
2683,0,Husk,T3/32,MOVING,62.410,4.000,12.500,"GoalBlock{x=80,y=4,z=12}",10,2,MovementTraverse,444,39,39,,
2684,0,Husk,T3/32,MOVING,62.690,4.000,12.500,"GoalBlock{x=80,y=4,z=12}",10,2,MovementTraverse,444,39,39,,
2685,0,Husk,T3/32,MOVING,62.969,4.000,12.500,"GoalBlock{x=80,y=4,z=12}",10,2,MovementTraverse,444,39,39,,
2686,0,Husk,T3/32,MOVING,63.250,4.000,12.500,"GoalBlock{x=80,y=4,z=12}",10,2,MovementTraverse,444,39,39,,
2687,0,Husk,T3/32,MOVING,63.530,4.000,12.500,"GoalBlock{x=80,y=4,z=12}",10,3,MovementTraverse,444,39,39,,
2688,0,Husk,T3/32,MOVING,63.811,4.000,12.500,"GoalBlock{x=80,y=4,z=12}",10,3,MovementTraverse,444,39,39,,
2689,0,Husk,T3/32,MOVING,64.091,4.000,12.500,"GoalBlock{x=80,y=4,z=12}",10,3,MovementTraverse,444,39,39,,
2690,0,Husk,T3/32,MOVING,64.372,4.000,12.500,"GoalBlock{x=80,y=4,z=12}",10,4,MovementTraverse,444,39,39,,
2691,0,Husk,T3/32,MOVING,64.652,4.000,12.500,"GoalBlock{x=80,y=4,z=12}",10,4,MovementTraverse,444,39,39,,
2692,0,Husk,T3/32,MOVING,64.933,4.000,12.500,"GoalBlock{x=80,y=4,z=12}",10,4,MovementTraverse,444,39,39,,
2693,0,Husk,T3/32,MOVING,65.214,4.000,12.500,"GoalBlock{x=80,y=4,z=12}",10,4,MovementTraverse,444,39,39,,
2694,0,Husk,T3/32,MOVING,65.494,4.000,12.500,"GoalBlock{x=80,y=4,z=12}",10,5,MovementTraverse,444,39,39,,
2695,0,Husk,T3/32,MOVING,65.775,4.000,12.500,"GoalBlock{x=80,y=4,z=12}",10,5,MovementTraverse,444,39,39,,
2696,0,Husk,T3/32,MOVING,66.055,4.000,12.500,"GoalBlock{x=80,y=4,z=12}",10,5,MovementTraverse,444,39,39,,
2697,0,Husk,T3/32,MOVING,66.336,4.000,12.500,"GoalBlock{x=80,y=4,z=12}",10,6,MovementTraverse,444,39,39,,
2698,0,Husk,T3/32,MOVING,66.617,4.000,12.500,"GoalBlock{x=80,y=4,z=12}",10,6,MovementTraverse,444,39,39,,
2699,0,Husk,T3/32,MOVING,66.897,4.000,12.500,"GoalBlock{x=80,y=4,z=12}",10,6,MovementTraverse,444,39,39,,
2700,0,Husk,T3/32,MOVING,67.178,4.000,12.500,"GoalBlock{x=80,y=4,z=12}",10,6,MovementTraverse,444,39,39,,
2701,0,Husk,T3/32,MOVING,67.459,4.000,12.500,"GoalBlock{x=80,y=4,z=12}",10,7,MovementTraverse,444,39,39,,
2702,0,Husk,T3/32,MOVING,67.739,4.000,12.500,"GoalBlock{x=80,y=4,z=12}",10,7,MovementTraverse,444,39,39,,
2703,0,Husk,T3/32,MOVING,68.020,4.000,12.500,"GoalBlock{x=80,y=4,z=12}",10,7,MovementTraverse,444,39,39,,
2704,0,Husk,T3/32,MOVING,68.300,4.000,12.500,"GoalBlock{x=80,y=4,z=12}",10,8,MovementTraverse,444,39,39,,
2705,0,Husk,T3/32,MOVING,68.581,4.000,12.500,"GoalBlock{x=80,y=4,z=12}",10,8,MovementTraverse,444,39,39,,
2706,0,Husk,T3/32,MOVING,68.862,4.000,12.500,"GoalBlock{x=80,y=4,z=12}",10,8,MovementTraverse,444,39,39,,
2707,0,Husk,T3/32,MOVING,69.142,4.000,12.500,"GoalBlock{x=80,y=4,z=12}",10,8,MovementTraverse,444,39,39,,
2708,0,Husk,T3/32,SEARCHING,69.295,4.000,12.500,"GoalBlock{x=80,y=4,z=12}",-1,-1,,444,40,40,,CALC_STARTED
2709,0,Husk,T3/32,FAILED,69.379,4.000,12.500,,-1,-1,,349,40,40,no_path,CALC_FAILED
2710,0,Husk,T3/32,FAILED,69.425,4.000,12.500,,-1,-1,,349,40,40,no_path,
2711,0,Husk,T3/33,FAILED,60.500,4.000,24.500,,-1,-1,,349,40,40,no_path,CANCELED|CANCELED
2712,0,Husk,T3/33,FAILED,60.500,4.000,24.500,,-1,-1,,349,40,40,no_path,
2713,0,Husk,T3/33,FAILED,60.500,4.000,24.500,,-1,-1,,349,40,40,no_path,
2714,0,Husk,T3/33,FAILED,60.500,4.000,24.500,,-1,-1,,349,40,40,no_path,
2715,0,Husk,T3/33,FAILED,60.500,4.000,24.500,,-1,-1,,349,40,40,no_path,
2716,0,Husk,T3/33,FAILED,60.500,4.000,24.500,,-1,-1,,349,40,40,no_path,
2717,0,Husk,T3/33,FAILED,60.500,4.000,24.500,,-1,-1,,349,40,40,no_path,
2718,0,Husk,T3/33,FAILED,60.500,4.000,24.500,,-1,-1,,349,40,40,no_path,
2719,0,Husk,T3/33,FAILED,60.500,4.000,24.500,,-1,-1,,349,40,40,no_path,
2720,0,Husk,T3/33,FAILED,60.500,4.000,24.500,,-1,-1,,349,40,40,no_path,
2721,0,Husk,T3/33,SEARCHING,60.500,4.000,24.500,"GoalBlock{x=80,y=4,z=24}",-1,-1,,349,41,41,,CALC_STARTED
2722,0,Husk,T3/33,MOVING,60.627,4.000,24.500,"GoalBlock{x=80,y=4,z=24}",21,0,MovementTraverse,153,41,41,,CALC_FINISHED_NOW_EXECUTING
2723,0,Husk,T3/33,MOVING,60.824,4.000,24.500,"GoalBlock{x=80,y=4,z=24}",21,0,MovementTraverse,153,41,41,,
2724,0,Husk,T3/33,MOVING,61.059,4.000,24.500,"GoalBlock{x=80,y=4,z=24}",21,0,MovementTraverse,153,41,41,,
2725,0,Husk,T3/33,MOVING,61.315,4.000,24.500,"GoalBlock{x=80,y=4,z=24}",21,1,MovementTraverse,153,41,41,,
2726,0,Husk,T3/33,MOVING,61.582,4.000,24.500,"GoalBlock{x=80,y=4,z=24}",21,1,MovementTraverse,153,41,41,,
2727,0,Husk,T3/33,MOVING,61.855,4.000,24.500,"GoalBlock{x=80,y=4,z=24}",21,1,MovementTraverse,153,41,41,,
2728,0,Husk,T3/33,MOVING,62.132,4.000,24.500,"GoalBlock{x=80,y=4,z=24}",21,1,MovementTraverse,153,41,41,,
2729,0,Husk,T3/33,MOVING,62.410,4.000,24.500,"GoalBlock{x=80,y=4,z=24}",21,2,MovementTraverse,153,41,41,,
2730,0,Husk,T3/33,MOVING,62.690,4.000,24.500,"GoalBlock{x=80,y=4,z=24}",21,2,MovementTraverse,153,41,41,,
2731,0,Husk,T3/33,MOVING,62.969,4.000,24.500,"GoalBlock{x=80,y=4,z=24}",21,2,MovementTraverse,153,41,41,,
2732,0,Husk,T3/33,MOVING,63.250,4.000,24.500,"GoalBlock{x=80,y=4,z=24}",21,2,MovementTraverse,153,41,41,,
2733,0,Husk,T3/33,MOVING,63.530,4.000,24.500,"GoalBlock{x=80,y=4,z=24}",21,3,MovementTraverse,153,41,41,,
2734,0,Husk,T3/33,MOVING,63.811,4.000,24.500,"GoalBlock{x=80,y=4,z=24}",21,3,MovementTraverse,153,41,41,,
2735,0,Husk,T3/33,MOVING,64.091,4.000,24.500,"GoalBlock{x=80,y=4,z=24}",21,3,MovementTraverse,153,41,41,,
2736,0,Husk,T3/33,MOVING,64.372,4.000,24.500,"GoalBlock{x=80,y=4,z=24}",21,4,MovementTraverse,153,41,41,,
2737,0,Husk,T3/33,MOVING,64.652,4.000,24.500,"GoalBlock{x=80,y=4,z=24}",21,4,MovementTraverse,153,41,41,,
2738,0,Husk,T3/33,MOVING,64.933,4.000,24.500,"GoalBlock{x=80,y=4,z=24}",21,4,MovementTraverse,153,41,41,,
2739,0,Husk,T3/33,MOVING,65.214,4.000,24.500,"GoalBlock{x=80,y=4,z=24}",21,4,MovementTraverse,153,41,41,,
2740,0,Husk,T3/33,MOVING,65.494,4.000,24.500,"GoalBlock{x=80,y=4,z=24}",21,5,MovementTraverse,153,41,41,,
2741,0,Husk,T3/33,MOVING,65.775,4.000,24.500,"GoalBlock{x=80,y=4,z=24}",21,5,MovementTraverse,153,41,41,,
2742,0,Husk,T3/33,MOVING,66.055,4.000,24.500,"GoalBlock{x=80,y=4,z=24}",21,5,MovementTraverse,153,41,41,,
2743,0,Husk,T3/33,MOVING,66.336,4.000,24.500,"GoalBlock{x=80,y=4,z=24}",21,6,MovementTraverse,153,41,41,,
2744,0,Husk,T3/33,MOVING,66.617,4.000,24.500,"GoalBlock{x=80,y=4,z=24}",21,6,MovementTraverse,153,41,41,,
2745,0,Husk,T3/33,MOVING,66.897,4.000,24.500,"GoalBlock{x=80,y=4,z=24}",21,6,MovementTraverse,153,41,41,,
2746,0,Husk,T3/33,MOVING,67.178,4.000,24.500,"GoalBlock{x=80,y=4,z=24}",21,6,MovementTraverse,153,41,41,,
2747,0,Husk,T3/33,MOVING,67.459,4.000,24.500,"GoalBlock{x=80,y=4,z=24}",21,7,MovementTraverse,153,41,41,,
2748,0,Husk,T3/33,MOVING,67.739,4.000,24.500,"GoalBlock{x=80,y=4,z=24}",21,7,MovementTraverse,153,41,41,,
2749,0,Husk,T3/33,MOVING,68.020,4.000,24.500,"GoalBlock{x=80,y=4,z=24}",21,7,MovementTraverse,153,41,41,,
2750,0,Husk,T3/33,MOVING,68.300,4.000,24.500,"GoalBlock{x=80,y=4,z=24}",21,8,MovementTraverse,153,41,41,,
2751,0,Husk,T3/33,MOVING,68.581,4.000,24.500,"GoalBlock{x=80,y=4,z=24}",21,8,MovementTraverse,153,41,41,,
2752,0,Husk,T3/33,MOVING,68.862,4.000,24.500,"GoalBlock{x=80,y=4,z=24}",21,8,MovementTraverse,153,41,41,,
2753,0,Husk,T3/33,MOVING,69.142,4.000,24.500,"GoalBlock{x=80,y=4,z=24}",21,8,MovementTraverse,153,41,41,,
2754,0,Husk,T3/33,MOVING,69.295,4.000,24.500,"GoalBlock{x=80,y=4,z=24}",21,9,MovementTraverse,153,41,41,,
2755,0,Husk,T3/33,MOVING,69.507,4.000,24.500,"GoalBlock{x=80,y=4,z=24}",21,9,MovementTraverse,153,41,41,,
2756,0,Husk,T3/33,MOVING,69.749,4.000,24.500,"GoalBlock{x=80,y=4,z=24}",21,9,MovementTraverse,153,41,41,,
2757,0,Husk,T3/33,MOVING,70.009,4.000,24.500,"GoalBlock{x=80,y=4,z=24}",21,9,MovementTraverse,153,41,41,,
2758,0,Husk,T3/33,MOVING,70.278,4.000,24.500,"GoalBlock{x=80,y=4,z=24}",21,10,MovementTraverse,153,41,41,,
2759,0,Husk,T3/33,MOVING,70.553,4.000,24.500,"GoalBlock{x=80,y=4,z=24}",21,10,MovementTraverse,153,41,41,,
2760,0,Husk,T3/33,MOVING,70.830,4.000,24.500,"GoalBlock{x=80,y=4,z=24}",21,10,MovementTraverse,153,41,41,,
2761,0,Husk,T3/33,MOVING,71.109,4.000,24.500,"GoalBlock{x=80,y=4,z=24}",21,10,MovementTraverse,153,41,41,,
2762,0,Husk,T3/33,MOVING,71.388,4.000,24.500,"GoalBlock{x=80,y=4,z=24}",21,11,MovementTraverse,153,41,41,,
2763,0,Husk,T3/33,MOVING,71.668,4.000,24.500,"GoalBlock{x=80,y=4,z=24}",21,11,MovementTraverse,153,41,41,,
2764,0,Husk,T3/33,MOVING,71.949,4.000,24.500,"GoalBlock{x=80,y=4,z=24}",21,11,MovementTraverse,153,41,41,,
2765,0,Husk,T3/33,MOVING,72.229,4.000,24.500,"GoalBlock{x=80,y=4,z=24}",21,11,MovementTraverse,153,41,41,,
2766,0,Husk,T3/33,MOVING,72.510,4.000,24.500,"GoalBlock{x=80,y=4,z=24}",21,12,MovementTraverse,153,41,41,,
2767,0,Husk,T3/33,MOVING,72.790,4.000,24.500,"GoalBlock{x=80,y=4,z=24}",21,12,MovementTraverse,153,41,41,,
2768,0,Husk,T3/33,MOVING,73.071,4.000,24.500,"GoalBlock{x=80,y=4,z=24}",21,12,MovementTraverse,153,41,41,,
2769,0,Husk,T3/33,MOVING,73.352,4.000,24.500,"GoalBlock{x=80,y=4,z=24}",21,13,MovementTraverse,153,41,41,,
2770,0,Husk,T3/33,MOVING,73.632,4.000,24.500,"GoalBlock{x=80,y=4,z=24}",21,13,MovementTraverse,153,41,41,,
2771,0,Husk,T3/33,MOVING,73.913,4.000,24.500,"GoalBlock{x=80,y=4,z=24}",21,13,MovementTraverse,153,41,41,,
2772,0,Husk,T3/33,MOVING,74.193,4.000,24.500,"GoalBlock{x=80,y=4,z=24}",21,13,MovementTraverse,153,41,41,,
2773,0,Husk,T3/33,MOVING,74.474,4.000,24.500,"GoalBlock{x=80,y=4,z=24}",21,14,MovementTraverse,153,41,41,,
2774,0,Husk,T3/33,MOVING,74.755,4.000,24.500,"GoalBlock{x=80,y=4,z=24}",21,14,MovementTraverse,153,41,41,,
2775,0,Husk,T3/33,MOVING,75.035,4.000,24.500,"GoalBlock{x=80,y=4,z=24}",21,14,MovementTraverse,153,41,41,,
2776,0,Husk,T3/33,MOVING,75.316,4.000,24.500,"GoalBlock{x=80,y=4,z=24}",21,15,MovementTraverse,153,41,41,,
2777,0,Husk,T3/33,MOVING,75.596,4.000,24.500,"GoalBlock{x=80,y=4,z=24}",21,15,MovementTraverse,153,41,41,,
2778,0,Husk,T3/33,MOVING,75.877,4.000,24.500,"GoalBlock{x=80,y=4,z=24}",21,15,MovementTraverse,153,41,41,,
2779,0,Husk,T3/33,MOVING,76.158,4.000,24.500,"GoalBlock{x=80,y=4,z=24}",21,15,MovementTraverse,153,41,41,,
2780,0,Husk,T3/33,MOVING,76.438,4.000,24.500,"GoalBlock{x=80,y=4,z=24}",21,16,MovementTraverse,153,41,41,,
2781,0,Husk,T3/33,MOVING,76.719,4.000,24.500,"GoalBlock{x=80,y=4,z=24}",21,16,MovementTraverse,153,41,41,,
2782,0,Husk,T3/33,MOVING,77.000,4.000,24.500,"GoalBlock{x=80,y=4,z=24}",21,16,MovementTraverse,153,41,41,,
2783,0,Husk,T3/33,MOVING,77.280,4.000,24.500,"GoalBlock{x=80,y=4,z=24}",21,16,MovementTraverse,153,41,41,,
2784,0,Husk,T3/33,MOVING,77.561,4.000,24.500,"GoalBlock{x=80,y=4,z=24}",21,17,MovementTraverse,153,41,41,,
2785,0,Husk,T3/33,MOVING,77.841,4.000,24.500,"GoalBlock{x=80,y=4,z=24}",21,17,MovementTraverse,153,41,41,,
2786,0,Husk,T3/33,MOVING,78.122,4.000,24.500,"GoalBlock{x=80,y=4,z=24}",21,17,MovementTraverse,153,41,41,,
2787,0,Husk,T3/33,MOVING,78.403,4.000,24.500,"GoalBlock{x=80,y=4,z=24}",21,18,MovementTraverse,153,41,41,,
2788,0,Husk,T3/33,MOVING,78.683,4.000,24.500,"GoalBlock{x=80,y=4,z=24}",21,18,MovementTraverse,153,41,41,,
2789,0,Husk,T3/33,MOVING,78.964,4.000,24.500,"GoalBlock{x=80,y=4,z=24}",21,18,MovementTraverse,153,41,41,,
2790,0,Husk,T3/33,MOVING,79.244,4.000,24.500,"GoalBlock{x=80,y=4,z=24}",21,18,MovementTraverse,153,41,41,,
2791,0,Husk,T3/33,MOVING,79.525,4.000,24.500,"GoalBlock{x=80,y=4,z=24}",21,19,MovementTraverse,153,41,41,,
2792,0,Husk,T3/33,MOVING,79.806,4.000,24.500,"GoalBlock{x=80,y=4,z=24}",21,19,MovementTraverse,153,41,41,,
2793,0,Husk,T3/33,MOVING,80.086,4.000,24.500,"GoalBlock{x=80,y=4,z=24}",21,19,MovementTraverse,153,41,41,,
2794,0,Husk,T3/33,ARRIVED,80.240,4.000,24.500,,-1,-1,,153,41,41,,CANCELED
2795,0,Husk,T3/34,ARRIVED,60.500,4.000,36.500,,-1,-1,,153,41,41,,CANCELED|CANCELED
2796,0,Husk,T3/34,ARRIVED,60.500,4.000,36.500,,-1,-1,,153,41,41,,
2797,0,Husk,T3/34,ARRIVED,60.500,4.000,36.500,,-1,-1,,153,41,41,,
2798,0,Husk,T3/34,ARRIVED,60.500,4.000,36.500,,-1,-1,,153,41,41,,
2799,0,Husk,T3/34,ARRIVED,60.500,4.000,36.500,,-1,-1,,153,41,41,,
2800,0,Husk,T3/34,ARRIVED,60.500,4.000,36.500,,-1,-1,,153,41,41,,
2801,0,Husk,T3/34,ARRIVED,60.500,4.000,36.500,,-1,-1,,153,41,41,,
2802,0,Husk,T3/34,ARRIVED,60.500,4.000,36.500,,-1,-1,,153,41,41,,
2803,0,Husk,T3/34,ARRIVED,60.500,4.000,36.500,,-1,-1,,153,41,41,,
2804,0,Husk,T3/34,ARRIVED,60.500,4.000,36.500,,-1,-1,,153,41,41,,
2805,0,Husk,T3/34,SEARCHING,60.500,4.000,36.500,"GoalBlock{x=75,y=9,z=36}",-1,-1,,153,42,42,,CALC_STARTED
2806,0,Husk,T3/34,MOVING,60.627,4.000,36.500,"GoalBlock{x=75,y=9,z=36}",20,0,MovementTraverse,328,42,42,,CALC_FINISHED_NOW_EXECUTING
2807,0,Husk,T3/34,MOVING,60.824,4.000,36.500,"GoalBlock{x=75,y=9,z=36}",20,0,MovementTraverse,328,42,42,,
2808,0,Husk,T3/34,MOVING,61.059,4.000,36.500,"GoalBlock{x=75,y=9,z=36}",20,0,MovementTraverse,328,42,42,,
2809,0,Husk,T3/34,MOVING,61.315,4.000,36.500,"GoalBlock{x=75,y=9,z=36}",20,1,MovementTraverse,328,42,42,,
2810,0,Husk,T3/34,MOVING,61.582,4.000,36.500,"GoalBlock{x=75,y=9,z=36}",20,1,MovementTraverse,328,42,42,,
2811,0,Husk,T3/34,MOVING,61.855,4.000,36.500,"GoalBlock{x=75,y=9,z=36}",20,1,MovementTraverse,328,42,42,,
2812,0,Husk,T3/34,MOVING,62.132,4.000,36.500,"GoalBlock{x=75,y=9,z=36}",20,1,MovementTraverse,328,42,42,,
2813,0,Husk,T3/34,MOVING,62.410,4.000,36.500,"GoalBlock{x=75,y=9,z=36}",20,2,MovementTraverse,328,42,42,,
2814,0,Husk,T3/34,MOVING,62.690,4.000,36.500,"GoalBlock{x=75,y=9,z=36}",20,2,MovementTraverse,328,42,42,,
2815,0,Husk,T3/34,MOVING,62.969,4.000,36.500,"GoalBlock{x=75,y=9,z=36}",20,2,MovementTraverse,328,42,42,,
2816,0,Husk,T3/34,MOVING,63.250,4.000,36.500,"GoalBlock{x=75,y=9,z=36}",20,2,MovementTraverse,328,42,42,,
2817,0,Husk,T3/34,MOVING,63.530,4.000,36.500,"GoalBlock{x=75,y=9,z=36}",20,3,MovementTraverse,328,42,42,,
2818,0,Husk,T3/34,MOVING,63.811,4.000,36.500,"GoalBlock{x=75,y=9,z=36}",20,3,MovementTraverse,328,42,42,,
2819,0,Husk,T3/34,MOVING,64.091,4.000,36.500,"GoalBlock{x=75,y=9,z=36}",20,3,MovementTraverse,328,42,42,,
2820,0,Husk,T3/34,MOVING,64.372,4.000,36.500,"GoalBlock{x=75,y=9,z=36}",20,4,MovementTraverse,328,42,42,,
2821,0,Husk,T3/34,MOVING,64.652,4.000,36.500,"GoalBlock{x=75,y=9,z=36}",20,4,MovementTraverse,328,42,42,,
2822,0,Husk,T3/34,MOVING,64.933,4.000,36.500,"GoalBlock{x=75,y=9,z=36}",20,4,MovementTraverse,328,42,42,,
2823,0,Husk,T3/34,MOVING,65.214,4.000,36.500,"GoalBlock{x=75,y=9,z=36}",20,4,MovementTraverse,328,42,42,,
2824,0,Husk,T3/34,MOVING,65.494,4.000,36.500,"GoalBlock{x=75,y=9,z=36}",20,5,MovementTraverse,328,42,42,,
2825,0,Husk,T3/34,MOVING,65.775,4.000,36.500,"GoalBlock{x=75,y=9,z=36}",20,5,MovementTraverse,328,42,42,,
2826,0,Husk,T3/34,MOVING,66.055,4.000,36.500,"GoalBlock{x=75,y=9,z=36}",20,5,MovementTraverse,328,42,42,,
2827,0,Husk,T3/34,MOVING,66.336,4.000,36.500,"GoalBlock{x=75,y=9,z=36}",20,6,MovementTraverse,328,42,42,,
2828,0,Husk,T3/34,MOVING,66.617,4.000,36.500,"GoalBlock{x=75,y=9,z=36}",20,6,MovementTraverse,328,42,42,,
2829,0,Husk,T3/34,MOVING,66.897,4.000,36.500,"GoalBlock{x=75,y=9,z=36}",20,6,MovementTraverse,328,42,42,,
2830,0,Husk,T3/34,MOVING,67.178,4.000,36.500,"GoalBlock{x=75,y=9,z=36}",20,6,MovementTraverse,328,42,42,,
2831,0,Husk,T3/34,MOVING,67.459,4.000,36.500,"GoalBlock{x=75,y=9,z=36}",20,7,MovementTraverse,328,42,42,,
2832,0,Husk,T3/34,MOVING,67.739,4.000,36.500,"GoalBlock{x=75,y=9,z=36}",20,7,MovementTraverse,328,42,42,,
2833,0,Husk,T3/34,MOVING,68.020,4.000,36.500,"GoalBlock{x=75,y=9,z=36}",20,7,MovementTraverse,328,42,42,,
2834,0,Husk,T3/34,MOVING,68.271,4.420,36.500,"GoalBlock{x=75,y=9,z=36}",20,8,MovementAscend,328,42,42,,
2835,0,Husk,T3/34,MOVING,68.428,4.753,36.500,"GoalBlock{x=75,y=9,z=36}",20,8,MovementAscend,328,42,42,,
2836,0,Husk,T3/34,MOVING,68.590,5.001,36.500,"GoalBlock{x=75,y=9,z=36}",20,8,MovementAscend,328,42,42,,
2837,0,Husk,T3/34,MOVING,68.757,5.166,36.500,"GoalBlock{x=75,y=9,z=36}",20,8,MovementAscend,328,42,42,,
2838,0,Husk,T3/34,MOVING,68.929,5.249,36.500,"GoalBlock{x=75,y=9,z=36}",20,8,MovementAscend,328,42,42,,
2839,0,Husk,T3/34,MOVING,69.105,5.252,36.500,"GoalBlock{x=75,y=9,z=36}",20,8,MovementAscend,328,42,42,,
2840,0,Husk,T3/34,MOVING,69.255,5.177,36.500,"GoalBlock{x=75,y=9,z=36}",20,9,MovementPillar,328,42,42,,
2841,0,Husk,T3/34,MOVING,69.397,5.027,36.500,"GoalBlock{x=75,y=9,z=36}",20,9,MovementPillar,328,42,42,,
2842,0,Husk,T3/34,MOVING,69.512,4.877,36.500,"GoalBlock{x=75,y=9,z=36}",20,9,MovementPillar,328,42,42,,
2843,0,Husk,T3/34,MOVING,69.512,4.994,36.500,"GoalBlock{x=75,y=9,z=36}",20,9,MovementPillar,328,42,42,,
2844,0,Husk,T3/34,MOVING,69.512,5.112,36.500,"GoalBlock{x=75,y=9,z=36}",20,9,MovementPillar,328,42,42,,
2845,0,Husk,T3/34,MOVING,69.512,5.230,36.500,"GoalBlock{x=75,y=9,z=36}",20,9,MovementPillar,328,42,42,,
2846,0,Husk,T3/34,MOVING,69.512,5.347,36.500,"GoalBlock{x=75,y=9,z=36}",20,9,MovementPillar,328,42,42,,
2847,0,Husk,T3/34,MOVING,69.512,5.465,36.500,"GoalBlock{x=75,y=9,z=36}",20,9,MovementPillar,328,42,42,,
2848,0,Husk,T3/34,MOVING,69.512,5.582,36.500,"GoalBlock{x=75,y=9,z=36}",20,9,MovementPillar,328,42,42,,
2849,0,Husk,T3/34,MOVING,69.512,5.700,36.500,"GoalBlock{x=75,y=9,z=36}",20,9,MovementPillar,328,42,42,,
2850,0,Husk,T3/34,MOVING,69.512,5.818,36.500,"GoalBlock{x=75,y=9,z=36}",20,9,MovementPillar,328,42,42,,
2851,0,Husk,T3/34,MOVING,69.512,5.935,36.500,"GoalBlock{x=75,y=9,z=36}",20,9,MovementPillar,328,42,42,,
2852,0,Husk,T3/34,MOVING,69.512,6.053,36.500,"GoalBlock{x=75,y=9,z=36}",20,10,MovementPillar,328,42,42,,
2853,0,Husk,T3/34,MOVING,69.512,6.170,36.500,"GoalBlock{x=75,y=9,z=36}",20,10,MovementPillar,328,42,42,,
2854,0,Husk,T3/34,MOVING,69.512,6.288,36.500,"GoalBlock{x=75,y=9,z=36}",20,10,MovementPillar,328,42,42,,
2855,0,Husk,T3/34,MOVING,69.512,6.406,36.500,"GoalBlock{x=75,y=9,z=36}",20,10,MovementPillar,328,42,42,,
2856,0,Husk,T3/34,MOVING,69.512,6.523,36.500,"GoalBlock{x=75,y=9,z=36}",20,10,MovementPillar,328,42,42,,
2857,0,Husk,T3/34,MOVING,69.512,6.641,36.500,"GoalBlock{x=75,y=9,z=36}",20,10,MovementPillar,328,42,42,,
2858,0,Husk,T3/34,MOVING,69.512,6.758,36.500,"GoalBlock{x=75,y=9,z=36}",20,10,MovementPillar,328,42,42,,
2859,0,Husk,T3/34,MOVING,69.512,6.876,36.500,"GoalBlock{x=75,y=9,z=36}",20,10,MovementPillar,328,42,42,,
2860,0,Husk,T3/34,MOVING,69.512,6.994,36.500,"GoalBlock{x=75,y=9,z=36}",20,11,MovementPillar,328,42,42,,
2861,0,Husk,T3/34,MOVING,69.512,7.111,36.500,"GoalBlock{x=75,y=9,z=36}",20,11,MovementPillar,328,42,42,,
2862,0,Husk,T3/34,MOVING,69.512,7.229,36.500,"GoalBlock{x=75,y=9,z=36}",20,11,MovementPillar,328,42,42,,
2863,0,Husk,T3/34,MOVING,69.512,7.346,36.500,"GoalBlock{x=75,y=9,z=36}",20,11,MovementPillar,328,42,42,,
2864,0,Husk,T3/34,MOVING,69.512,7.464,36.500,"GoalBlock{x=75,y=9,z=36}",20,11,MovementPillar,328,42,42,,
2865,0,Husk,T3/34,MOVING,69.512,7.582,36.500,"GoalBlock{x=75,y=9,z=36}",20,11,MovementPillar,328,42,42,,
2866,0,Husk,T3/34,MOVING,69.512,7.699,36.500,"GoalBlock{x=75,y=9,z=36}",20,11,MovementPillar,328,42,42,,
2867,0,Husk,T3/34,MOVING,69.512,7.817,36.500,"GoalBlock{x=75,y=9,z=36}",20,11,MovementPillar,328,42,42,,
2868,0,Husk,T3/34,MOVING,69.512,7.934,36.500,"GoalBlock{x=75,y=9,z=36}",20,11,MovementPillar,328,42,42,,
2869,0,Husk,T3/34,MOVING,69.512,8.052,36.500,"GoalBlock{x=75,y=9,z=36}",20,12,MovementPillar,328,42,42,,
2870,0,Husk,T3/34,MOVING,69.512,8.170,36.500,"GoalBlock{x=75,y=9,z=36}",20,12,MovementPillar,328,42,42,,
2871,0,Husk,T3/34,MOVING,69.512,8.287,36.500,"GoalBlock{x=75,y=9,z=36}",20,12,MovementPillar,328,42,42,,
2872,0,Husk,T3/34,MOVING,69.512,8.405,36.500,"GoalBlock{x=75,y=9,z=36}",20,12,MovementPillar,328,42,42,,
2873,0,Husk,T3/34,MOVING,69.512,8.522,36.500,"GoalBlock{x=75,y=9,z=36}",20,12,MovementPillar,328,42,42,,
2874,0,Husk,T3/34,MOVING,69.512,8.640,36.500,"GoalBlock{x=75,y=9,z=36}",20,12,MovementPillar,328,42,42,,
2875,0,Husk,T3/34,MOVING,69.512,8.758,36.500,"GoalBlock{x=75,y=9,z=36}",20,12,MovementPillar,328,42,42,,
2876,0,Husk,T3/34,MOVING,69.512,8.875,36.500,"GoalBlock{x=75,y=9,z=36}",20,12,MovementPillar,328,42,42,,
2877,0,Husk,T3/34,MOVING,69.512,8.993,36.500,"GoalBlock{x=75,y=9,z=36}",20,13,MovementTraverse,328,42,42,,
2878,0,Husk,T3/34,MOVING,69.538,9.110,36.500,"GoalBlock{x=75,y=9,z=36}",20,13,MovementTraverse,328,42,42,,
2879,0,Husk,T3/34,MOVING,69.587,9.147,36.500,"GoalBlock{x=75,y=9,z=36}",20,13,MovementTraverse,328,42,42,,
2880,0,Husk,T3/34,MOVING,69.656,9.105,36.500,"GoalBlock{x=75,y=9,z=36}",20,13,MovementTraverse,328,42,42,,
2881,0,Husk,T3/34,MOVING,69.745,9.000,36.500,"GoalBlock{x=75,y=9,z=36}",20,13,MovementTraverse,328,42,42,,
2882,0,Husk,T3/34,MOVING,69.954,9.000,36.500,"GoalBlock{x=75,y=9,z=36}",20,13,MovementTraverse,328,42,42,,
2883,0,Husk,T3/34,MOVING,70.195,9.000,36.500,"GoalBlock{x=75,y=9,z=36}",20,13,MovementTraverse,328,42,42,,
2884,0,Husk,T3/34,MOVING,70.454,9.000,36.500,"GoalBlock{x=75,y=9,z=36}",20,14,MovementTraverse,328,42,42,,
2885,0,Husk,T3/34,MOVING,70.723,9.000,36.500,"GoalBlock{x=75,y=9,z=36}",20,14,MovementTraverse,328,42,42,,
2886,0,Husk,T3/34,MOVING,70.997,9.000,36.500,"GoalBlock{x=75,y=9,z=36}",20,14,MovementTraverse,328,42,42,,
2887,0,Husk,T3/34,MOVING,71.274,9.000,36.500,"GoalBlock{x=75,y=9,z=36}",20,14,MovementTraverse,328,42,42,,
2888,0,Husk,T3/34,MOVING,71.553,9.000,36.500,"GoalBlock{x=75,y=9,z=36}",20,15,MovementTraverse,328,42,42,,
2889,0,Husk,T3/34,MOVING,71.832,9.000,36.500,"GoalBlock{x=75,y=9,z=36}",20,15,MovementTraverse,328,42,42,,
2890,0,Husk,T3/34,MOVING,72.112,9.000,36.500,"GoalBlock{x=75,y=9,z=36}",20,15,MovementTraverse,328,42,42,,
2891,0,Husk,T3/34,MOVING,72.393,9.000,36.500,"GoalBlock{x=75,y=9,z=36}",20,16,MovementTraverse,328,42,42,,
2892,0,Husk,T3/34,MOVING,72.673,9.000,36.500,"GoalBlock{x=75,y=9,z=36}",20,16,MovementTraverse,328,42,42,,
2893,0,Husk,T3/34,MOVING,72.954,9.000,36.500,"GoalBlock{x=75,y=9,z=36}",20,16,MovementTraverse,328,42,42,,
2894,0,Husk,T3/34,MOVING,73.234,9.000,36.500,"GoalBlock{x=75,y=9,z=36}",20,16,MovementTraverse,328,42,42,,
2895,0,Husk,T3/34,MOVING,73.515,9.000,36.500,"GoalBlock{x=75,y=9,z=36}",20,17,MovementTraverse,328,42,42,,
2896,0,Husk,T3/34,MOVING,73.795,9.000,36.500,"GoalBlock{x=75,y=9,z=36}",20,17,MovementTraverse,328,42,42,,
2897,0,Husk,T3/34,MOVING,74.076,9.000,36.500,"GoalBlock{x=75,y=9,z=36}",20,17,MovementTraverse,328,42,42,,
2898,0,Husk,T3/34,MOVING,74.357,9.000,36.500,"GoalBlock{x=75,y=9,z=36}",20,18,MovementTraverse,328,42,42,,
2899,0,Husk,T3/34,MOVING,74.637,9.000,36.500,"GoalBlock{x=75,y=9,z=36}",20,18,MovementTraverse,328,42,42,,
2900,0,Husk,T3/34,MOVING,74.918,9.000,36.500,"GoalBlock{x=75,y=9,z=36}",20,18,MovementTraverse,328,42,42,,
2901,0,Husk,T3/34,MOVING,75.199,9.000,36.500,"GoalBlock{x=75,y=9,z=36}",20,18,MovementTraverse,328,42,42,,
2902,0,Husk,T3/34,ARRIVED,75.352,9.000,36.500,,-1,-1,,328,42,42,,CANCELED
2903,0,Husk,T3/35,ARRIVED,60.500,9.000,48.500,,-1,-1,,328,42,42,,CANCELED|CANCELED
2904,0,Husk,T3/35,ARRIVED,60.500,9.000,48.500,,-1,-1,,328,42,42,,
2905,0,Husk,T3/35,ARRIVED,60.500,9.000,48.500,,-1,-1,,328,42,42,,
2906,0,Husk,T3/35,ARRIVED,60.500,9.000,48.500,,-1,-1,,328,42,42,,
2907,0,Husk,T3/35,ARRIVED,60.500,9.000,48.500,,-1,-1,,328,42,42,,
2908,0,Husk,T3/35,ARRIVED,60.500,9.000,48.500,,-1,-1,,328,42,42,,
2909,0,Husk,T3/35,ARRIVED,60.500,9.000,48.500,,-1,-1,,328,42,42,,
2910,0,Husk,T3/35,ARRIVED,60.500,9.000,48.500,,-1,-1,,328,42,42,,
2911,0,Husk,T3/35,ARRIVED,60.500,9.000,48.500,,-1,-1,,328,42,42,,
2912,0,Husk,T3/35,ARRIVED,60.500,9.000,48.500,,-1,-1,,328,42,42,,
2913,0,Husk,T3/35,SEARCHING,60.500,9.000,48.500,"GoalBlock{x=80,y=4,z=48}",-1,-1,,328,43,43,,CALC_STARTED
2914,0,Husk,T3/35,MOVING,60.627,9.000,48.500,"GoalBlock{x=80,y=4,z=48}",26,0,MovementTraverse,275,43,43,,CALC_FINISHED_NOW_EXECUTING
2915,0,Husk,T3/35,MOVING,60.824,9.000,48.500,"GoalBlock{x=80,y=4,z=48}",26,0,MovementTraverse,275,43,43,,
2916,0,Husk,T3/35,MOVING,61.059,9.000,48.500,"GoalBlock{x=80,y=4,z=48}",26,0,MovementTraverse,275,43,43,,
2917,0,Husk,T3/35,MOVING,61.315,9.000,48.500,"GoalBlock{x=80,y=4,z=48}",26,1,MovementTraverse,275,43,43,,
2918,0,Husk,T3/35,MOVING,61.582,9.000,48.500,"GoalBlock{x=80,y=4,z=48}",26,1,MovementTraverse,275,43,43,,
2919,0,Husk,T3/35,MOVING,61.855,9.000,48.500,"GoalBlock{x=80,y=4,z=48}",26,1,MovementTraverse,275,43,43,,
2920,0,Husk,T3/35,MOVING,62.132,9.000,48.500,"GoalBlock{x=80,y=4,z=48}",26,1,MovementTraverse,275,43,43,,
2921,0,Husk,T3/35,MOVING,62.410,9.000,48.500,"GoalBlock{x=80,y=4,z=48}",26,2,MovementTraverse,275,43,43,,
2922,0,Husk,T3/35,MOVING,62.690,9.000,48.500,"GoalBlock{x=80,y=4,z=48}",26,2,MovementTraverse,275,43,43,,
2923,0,Husk,T3/35,MOVING,62.969,9.000,48.500,"GoalBlock{x=80,y=4,z=48}",26,2,MovementTraverse,275,43,43,,
2924,0,Husk,T3/35,MOVING,63.250,9.000,48.500,"GoalBlock{x=80,y=4,z=48}",26,2,MovementTraverse,275,43,43,,
2925,0,Husk,T3/35,MOVING,63.530,9.000,48.500,"GoalBlock{x=80,y=4,z=48}",26,3,MovementTraverse,275,43,43,,
2926,0,Husk,T3/35,MOVING,63.811,9.000,48.500,"GoalBlock{x=80,y=4,z=48}",26,3,MovementTraverse,275,43,43,,
2927,0,Husk,T3/35,MOVING,64.091,9.000,48.500,"GoalBlock{x=80,y=4,z=48}",26,3,MovementTraverse,275,43,43,,
2928,0,Husk,T3/35,MOVING,64.372,9.000,48.500,"GoalBlock{x=80,y=4,z=48}",26,4,MovementTraverse,275,43,43,,
2929,0,Husk,T3/35,MOVING,64.652,9.000,48.500,"GoalBlock{x=80,y=4,z=48}",26,4,MovementTraverse,275,43,43,,
2930,0,Husk,T3/35,MOVING,64.933,9.000,48.500,"GoalBlock{x=80,y=4,z=48}",26,4,MovementTraverse,275,43,43,,
2931,0,Husk,T3/35,MOVING,65.214,9.000,48.500,"GoalBlock{x=80,y=4,z=48}",26,4,MovementTraverse,275,43,43,,
2932,0,Husk,T3/35,MOVING,65.494,9.000,48.500,"GoalBlock{x=80,y=4,z=48}",26,5,MovementTraverse,275,43,43,,
2933,0,Husk,T3/35,MOVING,65.775,9.000,48.500,"GoalBlock{x=80,y=4,z=48}",26,5,MovementTraverse,275,43,43,,
2934,0,Husk,T3/35,MOVING,66.055,9.000,48.500,"GoalBlock{x=80,y=4,z=48}",26,5,MovementTraverse,275,43,43,,
2935,0,Husk,T3/35,MOVING,66.336,9.000,48.500,"GoalBlock{x=80,y=4,z=48}",26,6,MovementTraverse,275,43,43,,
2936,0,Husk,T3/35,MOVING,66.617,9.000,48.500,"GoalBlock{x=80,y=4,z=48}",26,6,MovementTraverse,275,43,43,,
2937,0,Husk,T3/35,MOVING,66.897,9.000,48.500,"GoalBlock{x=80,y=4,z=48}",26,6,MovementTraverse,275,43,43,,
2938,0,Husk,T3/35,MOVING,67.178,9.000,48.500,"GoalBlock{x=80,y=4,z=48}",26,6,MovementTraverse,275,43,43,,
2939,0,Husk,T3/35,MOVING,67.459,9.000,48.500,"GoalBlock{x=80,y=4,z=48}",26,7,MovementTraverse,275,43,43,,
2940,0,Husk,T3/35,MOVING,67.739,9.000,48.500,"GoalBlock{x=80,y=4,z=48}",26,7,MovementTraverse,275,43,43,,
2941,0,Husk,T3/35,MOVING,68.020,9.000,48.500,"GoalBlock{x=80,y=4,z=48}",26,7,MovementTraverse,275,43,43,,
2942,0,Husk,T3/35,MOVING,68.300,9.000,48.500,"GoalBlock{x=80,y=4,z=48}",26,8,MovementTraverse,275,43,43,,
2943,0,Husk,T3/35,MOVING,68.581,9.000,48.500,"GoalBlock{x=80,y=4,z=48}",26,8,MovementTraverse,275,43,43,,
2944,0,Husk,T3/35,MOVING,68.862,9.000,48.500,"GoalBlock{x=80,y=4,z=48}",26,8,MovementTraverse,275,43,43,,
2945,0,Husk,T3/35,MOVING,69.142,9.000,48.500,"GoalBlock{x=80,y=4,z=48}",26,8,MovementTraverse,275,43,43,,
2946,0,Husk,T3/35,MOVING,69.393,9.000,48.500,"GoalBlock{x=80,y=4,z=48}",26,9,MovementDownward,275,43,43,,
2947,0,Husk,T3/35,MOVING,69.531,9.000,48.500,"GoalBlock{x=80,y=4,z=48}",26,9,MovementDownward,275,43,43,,
2948,0,Husk,T3/35,MOVING,69.606,8.922,48.500,"GoalBlock{x=80,y=4,z=48}",26,9,MovementDownward,275,43,43,,
2949,0,Husk,T3/35,MOVING,69.646,8.772,48.500,"GoalBlock{x=80,y=4,z=48}",26,9,MovementDownward,275,43,43,,
2950,0,Husk,T3/35,MOVING,69.684,8.622,48.500,"GoalBlock{x=80,y=4,z=48}",26,10,MovementDownward,275,43,43,,
2951,0,Husk,T3/35,MOVING,69.717,8.472,48.500,"GoalBlock{x=80,y=4,z=48}",26,10,MovementDownward,275,43,43,,
2952,0,Husk,T3/35,MOVING,69.765,8.322,48.490,"GoalBlock{x=80,y=4,z=48}",26,10,MovementDownward,275,43,43,,
2953,0,Husk,T3/35,MOVING,69.819,8.172,48.464,"GoalBlock{x=80,y=4,z=48}",26,10,MovementDownward,275,43,43,,
2954,0,Husk,T3/35,MOVING,69.867,8.022,48.421,"GoalBlock{x=80,y=4,z=48}",26,10,MovementDownward,275,43,43,,
2955,0,Husk,T3/35,MOVING,69.901,7.872,48.365,"GoalBlock{x=80,y=4,z=48}",26,10,MovementDownward,275,43,43,,
2956,0,Husk,T3/35,MOVING,69.916,7.722,48.304,"GoalBlock{x=80,y=4,z=48}",26,11,MovementDownward,275,43,43,,
2957,0,Husk,T3/35,MOVING,69.909,7.572,48.248,"GoalBlock{x=80,y=4,z=48}",26,11,MovementDownward,275,43,43,,
2958,0,Husk,T3/35,MOVING,69.886,7.422,48.208,"GoalBlock{x=80,y=4,z=48}",26,11,MovementDownward,275,43,43,,
2959,0,Husk,T3/35,MOVING,69.849,7.272,48.182,"GoalBlock{x=80,y=4,z=48}",26,11,MovementDownward,275,43,43,,
2960,0,Husk,T3/35,MOVING,69.802,7.122,48.173,"GoalBlock{x=80,y=4,z=48}",26,11,MovementDownward,275,43,43,,
2961,0,Husk,T3/35,MOVING,69.745,6.972,48.178,"GoalBlock{x=80,y=4,z=48}",26,11,MovementDownward,275,43,43,,
2962,0,Husk,T3/35,MOVING,69.681,6.822,48.199,"GoalBlock{x=80,y=4,z=48}",26,11,MovementDownward,275,43,43,,
2963,0,Husk,T3/35,MOVING,69.614,6.672,48.234,"GoalBlock{x=80,y=4,z=48}",26,12,MovementDownward,275,43,43,,
2964,0,Husk,T3/35,MOVING,69.544,6.522,48.285,"GoalBlock{x=80,y=4,z=48}",26,12,MovementDownward,275,43,43,,
2965,0,Husk,T3/35,MOVING,69.488,6.372,48.350,"GoalBlock{x=80,y=4,z=48}",26,12,MovementDownward,275,43,43,,
2966,0,Husk,T3/35,MOVING,69.488,6.489,48.409,"GoalBlock{x=80,y=4,z=48}",26,12,MovementDownward,275,43,43,,
2967,0,Husk,T3/35,MOVING,69.488,6.526,48.463,"GoalBlock{x=80,y=4,z=48}",26,12,MovementDownward,275,43,43,,
2968,0,Husk,T3/35,MOVING,69.488,6.484,48.512,"GoalBlock{x=80,y=4,z=48}",26,12,MovementDownward,275,43,43,,
2969,0,Husk,T3/35,MOVING,69.488,6.364,48.557,"GoalBlock{x=80,y=4,z=48}",26,12,MovementDownward,275,43,43,,
2970,0,Husk,T3/35,MOVING,69.488,6.214,48.597,"GoalBlock{x=80,y=4,z=48}",26,12,MovementDownward,275,43,43,,
2971,0,Husk,T3/35,MOVING,69.488,6.064,48.634,"GoalBlock{x=80,y=4,z=48}",26,12,MovementDownward,275,43,43,,
2972,0,Husk,T3/35,MOVING,69.488,5.914,48.668,"GoalBlock{x=80,y=4,z=48}",26,12,MovementDownward,275,43,43,,
2973,0,Husk,T3/35,MOVING,69.488,5.764,48.713,"GoalBlock{x=80,y=4,z=48}",26,12,MovementDownward,275,43,43,,
2974,0,Husk,T3/35,MOVING,69.488,5.882,48.760,"GoalBlock{x=80,y=4,z=48}",26,13,MovementDownward,275,43,43,,
2975,0,Husk,T3/35,MOVING,69.488,5.999,48.799,"GoalBlock{x=80,y=4,z=48}",26,12,MovementDownward,275,43,43,,
2976,0,Husk,T3/35,MOVING,69.488,6.117,48.822,"GoalBlock{x=80,y=4,z=48}",26,12,MovementDownward,275,43,43,,
2977,0,Husk,T3/35,MOVING,69.488,6.234,48.824,"GoalBlock{x=80,y=4,z=48}",26,12,MovementDownward,275,43,43,,
2978,0,Husk,T3/35,MOVING,69.488,6.352,48.805,"GoalBlock{x=80,y=4,z=48}",26,12,MovementDownward,275,43,43,,
2979,0,Husk,T3/35,MOVING,69.489,6.389,48.767,"GoalBlock{x=80,y=4,z=48}",26,12,MovementDownward,275,43,43,,
2980,0,Husk,T3/35,MOVING,69.490,6.346,48.714,"GoalBlock{x=80,y=4,z=48}",26,12,MovementDownward,275,43,43,,
2981,0,Husk,T3/35,MOVING,69.491,6.227,48.645,"GoalBlock{x=80,y=4,z=48}",26,12,MovementDownward,275,43,43,,
2982,0,Husk,T3/35,MOVING,69.491,6.077,48.583,"GoalBlock{x=80,y=4,z=48}",26,12,MovementDownward,275,43,43,,
2983,0,Husk,T3/35,MOVING,69.491,5.927,48.526,"GoalBlock{x=80,y=4,z=48}",26,12,MovementDownward,275,43,43,,
2984,0,Husk,T3/35,MOVING,69.491,5.777,48.475,"GoalBlock{x=80,y=4,z=48}",26,12,MovementDownward,275,43,43,,
2985,0,Husk,T3/35,MOVING,69.491,5.627,48.428,"GoalBlock{x=80,y=4,z=48}",26,13,MovementDownward,275,43,43,,
2986,0,Husk,T3/35,MOVING,69.491,5.477,48.385,"GoalBlock{x=80,y=4,z=48}",26,13,MovementDownward,275,43,43,,
2987,0,Husk,T3/35,MOVING,69.491,5.327,48.346,"GoalBlock{x=80,y=4,z=48}",26,13,MovementDownward,275,43,43,,
2988,0,Husk,T3/35,MOVING,69.491,5.177,48.311,"GoalBlock{x=80,y=4,z=48}",26,13,MovementDownward,275,43,43,,
2989,0,Husk,T3/35,MOVING,69.491,5.027,48.279,"GoalBlock{x=80,y=4,z=48}",26,13,MovementDownward,275,43,43,,
2990,0,Husk,T3/35,MOVING,69.501,4.877,48.233,"GoalBlock{x=80,y=4,z=48}",26,13,MovementDownward,275,43,43,,
2991,0,Husk,T3/35,MOVING,69.528,4.727,48.183,"GoalBlock{x=80,y=4,z=48}",26,13,MovementDownward,275,43,43,,
2992,0,Husk,T3/35,MOVING,69.553,4.577,48.137,"GoalBlock{x=80,y=4,z=48}",26,14,MovementTraverse,275,43,43,,
2993,0,Husk,T3/35,MOVING,69.575,4.427,48.095,"GoalBlock{x=80,y=4,z=48}",26,14,MovementTraverse,275,43,43,,
2994,0,Husk,T3/35,MOVING,69.596,4.277,48.056,"GoalBlock{x=80,y=4,z=48}",26,14,MovementTraverse,275,43,43,,
2995,0,Husk,T3/35,MOVING,69.614,4.127,48.022,"GoalBlock{x=80,y=4,z=48}",26,14,MovementTraverse,275,43,43,,
2996,0,Husk,T3/35,MOVING,69.631,4.000,47.990,"GoalBlock{x=80,y=4,z=48}",26,14,MovementTraverse,275,43,43,,
2997,0,Husk,T3/35,MOVING,69.757,4.000,48.026,"GoalBlock{x=80,y=4,z=48}",26,14,MovementTraverse,275,43,43,,
2998,0,Husk,T3/35,MOVING,69.907,4.000,48.114,"GoalBlock{x=80,y=4,z=48}",26,14,MovementTraverse,275,43,43,,
2999,0,Husk,T3/35,MOVING,70.057,4.000,48.231,"GoalBlock{x=80,y=4,z=48}",26,14,MovementTraverse,275,43,43,,
3000,0,Husk,T3/35,MOVING,70.264,4.000,48.319,"GoalBlock{x=80,y=4,z=48}",26,15,MovementTraverse,275,43,43,,
3001,0,Husk,T3/35,MOVING,70.503,4.000,48.385,"GoalBlock{x=80,y=4,z=48}",26,15,MovementTraverse,275,43,43,,
3002,0,Husk,T3/35,MOVING,70.760,4.000,48.436,"GoalBlock{x=80,y=4,z=48}",26,15,MovementTraverse,275,43,43,,
3003,0,Husk,T3/35,MOVING,71.027,4.000,48.475,"GoalBlock{x=80,y=4,z=48}",26,15,MovementTraverse,275,43,43,,
3004,0,Husk,T3/35,MOVING,71.301,4.000,48.498,"GoalBlock{x=80,y=4,z=48}",26,16,MovementTraverse,275,43,43,,
3005,0,Husk,T3/35,MOVING,71.577,4.000,48.511,"GoalBlock{x=80,y=4,z=48}",26,16,MovementTraverse,275,43,43,,
3006,0,Husk,T3/35,MOVING,71.856,4.000,48.516,"GoalBlock{x=80,y=4,z=48}",26,16,MovementTraverse,275,43,43,,
3007,0,Husk,T3/35,MOVING,72.135,4.000,48.516,"GoalBlock{x=80,y=4,z=48}",26,16,MovementTraverse,275,43,43,,
3008,0,Husk,T3/35,MOVING,72.415,4.000,48.515,"GoalBlock{x=80,y=4,z=48}",26,17,MovementTraverse,275,43,43,,
3009,0,Husk,T3/35,MOVING,72.695,4.000,48.513,"GoalBlock{x=80,y=4,z=48}",26,17,MovementTraverse,275,43,43,,
3010,0,Husk,T3/35,MOVING,72.976,4.000,48.511,"GoalBlock{x=80,y=4,z=48}",26,17,MovementTraverse,275,43,43,,
3011,0,Husk,T3/35,MOVING,73.256,4.000,48.508,"GoalBlock{x=80,y=4,z=48}",26,17,MovementTraverse,275,43,43,,
3012,0,Husk,T3/35,MOVING,73.537,4.000,48.507,"GoalBlock{x=80,y=4,z=48}",26,18,MovementTraverse,275,43,43,,
3013,0,Husk,T3/35,MOVING,73.817,4.000,48.506,"GoalBlock{x=80,y=4,z=48}",26,18,MovementTraverse,275,43,43,,
3014,0,Husk,T3/35,MOVING,74.098,4.000,48.505,"GoalBlock{x=80,y=4,z=48}",26,18,MovementTraverse,275,43,43,,
3015,0,Husk,T3/35,MOVING,74.378,4.000,48.505,"GoalBlock{x=80,y=4,z=48}",26,19,MovementTraverse,275,43,43,,
3016,0,Husk,T3/35,MOVING,74.659,4.000,48.504,"GoalBlock{x=80,y=4,z=48}",26,19,MovementTraverse,275,43,43,,
3017,0,Husk,T3/35,MOVING,74.940,4.000,48.504,"GoalBlock{x=80,y=4,z=48}",26,19,MovementTraverse,275,43,43,,
3018,0,Husk,T3/35,MOVING,75.220,4.000,48.503,"GoalBlock{x=80,y=4,z=48}",26,19,MovementTraverse,275,43,43,,
3019,0,Husk,T3/35,MOVING,75.501,4.000,48.503,"GoalBlock{x=80,y=4,z=48}",26,20,MovementTraverse,275,43,43,,
3020,0,Husk,T3/35,MOVING,75.781,4.000,48.502,"GoalBlock{x=80,y=4,z=48}",26,20,MovementTraverse,275,43,43,,
3021,0,Husk,T3/35,MOVING,76.062,4.000,48.502,"GoalBlock{x=80,y=4,z=48}",26,20,MovementTraverse,275,43,43,,
3022,0,Husk,T3/35,MOVING,76.343,4.000,48.502,"GoalBlock{x=80,y=4,z=48}",26,21,MovementTraverse,275,43,43,,
3023,0,Husk,T3/35,MOVING,76.623,4.000,48.502,"GoalBlock{x=80,y=4,z=48}",26,21,MovementTraverse,275,43,43,,
3024,0,Husk,T3/35,MOVING,76.904,4.000,48.501,"GoalBlock{x=80,y=4,z=48}",26,21,MovementTraverse,275,43,43,,
3025,0,Husk,T3/35,MOVING,77.185,4.000,48.501,"GoalBlock{x=80,y=4,z=48}",26,21,MovementTraverse,275,43,43,,
3026,0,Husk,T3/35,MOVING,77.465,4.000,48.501,"GoalBlock{x=80,y=4,z=48}",26,22,MovementTraverse,275,43,43,,
3027,0,Husk,T3/35,MOVING,77.746,4.000,48.501,"GoalBlock{x=80,y=4,z=48}",26,22,MovementTraverse,275,43,43,,
3028,0,Husk,T3/35,MOVING,78.026,4.000,48.501,"GoalBlock{x=80,y=4,z=48}",26,22,MovementTraverse,275,43,43,,
3029,0,Husk,T3/35,MOVING,78.307,4.000,48.501,"GoalBlock{x=80,y=4,z=48}",26,23,MovementTraverse,275,43,43,,
3030,0,Husk,T3/35,MOVING,78.588,4.000,48.501,"GoalBlock{x=80,y=4,z=48}",26,23,MovementTraverse,275,43,43,,
3031,0,Husk,T3/35,MOVING,78.868,4.000,48.501,"GoalBlock{x=80,y=4,z=48}",26,23,MovementTraverse,275,43,43,,
3032,0,Husk,T3/35,MOVING,79.149,4.000,48.500,"GoalBlock{x=80,y=4,z=48}",26,23,MovementTraverse,275,43,43,,
3033,0,Husk,T3/35,MOVING,79.429,4.000,48.500,"GoalBlock{x=80,y=4,z=48}",26,24,MovementTraverse,275,43,43,,
3034,0,Husk,T3/35,MOVING,79.710,4.000,48.500,"GoalBlock{x=80,y=4,z=48}",26,24,MovementTraverse,275,43,43,,
3035,0,Husk,T3/35,MOVING,79.991,4.000,48.500,"GoalBlock{x=80,y=4,z=48}",26,24,MovementTraverse,275,43,43,,
3036,0,Husk,T3/35,MOVING,80.271,4.000,48.500,"GoalBlock{x=80,y=4,z=48}",26,24,MovementTraverse,275,43,43,,
3037,0,Husk,T3/35,ARRIVED,80.425,4.000,48.500,,-1,-1,,275,43,43,,CANCELED
3038,0,Husk,T3/36,ARRIVED,60.500,4.000,60.500,,-1,-1,,275,43,43,,CANCELED|CANCELED
3039,0,Husk,T3/36,ARRIVED,60.500,4.000,60.500,,-1,-1,,275,43,43,,
3040,0,Husk,T3/36,ARRIVED,60.500,4.000,60.500,,-1,-1,,275,43,43,,
3041,0,Husk,T3/36,ARRIVED,60.500,4.000,60.500,,-1,-1,,275,43,43,,
3042,0,Husk,T3/36,ARRIVED,60.500,4.000,60.500,,-1,-1,,275,43,43,,
3043,0,Husk,T3/36,ARRIVED,60.500,4.000,60.500,,-1,-1,,275,43,43,,
3044,0,Husk,T3/36,ARRIVED,60.500,4.000,60.500,,-1,-1,,275,43,43,,
3045,0,Husk,T3/36,ARRIVED,60.500,4.000,60.500,,-1,-1,,275,43,43,,
3046,0,Husk,T3/36,ARRIVED,60.500,4.000,60.500,,-1,-1,,275,43,43,,
3047,0,Husk,T3/36,ARRIVED,60.500,4.000,60.500,,-1,-1,,275,43,43,,
3048,0,Husk,T3/36,SEARCHING,60.500,4.000,60.500,"GoalBlock{x=80,y=4,z=60}",-1,-1,,275,44,44,,CALC_STARTED
3049,0,Husk,T3/36,MOVING,60.627,4.000,60.500,"GoalBlock{x=80,y=4,z=60}",21,0,MovementTraverse,446,44,44,,CALC_FINISHED_NOW_EXECUTING
3050,0,Husk,T3/36,MOVING,60.824,4.000,60.500,"GoalBlock{x=80,y=4,z=60}",21,0,MovementTraverse,446,44,44,,
3051,0,Husk,T3/36,MOVING,61.059,4.000,60.500,"GoalBlock{x=80,y=4,z=60}",21,0,MovementTraverse,446,44,44,,
3052,0,Husk,T3/36,MOVING,61.315,4.000,60.500,"GoalBlock{x=80,y=4,z=60}",21,1,MovementTraverse,446,44,44,,
3053,0,Husk,T3/36,MOVING,61.582,4.000,60.500,"GoalBlock{x=80,y=4,z=60}",21,1,MovementTraverse,446,44,44,,
3054,0,Husk,T3/36,MOVING,61.855,4.000,60.500,"GoalBlock{x=80,y=4,z=60}",21,1,MovementTraverse,446,44,44,,
3055,0,Husk,T3/36,MOVING,62.132,4.000,60.500,"GoalBlock{x=80,y=4,z=60}",21,1,MovementTraverse,446,44,44,,
3056,0,Husk,T3/36,MOVING,62.410,4.000,60.500,"GoalBlock{x=80,y=4,z=60}",21,2,MovementTraverse,446,44,44,,
3057,0,Husk,T3/36,MOVING,62.690,4.000,60.500,"GoalBlock{x=80,y=4,z=60}",21,2,MovementTraverse,446,44,44,,
3058,0,Husk,T3/36,MOVING,62.969,4.000,60.500,"GoalBlock{x=80,y=4,z=60}",21,2,MovementTraverse,446,44,44,,
3059,0,Husk,T3/36,MOVING,63.250,4.000,60.500,"GoalBlock{x=80,y=4,z=60}",21,2,MovementTraverse,446,44,44,,
3060,0,Husk,T3/36,MOVING,63.530,4.000,60.500,"GoalBlock{x=80,y=4,z=60}",21,3,MovementTraverse,446,44,44,,
3061,0,Husk,T3/36,MOVING,63.811,4.000,60.500,"GoalBlock{x=80,y=4,z=60}",21,3,MovementTraverse,446,44,44,,
3062,0,Husk,T3/36,MOVING,64.091,4.000,60.500,"GoalBlock{x=80,y=4,z=60}",21,3,MovementTraverse,446,44,44,,
3063,0,Husk,T3/36,MOVING,64.372,4.000,60.500,"GoalBlock{x=80,y=4,z=60}",21,4,MovementTraverse,446,44,44,,
3064,0,Husk,T3/36,MOVING,64.652,4.000,60.500,"GoalBlock{x=80,y=4,z=60}",21,4,MovementTraverse,446,44,44,,
3065,0,Husk,T3/36,MOVING,64.933,4.000,60.500,"GoalBlock{x=80,y=4,z=60}",21,4,MovementTraverse,446,44,44,,
3066,0,Husk,T3/36,MOVING,65.214,4.000,60.500,"GoalBlock{x=80,y=4,z=60}",21,4,MovementTraverse,446,44,44,,
3067,0,Husk,T3/36,MOVING,65.494,4.000,60.500,"GoalBlock{x=80,y=4,z=60}",21,5,MovementTraverse,446,44,44,,
3068,0,Husk,T3/36,MOVING,65.775,4.000,60.500,"GoalBlock{x=80,y=4,z=60}",21,5,MovementTraverse,446,44,44,,
3069,0,Husk,T3/36,MOVING,66.055,4.000,60.500,"GoalBlock{x=80,y=4,z=60}",21,5,MovementTraverse,446,44,44,,
3070,0,Husk,T3/36,MOVING,66.336,4.000,60.500,"GoalBlock{x=80,y=4,z=60}",21,6,MovementTraverse,446,44,44,,
3071,0,Husk,T3/36,MOVING,66.617,4.000,60.500,"GoalBlock{x=80,y=4,z=60}",21,6,MovementTraverse,446,44,44,,
3072,0,Husk,T3/36,MOVING,66.897,4.000,60.500,"GoalBlock{x=80,y=4,z=60}",21,6,MovementTraverse,446,44,44,,
3073,0,Husk,T3/36,MOVING,67.178,4.000,60.500,"GoalBlock{x=80,y=4,z=60}",21,6,MovementTraverse,446,44,44,,
3074,0,Husk,T3/36,MOVING,67.429,4.000,60.500,"GoalBlock{x=80,y=4,z=60}",21,7,MovementDescend,446,44,44,,
3075,0,Husk,T3/36,MOVING,67.664,4.000,60.500,"GoalBlock{x=80,y=4,z=60}",21,7,MovementDescend,446,44,44,,
3076,0,Husk,T3/36,MOVING,67.891,4.000,60.500,"GoalBlock{x=80,y=4,z=60}",21,7,MovementDescend,446,44,44,,
3077,0,Husk,T3/36,MOVING,68.112,4.000,60.500,"GoalBlock{x=80,y=4,z=60}",21,7,MovementDescend,446,44,44,,
3078,0,Husk,T3/36,MOVING,68.331,4.000,60.500,"GoalBlock{x=80,y=4,z=60}",21,7,MovementDescend,446,44,44,,
3079,0,Husk,T3/36,MOVING,68.536,3.922,60.451,"GoalBlock{x=80,y=4,z=60}",21,7,MovementDescend,446,44,44,,
3080,0,Husk,T3/36,MOVING,68.657,3.766,60.407,"GoalBlock{x=80,y=4,z=60}",21,7,MovementDescend,446,44,44,,
3081,0,Husk,T3/36,MOVING,68.790,3.536,60.355,"GoalBlock{x=80,y=4,z=60}",21,8,MovementTraverse,446,44,44,,
3082,0,Husk,T3/36,MOVING,68.930,3.272,60.307,"GoalBlock{x=80,y=4,z=60}",21,8,MovementTraverse,446,44,44,,
3083,0,Husk,T3/36,MOVING,69.061,3.080,60.275,"GoalBlock{x=80,y=4,z=60}",21,8,MovementTraverse,446,44,44,,
3084,0,Husk,T3/36,MOVING,69.185,3.000,60.252,"GoalBlock{x=80,y=4,z=60}",21,9,MovementTraverse,446,44,44,,
3085,0,Husk,T3/36,MOVING,69.303,3.020,60.238,"GoalBlock{x=80,y=4,z=60}",21,9,MovementTraverse,446,44,44,,
3086,0,Husk,T3/36,MOVING,69.417,3.056,60.231,"GoalBlock{x=80,y=4,z=60}",21,9,MovementTraverse,446,44,44,,
3087,0,Husk,T3/36,MOVING,69.527,3.105,60.230,"GoalBlock{x=80,y=4,z=60}",21,9,MovementTraverse,446,44,44,,
3088,0,Husk,T3/36,MOVING,69.634,3.164,60.235,"GoalBlock{x=80,y=4,z=60}",21,9,MovementTraverse,446,44,44,,
3089,0,Husk,T3/36,MOVING,69.739,3.231,60.245,"GoalBlock{x=80,y=4,z=60}",21,9,MovementTraverse,446,44,44,,
3090,0,Husk,T3/36,MOVING,69.841,3.305,60.259,"GoalBlock{x=80,y=4,z=60}",21,9,MovementTraverse,446,44,44,,
3091,0,Husk,T3/36,MOVING,69.941,3.384,60.277,"GoalBlock{x=80,y=4,z=60}",21,9,MovementTraverse,446,44,44,,
3092,0,Husk,T3/36,MOVING,70.039,3.467,60.299,"GoalBlock{x=80,y=4,z=60}",21,9,MovementTraverse,446,44,44,,
3093,0,Husk,T3/36,MOVING,70.137,3.554,60.319,"GoalBlock{x=80,y=4,z=60}",21,10,MovementTraverse,446,44,44,,
3094,0,Husk,T3/36,MOVING,70.235,3.643,60.337,"GoalBlock{x=80,y=4,z=60}",21,10,MovementTraverse,446,44,44,,
3095,0,Husk,T3/36,MOVING,70.338,3.694,60.356,"GoalBlock{x=80,y=4,z=60}",21,10,MovementTraverse,446,44,44,,
3096,0,Husk,T3/36,MOVING,70.458,3.666,60.375,"GoalBlock{x=80,y=4,z=60}",21,10,MovementTraverse,446,44,44,,
3097,0,Husk,T3/36,MOVING,70.592,3.560,60.396,"GoalBlock{x=80,y=4,z=60}",21,10,MovementTraverse,446,44,44,,
3098,0,Husk,T3/36,MOVING,70.733,3.418,60.417,"GoalBlock{x=80,y=4,z=60}",21,10,MovementTraverse,446,44,44,,
3099,0,Husk,T3/36,MOVING,70.866,3.325,60.436,"GoalBlock{x=80,y=4,z=60}",21,10,MovementTraverse,446,44,44,,
3100,0,Husk,T3/36,MOVING,70.992,3.270,60.454,"GoalBlock{x=80,y=4,z=60}",21,10,MovementTraverse,446,44,44,,
3101,0,Husk,T3/36,MOVING,71.112,3.246,60.469,"GoalBlock{x=80,y=4,z=60}",21,10,MovementTraverse,446,44,44,,
3102,0,Husk,T3/36,MOVING,71.227,3.247,60.482,"GoalBlock{x=80,y=4,z=60}",21,11,MovementTraverse,446,44,44,,
3103,0,Husk,T3/36,MOVING,71.339,3.267,60.493,"GoalBlock{x=80,y=4,z=60}",21,11,MovementTraverse,446,44,44,,
3104,0,Husk,T3/36,MOVING,71.449,3.304,60.501,"GoalBlock{x=80,y=4,z=60}",21,11,MovementTraverse,446,44,44,,
3105,0,Husk,T3/36,MOVING,71.556,3.353,60.508,"GoalBlock{x=80,y=4,z=60}",21,11,MovementTraverse,446,44,44,,
3106,0,Husk,T3/36,MOVING,71.661,3.412,60.513,"GoalBlock{x=80,y=4,z=60}",21,11,MovementTraverse,446,44,44,,
3107,0,Husk,T3/36,MOVING,71.765,3.480,60.517,"GoalBlock{x=80,y=4,z=60}",21,11,MovementTraverse,446,44,44,,
3108,0,Husk,T3/36,MOVING,71.867,3.554,60.520,"GoalBlock{x=80,y=4,z=60}",21,11,MovementTraverse,446,44,44,,
3109,0,Husk,T3/36,MOVING,71.969,3.633,60.519,"GoalBlock{x=80,y=4,z=60}",21,11,MovementTraverse,446,44,44,,
3110,0,Husk,T3/36,MOVING,72.076,3.676,60.519,"GoalBlock{x=80,y=4,z=60}",21,11,MovementTraverse,446,44,44,,
3111,0,Husk,T3/36,MOVING,72.192,3.640,60.518,"GoalBlock{x=80,y=4,z=60}",21,12,MovementAscend,446,44,44,,
3112,0,Husk,T3/36,MOVING,72.318,3.527,60.518,"GoalBlock{x=80,y=4,z=60}",21,12,MovementAscend,446,44,44,,
3113,0,Husk,T3/36,MOVING,72.452,3.377,60.518,"GoalBlock{x=80,y=4,z=60}",21,12,MovementAscend,446,44,44,,
3114,0,Husk,T3/36,MOVING,72.579,3.277,60.517,"GoalBlock{x=80,y=4,z=60}",21,12,MovementAscend,446,44,44,,
3115,0,Husk,T3/36,MOVING,72.700,3.218,60.517,"GoalBlock{x=80,y=4,z=60}",21,12,MovementAscend,446,44,44,,
3116,0,Husk,T3/36,MOVING,72.700,3.190,60.517,"GoalBlock{x=80,y=4,z=60}",21,12,MovementAscend,446,44,44,,
3117,0,Husk,T3/36,MOVING,72.700,3.187,60.516,"GoalBlock{x=80,y=4,z=60}",21,12,MovementAscend,446,44,44,,
3118,0,Husk,T3/36,MOVING,72.700,3.206,60.516,"GoalBlock{x=80,y=4,z=60}",21,12,MovementAscend,446,44,44,,
3119,0,Husk,T3/36,MOVING,72.700,3.240,60.515,"GoalBlock{x=80,y=4,z=60}",21,12,MovementAscend,446,44,44,,
3120,0,Husk,T3/36,MOVING,72.700,3.288,60.515,"GoalBlock{x=80,y=4,z=60}",21,12,MovementAscend,446,44,44,,
3121,0,Husk,T3/36,MOVING,72.700,3.346,60.515,"GoalBlock{x=80,y=4,z=60}",21,12,MovementAscend,446,44,44,,
3122,0,Husk,T3/36,MOVING,72.700,3.412,60.514,"GoalBlock{x=80,y=4,z=60}",21,12,MovementAscend,446,44,44,,
3123,0,Husk,T3/36,MOVING,72.700,3.486,60.514,"GoalBlock{x=80,y=4,z=60}",21,12,MovementAscend,446,44,44,,
3124,0,Husk,T3/36,MOVING,72.700,3.826,60.514,"GoalBlock{x=80,y=4,z=60}",21,12,MovementAscend,446,44,44,,
3125,0,Husk,T3/36,MOVING,72.720,4.126,60.513,"GoalBlock{x=80,y=4,z=60}",21,12,MovementAscend,446,44,44,,
3126,0,Husk,T3/36,MOVING,72.757,4.341,60.513,"GoalBlock{x=80,y=4,z=60}",21,12,MovementAscend,446,44,44,,
3127,0,Husk,T3/36,MOVING,72.811,4.474,60.513,"GoalBlock{x=80,y=4,z=60}",21,12,MovementAscend,446,44,44,,
3128,0,Husk,T3/36,MOVING,72.879,4.526,60.512,"GoalBlock{x=80,y=4,z=60}",21,12,MovementAscend,446,44,44,,
3129,0,Husk,T3/36,MOVING,72.961,4.498,60.512,"GoalBlock{x=80,y=4,z=60}",21,12,MovementAscend,446,44,44,,
3130,0,Husk,T3/36,MOVING,73.055,4.393,60.511,"GoalBlock{x=80,y=4,z=60}",21,12,MovementAscend,446,44,44,,
3131,0,Husk,T3/36,MOVING,73.166,4.211,60.511,"GoalBlock{x=80,y=4,z=60}",21,13,MovementTraverse,446,44,44,,
3132,0,Husk,T3/36,MOVING,73.293,4.000,60.511,"GoalBlock{x=80,y=4,z=60}",21,13,MovementTraverse,446,44,44,,
3133,0,Husk,T3/36,MOVING,73.535,4.000,60.510,"GoalBlock{x=80,y=4,z=60}",21,13,MovementTraverse,446,44,44,,
3134,0,Husk,T3/36,MOVING,73.795,4.000,60.509,"GoalBlock{x=80,y=4,z=60}",21,13,MovementTraverse,446,44,44,,
3135,0,Husk,T3/36,MOVING,74.064,4.000,60.507,"GoalBlock{x=80,y=4,z=60}",21,13,MovementTraverse,446,44,44,,
3136,0,Husk,T3/36,MOVING,74.339,4.000,60.506,"GoalBlock{x=80,y=4,z=60}",21,14,MovementTraverse,446,44,44,,
3137,0,Husk,T3/36,MOVING,74.616,4.000,60.506,"GoalBlock{x=80,y=4,z=60}",21,14,MovementTraverse,446,44,44,,
3138,0,Husk,T3/36,MOVING,74.895,4.000,60.505,"GoalBlock{x=80,y=4,z=60}",21,14,MovementTraverse,446,44,44,,
3139,0,Husk,T3/36,MOVING,75.174,4.000,60.504,"GoalBlock{x=80,y=4,z=60}",21,14,MovementTraverse,446,44,44,,
3140,0,Husk,T3/36,MOVING,75.455,4.000,60.504,"GoalBlock{x=80,y=4,z=60}",21,15,MovementTraverse,446,44,44,,
3141,0,Husk,T3/36,MOVING,75.735,4.000,60.503,"GoalBlock{x=80,y=4,z=60}",21,15,MovementTraverse,446,44,44,,
3142,0,Husk,T3/36,MOVING,76.015,4.000,60.503,"GoalBlock{x=80,y=4,z=60}",21,15,MovementTraverse,446,44,44,,
3143,0,Husk,T3/36,MOVING,76.296,4.000,60.502,"GoalBlock{x=80,y=4,z=60}",21,16,MovementTraverse,446,44,44,,
3144,0,Husk,T3/36,MOVING,76.576,4.000,60.502,"GoalBlock{x=80,y=4,z=60}",21,16,MovementTraverse,446,44,44,,
3145,0,Husk,T3/36,MOVING,76.857,4.000,60.502,"GoalBlock{x=80,y=4,z=60}",21,16,MovementTraverse,446,44,44,,
3146,0,Husk,T3/36,MOVING,77.138,4.000,60.501,"GoalBlock{x=80,y=4,z=60}",21,16,MovementTraverse,446,44,44,,
3147,0,Husk,T3/36,MOVING,77.418,4.000,60.501,"GoalBlock{x=80,y=4,z=60}",21,17,MovementTraverse,446,44,44,,
3148,0,Husk,T3/36,MOVING,77.699,4.000,60.501,"GoalBlock{x=80,y=4,z=60}",21,17,MovementTraverse,446,44,44,,
3149,0,Husk,T3/36,MOVING,77.979,4.000,60.501,"GoalBlock{x=80,y=4,z=60}",21,17,MovementTraverse,446,44,44,,
3150,0,Husk,T3/36,MOVING,78.260,4.000,60.501,"GoalBlock{x=80,y=4,z=60}",21,17,MovementTraverse,446,44,44,,
3151,0,Husk,T3/36,MOVING,78.541,4.000,60.501,"GoalBlock{x=80,y=4,z=60}",21,18,MovementTraverse,446,44,44,,
3152,0,Husk,T3/36,MOVING,78.821,4.000,60.501,"GoalBlock{x=80,y=4,z=60}",21,18,MovementTraverse,446,44,44,,
3153,0,Husk,T3/36,MOVING,79.102,4.000,60.501,"GoalBlock{x=80,y=4,z=60}",21,18,MovementTraverse,446,44,44,,
3154,0,Husk,T3/36,MOVING,79.382,4.000,60.500,"GoalBlock{x=80,y=4,z=60}",21,19,MovementTraverse,446,44,44,,
3155,0,Husk,T3/36,MOVING,79.663,4.000,60.500,"GoalBlock{x=80,y=4,z=60}",21,19,MovementTraverse,446,44,44,,
3156,0,Husk,T3/36,MOVING,79.944,4.000,60.500,"GoalBlock{x=80,y=4,z=60}",21,19,MovementTraverse,446,44,44,,
3157,0,Husk,T3/36,MOVING,80.224,4.000,60.500,"GoalBlock{x=80,y=4,z=60}",21,19,MovementTraverse,446,44,44,,
3158,0,Husk,T3/36,ARRIVED,80.378,4.000,60.500,,-1,-1,,446,44,44,,CANCELED
3159,0,Husk,T3/37,ARRIVED,60.500,4.000,72.500,,-1,-1,,446,44,44,,CANCELED|CANCELED
3160,0,Husk,T3/37,ARRIVED,60.500,4.000,72.500,,-1,-1,,446,44,44,,
3161,0,Husk,T3/37,ARRIVED,60.500,4.000,72.500,,-1,-1,,446,44,44,,
3162,0,Husk,T3/37,ARRIVED,60.500,4.000,72.500,,-1,-1,,446,44,44,,
3163,0,Husk,T3/37,ARRIVED,60.500,4.000,72.500,,-1,-1,,446,44,44,,
3164,0,Husk,T3/37,ARRIVED,60.500,4.000,72.500,,-1,-1,,446,44,44,,
3165,0,Husk,T3/37,ARRIVED,60.500,4.000,72.500,,-1,-1,,446,44,44,,
3166,0,Husk,T3/37,ARRIVED,60.500,4.000,72.500,,-1,-1,,446,44,44,,
3167,0,Husk,T3/37,ARRIVED,60.500,4.000,72.500,,-1,-1,,446,44,44,,
3168,0,Husk,T3/37,ARRIVED,60.500,4.000,72.500,,-1,-1,,446,44,44,,
3169,0,Husk,T3/37,SEARCHING,60.500,4.000,72.500,"GoalBlock{x=80,y=4,z=72}",-1,-1,,446,45,45,,CALC_STARTED
3170,0,Husk,T3/37,MOVING,60.627,4.000,72.500,"GoalBlock{x=80,y=4,z=72}",21,0,MovementTraverse,563,45,45,,CALC_FINISHED_NOW_EXECUTING
3171,0,Husk,T3/37,MOVING,60.824,4.000,72.500,"GoalBlock{x=80,y=4,z=72}",21,0,MovementTraverse,563,45,45,,
3172,0,Husk,T3/37,MOVING,61.059,4.000,72.500,"GoalBlock{x=80,y=4,z=72}",21,0,MovementTraverse,563,45,45,,
3173,0,Husk,T3/37,MOVING,61.315,4.000,72.500,"GoalBlock{x=80,y=4,z=72}",21,1,MovementTraverse,563,45,45,,
3174,0,Husk,T3/37,MOVING,61.582,4.000,72.500,"GoalBlock{x=80,y=4,z=72}",21,1,MovementTraverse,563,45,45,,
3175,0,Husk,T3/37,MOVING,61.855,4.000,72.500,"GoalBlock{x=80,y=4,z=72}",21,1,MovementTraverse,563,45,45,,
3176,0,Husk,T3/37,MOVING,62.132,4.000,72.500,"GoalBlock{x=80,y=4,z=72}",21,1,MovementTraverse,563,45,45,,
3177,0,Husk,T3/37,MOVING,62.410,4.000,72.500,"GoalBlock{x=80,y=4,z=72}",21,2,MovementTraverse,563,45,45,,
3178,0,Husk,T3/37,MOVING,62.690,4.000,72.500,"GoalBlock{x=80,y=4,z=72}",21,2,MovementTraverse,563,45,45,,
3179,0,Husk,T3/37,MOVING,62.969,4.000,72.500,"GoalBlock{x=80,y=4,z=72}",21,2,MovementTraverse,563,45,45,,
3180,0,Husk,T3/37,MOVING,63.250,4.000,72.500,"GoalBlock{x=80,y=4,z=72}",21,2,MovementTraverse,563,45,45,,
3181,0,Husk,T3/37,MOVING,63.530,4.000,72.500,"GoalBlock{x=80,y=4,z=72}",21,3,MovementTraverse,563,45,45,,
3182,0,Husk,T3/37,MOVING,63.811,4.000,72.500,"GoalBlock{x=80,y=4,z=72}",21,3,MovementTraverse,563,45,45,,
3183,0,Husk,T3/37,MOVING,64.091,4.000,72.500,"GoalBlock{x=80,y=4,z=72}",21,3,MovementTraverse,563,45,45,,
3184,0,Husk,T3/37,MOVING,64.372,4.000,72.500,"GoalBlock{x=80,y=4,z=72}",21,4,MovementTraverse,563,45,45,,
3185,0,Husk,T3/37,MOVING,64.652,4.000,72.500,"GoalBlock{x=80,y=4,z=72}",21,4,MovementTraverse,563,45,45,,
3186,0,Husk,T3/37,MOVING,64.933,4.000,72.500,"GoalBlock{x=80,y=4,z=72}",21,4,MovementTraverse,563,45,45,,
3187,0,Husk,T3/37,MOVING,65.214,4.000,72.500,"GoalBlock{x=80,y=4,z=72}",21,4,MovementTraverse,563,45,45,,
3188,0,Husk,T3/37,MOVING,65.494,4.000,72.500,"GoalBlock{x=80,y=4,z=72}",21,5,MovementTraverse,563,45,45,,
3189,0,Husk,T3/37,MOVING,65.775,4.000,72.500,"GoalBlock{x=80,y=4,z=72}",21,5,MovementTraverse,563,45,45,,
3190,0,Husk,T3/37,MOVING,66.055,4.000,72.500,"GoalBlock{x=80,y=4,z=72}",21,5,MovementTraverse,563,45,45,,
3191,0,Husk,T3/37,MOVING,66.336,4.000,72.500,"GoalBlock{x=80,y=4,z=72}",21,6,MovementTraverse,563,45,45,,
3192,0,Husk,T3/37,MOVING,66.617,4.000,72.500,"GoalBlock{x=80,y=4,z=72}",21,6,MovementTraverse,563,45,45,,
3193,0,Husk,T3/37,MOVING,66.897,4.000,72.500,"GoalBlock{x=80,y=4,z=72}",21,6,MovementTraverse,563,45,45,,
3194,0,Husk,T3/37,MOVING,67.178,4.000,72.500,"GoalBlock{x=80,y=4,z=72}",21,6,MovementTraverse,563,45,45,,
3195,0,Husk,T3/37,MOVING,67.429,4.000,72.500,"GoalBlock{x=80,y=4,z=72}",21,7,MovementDescend,563,45,45,,
3196,0,Husk,T3/37,MOVING,67.664,4.000,72.500,"GoalBlock{x=80,y=4,z=72}",21,7,MovementDescend,563,45,45,,
3197,0,Husk,T3/37,MOVING,67.891,4.000,72.500,"GoalBlock{x=80,y=4,z=72}",21,7,MovementDescend,563,45,45,,
3198,0,Husk,T3/37,MOVING,68.112,4.000,72.500,"GoalBlock{x=80,y=4,z=72}",21,7,MovementDescend,563,45,45,,
3199,0,Husk,T3/37,MOVING,68.331,4.000,72.500,"GoalBlock{x=80,y=4,z=72}",21,7,MovementDescend,563,45,45,,
3200,0,Husk,T3/37,MOVING,68.536,3.922,72.451,"GoalBlock{x=80,y=4,z=72}",21,7,MovementDescend,563,45,45,,
3201,0,Husk,T3/37,MOVING,68.657,3.766,72.407,"GoalBlock{x=80,y=4,z=72}",21,7,MovementDescend,563,45,45,,
3202,0,Husk,T3/37,MOVING,68.790,3.536,72.355,"GoalBlock{x=80,y=4,z=72}",21,8,MovementTraverse,563,45,45,,
3203,0,Husk,T3/37,MOVING,68.930,3.272,72.307,"GoalBlock{x=80,y=4,z=72}",21,8,MovementTraverse,563,45,45,,
3204,0,Husk,T3/37,MOVING,69.061,3.080,72.275,"GoalBlock{x=80,y=4,z=72}",21,8,MovementTraverse,563,45,45,,
3205,0,Husk,T3/37,MOVING,69.185,2.947,72.252,"GoalBlock{x=80,y=4,z=72}",21,9,MovementTraverse,563,45,45,,
3206,0,Husk,T3/37,MOVING,69.303,2.860,72.238,"GoalBlock{x=80,y=4,z=72}",21,9,MovementTraverse,563,45,45,,
3207,0,Husk,T3/37,MOVING,69.398,2.811,72.227,"GoalBlock{x=80,y=4,z=72}",21,9,MovementTraverse,563,45,45,,
3208,0,Husk,T3/37,MOVING,69.474,2.792,72.217,"GoalBlock{x=80,y=4,z=72}",21,9,MovementTraverse,563,45,45,,
3209,0,Husk,T3/37,MOVING,69.534,2.796,72.210,"GoalBlock{x=80,y=4,z=72}",21,9,MovementTraverse,563,45,45,,
3210,0,Husk,T3/37,MOVING,69.583,2.820,72.204,"GoalBlock{x=80,y=4,z=72}",21,9,MovementTraverse,563,45,45,,
3211,0,Husk,T3/37,MOVING,69.622,2.860,72.199,"GoalBlock{x=80,y=4,z=72}",21,9,MovementTraverse,563,45,45,,
3212,0,Husk,T3/37,MOVING,69.653,2.912,72.196,"GoalBlock{x=80,y=4,z=72}",21,9,MovementTraverse,563,45,45,,
3213,0,Husk,T3/37,MOVING,69.696,2.973,72.199,"GoalBlock{x=80,y=4,z=72}",21,9,MovementTraverse,563,45,45,,
3214,0,Husk,T3/37,MOVING,69.749,3.043,72.206,"GoalBlock{x=80,y=4,z=72}",21,9,MovementTraverse,563,45,45,,
3215,0,Husk,T3/37,MOVING,69.810,3.118,72.219,"GoalBlock{x=80,y=4,z=72}",21,9,MovementTraverse,563,45,45,,
3216,0,Husk,T3/37,MOVING,69.876,3.199,72.236,"GoalBlock{x=80,y=4,z=72}",21,9,MovementTraverse,563,45,45,,
3217,0,Husk,T3/37,MOVING,69.948,3.283,72.258,"GoalBlock{x=80,y=4,z=72}",21,9,MovementTraverse,563,45,45,,
3218,0,Husk,T3/37,MOVING,70.023,3.370,72.283,"GoalBlock{x=80,y=4,z=72}",21,9,MovementTraverse,563,45,45,,
3219,0,Husk,T3/37,MOVING,70.102,3.460,72.306,"GoalBlock{x=80,y=4,z=72}",21,10,MovementTraverse,563,45,45,,
3220,0,Husk,T3/37,MOVING,70.185,3.552,72.327,"GoalBlock{x=80,y=4,z=72}",21,10,MovementTraverse,563,45,45,,
3221,0,Husk,T3/37,MOVING,70.271,3.646,72.346,"GoalBlock{x=80,y=4,z=72}",21,10,MovementTraverse,563,45,45,,
3222,0,Husk,T3/37,MOVING,70.365,3.700,72.365,"GoalBlock{x=80,y=4,z=72}",21,10,MovementTraverse,563,45,45,,
3223,0,Husk,T3/37,MOVING,70.476,3.676,72.385,"GoalBlock{x=80,y=4,z=72}",21,10,MovementTraverse,563,45,45,,
3224,0,Husk,T3/37,MOVING,70.602,3.573,72.406,"GoalBlock{x=80,y=4,z=72}",21,10,MovementTraverse,563,45,45,,
3225,0,Husk,T3/37,MOVING,70.736,3.434,72.427,"GoalBlock{x=80,y=4,z=72}",21,10,MovementTraverse,563,45,45,,
3226,0,Husk,T3/37,MOVING,70.863,3.343,72.446,"GoalBlock{x=80,y=4,z=72}",21,10,MovementTraverse,563,45,45,,
3227,0,Husk,T3/37,MOVING,70.984,3.290,72.463,"GoalBlock{x=80,y=4,z=72}",21,10,MovementTraverse,563,45,45,,
3228,0,Husk,T3/37,MOVING,71.100,3.268,72.478,"GoalBlock{x=80,y=4,z=72}",21,10,MovementTraverse,563,45,45,,
3229,0,Husk,T3/37,MOVING,71.213,3.270,72.490,"GoalBlock{x=80,y=4,z=72}",21,11,MovementTraverse,563,45,45,,
3230,0,Husk,T3/37,MOVING,71.323,3.292,72.500,"GoalBlock{x=80,y=4,z=72}",21,11,MovementTraverse,563,45,45,,
3231,0,Husk,T3/37,MOVING,71.430,3.332,72.508,"GoalBlock{x=80,y=4,z=72}",21,11,MovementTraverse,563,45,45,,
3232,0,Husk,T3/37,MOVING,71.536,3.384,72.514,"GoalBlock{x=80,y=4,z=72}",21,11,MovementTraverse,563,45,45,,
3233,0,Husk,T3/37,MOVING,71.640,3.445,72.518,"GoalBlock{x=80,y=4,z=72}",21,11,MovementTraverse,563,45,45,,
3234,0,Husk,T3/37,MOVING,71.743,3.515,72.522,"GoalBlock{x=80,y=4,z=72}",21,11,MovementTraverse,563,45,45,,
3235,0,Husk,T3/37,MOVING,71.845,3.590,72.521,"GoalBlock{x=80,y=4,z=72}",21,11,MovementTraverse,563,45,45,,
3236,0,Husk,T3/37,MOVING,71.946,3.671,72.520,"GoalBlock{x=80,y=4,z=72}",21,11,MovementTraverse,563,45,45,,
3237,0,Husk,T3/37,MOVING,72.052,3.715,72.520,"GoalBlock{x=80,y=4,z=72}",21,11,MovementTraverse,563,45,45,,
3238,0,Husk,T3/37,MOVING,72.174,3.680,72.519,"GoalBlock{x=80,y=4,z=72}",21,12,MovementTraverse,563,45,45,,
3239,0,Husk,T3/37,MOVING,72.311,3.567,72.519,"GoalBlock{x=80,y=4,z=72}",21,12,MovementTraverse,563,45,45,,
3240,0,Husk,T3/37,MOVING,72.455,3.418,72.519,"GoalBlock{x=80,y=4,z=72}",21,12,MovementTraverse,563,45,45,,
3241,0,Husk,T3/37,MOVING,72.590,3.319,72.518,"GoalBlock{x=80,y=4,z=72}",21,12,MovementTraverse,563,45,45,,
3242,0,Husk,T3/37,MOVING,72.717,3.260,72.518,"GoalBlock{x=80,y=4,z=72}",21,12,MovementTraverse,563,45,45,,
3243,0,Husk,T3/37,MOVING,72.839,3.232,72.517,"GoalBlock{x=80,y=4,z=72}",21,12,MovementTraverse,563,45,45,,
3244,0,Husk,T3/37,MOVING,72.955,3.231,72.517,"GoalBlock{x=80,y=4,z=72}",21,12,MovementTraverse,563,45,45,,
3245,0,Husk,T3/37,MOVING,73.069,3.249,72.516,"GoalBlock{x=80,y=4,z=72}",21,12,MovementTraverse,563,45,45,,
3246,0,Husk,T3/37,MOVING,73.179,3.284,72.516,"GoalBlock{x=80,y=4,z=72}",21,13,MovementTraverse,563,45,45,,
3247,0,Husk,T3/37,MOVING,73.286,3.332,72.516,"GoalBlock{x=80,y=4,z=72}",21,13,MovementTraverse,563,45,45,,
3248,0,Husk,T3/37,MOVING,73.392,3.390,72.516,"GoalBlock{x=80,y=4,z=72}",21,13,MovementTraverse,563,45,45,,
3249,0,Husk,T3/37,MOVING,73.496,3.456,72.515,"GoalBlock{x=80,y=4,z=72}",21,13,MovementTraverse,563,45,45,,
3250,0,Husk,T3/37,MOVING,73.599,3.530,72.515,"GoalBlock{x=80,y=4,z=72}",21,13,MovementTraverse,563,45,45,,
3251,0,Husk,T3/37,MOVING,73.701,3.608,72.515,"GoalBlock{x=80,y=4,z=72}",21,13,MovementTraverse,563,45,45,,
3252,0,Husk,T3/37,MOVING,73.808,3.651,72.514,"GoalBlock{x=80,y=4,z=72}",21,13,MovementTraverse,563,45,45,,
3253,0,Husk,T3/37,MOVING,73.931,3.615,72.514,"GoalBlock{x=80,y=4,z=72}",21,13,MovementTraverse,563,45,45,,
3254,0,Husk,T3/37,MOVING,74.068,3.501,72.513,"GoalBlock{x=80,y=4,z=72}",21,13,MovementTraverse,563,45,45,,
3255,0,Husk,T3/37,MOVING,74.213,3.351,72.513,"GoalBlock{x=80,y=4,z=72}",21,14,MovementAscend,563,45,45,,
3256,0,Husk,T3/37,MOVING,74.348,3.251,72.513,"GoalBlock{x=80,y=4,z=72}",21,14,MovementAscend,563,45,45,,
3257,0,Husk,T3/37,MOVING,74.476,3.190,72.512,"GoalBlock{x=80,y=4,z=72}",21,14,MovementAscend,563,45,45,,
3258,0,Husk,T3/37,MOVING,74.597,3.162,72.512,"GoalBlock{x=80,y=4,z=72}",21,14,MovementAscend,563,45,45,,
3259,0,Husk,T3/37,MOVING,74.700,3.160,72.512,"GoalBlock{x=80,y=4,z=72}",21,14,MovementAscend,563,45,45,,
3260,0,Husk,T3/37,MOVING,74.700,3.178,72.512,"GoalBlock{x=80,y=4,z=72}",21,14,MovementAscend,563,45,45,,
3261,0,Husk,T3/37,MOVING,74.700,3.212,72.511,"GoalBlock{x=80,y=4,z=72}",21,14,MovementAscend,563,45,45,,
3262,0,Husk,T3/37,MOVING,74.700,3.260,72.511,"GoalBlock{x=80,y=4,z=72}",21,14,MovementAscend,563,45,45,,
3263,0,Husk,T3/37,MOVING,74.700,3.318,72.511,"GoalBlock{x=80,y=4,z=72}",21,14,MovementAscend,563,45,45,,
3264,0,Husk,T3/37,MOVING,74.700,3.384,72.511,"GoalBlock{x=80,y=4,z=72}",21,14,MovementAscend,563,45,45,,
3265,0,Husk,T3/37,MOVING,74.700,3.457,72.510,"GoalBlock{x=80,y=4,z=72}",21,14,MovementAscend,563,45,45,,
3266,0,Husk,T3/37,MOVING,74.700,3.797,72.510,"GoalBlock{x=80,y=4,z=72}",21,14,MovementAscend,563,45,45,,
3267,0,Husk,T3/37,MOVING,74.720,4.097,72.510,"GoalBlock{x=80,y=4,z=72}",21,14,MovementAscend,563,45,45,,
3268,0,Husk,T3/37,MOVING,74.757,4.313,72.510,"GoalBlock{x=80,y=4,z=72}",21,14,MovementAscend,563,45,45,,
3269,0,Husk,T3/37,MOVING,74.811,4.446,72.509,"GoalBlock{x=80,y=4,z=72}",21,14,MovementAscend,563,45,45,,
3270,0,Husk,T3/37,MOVING,74.879,4.498,72.509,"GoalBlock{x=80,y=4,z=72}",21,14,MovementAscend,563,45,45,,
3271,0,Husk,T3/37,MOVING,74.961,4.470,72.509,"GoalBlock{x=80,y=4,z=72}",21,14,MovementAscend,563,45,45,,
3272,0,Husk,T3/37,MOVING,75.055,4.365,72.508,"GoalBlock{x=80,y=4,z=72}",21,14,MovementAscend,563,45,45,,
3273,0,Husk,T3/37,MOVING,75.166,4.183,72.508,"GoalBlock{x=80,y=4,z=72}",21,15,MovementTraverse,563,45,45,,
3274,0,Husk,T3/37,MOVING,75.293,4.000,72.508,"GoalBlock{x=80,y=4,z=72}",21,15,MovementTraverse,563,45,45,,
3275,0,Husk,T3/37,MOVING,75.535,4.000,72.507,"GoalBlock{x=80,y=4,z=72}",21,15,MovementTraverse,563,45,45,,
3276,0,Husk,T3/37,MOVING,75.795,4.000,72.506,"GoalBlock{x=80,y=4,z=72}",21,15,MovementTraverse,563,45,45,,
3277,0,Husk,T3/37,MOVING,76.065,4.000,72.505,"GoalBlock{x=80,y=4,z=72}",21,15,MovementTraverse,563,45,45,,
3278,0,Husk,T3/37,MOVING,76.339,4.000,72.505,"GoalBlock{x=80,y=4,z=72}",21,16,MovementTraverse,563,45,45,,
3279,0,Husk,T3/37,MOVING,76.616,4.000,72.504,"GoalBlock{x=80,y=4,z=72}",21,16,MovementTraverse,563,45,45,,
3280,0,Husk,T3/37,MOVING,76.895,4.000,72.504,"GoalBlock{x=80,y=4,z=72}",21,16,MovementTraverse,563,45,45,,
3281,0,Husk,T3/37,MOVING,77.175,4.000,72.503,"GoalBlock{x=80,y=4,z=72}",21,16,MovementTraverse,563,45,45,,
3282,0,Husk,T3/37,MOVING,77.455,4.000,72.503,"GoalBlock{x=80,y=4,z=72}",21,17,MovementTraverse,563,45,45,,
3283,0,Husk,T3/37,MOVING,77.735,4.000,72.502,"GoalBlock{x=80,y=4,z=72}",21,17,MovementTraverse,563,45,45,,
3284,0,Husk,T3/37,MOVING,78.015,4.000,72.502,"GoalBlock{x=80,y=4,z=72}",21,17,MovementTraverse,563,45,45,,
3285,0,Husk,T3/37,MOVING,78.296,4.000,72.502,"GoalBlock{x=80,y=4,z=72}",21,18,MovementTraverse,563,45,45,,
3286,0,Husk,T3/37,MOVING,78.576,4.000,72.502,"GoalBlock{x=80,y=4,z=72}",21,18,MovementTraverse,563,45,45,,
3287,0,Husk,T3/37,MOVING,78.857,4.000,72.501,"GoalBlock{x=80,y=4,z=72}",21,18,MovementTraverse,563,45,45,,
3288,0,Husk,T3/37,MOVING,79.138,4.000,72.501,"GoalBlock{x=80,y=4,z=72}",21,18,MovementTraverse,563,45,45,,
3289,0,Husk,T3/37,MOVING,79.418,4.000,72.501,"GoalBlock{x=80,y=4,z=72}",21,19,MovementTraverse,563,45,45,,
3290,0,Husk,T3/37,MOVING,79.699,4.000,72.501,"GoalBlock{x=80,y=4,z=72}",21,19,MovementTraverse,563,45,45,,
3291,0,Husk,T3/37,MOVING,79.979,4.000,72.501,"GoalBlock{x=80,y=4,z=72}",21,19,MovementTraverse,563,45,45,,
3292,0,Husk,T3/37,MOVING,80.260,4.000,72.501,"GoalBlock{x=80,y=4,z=72}",21,19,MovementTraverse,563,45,45,,
3293,0,Husk,T3/37,ARRIVED,80.413,4.000,72.501,,-1,-1,,563,45,45,,CANCELED
3294,0,Husk,T3/38,ARRIVED,60.500,4.000,84.500,,-1,-1,,563,45,45,,CANCELED|CANCELED
3295,0,Husk,T3/38,ARRIVED,60.500,4.000,84.500,,-1,-1,,563,45,45,,
3296,0,Husk,T3/38,ARRIVED,60.500,4.000,84.500,,-1,-1,,563,45,45,,
3297,0,Husk,T3/38,ARRIVED,60.500,4.000,84.500,,-1,-1,,563,45,45,,
3298,0,Husk,T3/38,ARRIVED,60.500,4.000,84.500,,-1,-1,,563,45,45,,
3299,0,Husk,T3/38,ARRIVED,60.500,4.000,84.500,,-1,-1,,563,45,45,,
3300,0,Husk,T3/38,ARRIVED,60.500,4.000,84.500,,-1,-1,,563,45,45,,
3301,0,Husk,T3/38,ARRIVED,60.500,4.000,84.500,,-1,-1,,563,45,45,,
3302,0,Husk,T3/38,ARRIVED,60.500,4.000,84.500,,-1,-1,,563,45,45,,
3303,0,Husk,T3/38,ARRIVED,60.500,4.000,84.500,,-1,-1,,563,45,45,,
3304,0,Husk,T3/38,SEARCHING,60.500,4.000,84.500,"GoalBlock{x=80,y=4,z=84}",-1,-1,,563,46,46,,CALC_STARTED
3305,0,Husk,T3/38,MOVING,60.627,4.000,84.500,"GoalBlock{x=80,y=4,z=84}",21,0,MovementTraverse,322,46,46,,CALC_FINISHED_NOW_EXECUTING
3306,0,Husk,T3/38,MOVING,60.824,4.000,84.500,"GoalBlock{x=80,y=4,z=84}",21,0,MovementTraverse,322,46,46,,
3307,0,Husk,T3/38,MOVING,61.059,4.000,84.500,"GoalBlock{x=80,y=4,z=84}",21,0,MovementTraverse,322,46,46,,
3308,0,Husk,T3/38,MOVING,61.315,4.000,84.500,"GoalBlock{x=80,y=4,z=84}",21,1,MovementTraverse,322,46,46,,
3309,0,Husk,T3/38,MOVING,61.582,4.000,84.500,"GoalBlock{x=80,y=4,z=84}",21,1,MovementTraverse,322,46,46,,
3310,0,Husk,T3/38,MOVING,61.855,4.000,84.500,"GoalBlock{x=80,y=4,z=84}",21,1,MovementTraverse,322,46,46,,
3311,0,Husk,T3/38,MOVING,62.132,4.000,84.500,"GoalBlock{x=80,y=4,z=84}",21,1,MovementTraverse,322,46,46,,
3312,0,Husk,T3/38,MOVING,62.410,4.000,84.500,"GoalBlock{x=80,y=4,z=84}",21,2,MovementTraverse,322,46,46,,
3313,0,Husk,T3/38,MOVING,62.690,4.000,84.500,"GoalBlock{x=80,y=4,z=84}",21,2,MovementTraverse,322,46,46,,
3314,0,Husk,T3/38,MOVING,62.969,4.000,84.500,"GoalBlock{x=80,y=4,z=84}",21,2,MovementTraverse,322,46,46,,
3315,0,Husk,T3/38,MOVING,63.250,4.000,84.500,"GoalBlock{x=80,y=4,z=84}",21,2,MovementTraverse,322,46,46,,
3316,0,Husk,T3/38,MOVING,63.530,4.000,84.500,"GoalBlock{x=80,y=4,z=84}",21,3,MovementTraverse,322,46,46,,
3317,0,Husk,T3/38,MOVING,63.811,4.000,84.500,"GoalBlock{x=80,y=4,z=84}",21,3,MovementTraverse,322,46,46,,
3318,0,Husk,T3/38,MOVING,64.091,4.000,84.500,"GoalBlock{x=80,y=4,z=84}",21,3,MovementTraverse,322,46,46,,
3319,0,Husk,T3/38,MOVING,64.372,4.000,84.500,"GoalBlock{x=80,y=4,z=84}",21,4,MovementTraverse,322,46,46,,
3320,0,Husk,T3/38,MOVING,64.652,4.000,84.500,"GoalBlock{x=80,y=4,z=84}",21,4,MovementTraverse,322,46,46,,
3321,0,Husk,T3/38,MOVING,64.933,4.000,84.500,"GoalBlock{x=80,y=4,z=84}",21,4,MovementTraverse,322,46,46,,
3322,0,Husk,T3/38,MOVING,65.214,4.000,84.500,"GoalBlock{x=80,y=4,z=84}",21,4,MovementTraverse,322,46,46,,
3323,0,Husk,T3/38,MOVING,65.477,4.000,84.564,"GoalBlock{x=80,y=4,z=84}",21,5,MovementDiagonal,322,46,46,,
3324,0,Husk,T3/38,MOVING,65.715,4.000,84.684,"GoalBlock{x=80,y=4,z=84}",21,5,MovementDiagonal,322,46,46,,
3325,0,Husk,T3/38,MOVING,65.933,4.000,84.842,"GoalBlock{x=80,y=4,z=84}",21,5,MovementDiagonal,322,46,46,,
3326,0,Husk,T3/38,MOVING,66.136,4.000,85.025,"GoalBlock{x=80,y=4,z=84}",21,5,MovementDiagonal,322,46,46,,
3327,0,Husk,T3/38,MOVING,66.333,4.000,85.218,"GoalBlock{x=80,y=4,z=84}",21,6,MovementDiagonal,322,46,46,,
3328,0,Husk,T3/38,MOVING,66.526,4.000,85.418,"GoalBlock{x=80,y=4,z=84}",21,6,MovementDiagonal,322,46,46,,
3329,0,Husk,T3/38,MOVING,66.717,4.000,85.622,"GoalBlock{x=80,y=4,z=84}",21,6,MovementDiagonal,322,46,46,,
3330,0,Husk,T3/38,MOVING,66.906,4.000,85.828,"GoalBlock{x=80,y=4,z=84}",21,6,MovementDiagonal,322,46,46,,
3331,0,Husk,T3/38,MOVING,67.093,4.000,86.036,"GoalBlock{x=80,y=4,z=84}",21,6,MovementDiagonal,322,46,46,,
3332,0,Husk,T3/38,MOVING,67.284,4.000,86.241,"GoalBlock{x=80,y=4,z=84}",21,7,MovementDiagonal,322,46,46,,
3333,0,Husk,T3/38,MOVING,67.476,4.000,86.445,"GoalBlock{x=80,y=4,z=84}",21,7,MovementDiagonal,322,46,46,,
3334,0,Husk,T3/38,MOVING,67.670,4.000,86.648,"GoalBlock{x=80,y=4,z=84}",21,7,MovementDiagonal,322,46,46,,
3335,0,Husk,T3/38,MOVING,67.865,4.000,86.850,"GoalBlock{x=80,y=4,z=84}",21,7,MovementDiagonal,322,46,46,,
3336,0,Husk,T3/38,MOVING,68.060,4.000,87.051,"GoalBlock{x=80,y=4,z=84}",21,7,MovementDiagonal,322,46,46,,
3337,0,Husk,T3/38,MOVING,68.257,4.000,87.252,"GoalBlock{x=80,y=4,z=84}",21,8,MovementDiagonal,322,46,46,,
3338,0,Husk,T3/38,MOVING,68.454,4.000,87.451,"GoalBlock{x=80,y=4,z=84}",21,8,MovementDiagonal,322,46,46,,
3339,0,Husk,T3/38,MOVING,68.652,4.000,87.650,"GoalBlock{x=80,y=4,z=84}",21,8,MovementDiagonal,322,46,46,,
3340,0,Husk,T3/38,MOVING,68.850,4.000,87.849,"GoalBlock{x=80,y=4,z=84}",21,8,MovementDiagonal,322,46,46,,
3341,0,Husk,T3/38,MOVING,69.048,4.000,88.048,"GoalBlock{x=80,y=4,z=84}",21,8,MovementDiagonal,322,46,46,,
3342,0,Husk,T3/38,MOVING,69.277,4.000,88.194,"GoalBlock{x=80,y=4,z=84}",21,9,MovementTraverse,322,46,46,,
3343,0,Husk,T3/38,MOVING,69.527,4.000,88.305,"GoalBlock{x=80,y=4,z=84}",21,9,MovementTraverse,322,46,46,,
3344,0,Husk,T3/38,MOVING,69.787,4.000,88.391,"GoalBlock{x=80,y=4,z=84}",21,9,MovementTraverse,322,46,46,,
3345,0,Husk,T3/38,MOVING,70.056,4.000,88.457,"GoalBlock{x=80,y=4,z=84}",21,9,MovementTraverse,322,46,46,,
3346,0,Husk,T3/38,MOVING,70.330,4.000,88.497,"GoalBlock{x=80,y=4,z=84}",21,10,MovementTraverse,322,46,46,,
3347,0,Husk,T3/38,MOVING,70.607,4.000,88.519,"GoalBlock{x=80,y=4,z=84}",21,10,MovementTraverse,322,46,46,,
3348,0,Husk,T3/38,MOVING,70.885,4.000,88.528,"GoalBlock{x=80,y=4,z=84}",21,10,MovementTraverse,322,46,46,,
3349,0,Husk,T3/38,MOVING,71.165,4.000,88.527,"GoalBlock{x=80,y=4,z=84}",21,10,MovementTraverse,322,46,46,,
3350,0,Husk,T3/38,MOVING,71.445,4.000,88.525,"GoalBlock{x=80,y=4,z=84}",21,11,MovementTraverse,322,46,46,,
3351,0,Husk,T3/38,MOVING,71.725,4.000,88.522,"GoalBlock{x=80,y=4,z=84}",21,11,MovementTraverse,322,46,46,,
3352,0,Husk,T3/38,MOVING,72.005,4.000,88.518,"GoalBlock{x=80,y=4,z=84}",21,11,MovementTraverse,322,46,46,,
3353,0,Husk,T3/38,MOVING,72.286,4.000,88.517,"GoalBlock{x=80,y=4,z=84}",21,12,MovementTraverse,322,46,46,,
3354,0,Husk,T3/38,MOVING,72.566,4.000,88.515,"GoalBlock{x=80,y=4,z=84}",21,12,MovementTraverse,322,46,46,,
3355,0,Husk,T3/38,MOVING,72.847,4.000,88.513,"GoalBlock{x=80,y=4,z=84}",21,12,MovementTraverse,322,46,46,,
3356,0,Husk,T3/38,MOVING,73.127,4.000,88.510,"GoalBlock{x=80,y=4,z=84}",21,12,MovementTraverse,322,46,46,,
3357,0,Husk,T3/38,MOVING,73.408,4.000,88.509,"GoalBlock{x=80,y=4,z=84}",21,13,MovementTraverse,322,46,46,,
3358,0,Husk,T3/38,MOVING,73.688,4.000,88.508,"GoalBlock{x=80,y=4,z=84}",21,13,MovementTraverse,322,46,46,,
3359,0,Husk,T3/38,MOVING,73.969,4.000,88.507,"GoalBlock{x=80,y=4,z=84}",21,13,MovementTraverse,322,46,46,,
3360,0,Husk,T3/38,MOVING,74.249,4.000,88.505,"GoalBlock{x=80,y=4,z=84}",21,13,MovementTraverse,322,46,46,,
3361,0,Husk,T3/38,MOVING,74.530,4.000,88.505,"GoalBlock{x=80,y=4,z=84}",21,14,MovementTraverse,322,46,46,,
3362,0,Husk,T3/38,MOVING,74.811,4.000,88.504,"GoalBlock{x=80,y=4,z=84}",21,14,MovementTraverse,322,46,46,,
3363,0,Husk,T3/38,MOVING,75.091,4.000,88.503,"GoalBlock{x=80,y=4,z=84}",21,14,MovementTraverse,322,46,46,,
3364,0,Husk,T3/38,MOVING,75.372,4.000,88.503,"GoalBlock{x=80,y=4,z=84}",21,15,MovementTraverse,322,46,46,,
3365,0,Husk,T3/38,MOVING,75.653,4.000,88.503,"GoalBlock{x=80,y=4,z=84}",21,15,MovementTraverse,322,46,46,,
3366,0,Husk,T3/38,MOVING,75.933,4.000,88.502,"GoalBlock{x=80,y=4,z=84}",21,15,MovementTraverse,322,46,46,,
3367,0,Husk,T3/38,MOVING,76.214,4.000,88.502,"GoalBlock{x=80,y=4,z=84}",21,15,MovementTraverse,322,46,46,,
3368,0,Husk,T3/38,MOVING,76.477,4.000,88.438,"GoalBlock{x=80,y=4,z=84}",21,16,MovementDiagonal,322,46,46,,
3369,0,Husk,T3/38,MOVING,76.715,4.000,88.317,"GoalBlock{x=80,y=4,z=84}",21,16,MovementDiagonal,322,46,46,,
3370,0,Husk,T3/38,MOVING,76.933,4.000,88.159,"GoalBlock{x=80,y=4,z=84}",21,16,MovementDiagonal,322,46,46,,
3371,0,Husk,T3/38,MOVING,77.135,4.000,87.976,"GoalBlock{x=80,y=4,z=84}",21,16,MovementDiagonal,322,46,46,,
3372,0,Husk,T3/38,MOVING,77.332,4.000,87.783,"GoalBlock{x=80,y=4,z=84}",21,17,MovementDiagonal,322,46,46,,
3373,0,Husk,T3/38,MOVING,77.525,4.000,87.583,"GoalBlock{x=80,y=4,z=84}",21,17,MovementDiagonal,322,46,46,,
3374,0,Husk,T3/38,MOVING,77.716,4.000,87.379,"GoalBlock{x=80,y=4,z=84}",21,17,MovementDiagonal,322,46,46,,
3375,0,Husk,T3/38,MOVING,77.905,4.000,87.173,"GoalBlock{x=80,y=4,z=84}",21,17,MovementDiagonal,322,46,46,,
3376,0,Husk,T3/38,MOVING,78.093,4.000,86.965,"GoalBlock{x=80,y=4,z=84}",21,17,MovementDiagonal,322,46,46,,
3377,0,Husk,T3/38,MOVING,78.283,4.000,86.759,"GoalBlock{x=80,y=4,z=84}",21,18,MovementDiagonal,322,46,46,,
3378,0,Husk,T3/38,MOVING,78.476,4.000,86.555,"GoalBlock{x=80,y=4,z=84}",21,18,MovementDiagonal,322,46,46,,
3379,0,Husk,T3/38,MOVING,78.670,4.000,86.353,"GoalBlock{x=80,y=4,z=84}",21,18,MovementDiagonal,322,46,46,,
3380,0,Husk,T3/38,MOVING,78.865,4.000,86.151,"GoalBlock{x=80,y=4,z=84}",21,18,MovementDiagonal,322,46,46,,
3381,0,Husk,T3/38,MOVING,79.060,4.000,85.949,"GoalBlock{x=80,y=4,z=84}",21,18,MovementDiagonal,322,46,46,,
3382,0,Husk,T3/38,MOVING,79.256,4.000,85.749,"GoalBlock{x=80,y=4,z=84}",21,19,MovementDiagonal,322,46,46,,
3383,0,Husk,T3/38,MOVING,79.454,4.000,85.549,"GoalBlock{x=80,y=4,z=84}",21,19,MovementDiagonal,322,46,46,,
3384,0,Husk,T3/38,MOVING,79.651,4.000,85.350,"GoalBlock{x=80,y=4,z=84}",21,19,MovementDiagonal,322,46,46,,
3385,0,Husk,T3/38,MOVING,79.849,4.000,85.151,"GoalBlock{x=80,y=4,z=84}",21,19,MovementDiagonal,322,46,46,,
3386,0,Husk,T3/38,MOVING,80.047,4.000,84.952,"GoalBlock{x=80,y=4,z=84}",21,19,MovementDiagonal,322,46,46,,
3387,0,Husk,T3/38,ARRIVED,80.155,4.000,84.844,,-1,-1,,322,46,46,,CANCELED
3388,0,Husk,T3/39,ARRIVED,60.500,4.000,96.500,,-1,-1,,322,46,46,,CANCELED|CANCELED
3389,0,Husk,T3/39,ARRIVED,60.500,4.000,96.500,,-1,-1,,322,46,46,,
3390,0,Husk,T3/39,ARRIVED,60.500,4.000,96.500,,-1,-1,,322,46,46,,
3391,0,Husk,T3/39,ARRIVED,60.500,4.000,96.500,,-1,-1,,322,46,46,,
3392,0,Husk,T3/39,ARRIVED,60.500,4.000,96.500,,-1,-1,,322,46,46,,
3393,0,Husk,T3/39,ARRIVED,60.500,4.000,96.500,,-1,-1,,322,46,46,,
3394,0,Husk,T3/39,ARRIVED,60.500,4.000,96.500,,-1,-1,,322,46,46,,
3395,0,Husk,T3/39,ARRIVED,60.500,4.000,96.500,,-1,-1,,322,46,46,,
3396,0,Husk,T3/39,ARRIVED,60.500,4.000,96.500,,-1,-1,,322,46,46,,
3397,0,Husk,T3/39,ARRIVED,60.500,4.000,96.500,,-1,-1,,322,46,46,,
3398,0,Husk,T3/39,SEARCHING,60.500,4.000,96.500,"GoalBlock{x=80,y=4,z=96}",-1,-1,,322,47,47,,CALC_STARTED
3399,0,Husk,T3/39,MOVING,60.627,4.000,96.500,"GoalBlock{x=80,y=4,z=96}",21,0,MovementTraverse,216,47,47,,CALC_FINISHED_NOW_EXECUTING
3400,0,Husk,T3/39,MOVING,60.824,4.000,96.500,"GoalBlock{x=80,y=4,z=96}",21,0,MovementTraverse,216,47,47,,
3401,0,Husk,T3/39,MOVING,61.059,4.000,96.500,"GoalBlock{x=80,y=4,z=96}",21,0,MovementTraverse,216,47,47,,
3402,0,Husk,T3/39,MOVING,61.315,4.000,96.500,"GoalBlock{x=80,y=4,z=96}",21,1,MovementTraverse,216,47,47,,
3403,0,Husk,T3/39,MOVING,61.582,4.000,96.500,"GoalBlock{x=80,y=4,z=96}",21,1,MovementTraverse,216,47,47,,
3404,0,Husk,T3/39,MOVING,61.855,4.000,96.500,"GoalBlock{x=80,y=4,z=96}",21,1,MovementTraverse,216,47,47,,
3405,0,Husk,T3/39,MOVING,62.132,4.000,96.500,"GoalBlock{x=80,y=4,z=96}",21,1,MovementTraverse,216,47,47,,
3406,0,Husk,T3/39,MOVING,62.410,4.000,96.500,"GoalBlock{x=80,y=4,z=96}",21,2,MovementTraverse,216,47,47,,
3407,0,Husk,T3/39,MOVING,62.690,4.000,96.500,"GoalBlock{x=80,y=4,z=96}",21,2,MovementTraverse,216,47,47,,
3408,0,Husk,T3/39,MOVING,62.969,4.000,96.500,"GoalBlock{x=80,y=4,z=96}",21,2,MovementTraverse,216,47,47,,
3409,0,Husk,T3/39,MOVING,63.250,4.000,96.500,"GoalBlock{x=80,y=4,z=96}",21,2,MovementTraverse,216,47,47,,
3410,0,Husk,T3/39,MOVING,63.530,4.000,96.500,"GoalBlock{x=80,y=4,z=96}",21,3,MovementTraverse,216,47,47,,
3411,0,Husk,T3/39,MOVING,63.811,4.000,96.500,"GoalBlock{x=80,y=4,z=96}",21,3,MovementTraverse,216,47,47,,
3412,0,Husk,T3/39,MOVING,64.091,4.000,96.500,"GoalBlock{x=80,y=4,z=96}",21,3,MovementTraverse,216,47,47,,
3413,0,Husk,T3/39,MOVING,64.372,4.000,96.500,"GoalBlock{x=80,y=4,z=96}",21,4,MovementTraverse,216,47,47,,
3414,0,Husk,T3/39,MOVING,64.652,4.000,96.500,"GoalBlock{x=80,y=4,z=96}",21,4,MovementTraverse,216,47,47,,
3415,0,Husk,T3/39,MOVING,64.933,4.000,96.500,"GoalBlock{x=80,y=4,z=96}",21,4,MovementTraverse,216,47,47,,
3416,0,Husk,T3/39,MOVING,65.214,4.000,96.500,"GoalBlock{x=80,y=4,z=96}",21,4,MovementTraverse,216,47,47,,
3417,0,Husk,T3/39,MOVING,65.494,4.000,96.500,"GoalBlock{x=80,y=4,z=96}",21,5,MovementTraverse,216,47,47,,
3418,0,Husk,T3/39,MOVING,65.775,4.000,96.500,"GoalBlock{x=80,y=4,z=96}",21,5,MovementTraverse,216,47,47,,
3419,0,Husk,T3/39,MOVING,66.055,4.000,96.500,"GoalBlock{x=80,y=4,z=96}",21,5,MovementTraverse,216,47,47,,
3420,0,Husk,T3/39,MOVING,66.336,4.000,96.500,"GoalBlock{x=80,y=4,z=96}",21,6,MovementTraverse,216,47,47,,
3421,0,Husk,T3/39,MOVING,66.617,4.000,96.500,"GoalBlock{x=80,y=4,z=96}",21,6,MovementTraverse,216,47,47,,
3422,0,Husk,T3/39,MOVING,66.897,4.000,96.500,"GoalBlock{x=80,y=4,z=96}",21,6,MovementTraverse,216,47,47,,
3423,0,Husk,T3/39,MOVING,67.178,4.000,96.500,"GoalBlock{x=80,y=4,z=96}",21,6,MovementTraverse,216,47,47,,
3424,0,Husk,T3/39,MOVING,67.459,4.000,96.500,"GoalBlock{x=80,y=4,z=96}",21,7,MovementTraverse,216,47,47,,
3425,0,Husk,T3/39,MOVING,67.739,4.000,96.500,"GoalBlock{x=80,y=4,z=96}",21,7,MovementTraverse,216,47,47,,
3426,0,Husk,T3/39,MOVING,68.020,4.000,96.500,"GoalBlock{x=80,y=4,z=96}",21,7,MovementTraverse,216,47,47,,
3427,0,Husk,T3/39,MOVING,68.283,4.000,96.564,"GoalBlock{x=80,y=4,z=96}",21,8,MovementDiagonal,216,47,47,,
3428,0,Husk,T3/39,MOVING,68.528,4.000,96.676,"GoalBlock{x=80,y=4,z=96}",21,8,MovementDiagonal,216,47,47,,
3429,0,Husk,T3/39,MOVING,68.759,4.000,96.820,"GoalBlock{x=80,y=4,z=96}",21,8,MovementDiagonal,216,47,47,,
3430,0,Husk,T3/39,MOVING,68.979,4.000,96.985,"GoalBlock{x=80,y=4,z=96}",21,8,MovementDiagonal,216,47,47,,
3431,0,Husk,T3/39,MOVING,69.190,4.000,97.164,"GoalBlock{x=80,y=4,z=96}",21,8,MovementDiagonal,216,47,47,,
3432,0,Husk,T3/39,MOVING,69.428,4.000,97.294,"GoalBlock{x=80,y=4,z=96}",21,9,MovementTraverse,216,47,47,,
3433,0,Husk,T3/39,MOVING,69.683,4.000,97.390,"GoalBlock{x=80,y=4,z=96}",21,9,MovementTraverse,216,47,47,,
3434,0,Husk,T3/39,MOVING,69.949,4.000,97.459,"GoalBlock{x=80,y=4,z=96}",21,9,MovementTraverse,216,47,47,,
3435,0,Husk,T3/39,MOVING,70.221,4.000,97.506,"GoalBlock{x=80,y=4,z=96}",21,9,MovementTraverse,216,47,47,,
3436,0,Husk,T3/39,MOVING,70.497,4.000,97.531,"GoalBlock{x=80,y=4,z=96}",21,10,MovementTraverse,216,47,47,,
3437,0,Husk,T3/39,MOVING,70.775,4.000,97.541,"GoalBlock{x=80,y=4,z=96}",21,10,MovementTraverse,216,47,47,,
3438,0,Husk,T3/39,MOVING,71.054,4.000,97.539,"GoalBlock{x=80,y=4,z=96}",21,10,MovementTraverse,216,47,47,,
3439,0,Husk,T3/39,MOVING,71.333,4.000,97.536,"GoalBlock{x=80,y=4,z=96}",21,11,MovementTraverse,216,47,47,,
3440,0,Husk,T3/39,MOVING,71.613,4.000,97.532,"GoalBlock{x=80,y=4,z=96}",21,11,MovementTraverse,216,47,47,,
3441,0,Husk,T3/39,MOVING,71.894,4.000,97.527,"GoalBlock{x=80,y=4,z=96}",21,11,MovementTraverse,216,47,47,,
3442,0,Husk,T3/39,MOVING,72.174,4.000,97.521,"GoalBlock{x=80,y=4,z=96}",21,11,MovementTraverse,216,47,47,,
3443,0,Husk,T3/39,MOVING,72.454,4.000,97.516,"GoalBlock{x=80,y=4,z=96}",21,12,MovementTraverse,216,47,47,,
3444,0,Husk,T3/39,MOVING,72.735,4.000,97.514,"GoalBlock{x=80,y=4,z=96}",21,12,MovementTraverse,216,47,47,,
3445,0,Husk,T3/39,MOVING,73.015,4.000,97.512,"GoalBlock{x=80,y=4,z=96}",21,12,MovementTraverse,216,47,47,,
3446,0,Husk,T3/39,MOVING,73.296,4.000,97.511,"GoalBlock{x=80,y=4,z=96}",21,13,MovementTraverse,216,47,47,,
3447,0,Husk,T3/39,MOVING,73.576,4.000,97.510,"GoalBlock{x=80,y=4,z=96}",21,13,MovementTraverse,216,47,47,,
3448,0,Husk,T3/39,MOVING,73.857,4.000,97.508,"GoalBlock{x=80,y=4,z=96}",21,13,MovementTraverse,216,47,47,,
3449,0,Husk,T3/39,MOVING,74.138,4.000,97.507,"GoalBlock{x=80,y=4,z=96}",21,13,MovementTraverse,216,47,47,,
3450,0,Husk,T3/39,MOVING,74.418,4.000,97.506,"GoalBlock{x=80,y=4,z=96}",21,14,MovementTraverse,216,47,47,,
3451,0,Husk,T3/39,MOVING,74.699,4.000,97.505,"GoalBlock{x=80,y=4,z=96}",21,14,MovementTraverse,216,47,47,,
3452,0,Husk,T3/39,MOVING,74.979,4.000,97.505,"GoalBlock{x=80,y=4,z=96}",21,14,MovementTraverse,216,47,47,,
3453,0,Husk,T3/39,MOVING,75.260,4.000,97.503,"GoalBlock{x=80,y=4,z=96}",21,14,MovementTraverse,216,47,47,,
3454,0,Husk,T3/39,MOVING,75.541,4.000,97.503,"GoalBlock{x=80,y=4,z=96}",21,15,MovementTraverse,216,47,47,,
3455,0,Husk,T3/39,MOVING,75.821,4.000,97.503,"GoalBlock{x=80,y=4,z=96}",21,15,MovementTraverse,216,47,47,,
3456,0,Husk,T3/39,MOVING,76.102,4.000,97.502,"GoalBlock{x=80,y=4,z=96}",21,15,MovementTraverse,216,47,47,,
3457,0,Husk,T3/39,MOVING,76.382,4.000,97.502,"GoalBlock{x=80,y=4,z=96}",21,16,MovementTraverse,216,47,47,,
3458,0,Husk,T3/39,MOVING,76.663,4.000,97.502,"GoalBlock{x=80,y=4,z=96}",21,16,MovementTraverse,216,47,47,,
3459,0,Husk,T3/39,MOVING,76.944,4.000,97.502,"GoalBlock{x=80,y=4,z=96}",21,16,MovementTraverse,216,47,47,,
3460,0,Husk,T3/39,MOVING,77.224,4.000,97.501,"GoalBlock{x=80,y=4,z=96}",21,16,MovementTraverse,216,47,47,,
3461,0,Husk,T3/39,MOVING,77.505,4.000,97.501,"GoalBlock{x=80,y=4,z=96}",21,17,MovementTraverse,216,47,47,,
3462,0,Husk,T3/39,MOVING,77.786,4.000,97.501,"GoalBlock{x=80,y=4,z=96}",21,17,MovementTraverse,216,47,47,,
3463,0,Husk,T3/39,MOVING,78.066,4.000,97.501,"GoalBlock{x=80,y=4,z=96}",21,17,MovementTraverse,216,47,47,,
3464,0,Husk,T3/39,MOVING,78.347,4.000,97.501,"GoalBlock{x=80,y=4,z=96}",21,18,MovementTraverse,216,47,47,,
3465,0,Husk,T3/39,MOVING,78.627,4.000,97.501,"GoalBlock{x=80,y=4,z=96}",21,18,MovementTraverse,216,47,47,,
3466,0,Husk,T3/39,MOVING,78.908,4.000,97.501,"GoalBlock{x=80,y=4,z=96}",21,18,MovementTraverse,216,47,47,,
3467,0,Husk,T3/39,MOVING,79.189,4.000,97.500,"GoalBlock{x=80,y=4,z=96}",21,18,MovementTraverse,216,47,47,,
3468,0,Husk,T3/39,MOVING,79.452,4.000,97.437,"GoalBlock{x=80,y=4,z=96}",21,19,MovementDiagonal,216,47,47,,
3469,0,Husk,T3/39,MOVING,79.691,4.000,97.317,"GoalBlock{x=80,y=4,z=96}",21,19,MovementDiagonal,216,47,47,,
3470,0,Husk,T3/39,MOVING,79.911,4.000,97.161,"GoalBlock{x=80,y=4,z=96}",21,19,MovementDiagonal,216,47,47,,
3471,0,Husk,T3/39,MOVING,80.116,4.000,96.981,"GoalBlock{x=80,y=4,z=96}",21,19,MovementDiagonal,216,47,47,,
3472,0,Husk,T3/39,ARRIVED,80.228,4.000,96.882,,-1,-1,,216,47,47,,CANCELED
3473,0,Husk,T3/40,ARRIVED,60.500,14.000,108.500,,-1,-1,,216,47,47,,CANCELED|CANCELED
3474,0,Husk,T3/40,ARRIVED,60.500,14.000,108.500,,-1,-1,,216,47,47,,
3475,0,Husk,T3/40,ARRIVED,60.500,14.000,108.500,,-1,-1,,216,47,47,,
3476,0,Husk,T3/40,ARRIVED,60.500,14.000,108.500,,-1,-1,,216,47,47,,
3477,0,Husk,T3/40,ARRIVED,60.500,14.000,108.500,,-1,-1,,216,47,47,,
3478,0,Husk,T3/40,ARRIVED,60.500,14.000,108.500,,-1,-1,,216,47,47,,
3479,0,Husk,T3/40,ARRIVED,60.500,14.000,108.500,,-1,-1,,216,47,47,,
3480,0,Husk,T3/40,ARRIVED,60.500,14.000,108.500,,-1,-1,,216,47,47,,
3481,0,Husk,T3/40,ARRIVED,60.500,14.000,108.500,,-1,-1,,216,47,47,,
3482,0,Husk,T3/40,ARRIVED,60.500,14.000,108.500,,-1,-1,,216,47,47,,
3483,0,Husk,T3/40,SEARCHING,60.500,14.000,108.500,"GoalBlock{x=75,y=4,z=108}",-1,-1,,216,48,48,,CALC_STARTED
3484,0,Husk,T3/40,MOVING,60.627,14.000,108.500,"GoalBlock{x=75,y=4,z=108}",16,0,MovementTraverse,264,48,48,,CALC_FINISHED_NOW_EXECUTING
3485,0,Husk,T3/40,MOVING,60.824,14.000,108.500,"GoalBlock{x=75,y=4,z=108}",16,0,MovementTraverse,264,48,48,,
3486,0,Husk,T3/40,MOVING,61.059,14.000,108.500,"GoalBlock{x=75,y=4,z=108}",16,0,MovementTraverse,264,48,48,,
3487,0,Husk,T3/40,MOVING,61.315,14.000,108.500,"GoalBlock{x=75,y=4,z=108}",16,1,MovementTraverse,264,48,48,,
3488,0,Husk,T3/40,MOVING,61.582,14.000,108.500,"GoalBlock{x=75,y=4,z=108}",16,1,MovementTraverse,264,48,48,,
3489,0,Husk,T3/40,MOVING,61.855,14.000,108.500,"GoalBlock{x=75,y=4,z=108}",16,1,MovementTraverse,264,48,48,,
3490,0,Husk,T3/40,MOVING,62.132,14.000,108.500,"GoalBlock{x=75,y=4,z=108}",16,1,MovementTraverse,264,48,48,,
3491,0,Husk,T3/40,MOVING,62.410,14.000,108.500,"GoalBlock{x=75,y=4,z=108}",16,2,MovementTraverse,264,48,48,,
3492,0,Husk,T3/40,MOVING,62.690,14.000,108.500,"GoalBlock{x=75,y=4,z=108}",16,2,MovementTraverse,264,48,48,,
3493,0,Husk,T3/40,MOVING,62.969,14.000,108.500,"GoalBlock{x=75,y=4,z=108}",16,2,MovementTraverse,264,48,48,,
3494,0,Husk,T3/40,MOVING,63.250,14.000,108.500,"GoalBlock{x=75,y=4,z=108}",16,2,MovementTraverse,264,48,48,,
3495,0,Husk,T3/40,MOVING,63.501,14.000,108.500,"GoalBlock{x=75,y=4,z=108}",16,3,MovementFall,264,48,48,,
3496,0,Husk,T3/40,MOVING,63.736,14.000,108.500,"GoalBlock{x=75,y=4,z=108}",16,3,MovementFall,264,48,48,,
3497,0,Husk,T3/40,MOVING,63.962,14.000,108.500,"GoalBlock{x=75,y=4,z=108}",16,3,MovementFall,264,48,48,,
3498,0,Husk,T3/40,MOVING,64.184,14.000,108.500,"GoalBlock{x=75,y=4,z=108}",16,3,MovementFall,264,48,48,,
3499,0,Husk,T3/40,MOVING,64.403,14.000,108.500,"GoalBlock{x=75,y=4,z=108}",16,3,MovementFall,264,48,48,,
3500,0,Husk,T3/40,MOVING,64.522,13.922,108.500,"GoalBlock{x=75,y=4,z=108}",16,3,MovementFall,264,48,48,,
3501,0,Husk,T3/40,MOVING,64.588,13.766,108.500,"GoalBlock{x=75,y=4,z=108}",16,3,MovementFall,264,48,48,,
3502,0,Husk,T3/40,MOVING,64.647,13.536,108.480,"GoalBlock{x=75,y=4,z=108}",16,3,MovementFall,264,48,48,,
3503,0,Husk,T3/40,MOVING,64.691,13.232,108.446,"GoalBlock{x=75,y=4,z=108}",16,3,MovementFall,264,48,48,,
3504,0,Husk,T3/40,MOVING,64.715,12.855,108.404,"GoalBlock{x=75,y=4,z=108}",16,3,MovementFall,264,48,48,,
3505,0,Husk,T3/40,MOVING,64.730,12.407,108.366,"GoalBlock{x=75,y=4,z=108}",16,3,MovementFall,264,48,48,,
3506,0,Husk,T3/40,MOVING,64.738,11.890,108.334,"GoalBlock{x=75,y=4,z=108}",16,3,MovementFall,264,48,48,,
3507,0,Husk,T3/40,MOVING,64.741,11.305,108.307,"GoalBlock{x=75,y=4,z=108}",16,3,MovementFall,264,48,48,,
3508,0,Husk,T3/40,MOVING,64.735,10.654,108.285,"GoalBlock{x=75,y=4,z=108}",16,3,MovementFall,264,48,48,,
3509,0,Husk,T3/40,MOVING,64.726,9.937,108.269,"GoalBlock{x=75,y=4,z=108}",16,3,MovementFall,264,48,48,,
3510,0,Husk,T3/40,MOVING,64.712,9.156,108.257,"GoalBlock{x=75,y=4,z=108}",16,3,MovementFall,264,48,48,,
3511,0,Husk,T3/40,MOVING,64.695,8.312,108.249,"GoalBlock{x=75,y=4,z=108}",16,3,MovementFall,264,48,48,,
3512,0,Husk,T3/40,MOVING,64.674,7.406,108.246,"GoalBlock{x=75,y=4,z=108}",16,3,MovementFall,264,48,48,,
3513,0,Husk,T3/40,MOVING,64.651,6.440,108.250,"GoalBlock{x=75,y=4,z=108}",16,3,MovementFall,264,48,48,,
3514,0,Husk,T3/40,MOVING,64.626,5.416,108.257,"GoalBlock{x=75,y=4,z=108}",16,3,MovementFall,264,48,48,,
3515,0,Husk,T3/40,MOVING,64.598,4.333,108.268,"GoalBlock{x=75,y=4,z=108}",16,3,MovementFall,264,48,48,,
3516,0,Husk,T3/40,MOVING,64.570,3.193,108.282,"GoalBlock{x=75,y=4,z=108}",16,3,MovementFall,264,48,48,,
3517,0,Husk,T3/40,MOVING,64.539,2.038,108.299,"GoalBlock{x=75,y=4,z=108}",16,3,MovementFall,264,48,48,,
3518,0,Husk,T3/40,MOVING,64.511,2.000,108.318,"GoalBlock{x=75,y=4,z=108}",16,3,MovementFall,264,48,48,,
3519,0,Husk,T3/40,MOVING,64.477,2.020,108.348,"GoalBlock{x=75,y=4,z=108}",16,3,MovementFall,264,48,48,,
3520,0,Husk,T3/40,MOVING,64.439,2.056,108.388,"GoalBlock{x=75,y=4,z=108}",16,3,MovementFall,264,48,48,,
3521,0,Husk,T3/40,MOVING,64.409,2.105,108.421,"GoalBlock{x=75,y=4,z=108}",16,3,MovementFall,264,48,48,,
3522,0,Husk,T3/40,MOVING,64.377,2.164,108.465,"GoalBlock{x=75,y=4,z=108}",16,3,MovementFall,264,48,48,,
3523,0,Husk,T3/40,MOVING,64.350,2.231,108.520,"GoalBlock{x=75,y=4,z=108}",16,3,MovementFall,264,48,48,,
3524,0,Husk,T3/40,MOVING,64.338,2.305,108.581,"GoalBlock{x=75,y=4,z=108}",16,3,MovementFall,264,48,48,,
3525,0,Husk,T3/40,MOVING,64.345,2.384,108.640,"GoalBlock{x=75,y=4,z=108}",16,3,MovementFall,264,48,48,,
3526,0,Husk,T3/40,MOVING,64.370,2.467,108.689,"GoalBlock{x=75,y=4,z=108}",16,3,MovementFall,264,48,48,,
3527,0,Husk,T3/40,MOVING,64.407,2.554,108.719,"GoalBlock{x=75,y=4,z=108}",16,3,MovementFall,264,48,48,,
3528,0,Husk,T3/40,MOVING,64.447,2.643,108.726,"GoalBlock{x=75,y=4,z=108}",16,3,MovementFall,264,48,48,,
3529,0,Husk,T3/40,MOVING,64.481,2.734,108.712,"GoalBlock{x=75,y=4,z=108}",16,3,MovementFall,264,48,48,,
3530,0,Husk,T3/40,MOVING,64.498,2.827,108.683,"GoalBlock{x=75,y=4,z=108}",16,3,MovementFall,264,48,48,,
3531,0,Husk,T3/40,MOVING,64.502,2.922,108.644,"GoalBlock{x=75,y=4,z=108}",16,3,MovementFall,264,48,48,,
3532,0,Husk,T3/40,MOVING,64.500,3.018,108.594,"GoalBlock{x=75,y=4,z=108}",16,4,MovementTraverse,264,48,48,,
3533,0,Husk,T3/40,MOVING,64.509,3.114,108.535,"GoalBlock{x=75,y=4,z=108}",16,4,MovementTraverse,264,48,48,,
3534,0,Husk,T3/40,MOVING,64.532,3.211,108.478,"GoalBlock{x=75,y=4,z=108}",16,4,MovementTraverse,264,48,48,,
3535,0,Husk,T3/40,MOVING,64.570,3.309,108.430,"GoalBlock{x=75,y=4,z=108}",16,4,MovementTraverse,264,48,48,,
3536,0,Husk,T3/40,MOVING,64.620,3.407,108.394,"GoalBlock{x=75,y=4,z=108}",16,4,MovementTraverse,264,48,48,,
3537,0,Husk,T3/40,MOVING,64.680,3.506,108.367,"GoalBlock{x=75,y=4,z=108}",16,4,MovementTraverse,264,48,48,,
3538,0,Husk,T3/40,MOVING,64.747,3.605,108.349,"GoalBlock{x=75,y=4,z=108}",16,4,MovementTraverse,264,48,48,,
3539,0,Husk,T3/40,MOVING,64.825,3.664,108.339,"GoalBlock{x=75,y=4,z=108}",16,4,MovementTraverse,264,48,48,,
3540,0,Husk,T3/40,MOVING,64.921,3.643,108.336,"GoalBlock{x=75,y=4,z=108}",16,4,MovementTraverse,264,48,48,,
3541,0,Husk,T3/40,MOVING,65.034,3.545,108.343,"GoalBlock{x=75,y=4,z=108}",16,4,MovementTraverse,264,48,48,,
3542,0,Husk,T3/40,MOVING,65.155,3.410,108.352,"GoalBlock{x=75,y=4,z=108}",16,5,MovementTraverse,264,48,48,,
3543,0,Husk,T3/40,MOVING,65.272,3.322,108.360,"GoalBlock{x=75,y=4,z=108}",16,5,MovementTraverse,264,48,48,,
3544,0,Husk,T3/40,MOVING,65.384,3.271,108.370,"GoalBlock{x=75,y=4,z=108}",16,5,MovementTraverse,264,48,48,,
3545,0,Husk,T3/40,MOVING,65.494,3.251,108.380,"GoalBlock{x=75,y=4,z=108}",16,5,MovementTraverse,264,48,48,,
3546,0,Husk,T3/40,MOVING,65.601,3.255,108.390,"GoalBlock{x=75,y=4,z=108}",16,5,MovementTraverse,264,48,48,,
3547,0,Husk,T3/40,MOVING,65.707,3.278,108.400,"GoalBlock{x=75,y=4,z=108}",16,5,MovementTraverse,264,48,48,,
3548,0,Husk,T3/40,MOVING,65.810,3.318,108.411,"GoalBlock{x=75,y=4,z=108}",16,5,MovementTraverse,264,48,48,,
3549,0,Husk,T3/40,MOVING,65.913,3.370,108.422,"GoalBlock{x=75,y=4,z=108}",16,5,MovementTraverse,264,48,48,,
3550,0,Husk,T3/40,MOVING,66.014,3.432,108.434,"GoalBlock{x=75,y=4,z=108}",16,5,MovementTraverse,264,48,48,,
3551,0,Husk,T3/40,MOVING,66.115,3.501,108.444,"GoalBlock{x=75,y=4,z=108}",16,6,MovementTraverse,264,48,48,,
3552,0,Husk,T3/40,MOVING,66.215,3.576,108.453,"GoalBlock{x=75,y=4,z=108}",16,6,MovementTraverse,264,48,48,,
3553,0,Husk,T3/40,MOVING,66.314,3.657,108.460,"GoalBlock{x=75,y=4,z=108}",16,6,MovementTraverse,264,48,48,,
3554,0,Husk,T3/40,MOVING,66.420,3.701,108.468,"GoalBlock{x=75,y=4,z=108}",16,6,MovementTraverse,264,48,48,,
3555,0,Husk,T3/40,MOVING,66.541,3.666,108.475,"GoalBlock{x=75,y=4,z=108}",16,6,MovementTraverse,264,48,48,,
3556,0,Husk,T3/40,MOVING,66.677,3.553,108.482,"GoalBlock{x=75,y=4,z=108}",16,6,MovementTraverse,264,48,48,,
3557,0,Husk,T3/40,MOVING,66.820,3.404,108.489,"GoalBlock{x=75,y=4,z=108}",16,6,MovementTraverse,264,48,48,,
3558,0,Husk,T3/40,MOVING,66.954,3.305,108.495,"GoalBlock{x=75,y=4,z=108}",16,6,MovementTraverse,264,48,48,,
3559,0,Husk,T3/40,MOVING,67.081,3.246,108.500,"GoalBlock{x=75,y=4,z=108}",16,6,MovementTraverse,264,48,48,,
3560,0,Husk,T3/40,MOVING,67.202,3.219,108.504,"GoalBlock{x=75,y=4,z=108}",16,7,MovementTraverse,264,48,48,,
3561,0,Husk,T3/40,MOVING,67.318,3.217,108.507,"GoalBlock{x=75,y=4,z=108}",16,7,MovementTraverse,264,48,48,,
3562,0,Husk,T3/40,MOVING,67.431,3.235,108.507,"GoalBlock{x=75,y=4,z=108}",16,7,MovementTraverse,264,48,48,,
3563,0,Husk,T3/40,MOVING,67.541,3.270,108.507,"GoalBlock{x=75,y=4,z=108}",16,7,MovementTraverse,264,48,48,,
3564,0,Husk,T3/40,MOVING,67.648,3.318,108.507,"GoalBlock{x=75,y=4,z=108}",16,7,MovementTraverse,264,48,48,,
3565,0,Husk,T3/40,MOVING,67.754,3.376,108.506,"GoalBlock{x=75,y=4,z=108}",16,7,MovementTraverse,264,48,48,,
3566,0,Husk,T3/40,MOVING,67.858,3.442,108.506,"GoalBlock{x=75,y=4,z=108}",16,7,MovementTraverse,264,48,48,,
3567,0,Husk,T3/40,MOVING,67.961,3.516,108.506,"GoalBlock{x=75,y=4,z=108}",16,7,MovementTraverse,264,48,48,,
3568,0,Husk,T3/40,MOVING,68.063,3.594,108.506,"GoalBlock{x=75,y=4,z=108}",16,7,MovementTraverse,264,48,48,,
3569,0,Husk,T3/40,MOVING,68.164,3.677,108.506,"GoalBlock{x=75,y=4,z=108}",16,8,MovementAscend,264,48,48,,
3570,0,Husk,T3/40,MOVING,68.264,3.724,108.506,"GoalBlock{x=75,y=4,z=108}",16,8,MovementAscend,264,48,48,,
3571,0,Husk,T3/40,MOVING,68.375,3.691,108.506,"GoalBlock{x=75,y=4,z=108}",16,8,MovementAscend,264,48,48,,
3572,0,Husk,T3/40,MOVING,68.496,3.580,108.506,"GoalBlock{x=75,y=4,z=108}",16,8,MovementAscend,264,48,48,,
3573,0,Husk,T3/40,MOVING,68.625,3.433,108.505,"GoalBlock{x=75,y=4,z=108}",16,8,MovementAscend,264,48,48,,
3574,0,Husk,T3/40,MOVING,68.700,3.335,108.505,"GoalBlock{x=75,y=4,z=108}",16,8,MovementAscend,264,48,48,,
3575,0,Husk,T3/40,MOVING,68.700,3.277,108.505,"GoalBlock{x=75,y=4,z=108}",16,8,MovementAscend,264,48,48,,
3576,0,Husk,T3/40,MOVING,68.700,3.251,108.505,"GoalBlock{x=75,y=4,z=108}",16,8,MovementAscend,264,48,48,,
3577,0,Husk,T3/40,MOVING,68.700,3.250,108.505,"GoalBlock{x=75,y=4,z=108}",16,8,MovementAscend,264,48,48,,
3578,0,Husk,T3/40,MOVING,68.700,3.269,108.505,"GoalBlock{x=75,y=4,z=108}",16,8,MovementAscend,264,48,48,,
3579,0,Husk,T3/40,MOVING,68.700,3.304,108.505,"GoalBlock{x=75,y=4,z=108}",16,8,MovementAscend,264,48,48,,
3580,0,Husk,T3/40,MOVING,68.700,3.352,108.505,"GoalBlock{x=75,y=4,z=108}",16,8,MovementAscend,264,48,48,,
3581,0,Husk,T3/40,MOVING,68.700,3.411,108.504,"GoalBlock{x=75,y=4,z=108}",16,8,MovementAscend,264,48,48,,
3582,0,Husk,T3/40,MOVING,68.700,3.478,108.504,"GoalBlock{x=75,y=4,z=108}",16,8,MovementAscend,264,48,48,,
3583,0,Husk,T3/40,MOVING,68.700,3.818,108.504,"GoalBlock{x=75,y=4,z=108}",16,8,MovementAscend,264,48,48,,
3584,0,Husk,T3/40,MOVING,68.720,4.118,108.504,"GoalBlock{x=75,y=4,z=108}",16,8,MovementAscend,264,48,48,,
3585,0,Husk,T3/40,MOVING,68.757,4.333,108.504,"GoalBlock{x=75,y=4,z=108}",16,8,MovementAscend,264,48,48,,
3586,0,Husk,T3/40,MOVING,68.811,4.466,108.504,"GoalBlock{x=75,y=4,z=108}",16,8,MovementAscend,264,48,48,,
3587,0,Husk,T3/40,MOVING,68.879,4.518,108.504,"GoalBlock{x=75,y=4,z=108}",16,8,MovementAscend,264,48,48,,
3588,0,Husk,T3/40,MOVING,68.961,4.490,108.504,"GoalBlock{x=75,y=4,z=108}",16,8,MovementAscend,264,48,48,,
3589,0,Husk,T3/40,MOVING,69.055,4.385,108.504,"GoalBlock{x=75,y=4,z=108}",16,8,MovementAscend,264,48,48,,
3590,0,Husk,T3/40,MOVING,69.166,4.203,108.503,"GoalBlock{x=75,y=4,z=108}",16,9,MovementTraverse,264,48,48,,
3591,0,Husk,T3/40,MOVING,69.293,4.000,108.503,"GoalBlock{x=75,y=4,z=108}",16,9,MovementTraverse,264,48,48,,
3592,0,Husk,T3/40,MOVING,69.535,4.000,108.503,"GoalBlock{x=75,y=4,z=108}",16,9,MovementTraverse,264,48,48,,
3593,0,Husk,T3/40,MOVING,69.795,4.000,108.503,"GoalBlock{x=75,y=4,z=108}",16,9,MovementTraverse,264,48,48,,
3594,0,Husk,T3/40,MOVING,70.065,4.000,108.502,"GoalBlock{x=75,y=4,z=108}",16,9,MovementTraverse,264,48,48,,
3595,0,Husk,T3/40,MOVING,70.339,4.000,108.502,"GoalBlock{x=75,y=4,z=108}",16,10,MovementTraverse,264,48,48,,
3596,0,Husk,T3/40,MOVING,70.616,4.000,108.502,"GoalBlock{x=75,y=4,z=108}",16,10,MovementTraverse,264,48,48,,
3597,0,Husk,T3/40,MOVING,70.895,4.000,108.502,"GoalBlock{x=75,y=4,z=108}",16,10,MovementTraverse,264,48,48,,
3598,0,Husk,T3/40,MOVING,71.175,4.000,108.501,"GoalBlock{x=75,y=4,z=108}",16,10,MovementTraverse,264,48,48,,
3599,0,Husk,T3/40,MOVING,71.455,4.000,108.501,"GoalBlock{x=75,y=4,z=108}",16,11,MovementTraverse,264,48,48,,
3600,0,Husk,T3/40,MOVING,71.735,4.000,108.501,"GoalBlock{x=75,y=4,z=108}",16,11,MovementTraverse,264,48,48,,
3601,0,Husk,T3/40,MOVING,72.015,4.000,108.501,"GoalBlock{x=75,y=4,z=108}",16,11,MovementTraverse,264,48,48,,
3602,0,Husk,T3/40,MOVING,72.296,4.000,108.501,"GoalBlock{x=75,y=4,z=108}",16,12,MovementTraverse,264,48,48,,
3603,0,Husk,T3/40,MOVING,72.577,4.000,108.501,"GoalBlock{x=75,y=4,z=108}",16,12,MovementTraverse,264,48,48,,
3604,0,Husk,T3/40,MOVING,72.857,4.000,108.501,"GoalBlock{x=75,y=4,z=108}",16,12,MovementTraverse,264,48,48,,
3605,0,Husk,T3/40,MOVING,73.138,4.000,108.500,"GoalBlock{x=75,y=4,z=108}",16,12,MovementTraverse,264,48,48,,
3606,0,Husk,T3/40,MOVING,73.418,4.000,108.500,"GoalBlock{x=75,y=4,z=108}",16,13,MovementTraverse,264,48,48,,
3607,0,Husk,T3/40,MOVING,73.699,4.000,108.500,"GoalBlock{x=75,y=4,z=108}",16,13,MovementTraverse,264,48,48,,
3608,0,Husk,T3/40,MOVING,73.980,4.000,108.500,"GoalBlock{x=75,y=4,z=108}",16,13,MovementTraverse,264,48,48,,
3609,0,Husk,T3/40,MOVING,74.260,4.000,108.500,"GoalBlock{x=75,y=4,z=108}",16,13,MovementTraverse,264,48,48,,
3610,0,Husk,T3/40,MOVING,74.541,4.000,108.500,"GoalBlock{x=75,y=4,z=108}",16,14,MovementTraverse,264,48,48,,
3611,0,Husk,T3/40,MOVING,74.821,4.000,108.500,"GoalBlock{x=75,y=4,z=108}",16,14,MovementTraverse,264,48,48,,
3612,0,Husk,T3/40,MOVING,75.102,4.000,108.500,"GoalBlock{x=75,y=4,z=108}",16,14,MovementTraverse,264,48,48,,
3613,0,Husk,T3/40,ARRIVED,75.255,4.000,108.500,,-1,-1,,264,48,48,,CANCELED
3614,0,Husk,T3/41,ARRIVED,0.500,4.000,0.500,,-1,-1,,264,48,48,,CANCELED|CANCELED
3615,0,Husk,T3/41,ARRIVED,0.500,4.000,0.500,,-1,-1,,264,48,48,,
3616,0,Husk,T3/41,ARRIVED,0.500,4.000,0.500,,-1,-1,,264,48,48,,
3617,0,Husk,T3/41,ARRIVED,0.500,4.000,0.500,,-1,-1,,264,48,48,,
3618,0,Husk,T3/41,ARRIVED,0.500,4.000,0.500,,-1,-1,,264,48,48,,
3619,0,Husk,T3/41,ARRIVED,0.500,4.000,0.500,,-1,-1,,264,48,48,,
3620,0,Husk,T3/41,ARRIVED,0.500,4.000,0.500,,-1,-1,,264,48,48,,
3621,0,Husk,T3/41,ARRIVED,0.500,4.000,0.500,,-1,-1,,264,48,48,,
3622,0,Husk,T3/41,ARRIVED,0.500,4.000,0.500,,-1,-1,,264,48,48,,
3623,0,Husk,T3/41,ARRIVED,0.500,4.000,0.500,,-1,-1,,264,48,48,,
3624,0,Husk,T3/41,SEARCHING,0.500,4.000,0.500,"GoalBlock{x=30,y=4,z=0}",-1,-1,,264,49,49,,CALC_STARTED
3625,0,Husk,T3/41,MOVING,0.627,4.000,0.500,"GoalBlock{x=30,y=4,z=0}",31,0,MovementTraverse,163,49,49,,CALC_FINISHED_NOW_EXECUTING
3626,0,Husk,T3/41,MOVING,0.824,4.000,0.500,"GoalBlock{x=30,y=4,z=0}",31,0,MovementTraverse,163,49,49,,
3627,0,Husk,T3/41,MOVING,1.059,4.000,0.500,"GoalBlock{x=30,y=4,z=0}",31,0,MovementTraverse,163,49,49,,
3628,0,Husk,T3/41,MOVING,1.315,4.000,0.500,"GoalBlock{x=30,y=4,z=0}",31,1,MovementTraverse,163,49,49,,
3629,0,Husk,T3/41,MOVING,1.582,4.000,0.500,"GoalBlock{x=30,y=4,z=0}",31,1,MovementTraverse,163,49,49,,
3630,0,Husk,T3/41,MOVING,1.855,4.000,0.500,"GoalBlock{x=30,y=4,z=0}",31,1,MovementTraverse,163,49,49,,
3631,0,Husk,T3/41,MOVING,2.132,4.000,0.500,"GoalBlock{x=30,y=4,z=0}",31,1,MovementTraverse,163,49,49,,
3632,0,Husk,T3/41,MOVING,2.410,4.000,0.500,"GoalBlock{x=30,y=4,z=0}",31,2,MovementTraverse,163,49,49,,
3633,0,Husk,T3/41,MOVING,2.690,4.000,0.500,"GoalBlock{x=30,y=4,z=0}",31,2,MovementTraverse,163,49,49,,
3634,0,Husk,T3/41,MOVING,2.969,4.000,0.500,"GoalBlock{x=30,y=4,z=0}",31,2,MovementTraverse,163,49,49,,
3635,0,Husk,T3/41,MOVING,3.250,4.000,0.500,"GoalBlock{x=30,y=4,z=0}",31,2,MovementTraverse,163,49,49,,
3636,0,Husk,T3/41,MOVING,3.530,4.000,0.500,"GoalBlock{x=30,y=4,z=0}",31,3,MovementTraverse,163,49,49,,
3637,0,Husk,T3/41,MOVING,3.811,4.000,0.500,"GoalBlock{x=30,y=4,z=0}",31,3,MovementTraverse,163,49,49,,
3638,0,Husk,T3/41,MOVING,4.091,4.000,0.500,"GoalBlock{x=30,y=4,z=0}",31,3,MovementTraverse,163,49,49,,
3639,0,Husk,T3/41,MOVING,4.372,4.000,0.500,"GoalBlock{x=30,y=4,z=0}",31,4,MovementTraverse,163,49,49,,
3640,0,Husk,T3/41,MOVING,4.652,4.000,0.500,"GoalBlock{x=30,y=4,z=0}",31,4,MovementTraverse,163,49,49,,
3641,0,Husk,T3/41,MOVING,4.933,4.000,0.500,"GoalBlock{x=30,y=4,z=0}",31,4,MovementTraverse,163,49,49,,
3642,0,Husk,T3/41,MOVING,5.214,4.000,0.500,"GoalBlock{x=30,y=4,z=0}",31,4,MovementTraverse,163,49,49,,
3643,0,Husk,T3/41,MOVING,5.494,4.000,0.500,"GoalBlock{x=30,y=4,z=0}",31,5,MovementTraverse,163,49,49,,
3644,0,Husk,T3/41,MOVING,5.775,4.000,0.500,"GoalBlock{x=30,y=4,z=0}",31,5,MovementTraverse,163,49,49,,
3645,0,Husk,T3/41,MOVING,6.055,4.000,0.500,"GoalBlock{x=30,y=4,z=0}",31,5,MovementTraverse,163,49,49,,
3646,0,Husk,T3/41,MOVING,6.336,4.000,0.500,"GoalBlock{x=30,y=4,z=0}",31,6,MovementTraverse,163,49,49,,
3647,0,Husk,T3/41,MOVING,6.617,4.000,0.500,"GoalBlock{x=30,y=4,z=0}",31,6,MovementTraverse,163,49,49,,
3648,0,Husk,T3/41,MOVING,6.897,4.000,0.500,"GoalBlock{x=30,y=4,z=0}",31,6,MovementTraverse,163,49,49,,
3649,0,Husk,T3/41,MOVING,7.178,4.000,0.500,"GoalBlock{x=30,y=4,z=0}",31,6,MovementTraverse,163,49,49,,
3650,0,Husk,T3/41,MOVING,7.459,4.000,0.500,"GoalBlock{x=30,y=4,z=0}",31,7,MovementTraverse,163,49,49,,
3651,0,Husk,T3/41,MOVING,7.739,4.000,0.500,"GoalBlock{x=30,y=4,z=0}",31,7,MovementTraverse,163,49,49,,
3652,0,Husk,T3/41,MOVING,8.020,4.000,0.500,"GoalBlock{x=30,y=4,z=0}",31,7,MovementTraverse,163,49,49,,
3653,0,Husk,T3/41,MOVING,8.300,4.000,0.500,"GoalBlock{x=30,y=4,z=0}",31,8,MovementTraverse,163,49,49,,
3654,0,Husk,T3/41,MOVING,8.581,4.000,0.500,"GoalBlock{x=30,y=4,z=0}",31,8,MovementTraverse,163,49,49,,
3655,0,Husk,T3/41,MOVING,8.862,4.000,0.500,"GoalBlock{x=30,y=4,z=0}",31,8,MovementTraverse,163,49,49,,
3656,0,Husk,T3/41,MOVING,9.142,4.000,0.500,"GoalBlock{x=30,y=4,z=0}",31,8,MovementTraverse,163,49,49,,
3657,0,Husk,T3/41,MOVING,9.423,4.000,0.500,"GoalBlock{x=30,y=4,z=0}",31,9,MovementTraverse,163,49,49,,
3658,0,Husk,T3/41,MOVING,9.703,4.000,0.500,"GoalBlock{x=30,y=4,z=0}",31,9,MovementTraverse,163,49,49,,
3659,0,Husk,T3/41,MOVING,9.984,4.000,0.500,"GoalBlock{x=30,y=4,z=0}",31,9,MovementTraverse,163,49,49,,
3660,0,Husk,T3/41,MOVING,10.265,4.000,0.500,"GoalBlock{x=30,y=4,z=0}",31,9,MovementTraverse,163,49,49,,
3661,0,Husk,T3/41,MOVING,10.545,4.000,0.500,"GoalBlock{x=30,y=4,z=0}",31,10,MovementTraverse,163,49,49,,
3662,0,Husk,T3/41,MOVING,10.826,4.000,0.500,"GoalBlock{x=30,y=4,z=0}",31,10,MovementTraverse,163,49,49,,
3663,0,Husk,T3/41,MOVING,11.107,4.000,0.500,"GoalBlock{x=30,y=4,z=0}",31,10,MovementTraverse,163,49,49,,
3664,0,Husk,T3/41,MOVING,11.387,4.000,0.500,"GoalBlock{x=30,y=4,z=0}",31,11,MovementTraverse,163,49,49,,
3665,0,Husk,T3/41,MOVING,11.668,4.000,0.500,"GoalBlock{x=30,y=4,z=0}",31,11,MovementTraverse,163,49,49,,
3666,0,Husk,T3/41,MOVING,11.948,4.000,0.500,"GoalBlock{x=30,y=4,z=0}",31,11,MovementTraverse,163,49,49,,
3667,0,Husk,T3/41,MOVING,12.229,4.000,0.500,"GoalBlock{x=30,y=4,z=0}",31,11,MovementTraverse,163,49,49,,
3668,0,Husk,T3/41,MOVING,12.510,4.000,0.500,"GoalBlock{x=30,y=4,z=0}",31,12,MovementTraverse,163,49,49,,
3669,0,Husk,T3/41,MOVING,12.790,4.000,0.500,"GoalBlock{x=30,y=4,z=0}",31,12,MovementTraverse,163,49,49,,
3670,0,Husk,T3/41,MOVING,13.071,4.000,0.500,"GoalBlock{x=30,y=4,z=0}",31,12,MovementTraverse,163,49,49,,
3671,0,Husk,T3/41,MOVING,13.352,4.000,0.500,"GoalBlock{x=30,y=4,z=0}",31,13,MovementTraverse,163,49,49,,
3672,0,Husk,T3/41,MOVING,13.632,4.000,0.500,"GoalBlock{x=30,y=4,z=0}",31,13,MovementTraverse,163,49,49,,
3673,0,Husk,T3/41,MOVING,13.913,4.000,0.500,"GoalBlock{x=30,y=4,z=0}",31,13,MovementTraverse,163,49,49,,
3674,0,Husk,T3/41,MOVING,14.193,4.000,0.500,"GoalBlock{x=30,y=4,z=0}",31,13,MovementTraverse,163,49,49,,
3675,0,Husk,T3/41,MOVING,14.474,4.000,0.500,"GoalBlock{x=30,y=4,z=0}",31,14,MovementTraverse,163,49,49,,
3676,0,Husk,T3/41,MOVING,14.755,4.000,0.500,"GoalBlock{x=30,y=4,z=0}",31,14,MovementTraverse,163,49,49,,
3677,0,Husk,T3/41,MOVING,15.035,4.000,0.500,"GoalBlock{x=30,y=4,z=0}",31,14,MovementTraverse,163,49,49,,
3678,0,Husk,T3/41,MOVING,15.316,4.000,0.500,"GoalBlock{x=30,y=4,z=0}",31,15,MovementTraverse,163,49,49,,
3679,0,Husk,T3/41,MOVING,15.596,4.000,0.500,"GoalBlock{x=30,y=4,z=0}",31,15,MovementTraverse,163,49,49,,
3680,0,Husk,T3/41,MOVING,15.877,4.000,0.500,"GoalBlock{x=30,y=4,z=0}",31,15,MovementTraverse,163,49,49,,
3681,0,Husk,T3/41,MOVING,16.158,4.000,0.500,"GoalBlock{x=30,y=4,z=0}",31,15,MovementTraverse,163,49,49,,
3682,0,Husk,T3/41,MOVING,16.438,4.000,0.500,"GoalBlock{x=30,y=4,z=0}",31,16,MovementTraverse,163,49,49,,
3683,0,Husk,T3/41,MOVING,16.719,4.000,0.500,"GoalBlock{x=30,y=4,z=0}",31,16,MovementTraverse,163,49,49,,
3684,0,Husk,T3/41,MOVING,17.000,4.000,0.500,"GoalBlock{x=30,y=4,z=0}",31,16,MovementTraverse,163,49,49,,
3685,0,Husk,T3/41,MOVING,17.280,4.000,0.500,"GoalBlock{x=30,y=4,z=0}",31,16,MovementTraverse,163,49,49,,
3686,0,Husk,T3/41,MOVING,17.561,4.000,0.500,"GoalBlock{x=30,y=4,z=0}",31,17,MovementTraverse,163,49,49,,
3687,0,Husk,T3/41,MOVING,17.841,4.000,0.500,"GoalBlock{x=30,y=4,z=0}",31,17,MovementTraverse,163,49,49,,
3688,0,Husk,T3/41,MOVING,18.122,4.000,0.500,"GoalBlock{x=30,y=4,z=0}",31,17,MovementTraverse,163,49,49,,
3689,0,Husk,T3/41,MOVING,18.403,4.000,0.500,"GoalBlock{x=30,y=4,z=0}",31,18,MovementTraverse,163,49,49,,
3690,0,Husk,T3/41,MOVING,18.683,4.000,0.500,"GoalBlock{x=30,y=4,z=0}",31,18,MovementTraverse,163,49,49,,
3691,0,Husk,T3/41,MOVING,18.964,4.000,0.500,"GoalBlock{x=30,y=4,z=0}",31,18,MovementTraverse,163,49,49,,
3692,0,Husk,T3/41,MOVING,19.244,4.000,0.500,"GoalBlock{x=30,y=4,z=0}",31,18,MovementTraverse,163,49,49,,
3693,0,Husk,T3/41,MOVING,19.525,4.000,0.500,"GoalBlock{x=30,y=4,z=0}",31,19,MovementTraverse,163,49,49,,
3694,0,Husk,T3/41,MOVING,19.806,4.000,0.500,"GoalBlock{x=30,y=4,z=0}",31,19,MovementTraverse,163,49,49,,
3695,0,Husk,T3/41,MOVING,20.086,4.000,0.500,"GoalBlock{x=30,y=4,z=0}",31,19,MovementTraverse,163,49,49,,
3696,0,Husk,T3/41,MOVING,20.367,4.000,0.500,"GoalBlock{x=30,y=4,z=0}",31,20,MovementTraverse,163,49,49,,
3697,0,Husk,T3/41,MOVING,20.648,4.000,0.500,"GoalBlock{x=30,y=4,z=0}",31,20,MovementTraverse,163,49,49,,
3698,0,Husk,T3/41,MOVING,20.928,4.000,0.500,"GoalBlock{x=30,y=4,z=0}",31,20,MovementTraverse,163,49,49,,
3699,0,Husk,T3/41,MOVING,21.209,4.000,0.500,"GoalBlock{x=30,y=4,z=0}",31,20,MovementTraverse,163,49,49,,
3700,0,Husk,T3/41,MOVING,21.489,4.000,0.500,"GoalBlock{x=30,y=4,z=0}",31,21,MovementTraverse,163,49,49,,
3701,0,Husk,T3/41,MOVING,21.770,4.000,0.500,"GoalBlock{x=30,y=4,z=0}",31,21,MovementTraverse,163,49,49,,
3702,0,Husk,T3/41,MOVING,22.051,4.000,0.500,"GoalBlock{x=30,y=4,z=0}",31,21,MovementTraverse,163,49,49,,
3703,0,Husk,T3/41,MOVING,22.331,4.000,0.500,"GoalBlock{x=30,y=4,z=0}",31,22,MovementTraverse,163,49,49,,
3704,0,Husk,T3/41,MOVING,22.612,4.000,0.500,"GoalBlock{x=30,y=4,z=0}",31,22,MovementTraverse,163,49,49,,
3705,0,Husk,T3/41,MOVING,22.892,4.000,0.500,"GoalBlock{x=30,y=4,z=0}",31,22,MovementTraverse,163,49,49,,
3706,0,Husk,T3/41,MOVING,23.173,4.000,0.500,"GoalBlock{x=30,y=4,z=0}",31,22,MovementTraverse,163,49,49,,
3707,0,Husk,T3/41,MOVING,23.454,4.000,0.500,"GoalBlock{x=30,y=4,z=0}",31,23,MovementTraverse,163,49,49,,
3708,0,Husk,T3/41,MOVING,23.734,4.000,0.500,"GoalBlock{x=30,y=4,z=0}",31,23,MovementTraverse,163,49,49,,
3709,0,Husk,T3/41,MOVING,24.015,4.000,0.500,"GoalBlock{x=30,y=4,z=0}",31,23,MovementTraverse,163,49,49,,
3710,0,Husk,T3/41,MOVING,24.296,4.000,0.500,"GoalBlock{x=30,y=4,z=0}",31,24,MovementTraverse,163,49,49,,
3711,0,Husk,T3/41,MOVING,24.576,4.000,0.500,"GoalBlock{x=30,y=4,z=0}",31,24,MovementTraverse,163,49,49,,
3712,0,Husk,T3/41,MOVING,24.857,4.000,0.500,"GoalBlock{x=30,y=4,z=0}",31,24,MovementTraverse,163,49,49,,
3713,0,Husk,T3/41,MOVING,25.137,4.000,0.500,"GoalBlock{x=30,y=4,z=0}",31,24,MovementTraverse,163,49,49,,
3714,0,Husk,T3/41,MOVING,25.418,4.000,0.500,"GoalBlock{x=30,y=4,z=0}",31,25,MovementTraverse,163,49,49,,
3715,0,Husk,T3/41,MOVING,25.699,4.000,0.500,"GoalBlock{x=30,y=4,z=0}",31,25,MovementTraverse,163,49,49,,
3716,0,Husk,T3/41,MOVING,25.979,4.000,0.500,"GoalBlock{x=30,y=4,z=0}",31,25,MovementTraverse,163,49,49,,
3717,0,Husk,T3/41,MOVING,26.260,4.000,0.500,"GoalBlock{x=30,y=4,z=0}",31,25,MovementTraverse,163,49,49,,
3718,0,Husk,T3/41,MOVING,26.540,4.000,0.500,"GoalBlock{x=30,y=4,z=0}",31,26,MovementTraverse,163,49,49,,
3719,0,Husk,T3/41,MOVING,26.821,4.000,0.500,"GoalBlock{x=30,y=4,z=0}",31,26,MovementTraverse,163,49,49,,
3720,0,Husk,T3/41,MOVING,27.102,4.000,0.500,"GoalBlock{x=30,y=4,z=0}",31,26,MovementTraverse,163,49,49,,
3721,0,Husk,T3/41,MOVING,27.382,4.000,0.500,"GoalBlock{x=30,y=4,z=0}",31,27,MovementTraverse,163,49,49,,
3722,0,Husk,T3/41,MOVING,27.663,4.000,0.500,"GoalBlock{x=30,y=4,z=0}",31,27,MovementTraverse,163,49,49,,
3723,0,Husk,T3/41,MOVING,27.944,4.000,0.500,"GoalBlock{x=30,y=4,z=0}",31,27,MovementTraverse,163,49,49,,
3724,0,Husk,T3/41,MOVING,28.224,4.000,0.500,"GoalBlock{x=30,y=4,z=0}",31,27,MovementTraverse,163,49,49,,
3725,0,Husk,T3/41,MOVING,28.505,4.000,0.500,"GoalBlock{x=30,y=4,z=0}",31,28,MovementTraverse,163,49,49,,
3726,0,Husk,T3/41,MOVING,28.785,4.000,0.500,"GoalBlock{x=30,y=4,z=0}",31,28,MovementTraverse,163,49,49,,
3727,0,Husk,T3/41,MOVING,29.066,4.000,0.500,"GoalBlock{x=30,y=4,z=0}",31,28,MovementTraverse,163,49,49,,
3728,0,Husk,T3/41,MOVING,29.347,4.000,0.500,"GoalBlock{x=30,y=4,z=0}",31,29,MovementTraverse,163,49,49,,
3729,0,Husk,T3/41,MOVING,29.627,4.000,0.500,"GoalBlock{x=30,y=4,z=0}",31,29,MovementTraverse,163,49,49,,
3730,0,Husk,T3/41,MOVING,29.908,4.000,0.500,"GoalBlock{x=30,y=4,z=0}",31,29,MovementTraverse,163,49,49,,
3731,0,Husk,T3/41,MOVING,30.189,4.000,0.500,"GoalBlock{x=30,y=4,z=0}",31,29,MovementTraverse,163,49,49,,
3732,0,Husk,T3/41,ARRIVED,30.342,4.000,0.500,,-1,-1,,163,49,49,,CANCELED
3733,0,Husk,T3/42,ARRIVED,0.500,4.000,12.500,,-1,-1,,163,49,49,,CANCELED|CANCELED
3734,0,Husk,T3/42,ARRIVED,0.500,4.000,12.500,,-1,-1,,163,49,49,,
3735,0,Husk,T3/42,ARRIVED,0.500,4.000,12.500,,-1,-1,,163,49,49,,
3736,0,Husk,T3/42,ARRIVED,0.500,4.000,12.500,,-1,-1,,163,49,49,,
3737,0,Husk,T3/42,ARRIVED,0.500,4.000,12.500,,-1,-1,,163,49,49,,
3738,0,Husk,T3/42,ARRIVED,0.500,4.000,12.500,,-1,-1,,163,49,49,,
3739,0,Husk,T3/42,ARRIVED,0.500,4.000,12.500,,-1,-1,,163,49,49,,
3740,0,Husk,T3/42,ARRIVED,0.500,4.000,12.500,,-1,-1,,163,49,49,,
3741,0,Husk,T3/42,ARRIVED,0.500,4.000,12.500,,-1,-1,,163,49,49,,
3742,0,Husk,T3/42,ARRIVED,0.500,4.000,12.500,,-1,-1,,163,49,49,,
3743,0,Husk,T3/42,SEARCHING,0.500,4.000,12.500,"GoalBlock{x=20,y=4,z=12}",-1,-1,,163,50,50,,CALC_STARTED
3744,0,Husk,T3/42,MOVING,0.627,4.000,12.500,"GoalBlock{x=20,y=4,z=12}",21,0,MovementTraverse,285,50,50,,CALC_FINISHED_NOW_EXECUTING
3745,0,Husk,T3/42,MOVING,0.824,4.000,12.500,"GoalBlock{x=20,y=4,z=12}",21,0,MovementTraverse,285,50,50,,
3746,0,Husk,T3/42,MOVING,1.059,4.000,12.500,"GoalBlock{x=20,y=4,z=12}",21,0,MovementTraverse,285,50,50,,
3747,0,Husk,T3/42,MOVING,1.315,4.000,12.500,"GoalBlock{x=20,y=4,z=12}",21,1,MovementTraverse,285,50,50,,
3748,0,Husk,T3/42,MOVING,1.582,4.000,12.500,"GoalBlock{x=20,y=4,z=12}",21,1,MovementTraverse,285,50,50,,
3749,0,Husk,T3/42,MOVING,1.855,4.000,12.500,"GoalBlock{x=20,y=4,z=12}",21,1,MovementTraverse,285,50,50,,
3750,0,Husk,T3/42,MOVING,2.132,4.000,12.500,"GoalBlock{x=20,y=4,z=12}",21,1,MovementTraverse,285,50,50,,
3751,0,Husk,T3/42,MOVING,2.410,4.000,12.500,"GoalBlock{x=20,y=4,z=12}",21,2,MovementTraverse,285,50,50,,
3752,0,Husk,T3/42,MOVING,2.690,4.000,12.500,"GoalBlock{x=20,y=4,z=12}",21,2,MovementTraverse,285,50,50,,
3753,0,Husk,T3/42,MOVING,2.969,4.000,12.500,"GoalBlock{x=20,y=4,z=12}",21,2,MovementTraverse,285,50,50,,
3754,0,Husk,T3/42,MOVING,3.250,4.000,12.500,"GoalBlock{x=20,y=4,z=12}",21,2,MovementTraverse,285,50,50,,
3755,0,Husk,T3/42,MOVING,3.530,4.000,12.500,"GoalBlock{x=20,y=4,z=12}",21,3,MovementTraverse,285,50,50,,
3756,0,Husk,T3/42,MOVING,3.811,4.000,12.500,"GoalBlock{x=20,y=4,z=12}",21,3,MovementTraverse,285,50,50,,
3757,0,Husk,T3/42,MOVING,4.091,4.000,12.500,"GoalBlock{x=20,y=4,z=12}",21,3,MovementTraverse,285,50,50,,
3758,0,Husk,T3/42,MOVING,4.372,4.000,12.500,"GoalBlock{x=20,y=4,z=12}",21,4,MovementTraverse,285,50,50,,
3759,0,Husk,T3/42,MOVING,4.652,4.000,12.500,"GoalBlock{x=20,y=4,z=12}",21,4,MovementTraverse,285,50,50,,
3760,0,Husk,T3/42,MOVING,4.933,4.000,12.500,"GoalBlock{x=20,y=4,z=12}",21,4,MovementTraverse,285,50,50,,
3761,0,Husk,T3/42,MOVING,5.214,4.000,12.500,"GoalBlock{x=20,y=4,z=12}",21,4,MovementTraverse,285,50,50,,
3762,0,Husk,T3/42,MOVING,5.494,4.000,12.500,"GoalBlock{x=20,y=4,z=12}",21,5,MovementTraverse,285,50,50,,
3763,0,Husk,T3/42,MOVING,5.775,4.000,12.500,"GoalBlock{x=20,y=4,z=12}",21,5,MovementTraverse,285,50,50,,
3764,0,Husk,T3/42,MOVING,6.055,4.000,12.500,"GoalBlock{x=20,y=4,z=12}",21,5,MovementTraverse,285,50,50,,
3765,0,Husk,T3/42,MOVING,6.319,4.000,12.564,"GoalBlock{x=20,y=4,z=12}",21,6,MovementDiagonal,285,50,50,,
3766,0,Husk,T3/42,MOVING,6.563,4.000,12.678,"GoalBlock{x=20,y=4,z=12}",21,6,MovementDiagonal,285,50,50,,
3767,0,Husk,T3/42,MOVING,6.792,4.000,12.824,"GoalBlock{x=20,y=4,z=12}",21,6,MovementDiagonal,285,50,50,,
3768,0,Husk,T3/42,MOVING,7.009,4.000,12.992,"GoalBlock{x=20,y=4,z=12}",21,6,MovementDiagonal,285,50,50,,
3769,0,Husk,T3/42,MOVING,7.216,4.000,13.175,"GoalBlock{x=20,y=4,z=12}",21,6,MovementDiagonal,285,50,50,,
3770,0,Husk,T3/42,MOVING,7.417,4.000,13.366,"GoalBlock{x=20,y=4,z=12}",21,7,MovementDiagonal,285,50,50,,
3771,0,Husk,T3/42,MOVING,7.616,4.000,13.563,"GoalBlock{x=20,y=4,z=12}",21,7,MovementDiagonal,285,50,50,,
3772,0,Husk,T3/42,MOVING,7.811,4.000,13.763,"GoalBlock{x=20,y=4,z=12}",21,7,MovementDiagonal,285,50,50,,
3773,0,Husk,T3/42,MOVING,8.005,4.000,13.965,"GoalBlock{x=20,y=4,z=12}",21,7,MovementDiagonal,285,50,50,,
3774,0,Husk,T3/42,MOVING,8.197,4.000,14.169,"GoalBlock{x=20,y=4,z=12}",21,7,MovementDiagonal,285,50,50,,
3775,0,Husk,T3/42,MOVING,8.392,4.000,14.372,"GoalBlock{x=20,y=4,z=12}",21,8,MovementDiagonal,285,50,50,,
3776,0,Husk,T3/42,MOVING,8.587,4.000,14.573,"GoalBlock{x=20,y=4,z=12}",21,8,MovementDiagonal,285,50,50,,
3777,0,Husk,T3/42,MOVING,8.783,4.000,14.774,"GoalBlock{x=20,y=4,z=12}",21,8,MovementDiagonal,285,50,50,,
3778,0,Husk,T3/42,MOVING,8.979,4.000,14.974,"GoalBlock{x=20,y=4,z=12}",21,8,MovementDiagonal,285,50,50,,
3779,0,Husk,T3/42,MOVING,9.176,4.000,15.174,"GoalBlock{x=20,y=4,z=12}",21,8,MovementDiagonal,285,50,50,,
3780,0,Husk,T3/42,MOVING,9.407,4.000,15.317,"GoalBlock{x=20,y=4,z=12}",21,9,MovementTraverse,285,50,50,,
3781,0,Husk,T3/42,MOVING,9.658,4.000,15.416,"GoalBlock{x=20,y=4,z=12}",21,9,MovementTraverse,285,50,50,,
3782,0,Husk,T3/42,MOVING,9.922,4.000,15.482,"GoalBlock{x=20,y=4,z=12}",21,9,MovementTraverse,285,50,50,,
3783,0,Husk,T3/42,MOVING,10.194,4.000,15.523,"GoalBlock{x=20,y=4,z=12}",21,9,MovementTraverse,285,50,50,,
3784,0,Husk,T3/42,MOVING,10.469,4.000,15.543,"GoalBlock{x=20,y=4,z=12}",21,10,MovementTraverse,285,50,50,,
3785,0,Husk,T3/42,MOVING,10.747,4.000,15.548,"GoalBlock{x=20,y=4,z=12}",21,10,MovementTraverse,285,50,50,,
3786,0,Husk,T3/42,MOVING,11.026,4.000,15.543,"GoalBlock{x=20,y=4,z=12}",21,10,MovementTraverse,285,50,50,,
3787,0,Husk,T3/42,MOVING,11.306,4.000,15.539,"GoalBlock{x=20,y=4,z=12}",21,11,MovementTraverse,285,50,50,,
3788,0,Husk,T3/42,MOVING,11.586,4.000,15.535,"GoalBlock{x=20,y=4,z=12}",21,11,MovementTraverse,285,50,50,,
3789,0,Husk,T3/42,MOVING,11.866,4.000,15.530,"GoalBlock{x=20,y=4,z=12}",21,11,MovementTraverse,285,50,50,,
3790,0,Husk,T3/42,MOVING,12.146,4.000,15.524,"GoalBlock{x=20,y=4,z=12}",21,11,MovementTraverse,285,50,50,,
3791,0,Husk,T3/42,MOVING,12.426,4.000,15.519,"GoalBlock{x=20,y=4,z=12}",21,12,MovementTraverse,285,50,50,,
3792,0,Husk,T3/42,MOVING,12.707,4.000,15.513,"GoalBlock{x=20,y=4,z=12}",21,12,MovementTraverse,285,50,50,,
3793,0,Husk,T3/42,MOVING,12.987,4.000,15.511,"GoalBlock{x=20,y=4,z=12}",21,12,MovementTraverse,285,50,50,,
3794,0,Husk,T3/42,MOVING,13.268,4.000,15.508,"GoalBlock{x=20,y=4,z=12}",21,12,MovementTraverse,285,50,50,,
3795,0,Husk,T3/42,MOVING,13.548,4.000,15.508,"GoalBlock{x=20,y=4,z=12}",21,13,MovementTraverse,285,50,50,,
3796,0,Husk,T3/42,MOVING,13.829,4.000,15.507,"GoalBlock{x=20,y=4,z=12}",21,13,MovementTraverse,285,50,50,,
3797,0,Husk,T3/42,MOVING,14.110,4.000,15.505,"GoalBlock{x=20,y=4,z=12}",21,13,MovementTraverse,285,50,50,,
3798,0,Husk,T3/42,MOVING,14.390,4.000,15.505,"GoalBlock{x=20,y=4,z=12}",21,14,MovementTraverse,285,50,50,,
3799,0,Husk,T3/42,MOVING,14.671,4.000,15.504,"GoalBlock{x=20,y=4,z=12}",21,14,MovementTraverse,285,50,50,,
3800,0,Husk,T3/42,MOVING,14.951,4.000,15.504,"GoalBlock{x=20,y=4,z=12}",21,14,MovementTraverse,285,50,50,,
3801,0,Husk,T3/42,MOVING,15.232,4.000,15.503,"GoalBlock{x=20,y=4,z=12}",21,14,MovementTraverse,285,50,50,,
3802,0,Husk,T3/42,MOVING,15.513,4.000,15.503,"GoalBlock{x=20,y=4,z=12}",21,15,MovementTraverse,285,50,50,,
3803,0,Husk,T3/42,MOVING,15.793,4.000,15.502,"GoalBlock{x=20,y=4,z=12}",21,15,MovementTraverse,285,50,50,,
3804,0,Husk,T3/42,MOVING,16.074,4.000,15.502,"GoalBlock{x=20,y=4,z=12}",21,15,MovementTraverse,285,50,50,,
3805,0,Husk,T3/42,MOVING,16.354,4.000,15.502,"GoalBlock{x=20,y=4,z=12}",21,16,MovementTraverse,285,50,50,,
3806,0,Husk,T3/42,MOVING,16.635,4.000,15.501,"GoalBlock{x=20,y=4,z=12}",21,16,MovementTraverse,285,50,50,,
3807,0,Husk,T3/42,MOVING,16.916,4.000,15.501,"GoalBlock{x=20,y=4,z=12}",21,16,MovementTraverse,285,50,50,,
3808,0,Husk,T3/42,MOVING,17.196,4.000,15.501,"GoalBlock{x=20,y=4,z=12}",21,16,MovementTraverse,285,50,50,,
3809,0,Husk,T3/42,MOVING,17.460,4.000,15.437,"GoalBlock{x=20,y=4,z=12}",21,17,MovementDiagonal,285,50,50,,
3810,0,Husk,T3/42,MOVING,17.698,4.000,15.317,"GoalBlock{x=20,y=4,z=12}",21,17,MovementDiagonal,285,50,50,,
3811,0,Husk,T3/42,MOVING,17.918,4.000,15.160,"GoalBlock{x=20,y=4,z=12}",21,17,MovementDiagonal,285,50,50,,
3812,0,Husk,T3/42,MOVING,18.122,4.000,14.979,"GoalBlock{x=20,y=4,z=12}",21,17,MovementDiagonal,285,50,50,,
3813,0,Husk,T3/42,MOVING,18.320,4.000,14.787,"GoalBlock{x=20,y=4,z=12}",21,18,MovementDiagonal,285,50,50,,
3814,0,Husk,T3/42,MOVING,18.514,4.000,14.589,"GoalBlock{x=20,y=4,z=12}",21,18,MovementDiagonal,285,50,50,,
3815,0,Husk,T3/42,MOVING,18.706,4.000,14.386,"GoalBlock{x=20,y=4,z=12}",21,18,MovementDiagonal,285,50,50,,
3816,0,Husk,T3/42,MOVING,18.896,4.000,14.180,"GoalBlock{x=20,y=4,z=12}",21,18,MovementDiagonal,285,50,50,,
3817,0,Husk,T3/42,MOVING,19.084,4.000,13.972,"GoalBlock{x=20,y=4,z=12}",21,18,MovementDiagonal,285,50,50,,
3818,0,Husk,T3/42,MOVING,19.275,4.000,13.767,"GoalBlock{x=20,y=4,z=12}",21,19,MovementDiagonal,285,50,50,,
3819,0,Husk,T3/42,MOVING,19.468,4.000,13.564,"GoalBlock{x=20,y=4,z=12}",21,19,MovementDiagonal,285,50,50,,
3820,0,Husk,T3/42,MOVING,19.662,4.000,13.361,"GoalBlock{x=20,y=4,z=12}",21,19,MovementDiagonal,285,50,50,,
3821,0,Husk,T3/42,MOVING,19.857,4.000,13.159,"GoalBlock{x=20,y=4,z=12}",21,19,MovementDiagonal,285,50,50,,
3822,0,Husk,T3/42,MOVING,20.052,4.000,12.958,"GoalBlock{x=20,y=4,z=12}",21,19,MovementDiagonal,285,50,50,,
3823,0,Husk,T3/42,ARRIVED,20.159,4.000,12.848,,-1,-1,,285,50,50,,CANCELED
3824,0,Husk,T3/43,ARRIVED,0.500,4.000,24.500,,-1,-1,,285,50,50,,CANCELED|CANCELED
3825,0,Husk,T3/43,ARRIVED,0.500,4.000,24.500,,-1,-1,,285,50,50,,
3826,0,Husk,T3/43,ARRIVED,0.500,4.000,24.500,,-1,-1,,285,50,50,,
3827,0,Husk,T3/43,ARRIVED,0.500,4.000,24.500,,-1,-1,,285,50,50,,
3828,0,Husk,T3/43,ARRIVED,0.500,4.000,24.500,,-1,-1,,285,50,50,,
3829,0,Husk,T3/43,ARRIVED,0.500,4.000,24.500,,-1,-1,,285,50,50,,
3830,0,Husk,T3/43,ARRIVED,0.500,4.000,24.500,,-1,-1,,285,50,50,,
3831,0,Husk,T3/43,ARRIVED,0.500,4.000,24.500,,-1,-1,,285,50,50,,
3832,0,Husk,T3/43,ARRIVED,0.500,4.000,24.500,,-1,-1,,285,50,50,,
3833,0,Husk,T3/43,ARRIVED,0.500,4.000,24.500,,-1,-1,,285,50,50,,
3834,0,Husk,T3/43,SEARCHING,0.500,4.000,24.500,"GoalBlock{x=15,y=7,z=24}",-1,-1,,285,51,51,,CALC_STARTED
3835,0,Husk,T3/43,MOVING,0.627,4.000,24.500,"GoalBlock{x=15,y=7,z=24}",16,0,MovementTraverse,135,51,51,,CALC_FINISHED_NOW_EXECUTING
3836,0,Husk,T3/43,MOVING,0.824,4.000,24.500,"GoalBlock{x=15,y=7,z=24}",16,0,MovementTraverse,135,51,51,,
3837,0,Husk,T3/43,MOVING,1.059,4.000,24.500,"GoalBlock{x=15,y=7,z=24}",16,0,MovementTraverse,135,51,51,,
3838,0,Husk,T3/43,MOVING,1.315,4.000,24.500,"GoalBlock{x=15,y=7,z=24}",16,1,MovementTraverse,135,51,51,,
3839,0,Husk,T3/43,MOVING,1.582,4.000,24.500,"GoalBlock{x=15,y=7,z=24}",16,1,MovementTraverse,135,51,51,,
3840,0,Husk,T3/43,MOVING,1.855,4.000,24.500,"GoalBlock{x=15,y=7,z=24}",16,1,MovementTraverse,135,51,51,,
3841,0,Husk,T3/43,MOVING,2.132,4.000,24.500,"GoalBlock{x=15,y=7,z=24}",16,1,MovementTraverse,135,51,51,,
3842,0,Husk,T3/43,MOVING,2.410,4.000,24.500,"GoalBlock{x=15,y=7,z=24}",16,2,MovementTraverse,135,51,51,,
3843,0,Husk,T3/43,MOVING,2.690,4.000,24.500,"GoalBlock{x=15,y=7,z=24}",16,2,MovementTraverse,135,51,51,,
3844,0,Husk,T3/43,MOVING,2.969,4.000,24.500,"GoalBlock{x=15,y=7,z=24}",16,2,MovementTraverse,135,51,51,,
3845,0,Husk,T3/43,MOVING,3.250,4.000,24.500,"GoalBlock{x=15,y=7,z=24}",16,2,MovementTraverse,135,51,51,,
3846,0,Husk,T3/43,MOVING,3.730,4.420,24.500,"GoalBlock{x=15,y=7,z=24}",16,4,MovementAscend,135,51,51,,
3847,0,Husk,T3/43,MOVING,4.018,4.753,24.500,"GoalBlock{x=15,y=7,z=24}",16,4,MovementAscend,135,51,51,,
3848,0,Husk,T3/43,MOVING,4.305,5.001,24.500,"GoalBlock{x=15,y=7,z=24}",16,4,MovementAscend,135,51,51,,
3849,0,Husk,T3/43,MOVING,4.592,5.166,24.500,"GoalBlock{x=15,y=7,z=24}",16,4,MovementAscend,135,51,51,,
3850,0,Husk,T3/43,MOVING,4.879,5.249,24.500,"GoalBlock{x=15,y=7,z=24}",16,4,MovementAscend,135,51,51,,
3851,0,Husk,T3/43,MOVING,5.165,5.252,24.500,"GoalBlock{x=15,y=7,z=24}",16,4,MovementAscend,135,51,51,,
3852,0,Husk,T3/43,MOVING,5.451,5.177,24.500,"GoalBlock{x=15,y=7,z=24}",16,5,MovementTraverse,135,51,51,,
3853,0,Husk,T3/43,MOVING,5.737,5.024,24.500,"GoalBlock{x=15,y=7,z=24}",16,5,MovementTraverse,135,51,51,,
3854,0,Husk,T3/43,MOVING,6.023,5.000,24.500,"GoalBlock{x=15,y=7,z=24}",16,5,MovementTraverse,135,51,51,,
3855,0,Husk,T3/43,MOVING,6.610,5.420,24.500,"GoalBlock{x=15,y=7,z=24}",16,7,MovementAscend,135,51,51,,
3856,0,Husk,T3/43,MOVING,6.956,5.753,24.500,"GoalBlock{x=15,y=7,z=24}",16,7,MovementAscend,135,51,51,,
3857,0,Husk,T3/43,MOVING,7.296,6.001,24.500,"GoalBlock{x=15,y=7,z=24}",16,7,MovementAscend,135,51,51,,
3858,0,Husk,T3/43,MOVING,7.632,6.166,24.500,"GoalBlock{x=15,y=7,z=24}",16,7,MovementAscend,135,51,51,,
3859,0,Husk,T3/43,MOVING,7.962,6.249,24.500,"GoalBlock{x=15,y=7,z=24}",16,7,MovementAscend,135,51,51,,
3860,0,Husk,T3/43,MOVING,8.289,6.252,24.500,"GoalBlock{x=15,y=7,z=24}",16,7,MovementAscend,135,51,51,,
3861,0,Husk,T3/43,MOVING,8.611,6.177,24.500,"GoalBlock{x=15,y=7,z=24}",16,8,MovementTraverse,135,51,51,,
3862,0,Husk,T3/43,MOVING,8.930,6.024,24.500,"GoalBlock{x=15,y=7,z=24}",16,8,MovementTraverse,135,51,51,,
3863,0,Husk,T3/43,MOVING,9.246,6.000,24.500,"GoalBlock{x=15,y=7,z=24}",16,8,MovementTraverse,135,51,51,,
3864,0,Husk,T3/43,MOVING,9.860,6.420,24.500,"GoalBlock{x=15,y=7,z=24}",16,10,MovementAscend,135,51,51,,
3865,0,Husk,T3/43,MOVING,10.221,6.753,24.500,"GoalBlock{x=15,y=7,z=24}",16,10,MovementAscend,135,51,51,,
3866,0,Husk,T3/43,MOVING,10.575,7.001,24.500,"GoalBlock{x=15,y=7,z=24}",16,10,MovementAscend,135,51,51,,
3867,0,Husk,T3/43,MOVING,10.923,7.166,24.500,"GoalBlock{x=15,y=7,z=24}",16,10,MovementAscend,135,51,51,,
3868,0,Husk,T3/43,MOVING,11.265,7.249,24.500,"GoalBlock{x=15,y=7,z=24}",16,10,MovementAscend,135,51,51,,
3869,0,Husk,T3/43,MOVING,11.601,7.252,24.500,"GoalBlock{x=15,y=7,z=24}",16,11,MovementTraverse,135,51,51,,
3870,0,Husk,T3/43,MOVING,11.933,7.177,24.500,"GoalBlock{x=15,y=7,z=24}",16,11,MovementTraverse,135,51,51,,
3871,0,Husk,T3/43,MOVING,12.261,7.024,24.500,"GoalBlock{x=15,y=7,z=24}",16,11,MovementTraverse,135,51,51,,
3872,0,Husk,T3/43,MOVING,12.584,7.000,24.500,"GoalBlock{x=15,y=7,z=24}",16,12,MovementTraverse,135,51,51,,
3873,0,Husk,T3/43,MOVING,13.006,7.000,24.500,"GoalBlock{x=15,y=7,z=24}",16,12,MovementTraverse,135,51,51,,
3874,0,Husk,T3/43,MOVING,13.363,7.000,24.500,"GoalBlock{x=15,y=7,z=24}",16,13,MovementTraverse,135,51,51,,
3875,0,Husk,T3/43,MOVING,13.686,7.000,24.500,"GoalBlock{x=15,y=7,z=24}",16,13,MovementTraverse,135,51,51,,
3876,0,Husk,T3/43,MOVING,13.990,7.000,24.500,"GoalBlock{x=15,y=7,z=24}",16,13,MovementTraverse,135,51,51,,
3877,0,Husk,T3/43,MOVING,14.283,7.000,24.500,"GoalBlock{x=15,y=7,z=24}",16,13,MovementTraverse,135,51,51,,
3878,0,Husk,T3/43,MOVING,14.570,7.000,24.500,"GoalBlock{x=15,y=7,z=24}",16,14,MovementTraverse,135,51,51,,
3879,0,Husk,T3/43,MOVING,14.855,7.000,24.500,"GoalBlock{x=15,y=7,z=24}",16,14,MovementTraverse,135,51,51,,
3880,0,Husk,T3/43,MOVING,15.137,7.000,24.500,"GoalBlock{x=15,y=7,z=24}",16,14,MovementTraverse,135,51,51,,
3881,0,Husk,T3/43,ARRIVED,15.292,7.000,24.500,,-1,-1,,135,51,51,,CANCELED
3882,0,Husk,T3/44,ARRIVED,3.500,8.000,36.500,,-1,-1,,135,51,51,,CANCELED|CANCELED
3883,0,Husk,T3/44,ARRIVED,3.500,8.000,36.500,,-1,-1,,135,51,51,,
3884,0,Husk,T3/44,ARRIVED,3.500,8.000,36.500,,-1,-1,,135,51,51,,
3885,0,Husk,T3/44,ARRIVED,3.500,8.000,36.500,,-1,-1,,135,51,51,,
3886,0,Husk,T3/44,ARRIVED,3.500,8.000,36.500,,-1,-1,,135,51,51,,
3887,0,Husk,T3/44,ARRIVED,3.500,8.000,36.500,,-1,-1,,135,51,51,,
3888,0,Husk,T3/44,ARRIVED,3.500,8.000,36.500,,-1,-1,,135,51,51,,
3889,0,Husk,T3/44,ARRIVED,3.500,8.000,36.500,,-1,-1,,135,51,51,,
3890,0,Husk,T3/44,ARRIVED,3.500,8.000,36.500,,-1,-1,,135,51,51,,
3891,0,Husk,T3/44,ARRIVED,3.500,8.000,36.500,,-1,-1,,135,51,51,,
3892,0,Husk,T3/44,SEARCHING,3.500,8.000,36.500,"GoalBlock{x=12,y=4,z=36}",-1,-1,,135,52,52,,CALC_STARTED
3893,0,Husk,T3/44,MOVING,3.627,8.000,36.500,"GoalBlock{x=12,y=4,z=36}",11,0,MovementTraverse,208,52,52,,CALC_FINISHED_NOW_EXECUTING
3894,0,Husk,T3/44,MOVING,3.824,8.000,36.500,"GoalBlock{x=12,y=4,z=36}",11,0,MovementTraverse,208,52,52,,
3895,0,Husk,T3/44,MOVING,4.059,8.000,36.500,"GoalBlock{x=12,y=4,z=36}",11,0,MovementTraverse,208,52,52,,
3896,0,Husk,T3/44,MOVING,4.298,8.000,36.436,"GoalBlock{x=12,y=4,z=36}",11,1,MovementDiagonal,208,52,52,,
3897,0,Husk,T3/44,MOVING,4.529,8.000,36.323,"GoalBlock{x=12,y=4,z=36}",11,1,MovementDiagonal,208,52,52,,
3898,0,Husk,T3/44,MOVING,4.752,8.000,36.179,"GoalBlock{x=12,y=4,z=36}",11,1,MovementDiagonal,208,52,52,,
3899,0,Husk,T3/44,MOVING,4.968,8.000,36.015,"GoalBlock{x=12,y=4,z=36}",11,1,MovementDiagonal,208,52,52,,
3900,0,Husk,T3/44,MOVING,5.178,8.000,35.837,"GoalBlock{x=12,y=4,z=36}",11,1,MovementDiagonal,208,52,52,,
3901,0,Husk,T3/44,MOVING,5.382,8.000,35.649,"GoalBlock{x=12,y=4,z=36}",11,2,MovementDiagonal,208,52,52,,
3902,0,Husk,T3/44,MOVING,5.582,8.000,35.455,"GoalBlock{x=12,y=4,z=36}",11,2,MovementDiagonal,208,52,52,,
3903,0,Husk,T3/44,MOVING,5.780,8.000,35.257,"GoalBlock{x=12,y=4,z=36}",11,2,MovementDiagonal,208,52,52,,
3904,0,Husk,T3/44,MOVING,5.975,8.000,35.057,"GoalBlock{x=12,y=4,z=36}",11,2,MovementDiagonal,208,52,52,,
3905,0,Husk,T3/44,MOVING,6.170,8.000,34.855,"GoalBlock{x=12,y=4,z=36}",11,2,MovementDiagonal,208,52,52,,
3906,0,Husk,T3/44,MOVING,6.301,8.000,34.650,"GoalBlock{x=12,y=4,z=36}",11,3,MovementFall,208,52,52,,
3907,0,Husk,T3/44,MOVING,6.392,8.000,34.442,"GoalBlock{x=12,y=4,z=36}",11,3,MovementFall,208,52,52,,
3908,0,Husk,T3/44,MOVING,6.454,8.000,34.231,"GoalBlock{x=12,y=4,z=36}",11,3,MovementFall,208,52,52,,
3909,0,Husk,T3/44,MOVING,6.495,8.000,34.018,"GoalBlock{x=12,y=4,z=36}",11,3,MovementFall,208,52,52,,
3910,0,Husk,T3/44,MOVING,6.519,8.000,33.804,"GoalBlock{x=12,y=4,z=36}",11,3,MovementFall,208,52,52,,
3911,0,Husk,T3/44,MOVING,6.522,8.000,33.590,"GoalBlock{x=12,y=4,z=36}",11,3,MovementFall,208,52,52,,
3912,0,Husk,T3/44,MOVING,6.522,7.922,33.472,"GoalBlock{x=12,y=4,z=36}",11,3,MovementFall,208,52,52,,
3913,0,Husk,T3/44,MOVING,6.522,7.766,33.409,"GoalBlock{x=12,y=4,z=36}",11,3,MovementFall,208,52,52,,
3914,0,Husk,T3/44,MOVING,6.502,7.536,33.352,"GoalBlock{x=12,y=4,z=36}",11,3,MovementFall,208,52,52,,
3915,0,Husk,T3/44,MOVING,6.469,7.232,33.313,"GoalBlock{x=12,y=4,z=36}",11,3,MovementFall,208,52,52,,
3916,0,Husk,T3/44,MOVING,6.430,6.855,33.295,"GoalBlock{x=12,y=4,z=36}",11,3,MovementFall,208,52,52,,
3917,0,Husk,T3/44,MOVING,6.396,6.407,33.284,"GoalBlock{x=12,y=4,z=36}",11,3,MovementFall,208,52,52,,
3918,0,Husk,T3/44,MOVING,6.366,6.000,33.280,"GoalBlock{x=12,y=4,z=36}",11,3,MovementFall,208,52,52,,
3919,0,Husk,T3/44,MOVING,6.432,6.000,33.364,"GoalBlock{x=12,y=4,z=36}",11,4,MovementFall,208,52,52,,
3920,0,Husk,T3/44,MOVING,6.593,6.000,33.438,"GoalBlock{x=12,y=4,z=36}",11,4,MovementFall,208,52,52,,
3921,0,Husk,T3/44,MOVING,6.808,6.000,33.481,"GoalBlock{x=12,y=4,z=36}",11,4,MovementFall,208,52,52,,
3922,0,Husk,T3/44,MOVING,7.052,6.000,33.506,"GoalBlock{x=12,y=4,z=36}",11,4,MovementFall,208,52,52,,
3923,0,Husk,T3/44,MOVING,7.313,6.000,33.519,"GoalBlock{x=12,y=4,z=36}",11,4,MovementFall,208,52,52,,
3924,0,Husk,T3/44,MOVING,7.583,5.922,33.525,"GoalBlock{x=12,y=4,z=36}",11,4,MovementFall,208,52,52,,
3925,0,Husk,T3/44,MOVING,7.756,5.766,33.528,"GoalBlock{x=12,y=4,z=36}",11,4,MovementFall,208,52,52,,
3926,0,Husk,T3/44,MOVING,7.939,5.536,33.528,"GoalBlock{x=12,y=4,z=36}",11,4,MovementFall,208,52,52,,
3927,0,Husk,T3/44,MOVING,8.131,5.232,33.527,"GoalBlock{x=12,y=4,z=36}",11,4,MovementFall,208,52,52,,
3928,0,Husk,T3/44,MOVING,8.331,4.855,33.526,"GoalBlock{x=12,y=4,z=36}",11,4,MovementFall,208,52,52,,
3929,0,Husk,T3/44,MOVING,8.538,4.407,33.525,"GoalBlock{x=12,y=4,z=36}",11,4,MovementFall,208,52,52,,
3930,0,Husk,T3/44,MOVING,8.752,4.000,33.524,"GoalBlock{x=12,y=4,z=36}",11,4,MovementFall,208,52,52,,
3931,0,Husk,T3/44,MOVING,9.075,4.000,33.515,"GoalBlock{x=12,y=4,z=36}",11,4,MovementFall,208,52,52,,
3932,0,Husk,T3/44,MOVING,9.365,4.000,33.566,"GoalBlock{x=12,y=4,z=36}",11,7,MovementDiagonal,208,52,52,,
3933,0,Husk,T3/44,MOVING,9.622,4.000,33.675,"GoalBlock{x=12,y=4,z=36}",11,7,MovementDiagonal,208,52,52,,
3934,0,Husk,T3/44,MOVING,9.855,4.000,33.822,"GoalBlock{x=12,y=4,z=36}",11,7,MovementDiagonal,208,52,52,,
3935,0,Husk,T3/44,MOVING,10.070,4.000,33.994,"GoalBlock{x=12,y=4,z=36}",11,7,MovementDiagonal,208,52,52,,
3936,0,Husk,T3/44,MOVING,10.270,4.000,34.185,"GoalBlock{x=12,y=4,z=36}",11,7,MovementDiagonal,208,52,52,,
3937,0,Husk,T3/44,MOVING,10.466,4.000,34.383,"GoalBlock{x=12,y=4,z=36}",11,8,MovementDiagonal,208,52,52,,
3938,0,Husk,T3/44,MOVING,10.660,4.000,34.584,"GoalBlock{x=12,y=4,z=36}",11,8,MovementDiagonal,208,52,52,,
3939,0,Husk,T3/44,MOVING,10.852,4.000,34.788,"GoalBlock{x=12,y=4,z=36}",11,8,MovementDiagonal,208,52,52,,
3940,0,Husk,T3/44,MOVING,11.042,4.000,34.993,"GoalBlock{x=12,y=4,z=36}",11,8,MovementDiagonal,208,52,52,,
3941,0,Husk,T3/44,MOVING,11.232,4.000,35.200,"GoalBlock{x=12,y=4,z=36}",11,8,MovementDiagonal,208,52,52,,
3942,0,Husk,T3/44,MOVING,11.424,4.000,35.404,"GoalBlock{x=12,y=4,z=36}",11,9,MovementDiagonal,208,52,52,,
3943,0,Husk,T3/44,MOVING,11.618,4.000,35.607,"GoalBlock{x=12,y=4,z=36}",11,9,MovementDiagonal,208,52,52,,
3944,0,Husk,T3/44,MOVING,11.814,4.000,35.808,"GoalBlock{x=12,y=4,z=36}",11,9,MovementDiagonal,208,52,52,,
3945,0,Husk,T3/44,MOVING,12.010,4.000,36.008,"GoalBlock{x=12,y=4,z=36}",11,9,MovementDiagonal,208,52,52,,
3946,0,Husk,T3/44,ARRIVED,12.118,4.000,36.117,,-1,-1,,208,52,52,,CANCELED
3947,0,Husk,T3/45,ARRIVED,0.500,4.000,48.500,,-1,-1,,208,52,52,,CANCELED|CANCELED
3948,0,Husk,T3/45,ARRIVED,0.500,4.000,48.500,,-1,-1,,208,52,52,,
3949,0,Husk,T3/45,ARRIVED,0.500,4.000,48.500,,-1,-1,,208,52,52,,
3950,0,Husk,T3/45,ARRIVED,0.500,4.000,48.500,,-1,-1,,208,52,52,,
3951,0,Husk,T3/45,ARRIVED,0.500,4.000,48.500,,-1,-1,,208,52,52,,
3952,0,Husk,T3/45,ARRIVED,0.500,4.000,48.500,,-1,-1,,208,52,52,,
3953,0,Husk,T3/45,ARRIVED,0.500,4.000,48.500,,-1,-1,,208,52,52,,
3954,0,Husk,T3/45,ARRIVED,0.500,4.000,48.500,,-1,-1,,208,52,52,,
3955,0,Husk,T3/45,ARRIVED,0.500,4.000,48.500,,-1,-1,,208,52,52,,
3956,0,Husk,T3/45,ARRIVED,0.500,4.000,48.500,,-1,-1,,208,52,52,,
3957,0,Husk,T3/45,SEARCHING,0.500,4.000,48.500,"GoalBlock{x=5,y=4,z=53}",-1,-1,,208,53,53,,CALC_STARTED
3958,0,Husk,T3/45,MOVING,0.610,4.000,48.564,"GoalBlock{x=5,y=4,z=53}",7,0,MovementTraverse,142,53,53,,CALC_FINISHED_NOW_EXECUTING
3959,0,Husk,T3/45,MOVING,0.700,4.000,48.709,"GoalBlock{x=5,y=4,z=53}",7,0,MovementTraverse,142,53,53,,
3960,0,Husk,T3/45,MOVING,0.700,4.000,48.915,"GoalBlock{x=5,y=4,z=53}",7,0,MovementTraverse,142,53,53,,
3961,0,Husk,T3/45,MOVING,0.659,4.000,49.149,"GoalBlock{x=5,y=4,z=53}",7,0,MovementTraverse,142,53,53,,
3962,0,Husk,T3/45,MOVING,0.661,4.000,49.401,"GoalBlock{x=5,y=4,z=53}",7,1,MovementDiagonal,142,53,53,,
3963,0,Husk,T3/45,MOVING,0.738,4.000,49.640,"GoalBlock{x=5,y=4,z=53}",7,1,MovementDiagonal,142,53,53,,
3964,0,Husk,T3/45,MOVING,0.865,4.000,49.866,"GoalBlock{x=5,y=4,z=53}",7,1,MovementDiagonal,142,53,53,,
3965,0,Husk,T3/45,MOVING,1.024,4.000,50.079,"GoalBlock{x=5,y=4,z=53}",7,1,MovementDiagonal,142,53,53,,
3966,0,Husk,T3/45,MOVING,1.203,4.000,50.284,"GoalBlock{x=5,y=4,z=53}",7,2,MovementDiagonal,142,53,53,,
3967,0,Husk,T3/45,MOVING,1.394,4.000,50.483,"GoalBlock{x=5,y=4,z=53}",7,2,MovementDiagonal,142,53,53,,
3968,0,Husk,T3/45,MOVING,1.591,4.000,50.678,"GoalBlock{x=5,y=4,z=53}",7,2,MovementDiagonal,142,53,53,,
3969,0,Husk,T3/45,MOVING,1.794,4.000,50.870,"GoalBlock{x=5,y=4,z=53}",7,2,MovementDiagonal,142,53,53,,
3970,0,Husk,T3/45,MOVING,2.000,4.000,51.059,"GoalBlock{x=5,y=4,z=53}",7,2,MovementDiagonal,142,53,53,,
3971,0,Husk,T3/45,MOVING,2.207,4.000,51.247,"GoalBlock{x=5,y=4,z=53}",7,2,MovementDiagonal,142,53,53,,
3972,0,Husk,T3/45,MOVING,2.412,4.000,51.438,"GoalBlock{x=5,y=4,z=53}",7,3,MovementDiagonal,142,53,53,,
3973,0,Husk,T3/45,MOVING,2.615,4.000,51.632,"GoalBlock{x=5,y=4,z=53}",7,3,MovementDiagonal,142,53,53,,
3974,0,Husk,T3/45,MOVING,2.817,4.000,51.826,"GoalBlock{x=5,y=4,z=53}",7,3,MovementDiagonal,142,53,53,,
3975,0,Husk,T3/45,MOVING,3.018,4.000,52.022,"GoalBlock{x=5,y=4,z=53}",7,3,MovementDiagonal,142,53,53,,
3976,0,Husk,T3/45,MOVING,3.218,4.000,52.219,"GoalBlock{x=5,y=4,z=53}",7,4,MovementDiagonal,142,53,53,,
3977,0,Husk,T3/45,MOVING,3.417,4.000,52.417,"GoalBlock{x=5,y=4,z=53}",7,4,MovementDiagonal,142,53,53,,
3978,0,Husk,T3/45,MOVING,3.616,4.000,52.615,"GoalBlock{x=5,y=4,z=53}",7,4,MovementDiagonal,142,53,53,,
3979,0,Husk,T3/45,MOVING,3.815,4.000,52.813,"GoalBlock{x=5,y=4,z=53}",7,4,MovementDiagonal,142,53,53,,
3980,0,Husk,T3/45,MOVING,4.013,4.000,53.011,"GoalBlock{x=5,y=4,z=53}",7,4,MovementDiagonal,142,53,53,,
3981,0,Husk,T3/45,MOVING,4.242,4.000,53.159,"GoalBlock{x=5,y=4,z=53}",7,5,MovementTraverse,142,53,53,,
3982,0,Husk,T3/45,MOVING,4.491,4.000,53.274,"GoalBlock{x=5,y=4,z=53}",7,5,MovementTraverse,142,53,53,,
3983,0,Husk,T3/45,MOVING,4.700,4.000,53.364,"GoalBlock{x=5,y=4,z=53}",7,5,MovementTraverse,142,53,53,,
3984,0,Husk,T3/45,MOVING,4.826,4.000,53.434,"GoalBlock{x=5,y=4,z=53}",7,5,MovementTraverse,142,53,53,,
3985,0,Husk,T3/45,MOVING,5.021,4.000,53.485,"GoalBlock{x=5,y=4,z=53}",7,5,MovementTraverse,142,53,53,,
3986,0,Husk,T3/45,ARRIVED,5.128,4.000,53.513,,-1,-1,,142,53,53,,CANCELED
3987,0,Husk,T3/46,ARRIVED,0.500,4.000,60.500,,-1,-1,,142,53,53,,CANCELED|CANCELED
3988,0,Husk,T3/46,ARRIVED,0.500,4.000,60.500,,-1,-1,,142,53,53,,
3989,0,Husk,T3/46,ARRIVED,0.500,4.000,60.500,,-1,-1,,142,53,53,,
3990,0,Husk,T3/46,ARRIVED,0.500,4.000,60.500,,-1,-1,,142,53,53,,
3991,0,Husk,T3/46,ARRIVED,0.500,4.000,60.500,,-1,-1,,142,53,53,,
3992,0,Husk,T3/46,ARRIVED,0.500,4.000,60.500,,-1,-1,,142,53,53,,
3993,0,Husk,T3/46,ARRIVED,0.500,4.000,60.500,,-1,-1,,142,53,53,,
3994,0,Husk,T3/46,ARRIVED,0.500,4.000,60.500,,-1,-1,,142,53,53,,
3995,0,Husk,T3/46,ARRIVED,0.500,4.000,60.500,,-1,-1,,142,53,53,,
3996,0,Husk,T3/46,ARRIVED,0.500,4.000,60.500,,-1,-1,,142,53,53,,
3997,0,Husk,T3/46,SEARCHING,0.500,4.000,60.500,"GoalBlock{x=11,y=4,z=60}",-1,-1,,142,54,54,,CALC_STARTED
3998,0,Husk,T3/46,MOVING,0.627,4.000,60.500,"GoalBlock{x=11,y=4,z=60}",12,0,MovementTraverse,96,54,54,,CALC_FINISHED_NOW_EXECUTING
3999,0,Husk,T3/46,MOVING,0.824,4.000,60.500,"GoalBlock{x=11,y=4,z=60}",12,0,MovementTraverse,96,54,54,,
4000,0,Husk,T3/46,MOVING,1.059,4.000,60.500,"GoalBlock{x=11,y=4,z=60}",12,0,MovementTraverse,96,54,54,,
4001,0,Husk,T3/46,MOVING,1.315,4.000,60.500,"GoalBlock{x=11,y=4,z=60}",12,1,MovementTraverse,96,54,54,,
4002,0,Husk,T3/46,MOVING,1.582,4.000,60.500,"GoalBlock{x=11,y=4,z=60}",12,1,MovementTraverse,96,54,54,,
4003,0,Husk,T3/46,MOVING,1.855,4.000,60.500,"GoalBlock{x=11,y=4,z=60}",12,1,MovementTraverse,96,54,54,,
4004,0,Husk,T3/46,MOVING,2.132,4.000,60.500,"GoalBlock{x=11,y=4,z=60}",12,1,MovementTraverse,96,54,54,,
4005,0,Husk,T3/46,MOVING,2.410,4.000,60.500,"GoalBlock{x=11,y=4,z=60}",12,2,MovementTraverse,96,54,54,,
4006,0,Husk,T3/46,MOVING,2.690,4.000,60.500,"GoalBlock{x=11,y=4,z=60}",12,2,MovementTraverse,96,54,54,,
4007,0,Husk,T3/46,MOVING,2.969,4.000,60.500,"GoalBlock{x=11,y=4,z=60}",12,2,MovementTraverse,96,54,54,,
4008,0,Husk,T3/46,MOVING,3.250,4.000,60.500,"GoalBlock{x=11,y=4,z=60}",12,2,MovementTraverse,96,54,54,,
4009,0,Husk,T3/46,MOVING,3.530,4.000,60.500,"GoalBlock{x=11,y=4,z=60}",12,3,MovementTraverse,96,54,54,,
4010,0,Husk,T3/46,MOVING,3.811,4.000,60.500,"GoalBlock{x=11,y=4,z=60}",12,3,MovementTraverse,96,54,54,,
4011,0,Husk,T3/46,MOVING,4.091,4.000,60.500,"GoalBlock{x=11,y=4,z=60}",12,3,MovementTraverse,96,54,54,,
4012,0,Husk,T3/46,MOVING,4.372,4.000,60.500,"GoalBlock{x=11,y=4,z=60}",12,4,MovementTraverse,96,54,54,,
4013,0,Husk,T3/46,MOVING,4.652,4.000,60.500,"GoalBlock{x=11,y=4,z=60}",12,4,MovementTraverse,96,54,54,,
4014,0,Husk,T3/46,MOVING,4.933,4.000,60.500,"GoalBlock{x=11,y=4,z=60}",12,4,MovementTraverse,96,54,54,,
4015,0,Husk,T3/46,MOVING,5.214,4.000,60.500,"GoalBlock{x=11,y=4,z=60}",12,4,MovementTraverse,96,54,54,,
4016,0,Husk,T3/46,MOVING,5.494,4.000,60.500,"GoalBlock{x=11,y=4,z=60}",12,5,MovementTraverse,96,54,54,,
4017,0,Husk,T3/46,MOVING,5.775,4.000,60.500,"GoalBlock{x=11,y=4,z=60}",12,5,MovementTraverse,96,54,54,,
4018,0,Husk,T3/46,MOVING,6.055,4.000,60.500,"GoalBlock{x=11,y=4,z=60}",12,5,MovementTraverse,96,54,54,,
4019,0,Husk,T3/46,MOVING,6.336,4.000,60.500,"GoalBlock{x=11,y=4,z=60}",12,6,MovementTraverse,96,54,54,,
4020,0,Husk,T3/46,MOVING,6.617,4.000,60.500,"GoalBlock{x=11,y=4,z=60}",12,6,MovementTraverse,96,54,54,,
4021,0,Husk,T3/46,MOVING,6.897,4.000,60.500,"GoalBlock{x=11,y=4,z=60}",12,6,MovementTraverse,96,54,54,,
4022,0,Husk,T3/46,MOVING,7.178,4.000,60.500,"GoalBlock{x=11,y=4,z=60}",12,6,MovementTraverse,96,54,54,,
4023,0,Husk,T3/46,MOVING,7.459,4.000,60.500,"GoalBlock{x=11,y=4,z=60}",12,7,MovementTraverse,96,54,54,,
4024,0,Husk,T3/46,MOVING,7.739,4.000,60.500,"GoalBlock{x=11,y=4,z=60}",12,7,MovementTraverse,96,54,54,,
4025,0,Husk,T3/46,MOVING,8.020,4.000,60.500,"GoalBlock{x=11,y=4,z=60}",12,7,MovementTraverse,96,54,54,,
4026,0,Husk,T3/46,MOVING,8.300,4.000,60.500,"GoalBlock{x=11,y=4,z=60}",12,8,MovementTraverse,96,54,54,,
4027,0,Husk,T3/46,MOVING,8.581,4.000,60.500,"GoalBlock{x=11,y=4,z=60}",12,8,MovementTraverse,96,54,54,,
4028,0,Husk,T3/46,MOVING,8.862,4.000,60.500,"GoalBlock{x=11,y=4,z=60}",12,8,MovementTraverse,96,54,54,,
4029,0,Husk,T3/46,MOVING,9.142,4.000,60.500,"GoalBlock{x=11,y=4,z=60}",12,8,MovementTraverse,96,54,54,,
4030,0,Husk,T3/46,MOVING,9.423,4.000,60.500,"GoalBlock{x=11,y=4,z=60}",12,9,MovementTraverse,96,54,54,,
4031,0,Husk,T3/46,MOVING,9.703,4.000,60.500,"GoalBlock{x=11,y=4,z=60}",12,9,MovementTraverse,96,54,54,,
4032,0,Husk,T3/46,MOVING,9.984,4.000,60.500,"GoalBlock{x=11,y=4,z=60}",12,9,MovementTraverse,96,54,54,,
4033,0,Husk,T3/46,MOVING,10.265,4.000,60.500,"GoalBlock{x=11,y=4,z=60}",12,9,MovementTraverse,96,54,54,,
4034,0,Husk,T3/46,MOVING,10.545,4.000,60.500,"GoalBlock{x=11,y=4,z=60}",12,10,MovementTraverse,96,54,54,,
4035,0,Husk,T3/46,MOVING,10.826,4.000,60.500,"GoalBlock{x=11,y=4,z=60}",12,10,MovementTraverse,96,54,54,,
4036,0,Husk,T3/46,MOVING,11.107,4.000,60.500,"GoalBlock{x=11,y=4,z=60}",12,10,MovementTraverse,96,54,54,,
4037,0,Husk,T3/46,ARRIVED,11.260,4.000,60.500,,-1,-1,,96,54,54,,CANCELED
4038,0,Husk,T3/47,ARRIVED,0.500,4.000,72.500,,-1,-1,,96,54,54,,CANCELED|CANCELED
4039,0,Husk,T3/47,ARRIVED,0.500,4.000,72.500,,-1,-1,,96,54,54,,
4040,0,Husk,T3/47,ARRIVED,0.500,4.000,72.500,,-1,-1,,96,54,54,,
4041,0,Husk,T3/47,ARRIVED,0.500,4.000,72.500,,-1,-1,,96,54,54,,
4042,0,Husk,T3/47,ARRIVED,0.500,4.000,72.500,,-1,-1,,96,54,54,,
4043,0,Husk,T3/47,ARRIVED,0.500,4.000,72.500,,-1,-1,,96,54,54,,
4044,0,Husk,T3/47,ARRIVED,0.500,4.000,72.500,,-1,-1,,96,54,54,,
4045,0,Husk,T3/47,ARRIVED,0.500,4.000,72.500,,-1,-1,,96,54,54,,
4046,0,Husk,T3/47,ARRIVED,0.500,4.000,72.500,,-1,-1,,96,54,54,,
4047,0,Husk,T3/47,ARRIVED,0.500,4.000,72.500,,-1,-1,,96,54,54,,
4048,0,Husk,T3/47,SEARCHING,0.500,4.000,72.500,"GoalBlock{x=20,y=4,z=72}",-1,-1,,96,55,55,,CALC_STARTED
4049,0,Husk,T3/47,MOVING,0.627,4.000,72.500,"GoalBlock{x=20,y=4,z=72}",21,0,MovementTraverse,262,55,55,,CALC_FINISHED_NOW_EXECUTING
4050,0,Husk,T3/47,MOVING,0.824,4.000,72.500,"GoalBlock{x=20,y=4,z=72}",21,0,MovementTraverse,262,55,55,,
4051,0,Husk,T3/47,MOVING,1.059,4.000,72.500,"GoalBlock{x=20,y=4,z=72}",21,0,MovementTraverse,262,55,55,,
4052,0,Husk,T3/47,MOVING,1.315,4.000,72.500,"GoalBlock{x=20,y=4,z=72}",21,1,MovementTraverse,262,55,55,,
4053,0,Husk,T3/47,MOVING,1.582,4.000,72.500,"GoalBlock{x=20,y=4,z=72}",21,1,MovementTraverse,262,55,55,,
4054,0,Husk,T3/47,MOVING,1.855,4.000,72.500,"GoalBlock{x=20,y=4,z=72}",21,1,MovementTraverse,262,55,55,,
4055,0,Husk,T3/47,MOVING,2.132,4.000,72.500,"GoalBlock{x=20,y=4,z=72}",21,1,MovementTraverse,262,55,55,,
4056,0,Husk,T3/47,MOVING,2.410,4.000,72.500,"GoalBlock{x=20,y=4,z=72}",21,2,MovementTraverse,262,55,55,,
4057,0,Husk,T3/47,MOVING,2.690,4.000,72.500,"GoalBlock{x=20,y=4,z=72}",21,2,MovementTraverse,262,55,55,,
4058,0,Husk,T3/47,MOVING,2.969,4.000,72.500,"GoalBlock{x=20,y=4,z=72}",21,2,MovementTraverse,262,55,55,,
4059,0,Husk,T3/47,MOVING,3.250,4.000,72.500,"GoalBlock{x=20,y=4,z=72}",21,2,MovementTraverse,262,55,55,,
4060,0,Husk,T3/47,MOVING,3.530,4.000,72.500,"GoalBlock{x=20,y=4,z=72}",21,3,MovementTraverse,262,55,55,,
4061,0,Husk,T3/47,MOVING,3.811,4.000,72.500,"GoalBlock{x=20,y=4,z=72}",21,3,MovementTraverse,262,55,55,,
4062,0,Husk,T3/47,MOVING,4.091,4.000,72.500,"GoalBlock{x=20,y=4,z=72}",21,3,MovementTraverse,262,55,55,,
4063,0,Husk,T3/47,MOVING,4.372,4.000,72.500,"GoalBlock{x=20,y=4,z=72}",21,4,MovementTraverse,262,55,55,,
4064,0,Husk,T3/47,MOVING,4.652,4.000,72.500,"GoalBlock{x=20,y=4,z=72}",21,4,MovementTraverse,262,55,55,,
4065,0,Husk,T3/47,MOVING,4.933,4.000,72.500,"GoalBlock{x=20,y=4,z=72}",21,4,MovementTraverse,262,55,55,,
4066,0,Husk,T3/47,MOVING,5.214,4.000,72.500,"GoalBlock{x=20,y=4,z=72}",21,4,MovementTraverse,262,55,55,,
4067,0,Husk,T3/47,MOVING,5.477,4.000,72.436,"GoalBlock{x=20,y=4,z=72}",21,5,MovementDiagonal,262,55,55,,
4068,0,Husk,T3/47,MOVING,5.715,4.000,72.316,"GoalBlock{x=20,y=4,z=72}",21,5,MovementDiagonal,262,55,55,,
4069,0,Husk,T3/47,MOVING,5.933,4.000,72.158,"GoalBlock{x=20,y=4,z=72}",21,5,MovementDiagonal,262,55,55,,
4070,0,Husk,T3/47,MOVING,6.136,4.000,71.975,"GoalBlock{x=20,y=4,z=72}",21,5,MovementDiagonal,262,55,55,,
4071,0,Husk,T3/47,MOVING,6.333,4.000,71.782,"GoalBlock{x=20,y=4,z=72}",21,6,MovementDiagonal,262,55,55,,
4072,0,Husk,T3/47,MOVING,6.526,4.000,71.582,"GoalBlock{x=20,y=4,z=72}",21,6,MovementDiagonal,262,55,55,,
4073,0,Husk,T3/47,MOVING,6.717,4.000,71.378,"GoalBlock{x=20,y=4,z=72}",21,6,MovementDiagonal,262,55,55,,
4074,0,Husk,T3/47,MOVING,6.906,4.000,71.172,"GoalBlock{x=20,y=4,z=72}",21,6,MovementDiagonal,262,55,55,,
4075,0,Husk,T3/47,MOVING,7.093,4.000,70.964,"GoalBlock{x=20,y=4,z=72}",21,6,MovementDiagonal,262,55,55,,
4076,0,Husk,T3/47,MOVING,7.284,4.000,70.759,"GoalBlock{x=20,y=4,z=72}",21,7,MovementDiagonal,262,55,55,,
4077,0,Husk,T3/47,MOVING,7.477,4.000,70.555,"GoalBlock{x=20,y=4,z=72}",21,7,MovementDiagonal,262,55,55,,
4078,0,Husk,T3/47,MOVING,7.670,4.000,70.352,"GoalBlock{x=20,y=4,z=72}",21,7,MovementDiagonal,262,55,55,,
4079,0,Husk,T3/47,MOVING,7.865,4.000,70.150,"GoalBlock{x=20,y=4,z=72}",21,7,MovementDiagonal,262,55,55,,
4080,0,Husk,T3/47,MOVING,8.061,4.000,69.949,"GoalBlock{x=20,y=4,z=72}",21,7,MovementDiagonal,262,55,55,,
4081,0,Husk,T3/47,MOVING,8.257,4.000,69.748,"GoalBlock{x=20,y=4,z=72}",21,8,MovementDiagonal,262,55,55,,
4082,0,Husk,T3/47,MOVING,8.454,4.000,69.549,"GoalBlock{x=20,y=4,z=72}",21,8,MovementDiagonal,262,55,55,,
4083,0,Husk,T3/47,MOVING,8.652,4.000,69.349,"GoalBlock{x=20,y=4,z=72}",21,8,MovementDiagonal,262,55,55,,
4084,0,Husk,T3/47,MOVING,8.850,4.000,69.151,"GoalBlock{x=20,y=4,z=72}",21,8,MovementDiagonal,262,55,55,,
4085,0,Husk,T3/47,MOVING,9.048,4.000,68.952,"GoalBlock{x=20,y=4,z=72}",21,8,MovementDiagonal,262,55,55,,
4086,0,Husk,T3/47,MOVING,9.278,4.000,68.805,"GoalBlock{x=20,y=4,z=72}",21,9,MovementTraverse,262,55,55,,
4087,0,Husk,T3/47,MOVING,9.527,4.000,68.695,"GoalBlock{x=20,y=4,z=72}",21,9,MovementTraverse,262,55,55,,
4088,0,Husk,T3/47,MOVING,9.788,4.000,68.609,"GoalBlock{x=20,y=4,z=72}",21,9,MovementTraverse,262,55,55,,
4089,0,Husk,T3/47,MOVING,10.056,4.000,68.543,"GoalBlock{x=20,y=4,z=72}",21,9,MovementTraverse,262,55,55,,
4090,0,Husk,T3/47,MOVING,10.330,4.000,68.503,"GoalBlock{x=20,y=4,z=72}",21,10,MovementTraverse,262,55,55,,
4091,0,Husk,T3/47,MOVING,10.607,4.000,68.481,"GoalBlock{x=20,y=4,z=72}",21,10,MovementTraverse,262,55,55,,
4092,0,Husk,T3/47,MOVING,10.886,4.000,68.472,"GoalBlock{x=20,y=4,z=72}",21,10,MovementTraverse,262,55,55,,
4093,0,Husk,T3/47,MOVING,11.165,4.000,68.473,"GoalBlock{x=20,y=4,z=72}",21,10,MovementTraverse,262,55,55,,
4094,0,Husk,T3/47,MOVING,11.445,4.000,68.475,"GoalBlock{x=20,y=4,z=72}",21,11,MovementTraverse,262,55,55,,
4095,0,Husk,T3/47,MOVING,11.725,4.000,68.478,"GoalBlock{x=20,y=4,z=72}",21,11,MovementTraverse,262,55,55,,
4096,0,Husk,T3/47,MOVING,12.005,4.000,68.482,"GoalBlock{x=20,y=4,z=72}",21,11,MovementTraverse,262,55,55,,
4097,0,Husk,T3/47,MOVING,12.286,4.000,68.483,"GoalBlock{x=20,y=4,z=72}",21,12,MovementTraverse,262,55,55,,
4098,0,Husk,T3/47,MOVING,12.566,4.000,68.485,"GoalBlock{x=20,y=4,z=72}",21,12,MovementTraverse,262,55,55,,
4099,0,Husk,T3/47,MOVING,12.847,4.000,68.487,"GoalBlock{x=20,y=4,z=72}",21,12,MovementTraverse,262,55,55,,
4100,0,Husk,T3/47,MOVING,13.127,4.000,68.490,"GoalBlock{x=20,y=4,z=72}",21,12,MovementTraverse,262,55,55,,
4101,0,Husk,T3/47,MOVING,13.408,4.000,68.491,"GoalBlock{x=20,y=4,z=72}",21,13,MovementTraverse,262,55,55,,
4102,0,Husk,T3/47,MOVING,13.689,4.000,68.492,"GoalBlock{x=20,y=4,z=72}",21,13,MovementTraverse,262,55,55,,
4103,0,Husk,T3/47,MOVING,13.969,4.000,68.493,"GoalBlock{x=20,y=4,z=72}",21,13,MovementTraverse,262,55,55,,
4104,0,Husk,T3/47,MOVING,14.250,4.000,68.495,"GoalBlock{x=20,y=4,z=72}",21,13,MovementTraverse,262,55,55,,
4105,0,Husk,T3/47,MOVING,14.530,4.000,68.495,"GoalBlock{x=20,y=4,z=72}",21,14,MovementTraverse,262,55,55,,
4106,0,Husk,T3/47,MOVING,14.811,4.000,68.496,"GoalBlock{x=20,y=4,z=72}",21,14,MovementTraverse,262,55,55,,
4107,0,Husk,T3/47,MOVING,15.092,4.000,68.497,"GoalBlock{x=20,y=4,z=72}",21,14,MovementTraverse,262,55,55,,
4108,0,Husk,T3/47,MOVING,15.372,4.000,68.497,"GoalBlock{x=20,y=4,z=72}",21,15,MovementTraverse,262,55,55,,
4109,0,Husk,T3/47,MOVING,15.653,4.000,68.497,"GoalBlock{x=20,y=4,z=72}",21,15,MovementTraverse,262,55,55,,
4110,0,Husk,T3/47,MOVING,15.933,4.000,68.498,"GoalBlock{x=20,y=4,z=72}",21,15,MovementTraverse,262,55,55,,
4111,0,Husk,T3/47,MOVING,16.214,4.000,68.498,"GoalBlock{x=20,y=4,z=72}",21,15,MovementTraverse,262,55,55,,
4112,0,Husk,T3/47,MOVING,16.477,4.000,68.562,"GoalBlock{x=20,y=4,z=72}",21,16,MovementDiagonal,262,55,55,,
4113,0,Husk,T3/47,MOVING,16.715,4.000,68.683,"GoalBlock{x=20,y=4,z=72}",21,16,MovementDiagonal,262,55,55,,
4114,0,Husk,T3/47,MOVING,16.933,4.000,68.841,"GoalBlock{x=20,y=4,z=72}",21,16,MovementDiagonal,262,55,55,,
4115,0,Husk,T3/47,MOVING,17.135,4.000,69.024,"GoalBlock{x=20,y=4,z=72}",21,16,MovementDiagonal,262,55,55,,
4116,0,Husk,T3/47,MOVING,17.332,4.000,69.218,"GoalBlock{x=20,y=4,z=72}",21,17,MovementDiagonal,262,55,55,,
4117,0,Husk,T3/47,MOVING,17.525,4.000,69.417,"GoalBlock{x=20,y=4,z=72}",21,17,MovementDiagonal,262,55,55,,
4118,0,Husk,T3/47,MOVING,17.716,4.000,69.621,"GoalBlock{x=20,y=4,z=72}",21,17,MovementDiagonal,262,55,55,,
4119,0,Husk,T3/47,MOVING,17.905,4.000,69.827,"GoalBlock{x=20,y=4,z=72}",21,17,MovementDiagonal,262,55,55,,
4120,0,Husk,T3/47,MOVING,18.093,4.000,70.035,"GoalBlock{x=20,y=4,z=72}",21,17,MovementDiagonal,262,55,55,,
4121,0,Husk,T3/47,MOVING,18.283,4.000,70.241,"GoalBlock{x=20,y=4,z=72}",21,18,MovementDiagonal,262,55,55,,
4122,0,Husk,T3/47,MOVING,18.476,4.000,70.445,"GoalBlock{x=20,y=4,z=72}",21,18,MovementDiagonal,262,55,55,,
4123,0,Husk,T3/47,MOVING,18.670,4.000,70.647,"GoalBlock{x=20,y=4,z=72}",21,18,MovementDiagonal,262,55,55,,
4124,0,Husk,T3/47,MOVING,18.865,4.000,70.849,"GoalBlock{x=20,y=4,z=72}",21,18,MovementDiagonal,262,55,55,,
4125,0,Husk,T3/47,MOVING,19.060,4.000,71.051,"GoalBlock{x=20,y=4,z=72}",21,18,MovementDiagonal,262,55,55,,
4126,0,Husk,T3/47,MOVING,19.256,4.000,71.251,"GoalBlock{x=20,y=4,z=72}",21,19,MovementDiagonal,262,55,55,,
4127,0,Husk,T3/47,MOVING,19.453,4.000,71.451,"GoalBlock{x=20,y=4,z=72}",21,19,MovementDiagonal,262,55,55,,
4128,0,Husk,T3/47,MOVING,19.651,4.000,71.650,"GoalBlock{x=20,y=4,z=72}",21,19,MovementDiagonal,262,55,55,,
4129,0,Husk,T3/47,MOVING,19.849,4.000,71.849,"GoalBlock{x=20,y=4,z=72}",21,19,MovementDiagonal,262,55,55,,
4130,0,Husk,T3/47,MOVING,20.047,4.000,72.048,"GoalBlock{x=20,y=4,z=72}",21,19,MovementDiagonal,262,55,55,,
4131,0,Husk,T3/47,ARRIVED,20.155,4.000,72.156,,-1,-1,,262,55,55,,CANCELED
4132,0,Husk,T3/48,ARRIVED,20.500,4.000,84.500,,-1,-1,,262,55,55,,CANCELED|CANCELED
4133,0,Husk,T3/48,ARRIVED,20.500,4.000,84.500,,-1,-1,,262,55,55,,
4134,0,Husk,T3/48,ARRIVED,20.500,4.000,84.500,,-1,-1,,262,55,55,,
4135,0,Husk,T3/48,ARRIVED,20.500,4.000,84.500,,-1,-1,,262,55,55,,
4136,0,Husk,T3/48,ARRIVED,20.500,4.000,84.500,,-1,-1,,262,55,55,,
4137,0,Husk,T3/48,ARRIVED,20.500,4.000,84.500,,-1,-1,,262,55,55,,
4138,0,Husk,T3/48,ARRIVED,20.500,4.000,84.500,,-1,-1,,262,55,55,,
4139,0,Husk,T3/48,ARRIVED,20.500,4.000,84.500,,-1,-1,,262,55,55,,
4140,0,Husk,T3/48,ARRIVED,20.500,4.000,84.500,,-1,-1,,262,55,55,,
4141,0,Husk,T3/48,ARRIVED,20.500,4.000,84.500,,-1,-1,,262,55,55,,
4142,0,Husk,T3/48,SEARCHING,20.500,4.000,84.500,"GoalBlock{x=8,y=4,z=84}",-1,-1,,262,56,56,,CALC_STARTED
4143,0,Husk,T3/48,MOVING,20.610,4.000,84.436,"GoalBlock{x=8,y=4,z=84}",13,0,MovementTraverse,116,56,56,,CALC_FINISHED_NOW_EXECUTING
4144,0,Husk,T3/48,MOVING,20.734,4.000,84.291,"GoalBlock{x=8,y=4,z=84}",13,0,MovementTraverse,116,56,56,,
4145,0,Husk,T3/48,MOVING,20.802,4.000,84.085,"GoalBlock{x=8,y=4,z=84}",13,0,MovementTraverse,116,56,56,,
4146,0,Husk,T3/48,MOVING,20.775,4.000,83.861,"GoalBlock{x=8,y=4,z=84}",13,0,MovementTraverse,116,56,56,,
4147,0,Husk,T3/48,MOVING,20.650,4.000,83.676,"GoalBlock{x=8,y=4,z=84}",13,0,MovementTraverse,116,56,56,,
4148,0,Husk,T3/48,MOVING,20.455,4.000,83.575,"GoalBlock{x=8,y=4,z=84}",13,0,MovementTraverse,116,56,56,,
4149,0,Husk,T3/48,MOVING,20.238,4.000,83.583,"GoalBlock{x=8,y=4,z=84}",13,0,MovementTraverse,116,56,56,,
4150,0,Husk,T3/48,MOVING,20.039,4.000,83.687,"GoalBlock{x=8,y=4,z=84}",13,0,MovementTraverse,116,56,56,,
4151,0,Husk,T3/48,MOVING,19.860,4.000,83.850,"GoalBlock{x=8,y=4,z=84}",13,0,MovementTraverse,116,56,56,,
4152,0,Husk,T3/48,MOVING,19.701,4.000,84.050,"GoalBlock{x=8,y=4,z=84}",13,0,MovementTraverse,116,56,56,,
4153,0,Husk,T3/48,MOVING,19.505,4.000,84.225,"GoalBlock{x=8,y=4,z=84}",13,1,MovementTraverse,116,56,56,,
4154,0,Husk,T3/48,MOVING,19.275,4.000,84.354,"GoalBlock{x=8,y=4,z=84}",13,1,MovementTraverse,116,56,56,,
4155,0,Husk,T3/48,MOVING,19.024,4.000,84.448,"GoalBlock{x=8,y=4,z=84}",13,1,MovementTraverse,116,56,56,,
4156,0,Husk,T3/48,MOVING,18.760,4.000,84.512,"GoalBlock{x=8,y=4,z=84}",13,1,MovementTraverse,116,56,56,,
4157,0,Husk,T3/48,MOVING,18.489,4.000,84.546,"GoalBlock{x=8,y=4,z=84}",13,2,MovementTraverse,116,56,56,,
4158,0,Husk,T3/48,MOVING,18.214,4.000,84.558,"GoalBlock{x=8,y=4,z=84}",13,2,MovementTraverse,116,56,56,,
4159,0,Husk,T3/48,MOVING,17.936,4.000,84.555,"GoalBlock{x=8,y=4,z=84}",13,2,MovementTraverse,116,56,56,,
4160,0,Husk,T3/48,MOVING,17.657,4.000,84.550,"GoalBlock{x=8,y=4,z=84}",13,3,MovementTraverse,116,56,56,,
4161,0,Husk,T3/48,MOVING,17.378,4.000,84.544,"GoalBlock{x=8,y=4,z=84}",13,3,MovementTraverse,116,56,56,,
4162,0,Husk,T3/48,MOVING,17.098,4.000,84.538,"GoalBlock{x=8,y=4,z=84}",13,3,MovementTraverse,116,56,56,,
4163,0,Husk,T3/48,MOVING,16.818,4.000,84.526,"GoalBlock{x=8,y=4,z=84}",13,3,MovementTraverse,116,56,56,,
4164,0,Husk,T3/48,MOVING,16.538,4.000,84.517,"GoalBlock{x=8,y=4,z=84}",13,4,MovementTraverse,116,56,56,,
4165,0,Husk,T3/48,MOVING,16.258,4.000,84.510,"GoalBlock{x=8,y=4,z=84}",13,4,MovementTraverse,116,56,56,,
4166,0,Husk,T3/48,MOVING,15.977,4.000,84.505,"GoalBlock{x=8,y=4,z=84}",13,4,MovementTraverse,116,56,56,,
4167,0,Husk,T3/48,MOVING,15.697,4.000,84.501,"GoalBlock{x=8,y=4,z=84}",13,5,MovementTraverse,116,56,56,,
4168,0,Husk,T3/48,MOVING,15.416,4.000,84.501,"GoalBlock{x=8,y=4,z=84}",13,5,MovementTraverse,116,56,56,,
4169,0,Husk,T3/48,MOVING,15.135,4.000,84.501,"GoalBlock{x=8,y=4,z=84}",13,5,MovementTraverse,116,56,56,,
4170,0,Husk,T3/48,MOVING,14.855,4.000,84.501,"GoalBlock{x=8,y=4,z=84}",13,5,MovementTraverse,116,56,56,,
4171,0,Husk,T3/48,MOVING,14.574,4.000,84.501,"GoalBlock{x=8,y=4,z=84}",13,6,MovementTraverse,116,56,56,,
4172,0,Husk,T3/48,MOVING,14.294,4.000,84.501,"GoalBlock{x=8,y=4,z=84}",13,6,MovementTraverse,116,56,56,,
4173,0,Husk,T3/48,MOVING,14.013,4.000,84.501,"GoalBlock{x=8,y=4,z=84}",13,6,MovementTraverse,116,56,56,,
4174,0,Husk,T3/48,MOVING,13.732,4.000,84.500,"GoalBlock{x=8,y=4,z=84}",13,6,MovementTraverse,116,56,56,,
4175,0,Husk,T3/48,MOVING,13.452,4.000,84.500,"GoalBlock{x=8,y=4,z=84}",13,7,MovementTraverse,116,56,56,,
4176,0,Husk,T3/48,MOVING,13.171,4.000,84.500,"GoalBlock{x=8,y=4,z=84}",13,7,MovementTraverse,116,56,56,,
4177,0,Husk,T3/48,MOVING,12.890,4.000,84.500,"GoalBlock{x=8,y=4,z=84}",13,7,MovementTraverse,116,56,56,,
4178,0,Husk,T3/48,MOVING,12.610,4.000,84.500,"GoalBlock{x=8,y=4,z=84}",13,8,MovementTraverse,116,56,56,,
4179,0,Husk,T3/48,MOVING,12.329,4.000,84.500,"GoalBlock{x=8,y=4,z=84}",13,8,MovementTraverse,116,56,56,,
4180,0,Husk,T3/48,MOVING,12.049,4.000,84.500,"GoalBlock{x=8,y=4,z=84}",13,8,MovementTraverse,116,56,56,,
4181,0,Husk,T3/48,MOVING,11.768,4.000,84.500,"GoalBlock{x=8,y=4,z=84}",13,8,MovementTraverse,116,56,56,,
4182,0,Husk,T3/48,MOVING,11.487,4.000,84.500,"GoalBlock{x=8,y=4,z=84}",13,9,MovementTraverse,116,56,56,,
4183,0,Husk,T3/48,MOVING,11.207,4.000,84.500,"GoalBlock{x=8,y=4,z=84}",13,9,MovementTraverse,116,56,56,,
4184,0,Husk,T3/48,MOVING,10.926,4.000,84.500,"GoalBlock{x=8,y=4,z=84}",13,9,MovementTraverse,116,56,56,,
4185,0,Husk,T3/48,MOVING,10.646,4.000,84.500,"GoalBlock{x=8,y=4,z=84}",13,10,MovementTraverse,116,56,56,,
4186,0,Husk,T3/48,MOVING,10.365,4.000,84.500,"GoalBlock{x=8,y=4,z=84}",13,10,MovementTraverse,116,56,56,,
4187,0,Husk,T3/48,MOVING,10.084,4.000,84.500,"GoalBlock{x=8,y=4,z=84}",13,10,MovementTraverse,116,56,56,,
4188,0,Husk,T3/48,MOVING,9.804,4.000,84.500,"GoalBlock{x=8,y=4,z=84}",13,10,MovementTraverse,116,56,56,,
4189,0,Husk,T3/48,MOVING,9.523,4.000,84.500,"GoalBlock{x=8,y=4,z=84}",13,11,MovementTraverse,116,56,56,,
4190,0,Husk,T3/48,MOVING,9.242,4.000,84.500,"GoalBlock{x=8,y=4,z=84}",13,11,MovementTraverse,116,56,56,,
4191,0,Husk,T3/48,MOVING,8.962,4.000,84.500,"GoalBlock{x=8,y=4,z=84}",13,11,MovementTraverse,116,56,56,,
4192,0,Husk,T3/48,ARRIVED,8.809,4.000,84.500,,-1,-1,,116,56,56,,CANCELED
4193,0,Husk,T3/49,ARRIVED,0.500,4.000,96.500,,-1,-1,,116,56,56,,CANCELED|CANCELED
4194,0,Husk,T3/49,ARRIVED,0.500,4.000,96.500,,-1,-1,,116,56,56,,
4195,0,Husk,T3/49,ARRIVED,0.500,4.000,96.500,,-1,-1,,116,56,56,,
4196,0,Husk,T3/49,ARRIVED,0.500,4.000,96.500,,-1,-1,,116,56,56,,
4197,0,Husk,T3/49,ARRIVED,0.500,4.000,96.500,,-1,-1,,116,56,56,,
4198,0,Husk,T3/49,ARRIVED,0.500,4.000,96.500,,-1,-1,,116,56,56,,
4199,0,Husk,T3/49,ARRIVED,0.500,4.000,96.500,,-1,-1,,116,56,56,,
4200,0,Husk,T3/49,ARRIVED,0.500,4.000,96.500,,-1,-1,,116,56,56,,
4201,0,Husk,T3/49,ARRIVED,0.500,4.000,96.500,,-1,-1,,116,56,56,,
4202,0,Husk,T3/49,ARRIVED,0.500,4.000,96.500,,-1,-1,,116,56,56,,
4203,0,Husk,T3/49,SEARCHING,0.500,4.000,96.500,"GoalBlock{x=10,y=4,z=94}",-1,-1,,116,57,57,,CALC_STARTED
4204,0,Husk,T3/49,MOVING,0.610,4.000,96.436,"GoalBlock{x=10,y=4,z=94}",13,0,MovementDiagonal,238,57,57,,CALC_FINISHED_NOW_EXECUTING
4205,0,Husk,T3/49,MOVING,0.758,4.000,96.309,"GoalBlock{x=10,y=4,z=94}",13,0,MovementDiagonal,238,57,57,,
4206,0,Husk,T3/49,MOVING,0.925,4.000,96.146,"GoalBlock{x=10,y=4,z=94}",13,0,MovementDiagonal,238,57,57,,
4207,0,Husk,T3/49,MOVING,1.101,4.000,95.962,"GoalBlock{x=10,y=4,z=94}",13,0,MovementDiagonal,238,57,57,,
4208,0,Husk,T3/49,MOVING,1.285,4.000,95.769,"GoalBlock{x=10,y=4,z=94}",13,1,MovementDiagonal,238,57,57,,
4209,0,Husk,T3/49,MOVING,1.474,4.000,95.572,"GoalBlock{x=10,y=4,z=94}",13,1,MovementDiagonal,238,57,57,,
4210,0,Husk,T3/49,MOVING,1.665,4.000,95.372,"GoalBlock{x=10,y=4,z=94}",13,1,MovementDiagonal,238,57,57,,
4211,0,Husk,T3/49,MOVING,1.857,4.000,95.171,"GoalBlock{x=10,y=4,z=94}",13,1,MovementDiagonal,238,57,57,,
4212,0,Husk,T3/49,MOVING,2.051,4.000,94.969,"GoalBlock{x=10,y=4,z=94}",13,1,MovementDiagonal,238,57,57,,
4213,0,Husk,T3/49,MOVING,2.246,4.000,94.768,"GoalBlock{x=10,y=4,z=94}",13,2,MovementDiagonal,238,57,57,,
4214,0,Husk,T3/49,MOVING,2.442,4.000,94.568,"GoalBlock{x=10,y=4,z=94}",13,2,MovementDiagonal,238,57,57,,
4215,0,Husk,T3/49,MOVING,2.638,4.000,94.368,"GoalBlock{x=10,y=4,z=94}",13,2,MovementDiagonal,238,57,57,,
4216,0,Husk,T3/49,MOVING,2.835,4.000,94.169,"GoalBlock{x=10,y=4,z=94}",13,2,MovementDiagonal,238,57,57,,
4217,0,Husk,T3/49,MOVING,3.033,4.000,93.969,"GoalBlock{x=10,y=4,z=94}",13,2,MovementDiagonal,238,57,57,,
4218,0,Husk,T3/49,MOVING,3.231,4.000,93.770,"GoalBlock{x=10,y=4,z=94}",13,3,MovementDiagonal,238,57,57,,
4219,0,Husk,T3/49,MOVING,3.429,4.000,93.572,"GoalBlock{x=10,y=4,z=94}",13,3,MovementDiagonal,238,57,57,,
4220,0,Husk,T3/49,MOVING,3.627,4.000,93.373,"GoalBlock{x=10,y=4,z=94}",13,3,MovementDiagonal,238,57,57,,
4221,0,Husk,T3/49,MOVING,3.825,4.000,93.174,"GoalBlock{x=10,y=4,z=94}",13,3,MovementDiagonal,238,57,57,,
4222,0,Husk,T3/49,MOVING,4.024,4.000,92.976,"GoalBlock{x=10,y=4,z=94}",13,3,MovementDiagonal,238,57,57,,
4223,0,Husk,T3/49,MOVING,4.171,4.000,92.746,"GoalBlock{x=10,y=4,z=94}",13,4,MovementTraverse,238,57,57,,
4224,0,Husk,T3/49,MOVING,4.284,4.000,92.498,"GoalBlock{x=10,y=4,z=94}",13,4,MovementTraverse,238,57,57,,
4225,0,Husk,T3/49,MOVING,4.373,4.000,92.238,"GoalBlock{x=10,y=4,z=94}",13,4,MovementTraverse,238,57,57,,
4226,0,Husk,T3/49,MOVING,4.443,4.000,91.970,"GoalBlock{x=10,y=4,z=94}",13,4,MovementTraverse,238,57,57,,
4227,0,Husk,T3/49,MOVING,4.486,4.000,91.697,"GoalBlock{x=10,y=4,z=94}",13,5,MovementTraverse,238,57,57,,
4228,0,Husk,T3/49,MOVING,4.511,4.000,91.420,"GoalBlock{x=10,y=4,z=94}",13,5,MovementTraverse,238,57,57,,
4229,0,Husk,T3/49,MOVING,4.523,4.000,91.141,"GoalBlock{x=10,y=4,z=94}",13,5,MovementTraverse,238,57,57,,
4230,0,Husk,T3/49,MOVING,4.525,4.000,90.862,"GoalBlock{x=10,y=4,z=94}",13,5,MovementTraverse,238,57,57,,
4231,0,Husk,T3/49,MOVING,4.585,4.000,90.597,"GoalBlock{x=10,y=4,z=94}",13,6,MovementTraverse,238,57,57,,
4232,0,Husk,T3/49,MOVING,4.725,4.000,90.385,"GoalBlock{x=10,y=4,z=94}",13,6,MovementTraverse,238,57,57,,
4233,0,Husk,T3/49,MOVING,4.930,4.000,90.264,"GoalBlock{x=10,y=4,z=94}",13,6,MovementTraverse,238,57,57,,
4234,0,Husk,T3/49,MOVING,5.159,4.000,90.247,"GoalBlock{x=10,y=4,z=94}",13,6,MovementTraverse,238,57,57,,
4235,0,Husk,T3/49,MOVING,5.409,4.000,90.261,"GoalBlock{x=10,y=4,z=94}",13,7,MovementTraverse,238,57,57,,
4236,0,Husk,T3/49,MOVING,5.670,4.000,90.296,"GoalBlock{x=10,y=4,z=94}",13,7,MovementTraverse,238,57,57,,
4237,0,Husk,T3/49,MOVING,5.936,4.000,90.346,"GoalBlock{x=10,y=4,z=94}",13,7,MovementTraverse,238,57,57,,
4238,0,Husk,T3/49,MOVING,6.205,4.000,90.406,"GoalBlock{x=10,y=4,z=94}",13,7,MovementTraverse,238,57,57,,
4239,0,Husk,T3/49,MOVING,6.448,4.000,90.522,"GoalBlock{x=10,y=4,z=94}",13,8,MovementDiagonal,238,57,57,,
4240,0,Husk,T3/49,MOVING,6.675,4.000,90.671,"GoalBlock{x=10,y=4,z=94}",13,8,MovementDiagonal,238,57,57,,
4241,0,Husk,T3/49,MOVING,6.888,4.000,90.843,"GoalBlock{x=10,y=4,z=94}",13,8,MovementDiagonal,238,57,57,,
4242,0,Husk,T3/49,MOVING,7.092,4.000,91.031,"GoalBlock{x=10,y=4,z=94}",13,8,MovementDiagonal,238,57,57,,
4243,0,Husk,T3/49,MOVING,7.291,4.000,91.225,"GoalBlock{x=10,y=4,z=94}",13,9,MovementDiagonal,238,57,57,,
4244,0,Husk,T3/49,MOVING,7.487,4.000,91.423,"GoalBlock{x=10,y=4,z=94}",13,9,MovementDiagonal,238,57,57,,
4245,0,Husk,T3/49,MOVING,7.682,4.000,91.624,"GoalBlock{x=10,y=4,z=94}",13,9,MovementDiagonal,238,57,57,,
4246,0,Husk,T3/49,MOVING,7.875,4.000,91.827,"GoalBlock{x=10,y=4,z=94}",13,9,MovementDiagonal,238,57,57,,
4247,0,Husk,T3/49,MOVING,8.067,4.000,92.031,"GoalBlock{x=10,y=4,z=94}",13,9,MovementDiagonal,238,57,57,,
4248,0,Husk,T3/49,MOVING,8.261,4.000,92.234,"GoalBlock{x=10,y=4,z=94}",13,10,MovementDiagonal,238,57,57,,
4249,0,Husk,T3/49,MOVING,8.456,4.000,92.436,"GoalBlock{x=10,y=4,z=94}",13,10,MovementDiagonal,238,57,57,,
4250,0,Husk,T3/49,MOVING,8.652,4.000,92.637,"GoalBlock{x=10,y=4,z=94}",13,10,MovementDiagonal,238,57,57,,
4251,0,Husk,T3/49,MOVING,8.848,4.000,92.837,"GoalBlock{x=10,y=4,z=94}",13,10,MovementDiagonal,238,57,57,,
4252,0,Husk,T3/49,MOVING,9.044,4.000,93.038,"GoalBlock{x=10,y=4,z=94}",13,10,MovementDiagonal,238,57,57,,
4253,0,Husk,T3/49,MOVING,9.241,4.000,93.237,"GoalBlock{x=10,y=4,z=94}",13,11,MovementDiagonal,238,57,57,,
4254,0,Husk,T3/49,MOVING,9.439,4.000,93.437,"GoalBlock{x=10,y=4,z=94}",13,11,MovementDiagonal,238,57,57,,
4255,0,Husk,T3/49,MOVING,9.637,4.000,93.636,"GoalBlock{x=10,y=4,z=94}",13,11,MovementDiagonal,238,57,57,,
4256,0,Husk,T3/49,MOVING,9.835,4.000,93.834,"GoalBlock{x=10,y=4,z=94}",13,11,MovementDiagonal,238,57,57,,
4257,0,Husk,T3/49,MOVING,10.033,4.000,94.033,"GoalBlock{x=10,y=4,z=94}",13,11,MovementDiagonal,238,57,57,,
4258,0,Husk,T3/49,ARRIVED,10.141,4.000,94.142,,-1,-1,,238,57,57,,CANCELED
4259,0,Husk,T3/50,ARRIVED,0.500,4.000,108.500,,-1,-1,,238,57,57,,CANCELED|CANCELED
4260,0,Husk,T3/50,ARRIVED,0.500,4.000,108.500,,-1,-1,,238,57,57,,
4261,0,Husk,T3/50,ARRIVED,0.500,4.000,108.500,,-1,-1,,238,57,57,,
4262,0,Husk,T3/50,ARRIVED,0.500,4.000,108.500,,-1,-1,,238,57,57,,
4263,0,Husk,T3/50,ARRIVED,0.500,4.000,108.500,,-1,-1,,238,57,57,,
4264,0,Husk,T3/50,ARRIVED,0.500,4.000,108.500,,-1,-1,,238,57,57,,
4265,0,Husk,T3/50,ARRIVED,0.500,4.000,108.500,,-1,-1,,238,57,57,,
4266,0,Husk,T3/50,ARRIVED,0.500,4.000,108.500,,-1,-1,,238,57,57,,
4267,0,Husk,T3/50,ARRIVED,0.500,4.000,108.500,,-1,-1,,238,57,57,,
4268,0,Husk,T3/50,ARRIVED,0.500,4.000,108.500,,-1,-1,,238,57,57,,
4269,0,Husk,T3/50,SEARCHING,0.500,4.000,108.500,"GoalBlock{x=15,y=4,z=108}",-1,-1,,238,58,58,,CALC_STARTED
4270,0,Husk,T3/50,MOVING,0.627,4.000,108.500,"GoalBlock{x=15,y=4,z=108}",14,0,MovementTraverse,5160,59,59,,CALC_FINISHED_NOW_EXECUTING|NEXT_SEGMENT_CALC_STARTED
4271,0,Husk,T3/50,MOVING,0.824,4.000,108.500,"GoalBlock{x=15,y=4,z=108}",14,0,MovementTraverse,5618,59,59,,NEXT_CALC_FAILED
4272,0,Husk,T3/50,MOVING,1.059,4.000,108.500,"GoalBlock{x=15,y=4,z=108}",14,0,MovementTraverse,5618,59,59,,
4273,0,Husk,T3/50,MOVING,1.315,4.000,108.500,"GoalBlock{x=15,y=4,z=108}",14,1,MovementTraverse,5618,59,59,,
4274,0,Husk,T3/50,MOVING,1.582,4.000,108.500,"GoalBlock{x=15,y=4,z=108}",14,1,MovementTraverse,5618,59,59,,
4275,0,Husk,T3/50,MOVING,1.855,4.000,108.500,"GoalBlock{x=15,y=4,z=108}",14,1,MovementTraverse,5618,59,59,,
4276,0,Husk,T3/50,MOVING,2.132,4.000,108.500,"GoalBlock{x=15,y=4,z=108}",14,1,MovementTraverse,5618,59,59,,
4277,0,Husk,T3/50,MOVING,2.410,4.000,108.500,"GoalBlock{x=15,y=4,z=108}",14,2,MovementTraverse,5618,59,59,,
4278,0,Husk,T3/50,MOVING,2.690,4.000,108.500,"GoalBlock{x=15,y=4,z=108}",14,2,MovementTraverse,5618,59,59,,
4279,0,Husk,T3/50,MOVING,2.969,4.000,108.500,"GoalBlock{x=15,y=4,z=108}",14,2,MovementTraverse,5618,59,59,,
4280,0,Husk,T3/50,MOVING,3.250,4.000,108.500,"GoalBlock{x=15,y=4,z=108}",14,2,MovementTraverse,5618,59,59,,
4281,0,Husk,T3/50,MOVING,3.530,4.000,108.500,"GoalBlock{x=15,y=4,z=108}",14,3,MovementTraverse,5618,59,59,,
4282,0,Husk,T3/50,MOVING,3.811,4.000,108.500,"GoalBlock{x=15,y=4,z=108}",14,3,MovementTraverse,5618,59,59,,
4283,0,Husk,T3/50,MOVING,4.091,4.000,108.500,"GoalBlock{x=15,y=4,z=108}",14,3,MovementTraverse,5618,59,59,,
4284,0,Husk,T3/50,MOVING,4.372,4.000,108.500,"GoalBlock{x=15,y=4,z=108}",14,4,MovementTraverse,5618,59,59,,
4285,0,Husk,T3/50,MOVING,4.652,4.000,108.500,"GoalBlock{x=15,y=4,z=108}",14,4,MovementTraverse,5618,59,59,,
4286,0,Husk,T3/50,MOVING,4.933,4.000,108.500,"GoalBlock{x=15,y=4,z=108}",14,4,MovementTraverse,5618,59,59,,
4287,0,Husk,T3/50,MOVING,5.214,4.000,108.500,"GoalBlock{x=15,y=4,z=108}",14,4,MovementTraverse,5618,59,59,,
4288,0,Husk,T3/50,MOVING,5.494,4.000,108.500,"GoalBlock{x=15,y=4,z=108}",14,5,MovementTraverse,5618,59,59,,
4289,0,Husk,T3/50,MOVING,5.775,4.000,108.500,"GoalBlock{x=15,y=4,z=108}",14,5,MovementTraverse,5618,59,59,,
4290,0,Husk,T3/50,MOVING,6.055,4.000,108.500,"GoalBlock{x=15,y=4,z=108}",14,5,MovementTraverse,5618,59,59,,
4291,0,Husk,T3/50,MOVING,6.336,4.000,108.500,"GoalBlock{x=15,y=4,z=108}",14,6,MovementTraverse,5618,59,59,,
4292,0,Husk,T3/50,MOVING,6.617,4.000,108.500,"GoalBlock{x=15,y=4,z=108}",14,6,MovementTraverse,5618,59,59,,
4293,0,Husk,T3/50,MOVING,6.897,4.000,108.500,"GoalBlock{x=15,y=4,z=108}",14,6,MovementTraverse,5618,59,59,,
4294,0,Husk,T3/50,MOVING,7.178,4.000,108.500,"GoalBlock{x=15,y=4,z=108}",14,6,MovementTraverse,5618,59,59,,
4295,0,Husk,T3/50,MOVING,7.459,4.000,108.500,"GoalBlock{x=15,y=4,z=108}",14,7,MovementTraverse,5618,59,59,,
4296,0,Husk,T3/50,MOVING,7.739,4.000,108.500,"GoalBlock{x=15,y=4,z=108}",14,7,MovementTraverse,5618,59,59,,
4297,0,Husk,T3/50,MOVING,8.020,4.000,108.500,"GoalBlock{x=15,y=4,z=108}",14,7,MovementTraverse,5618,59,59,,
4298,0,Husk,T3/50,MOVING,8.300,4.000,108.500,"GoalBlock{x=15,y=4,z=108}",14,8,MovementTraverse,5618,59,59,,
4299,0,Husk,T3/50,MOVING,8.581,4.000,108.500,"GoalBlock{x=15,y=4,z=108}",14,8,MovementTraverse,5618,59,59,,
4300,0,Husk,T3/50,MOVING,8.862,4.000,108.500,"GoalBlock{x=15,y=4,z=108}",14,8,MovementTraverse,5618,59,59,,
4301,0,Husk,T3/50,MOVING,9.142,4.000,108.500,"GoalBlock{x=15,y=4,z=108}",14,8,MovementTraverse,5618,59,59,,
4302,0,Husk,T3/50,MOVING,9.423,4.000,108.500,"GoalBlock{x=15,y=4,z=108}",14,9,MovementTraverse,5618,59,59,,
4303,0,Husk,T3/50,MOVING,9.703,4.000,108.500,"GoalBlock{x=15,y=4,z=108}",14,9,MovementTraverse,5618,59,59,,
4304,0,Husk,T3/50,MOVING,9.984,4.000,108.500,"GoalBlock{x=15,y=4,z=108}",14,9,MovementTraverse,5618,59,59,,
4305,0,Husk,T3/50,MOVING,10.265,4.000,108.500,"GoalBlock{x=15,y=4,z=108}",14,9,MovementTraverse,5618,59,59,,
4306,0,Husk,T3/50,MOVING,10.545,4.000,108.500,"GoalBlock{x=15,y=4,z=108}",14,10,MovementTraverse,5618,59,59,,
4307,0,Husk,T3/50,MOVING,10.826,4.000,108.500,"GoalBlock{x=15,y=4,z=108}",14,10,MovementTraverse,5618,59,59,,
4308,0,Husk,T3/50,MOVING,11.107,4.000,108.500,"GoalBlock{x=15,y=4,z=108}",14,10,MovementTraverse,5618,59,59,,
4309,0,Husk,T3/50,MOVING,11.387,4.000,108.500,"GoalBlock{x=15,y=4,z=108}",14,11,MovementTraverse,5618,59,59,,
4310,0,Husk,T3/50,MOVING,11.668,4.000,108.500,"GoalBlock{x=15,y=4,z=108}",14,11,MovementTraverse,5618,59,59,,
4311,0,Husk,T3/50,MOVING,11.948,4.000,108.500,"GoalBlock{x=15,y=4,z=108}",14,11,MovementTraverse,5618,59,59,,
4312,0,Husk,T3/50,MOVING,12.229,4.000,108.500,"GoalBlock{x=15,y=4,z=108}",14,11,MovementTraverse,5618,59,59,,
4313,0,Husk,T3/50,MOVING,12.510,4.000,108.500,"GoalBlock{x=15,y=4,z=108}",14,12,MovementTraverse,5618,59,59,,
4314,0,Husk,T3/50,MOVING,12.790,4.000,108.500,"GoalBlock{x=15,y=4,z=108}",14,12,MovementTraverse,5618,59,59,,
4315,0,Husk,T3/50,MOVING,13.071,4.000,108.500,"GoalBlock{x=15,y=4,z=108}",14,12,MovementTraverse,5618,59,59,,
4316,0,Husk,T3/50,SEARCHING,13.224,4.000,108.500,"GoalBlock{x=15,y=4,z=108}",-1,-1,,5618,60,60,,CALC_STARTED
4317,0,Husk,T3/50,FAILED,13.308,4.000,108.500,,-1,-1,,4892,60,60,no_path,CALC_FAILED
4318,0,Husk,T3/50,FAILED,13.353,4.000,108.500,,-1,-1,,4892,60,60,no_path,
4319,0,Husk,T3/51,FAILED,60.500,4.000,0.500,,-1,-1,,4892,60,60,no_path,CANCELED|CANCELED
4320,0,Husk,T3/51,FAILED,60.500,4.000,0.500,,-1,-1,,4892,60,60,no_path,
4321,0,Husk,T3/51,FAILED,60.500,4.000,0.500,,-1,-1,,4892,60,60,no_path,
4322,0,Husk,T3/51,FAILED,60.500,4.000,0.500,,-1,-1,,4892,60,60,no_path,
4323,0,Husk,T3/51,FAILED,60.500,4.000,0.500,,-1,-1,,4892,60,60,no_path,
4324,0,Husk,T3/51,FAILED,60.500,4.000,0.500,,-1,-1,,4892,60,60,no_path,
4325,0,Husk,T3/51,FAILED,60.500,4.000,0.500,,-1,-1,,4892,60,60,no_path,
4326,0,Husk,T3/51,FAILED,60.500,4.000,0.500,,-1,-1,,4892,60,60,no_path,
4327,0,Husk,T3/51,FAILED,60.500,4.000,0.500,,-1,-1,,4892,60,60,no_path,
4328,0,Husk,T3/51,FAILED,60.500,4.000,0.500,,-1,-1,,4892,60,60,no_path,
4329,0,Husk,T3/51,SEARCHING,60.500,4.000,0.500,"GoalBlock{x=80,y=4,z=0}",-1,-1,,4892,61,61,,CALC_STARTED
4330,0,Husk,T3/51,MOVING,60.627,4.000,0.500,"GoalBlock{x=80,y=4,z=0}",21,0,MovementTraverse,183,61,61,,CALC_FINISHED_NOW_EXECUTING
4331,0,Husk,T3/51,MOVING,60.824,4.000,0.500,"GoalBlock{x=80,y=4,z=0}",21,0,MovementTraverse,183,61,61,,
4332,0,Husk,T3/51,MOVING,61.059,4.000,0.500,"GoalBlock{x=80,y=4,z=0}",21,0,MovementTraverse,183,61,61,,
4333,0,Husk,T3/51,MOVING,61.315,4.000,0.500,"GoalBlock{x=80,y=4,z=0}",21,1,MovementTraverse,183,61,61,,
4334,0,Husk,T3/51,MOVING,61.582,4.000,0.500,"GoalBlock{x=80,y=4,z=0}",21,1,MovementTraverse,183,61,61,,
4335,0,Husk,T3/51,MOVING,61.855,4.000,0.500,"GoalBlock{x=80,y=4,z=0}",21,1,MovementTraverse,183,61,61,,
4336,0,Husk,T3/51,MOVING,62.132,4.000,0.500,"GoalBlock{x=80,y=4,z=0}",21,1,MovementTraverse,183,61,61,,
4337,0,Husk,T3/51,MOVING,62.410,4.000,0.500,"GoalBlock{x=80,y=4,z=0}",21,2,MovementTraverse,183,61,61,,
4338,0,Husk,T3/51,MOVING,62.690,4.000,0.500,"GoalBlock{x=80,y=4,z=0}",21,2,MovementTraverse,183,61,61,,
4339,0,Husk,T3/51,MOVING,62.969,4.000,0.500,"GoalBlock{x=80,y=4,z=0}",21,2,MovementTraverse,183,61,61,,
4340,0,Husk,T3/51,MOVING,63.250,4.000,0.500,"GoalBlock{x=80,y=4,z=0}",21,2,MovementTraverse,183,61,61,,
4341,0,Husk,T3/51,MOVING,63.530,4.000,0.500,"GoalBlock{x=80,y=4,z=0}",21,3,MovementTraverse,183,61,61,,
4342,0,Husk,T3/51,MOVING,63.811,4.000,0.500,"GoalBlock{x=80,y=4,z=0}",21,3,MovementTraverse,183,61,61,,
4343,0,Husk,T3/51,MOVING,64.091,4.000,0.500,"GoalBlock{x=80,y=4,z=0}",21,3,MovementTraverse,183,61,61,,
4344,0,Husk,T3/51,MOVING,64.372,4.000,0.500,"GoalBlock{x=80,y=4,z=0}",21,4,MovementTraverse,183,61,61,,
4345,0,Husk,T3/51,MOVING,64.652,4.000,0.500,"GoalBlock{x=80,y=4,z=0}",21,4,MovementTraverse,183,61,61,,
4346,0,Husk,T3/51,MOVING,64.933,4.000,0.500,"GoalBlock{x=80,y=4,z=0}",21,4,MovementTraverse,183,61,61,,
4347,0,Husk,T3/51,MOVING,65.214,4.000,0.500,"GoalBlock{x=80,y=4,z=0}",21,4,MovementTraverse,183,61,61,,
4348,0,Husk,T3/51,MOVING,65.494,4.000,0.500,"GoalBlock{x=80,y=4,z=0}",21,5,MovementTraverse,183,61,61,,
4349,0,Husk,T3/51,MOVING,65.775,4.000,0.500,"GoalBlock{x=80,y=4,z=0}",21,5,MovementTraverse,183,61,61,,
4350,0,Husk,T3/51,MOVING,66.055,4.000,0.500,"GoalBlock{x=80,y=4,z=0}",21,5,MovementTraverse,183,61,61,,
4351,0,Husk,T3/51,MOVING,66.336,4.000,0.500,"GoalBlock{x=80,y=4,z=0}",21,6,MovementTraverse,183,61,61,,
4352,0,Husk,T3/51,MOVING,66.617,4.000,0.500,"GoalBlock{x=80,y=4,z=0}",21,6,MovementTraverse,183,61,61,,
4353,0,Husk,T3/51,MOVING,66.897,4.000,0.500,"GoalBlock{x=80,y=4,z=0}",21,6,MovementTraverse,183,61,61,,
4354,0,Husk,T3/51,MOVING,67.178,4.000,0.500,"GoalBlock{x=80,y=4,z=0}",21,6,MovementTraverse,183,61,61,,
4355,0,Husk,T3/51,MOVING,67.459,4.000,0.500,"GoalBlock{x=80,y=4,z=0}",21,7,MovementTraverse,183,61,61,,
4356,0,Husk,T3/51,MOVING,67.739,4.000,0.500,"GoalBlock{x=80,y=4,z=0}",21,7,MovementTraverse,183,61,61,,
4357,0,Husk,T3/51,MOVING,68.020,4.000,0.500,"GoalBlock{x=80,y=4,z=0}",21,7,MovementTraverse,183,61,61,,
4358,0,Husk,T3/51,MOVING,68.300,4.000,0.500,"GoalBlock{x=80,y=4,z=0}",21,8,MovementTraverse,183,61,61,,
4359,0,Husk,T3/51,MOVING,68.581,4.000,0.500,"GoalBlock{x=80,y=4,z=0}",21,8,MovementTraverse,183,61,61,,
4360,0,Husk,T3/51,MOVING,68.862,4.000,0.500,"GoalBlock{x=80,y=4,z=0}",21,8,MovementTraverse,183,61,61,,
4361,0,Husk,T3/51,MOVING,69.142,4.000,0.500,"GoalBlock{x=80,y=4,z=0}",21,8,MovementTraverse,183,61,61,,
4362,0,Husk,T3/51,MOVING,69.295,4.000,0.500,"GoalBlock{x=80,y=4,z=0}",21,9,MovementTraverse,183,61,61,,
4363,0,Husk,T3/51,MOVING,69.507,4.000,0.500,"GoalBlock{x=80,y=4,z=0}",21,9,MovementTraverse,183,61,61,,
4364,0,Husk,T3/51,MOVING,69.749,4.000,0.500,"GoalBlock{x=80,y=4,z=0}",21,9,MovementTraverse,183,61,61,,
4365,0,Husk,T3/51,MOVING,70.009,4.000,0.500,"GoalBlock{x=80,y=4,z=0}",21,9,MovementTraverse,183,61,61,,
4366,0,Husk,T3/51,MOVING,70.278,4.000,0.500,"GoalBlock{x=80,y=4,z=0}",21,10,MovementTraverse,183,61,61,,
4367,0,Husk,T3/51,MOVING,70.553,4.000,0.500,"GoalBlock{x=80,y=4,z=0}",21,10,MovementTraverse,183,61,61,,
4368,0,Husk,T3/51,MOVING,70.830,4.000,0.500,"GoalBlock{x=80,y=4,z=0}",21,10,MovementTraverse,183,61,61,,
4369,0,Husk,T3/51,MOVING,71.109,4.000,0.500,"GoalBlock{x=80,y=4,z=0}",21,10,MovementTraverse,183,61,61,,
4370,0,Husk,T3/51,MOVING,71.388,4.000,0.500,"GoalBlock{x=80,y=4,z=0}",21,11,MovementTraverse,183,61,61,,
4371,0,Husk,T3/51,MOVING,71.668,4.000,0.500,"GoalBlock{x=80,y=4,z=0}",21,11,MovementTraverse,183,61,61,,
4372,0,Husk,T3/51,MOVING,71.949,4.000,0.500,"GoalBlock{x=80,y=4,z=0}",21,11,MovementTraverse,183,61,61,,
4373,0,Husk,T3/51,MOVING,72.229,4.000,0.500,"GoalBlock{x=80,y=4,z=0}",21,11,MovementTraverse,183,61,61,,
4374,0,Husk,T3/51,MOVING,72.510,4.000,0.500,"GoalBlock{x=80,y=4,z=0}",21,12,MovementTraverse,183,61,61,,
4375,0,Husk,T3/51,MOVING,72.790,4.000,0.500,"GoalBlock{x=80,y=4,z=0}",21,12,MovementTraverse,183,61,61,,
4376,0,Husk,T3/51,MOVING,73.071,4.000,0.500,"GoalBlock{x=80,y=4,z=0}",21,12,MovementTraverse,183,61,61,,
4377,0,Husk,T3/51,MOVING,73.352,4.000,0.500,"GoalBlock{x=80,y=4,z=0}",21,13,MovementTraverse,183,61,61,,
4378,0,Husk,T3/51,MOVING,73.632,4.000,0.500,"GoalBlock{x=80,y=4,z=0}",21,13,MovementTraverse,183,61,61,,
4379,0,Husk,T3/51,MOVING,73.913,4.000,0.500,"GoalBlock{x=80,y=4,z=0}",21,13,MovementTraverse,183,61,61,,
4380,0,Husk,T3/51,MOVING,74.193,4.000,0.500,"GoalBlock{x=80,y=4,z=0}",21,13,MovementTraverse,183,61,61,,
4381,0,Husk,T3/51,MOVING,74.474,4.000,0.500,"GoalBlock{x=80,y=4,z=0}",21,14,MovementTraverse,183,61,61,,
4382,0,Husk,T3/51,MOVING,74.755,4.000,0.500,"GoalBlock{x=80,y=4,z=0}",21,14,MovementTraverse,183,61,61,,
4383,0,Husk,T3/51,MOVING,75.035,4.000,0.500,"GoalBlock{x=80,y=4,z=0}",21,14,MovementTraverse,183,61,61,,
4384,0,Husk,T3/51,MOVING,75.316,4.000,0.500,"GoalBlock{x=80,y=4,z=0}",21,15,MovementTraverse,183,61,61,,
4385,0,Husk,T3/51,MOVING,75.596,4.000,0.500,"GoalBlock{x=80,y=4,z=0}",21,15,MovementTraverse,183,61,61,,
4386,0,Husk,T3/51,MOVING,75.877,4.000,0.500,"GoalBlock{x=80,y=4,z=0}",21,15,MovementTraverse,183,61,61,,
4387,0,Husk,T3/51,MOVING,76.158,4.000,0.500,"GoalBlock{x=80,y=4,z=0}",21,15,MovementTraverse,183,61,61,,
4388,0,Husk,T3/51,MOVING,76.438,4.000,0.500,"GoalBlock{x=80,y=4,z=0}",21,16,MovementTraverse,183,61,61,,
4389,0,Husk,T3/51,MOVING,76.719,4.000,0.500,"GoalBlock{x=80,y=4,z=0}",21,16,MovementTraverse,183,61,61,,
4390,0,Husk,T3/51,MOVING,77.000,4.000,0.500,"GoalBlock{x=80,y=4,z=0}",21,16,MovementTraverse,183,61,61,,
4391,0,Husk,T3/51,MOVING,77.280,4.000,0.500,"GoalBlock{x=80,y=4,z=0}",21,16,MovementTraverse,183,61,61,,
4392,0,Husk,T3/51,MOVING,77.561,4.000,0.500,"GoalBlock{x=80,y=4,z=0}",21,17,MovementTraverse,183,61,61,,
4393,0,Husk,T3/51,MOVING,77.841,4.000,0.500,"GoalBlock{x=80,y=4,z=0}",21,17,MovementTraverse,183,61,61,,
4394,0,Husk,T3/51,MOVING,78.122,4.000,0.500,"GoalBlock{x=80,y=4,z=0}",21,17,MovementTraverse,183,61,61,,
4395,0,Husk,T3/51,MOVING,78.403,4.000,0.500,"GoalBlock{x=80,y=4,z=0}",21,18,MovementTraverse,183,61,61,,
4396,0,Husk,T3/51,MOVING,78.683,4.000,0.500,"GoalBlock{x=80,y=4,z=0}",21,18,MovementTraverse,183,61,61,,
4397,0,Husk,T3/51,MOVING,78.964,4.000,0.500,"GoalBlock{x=80,y=4,z=0}",21,18,MovementTraverse,183,61,61,,
4398,0,Husk,T3/51,MOVING,79.244,4.000,0.500,"GoalBlock{x=80,y=4,z=0}",21,18,MovementTraverse,183,61,61,,
4399,0,Husk,T3/51,MOVING,79.525,4.000,0.500,"GoalBlock{x=80,y=4,z=0}",21,19,MovementTraverse,183,61,61,,
4400,0,Husk,T3/51,MOVING,79.806,4.000,0.500,"GoalBlock{x=80,y=4,z=0}",21,19,MovementTraverse,183,61,61,,
4401,0,Husk,T3/51,MOVING,80.086,4.000,0.500,"GoalBlock{x=80,y=4,z=0}",21,19,MovementTraverse,183,61,61,,
4402,0,Husk,T3/51,ARRIVED,80.240,4.000,0.500,,-1,-1,,183,61,61,,CANCELED
4403,0,Husk,T3/52,ARRIVED,60.500,4.000,12.500,,-1,-1,,183,61,61,,CANCELED|CANCELED
4404,0,Husk,T3/52,ARRIVED,60.500,4.000,12.500,,-1,-1,,183,61,61,,
4405,0,Husk,T3/52,ARRIVED,60.500,4.000,12.500,,-1,-1,,183,61,61,,
4406,0,Husk,T3/52,ARRIVED,60.500,4.000,12.500,,-1,-1,,183,61,61,,
4407,0,Husk,T3/52,ARRIVED,60.500,4.000,12.500,,-1,-1,,183,61,61,,
4408,0,Husk,T3/52,ARRIVED,60.500,4.000,12.500,,-1,-1,,183,61,61,,
4409,0,Husk,T3/52,ARRIVED,60.500,4.000,12.500,,-1,-1,,183,61,61,,
4410,0,Husk,T3/52,ARRIVED,60.500,4.000,12.500,,-1,-1,,183,61,61,,
4411,0,Husk,T3/52,ARRIVED,60.500,4.000,12.500,,-1,-1,,183,61,61,,
4412,0,Husk,T3/52,ARRIVED,60.500,4.000,12.500,,-1,-1,,183,61,61,,
4413,0,Husk,T3/52,SEARCHING,60.500,4.000,12.500,"GoalBlock{x=80,y=4,z=12}",-1,-1,,183,62,62,,CALC_STARTED
4414,0,Husk,T3/52,MOVING,60.627,4.000,12.500,"GoalBlock{x=80,y=4,z=12}",10,0,MovementTraverse,430,63,63,,CALC_FINISHED_NOW_EXECUTING|NEXT_SEGMENT_CALC_STARTED
4415,0,Husk,T3/52,MOVING,60.824,4.000,12.500,"GoalBlock{x=80,y=4,z=12}",10,0,MovementTraverse,385,63,63,,NEXT_CALC_FAILED
4416,0,Husk,T3/52,MOVING,61.059,4.000,12.500,"GoalBlock{x=80,y=4,z=12}",10,0,MovementTraverse,385,63,63,,
4417,0,Husk,T3/52,MOVING,61.315,4.000,12.500,"GoalBlock{x=80,y=4,z=12}",10,1,MovementTraverse,385,63,63,,
4418,0,Husk,T3/52,MOVING,61.582,4.000,12.500,"GoalBlock{x=80,y=4,z=12}",10,1,MovementTraverse,385,63,63,,
4419,0,Husk,T3/52,MOVING,61.855,4.000,12.500,"GoalBlock{x=80,y=4,z=12}",10,1,MovementTraverse,385,63,63,,
4420,0,Husk,T3/52,MOVING,62.132,4.000,12.500,"GoalBlock{x=80,y=4,z=12}",10,1,MovementTraverse,385,63,63,,
4421,0,Husk,T3/52,MOVING,62.410,4.000,12.500,"GoalBlock{x=80,y=4,z=12}",10,2,MovementTraverse,385,63,63,,
4422,0,Husk,T3/52,MOVING,62.690,4.000,12.500,"GoalBlock{x=80,y=4,z=12}",10,2,MovementTraverse,385,63,63,,
4423,0,Husk,T3/52,MOVING,62.969,4.000,12.500,"GoalBlock{x=80,y=4,z=12}",10,2,MovementTraverse,385,63,63,,
4424,0,Husk,T3/52,MOVING,63.250,4.000,12.500,"GoalBlock{x=80,y=4,z=12}",10,2,MovementTraverse,385,63,63,,
4425,0,Husk,T3/52,MOVING,63.530,4.000,12.500,"GoalBlock{x=80,y=4,z=12}",10,3,MovementTraverse,385,63,63,,
4426,0,Husk,T3/52,MOVING,63.811,4.000,12.500,"GoalBlock{x=80,y=4,z=12}",10,3,MovementTraverse,385,63,63,,
4427,0,Husk,T3/52,MOVING,64.091,4.000,12.500,"GoalBlock{x=80,y=4,z=12}",10,3,MovementTraverse,385,63,63,,
4428,0,Husk,T3/52,MOVING,64.372,4.000,12.500,"GoalBlock{x=80,y=4,z=12}",10,4,MovementTraverse,385,63,63,,
4429,0,Husk,T3/52,MOVING,64.652,4.000,12.500,"GoalBlock{x=80,y=4,z=12}",10,4,MovementTraverse,385,63,63,,
4430,0,Husk,T3/52,MOVING,64.933,4.000,12.500,"GoalBlock{x=80,y=4,z=12}",10,4,MovementTraverse,385,63,63,,
4431,0,Husk,T3/52,MOVING,65.214,4.000,12.500,"GoalBlock{x=80,y=4,z=12}",10,4,MovementTraverse,385,63,63,,
4432,0,Husk,T3/52,MOVING,65.494,4.000,12.500,"GoalBlock{x=80,y=4,z=12}",10,5,MovementTraverse,385,63,63,,
4433,0,Husk,T3/52,MOVING,65.775,4.000,12.500,"GoalBlock{x=80,y=4,z=12}",10,5,MovementTraverse,385,63,63,,
4434,0,Husk,T3/52,MOVING,66.055,4.000,12.500,"GoalBlock{x=80,y=4,z=12}",10,5,MovementTraverse,385,63,63,,
4435,0,Husk,T3/52,MOVING,66.336,4.000,12.500,"GoalBlock{x=80,y=4,z=12}",10,6,MovementTraverse,385,63,63,,
4436,0,Husk,T3/52,MOVING,66.617,4.000,12.500,"GoalBlock{x=80,y=4,z=12}",10,6,MovementTraverse,385,63,63,,
4437,0,Husk,T3/52,MOVING,66.897,4.000,12.500,"GoalBlock{x=80,y=4,z=12}",10,6,MovementTraverse,385,63,63,,
4438,0,Husk,T3/52,MOVING,67.178,4.000,12.500,"GoalBlock{x=80,y=4,z=12}",10,6,MovementTraverse,385,63,63,,
4439,0,Husk,T3/52,MOVING,67.459,4.000,12.500,"GoalBlock{x=80,y=4,z=12}",10,7,MovementTraverse,385,63,63,,
4440,0,Husk,T3/52,MOVING,67.739,4.000,12.500,"GoalBlock{x=80,y=4,z=12}",10,7,MovementTraverse,385,63,63,,
4441,0,Husk,T3/52,MOVING,68.020,4.000,12.500,"GoalBlock{x=80,y=4,z=12}",10,7,MovementTraverse,385,63,63,,
4442,0,Husk,T3/52,MOVING,68.300,4.000,12.500,"GoalBlock{x=80,y=4,z=12}",10,8,MovementTraverse,385,63,63,,
4443,0,Husk,T3/52,MOVING,68.581,4.000,12.500,"GoalBlock{x=80,y=4,z=12}",10,8,MovementTraverse,385,63,63,,
4444,0,Husk,T3/52,MOVING,68.862,4.000,12.500,"GoalBlock{x=80,y=4,z=12}",10,8,MovementTraverse,385,63,63,,
4445,0,Husk,T3/52,MOVING,69.142,4.000,12.500,"GoalBlock{x=80,y=4,z=12}",10,8,MovementTraverse,385,63,63,,
4446,0,Husk,T3/52,SEARCHING,69.295,4.000,12.500,"GoalBlock{x=80,y=4,z=12}",-1,-1,,385,64,64,,CALC_STARTED
4447,0,Husk,T3/52,FAILED,69.379,4.000,12.500,,-1,-1,,380,64,64,no_path,CALC_FAILED
4448,0,Husk,T3/52,FAILED,69.425,4.000,12.500,,-1,-1,,380,64,64,no_path,
4449,0,Husk,T3/53,FAILED,60.500,4.000,24.500,,-1,-1,,380,64,64,no_path,CANCELED|CANCELED
4450,0,Husk,T3/53,FAILED,60.500,4.000,24.500,,-1,-1,,380,64,64,no_path,
4451,0,Husk,T3/53,FAILED,60.500,4.000,24.500,,-1,-1,,380,64,64,no_path,
4452,0,Husk,T3/53,FAILED,60.500,4.000,24.500,,-1,-1,,380,64,64,no_path,
4453,0,Husk,T3/53,FAILED,60.500,4.000,24.500,,-1,-1,,380,64,64,no_path,
4454,0,Husk,T3/53,FAILED,60.500,4.000,24.500,,-1,-1,,380,64,64,no_path,
4455,0,Husk,T3/53,FAILED,60.500,4.000,24.500,,-1,-1,,380,64,64,no_path,
4456,0,Husk,T3/53,FAILED,60.500,4.000,24.500,,-1,-1,,380,64,64,no_path,
4457,0,Husk,T3/53,FAILED,60.500,4.000,24.500,,-1,-1,,380,64,64,no_path,
4458,0,Husk,T3/53,FAILED,60.500,4.000,24.500,,-1,-1,,380,64,64,no_path,
4459,0,Husk,T3/53,SEARCHING,60.500,4.000,24.500,"GoalBlock{x=80,y=4,z=24}",-1,-1,,380,65,65,,CALC_STARTED
4460,0,Husk,T3/53,MOVING,60.627,4.000,24.500,"GoalBlock{x=80,y=4,z=24}",21,0,MovementTraverse,125,65,65,,CALC_FINISHED_NOW_EXECUTING
4461,0,Husk,T3/53,MOVING,60.824,4.000,24.500,"GoalBlock{x=80,y=4,z=24}",21,0,MovementTraverse,125,65,65,,
4462,0,Husk,T3/53,MOVING,61.059,4.000,24.500,"GoalBlock{x=80,y=4,z=24}",21,0,MovementTraverse,125,65,65,,
4463,0,Husk,T3/53,MOVING,61.315,4.000,24.500,"GoalBlock{x=80,y=4,z=24}",21,1,MovementTraverse,125,65,65,,
4464,0,Husk,T3/53,MOVING,61.582,4.000,24.500,"GoalBlock{x=80,y=4,z=24}",21,1,MovementTraverse,125,65,65,,
4465,0,Husk,T3/53,MOVING,61.855,4.000,24.500,"GoalBlock{x=80,y=4,z=24}",21,1,MovementTraverse,125,65,65,,
4466,0,Husk,T3/53,MOVING,62.132,4.000,24.500,"GoalBlock{x=80,y=4,z=24}",21,1,MovementTraverse,125,65,65,,
4467,0,Husk,T3/53,MOVING,62.410,4.000,24.500,"GoalBlock{x=80,y=4,z=24}",21,2,MovementTraverse,125,65,65,,
4468,0,Husk,T3/53,MOVING,62.690,4.000,24.500,"GoalBlock{x=80,y=4,z=24}",21,2,MovementTraverse,125,65,65,,
4469,0,Husk,T3/53,MOVING,62.969,4.000,24.500,"GoalBlock{x=80,y=4,z=24}",21,2,MovementTraverse,125,65,65,,
4470,0,Husk,T3/53,MOVING,63.250,4.000,24.500,"GoalBlock{x=80,y=4,z=24}",21,2,MovementTraverse,125,65,65,,
4471,0,Husk,T3/53,MOVING,63.530,4.000,24.500,"GoalBlock{x=80,y=4,z=24}",21,3,MovementTraverse,125,65,65,,
4472,0,Husk,T3/53,MOVING,63.811,4.000,24.500,"GoalBlock{x=80,y=4,z=24}",21,3,MovementTraverse,125,65,65,,
4473,0,Husk,T3/53,MOVING,64.091,4.000,24.500,"GoalBlock{x=80,y=4,z=24}",21,3,MovementTraverse,125,65,65,,
4474,0,Husk,T3/53,MOVING,64.372,4.000,24.500,"GoalBlock{x=80,y=4,z=24}",21,4,MovementTraverse,125,65,65,,
4475,0,Husk,T3/53,MOVING,64.652,4.000,24.500,"GoalBlock{x=80,y=4,z=24}",21,4,MovementTraverse,125,65,65,,
4476,0,Husk,T3/53,MOVING,64.933,4.000,24.500,"GoalBlock{x=80,y=4,z=24}",21,4,MovementTraverse,125,65,65,,
4477,0,Husk,T3/53,MOVING,65.214,4.000,24.500,"GoalBlock{x=80,y=4,z=24}",21,4,MovementTraverse,125,65,65,,
4478,0,Husk,T3/53,MOVING,65.494,4.000,24.500,"GoalBlock{x=80,y=4,z=24}",21,5,MovementTraverse,125,65,65,,
4479,0,Husk,T3/53,MOVING,65.775,4.000,24.500,"GoalBlock{x=80,y=4,z=24}",21,5,MovementTraverse,125,65,65,,
4480,0,Husk,T3/53,MOVING,66.055,4.000,24.500,"GoalBlock{x=80,y=4,z=24}",21,5,MovementTraverse,125,65,65,,
4481,0,Husk,T3/53,MOVING,66.336,4.000,24.500,"GoalBlock{x=80,y=4,z=24}",21,6,MovementTraverse,125,65,65,,
4482,0,Husk,T3/53,MOVING,66.617,4.000,24.500,"GoalBlock{x=80,y=4,z=24}",21,6,MovementTraverse,125,65,65,,
4483,0,Husk,T3/53,MOVING,66.897,4.000,24.500,"GoalBlock{x=80,y=4,z=24}",21,6,MovementTraverse,125,65,65,,
4484,0,Husk,T3/53,MOVING,67.178,4.000,24.500,"GoalBlock{x=80,y=4,z=24}",21,6,MovementTraverse,125,65,65,,
4485,0,Husk,T3/53,MOVING,67.459,4.000,24.500,"GoalBlock{x=80,y=4,z=24}",21,7,MovementTraverse,125,65,65,,
4486,0,Husk,T3/53,MOVING,67.739,4.000,24.500,"GoalBlock{x=80,y=4,z=24}",21,7,MovementTraverse,125,65,65,,
4487,0,Husk,T3/53,MOVING,68.020,4.000,24.500,"GoalBlock{x=80,y=4,z=24}",21,7,MovementTraverse,125,65,65,,
4488,0,Husk,T3/53,MOVING,68.300,4.000,24.500,"GoalBlock{x=80,y=4,z=24}",21,8,MovementTraverse,125,65,65,,
4489,0,Husk,T3/53,MOVING,68.581,4.000,24.500,"GoalBlock{x=80,y=4,z=24}",21,8,MovementTraverse,125,65,65,,
4490,0,Husk,T3/53,MOVING,68.862,4.000,24.500,"GoalBlock{x=80,y=4,z=24}",21,8,MovementTraverse,125,65,65,,
4491,0,Husk,T3/53,MOVING,69.142,4.000,24.500,"GoalBlock{x=80,y=4,z=24}",21,8,MovementTraverse,125,65,65,,
4492,0,Husk,T3/53,MOVING,69.295,4.000,24.500,"GoalBlock{x=80,y=4,z=24}",21,9,MovementTraverse,125,65,65,,
4493,0,Husk,T3/53,MOVING,69.507,4.000,24.500,"GoalBlock{x=80,y=4,z=24}",21,9,MovementTraverse,125,65,65,,
4494,0,Husk,T3/53,MOVING,69.749,4.000,24.500,"GoalBlock{x=80,y=4,z=24}",21,9,MovementTraverse,125,65,65,,
4495,0,Husk,T3/53,MOVING,70.009,4.000,24.500,"GoalBlock{x=80,y=4,z=24}",21,9,MovementTraverse,125,65,65,,
4496,0,Husk,T3/53,MOVING,70.278,4.000,24.500,"GoalBlock{x=80,y=4,z=24}",21,10,MovementTraverse,125,65,65,,
4497,0,Husk,T3/53,MOVING,70.553,4.000,24.500,"GoalBlock{x=80,y=4,z=24}",21,10,MovementTraverse,125,65,65,,
4498,0,Husk,T3/53,MOVING,70.830,4.000,24.500,"GoalBlock{x=80,y=4,z=24}",21,10,MovementTraverse,125,65,65,,
4499,0,Husk,T3/53,MOVING,71.109,4.000,24.500,"GoalBlock{x=80,y=4,z=24}",21,10,MovementTraverse,125,65,65,,
4500,0,Husk,T3/53,MOVING,71.388,4.000,24.500,"GoalBlock{x=80,y=4,z=24}",21,11,MovementTraverse,125,65,65,,
4501,0,Husk,T3/53,MOVING,71.668,4.000,24.500,"GoalBlock{x=80,y=4,z=24}",21,11,MovementTraverse,125,65,65,,
4502,0,Husk,T3/53,MOVING,71.949,4.000,24.500,"GoalBlock{x=80,y=4,z=24}",21,11,MovementTraverse,125,65,65,,
4503,0,Husk,T3/53,MOVING,72.229,4.000,24.500,"GoalBlock{x=80,y=4,z=24}",21,11,MovementTraverse,125,65,65,,
4504,0,Husk,T3/53,MOVING,72.510,4.000,24.500,"GoalBlock{x=80,y=4,z=24}",21,12,MovementTraverse,125,65,65,,
4505,0,Husk,T3/53,MOVING,72.790,4.000,24.500,"GoalBlock{x=80,y=4,z=24}",21,12,MovementTraverse,125,65,65,,
4506,0,Husk,T3/53,MOVING,73.071,4.000,24.500,"GoalBlock{x=80,y=4,z=24}",21,12,MovementTraverse,125,65,65,,
4507,0,Husk,T3/53,MOVING,73.352,4.000,24.500,"GoalBlock{x=80,y=4,z=24}",21,13,MovementTraverse,125,65,65,,
4508,0,Husk,T3/53,MOVING,73.632,4.000,24.500,"GoalBlock{x=80,y=4,z=24}",21,13,MovementTraverse,125,65,65,,
4509,0,Husk,T3/53,MOVING,73.913,4.000,24.500,"GoalBlock{x=80,y=4,z=24}",21,13,MovementTraverse,125,65,65,,
4510,0,Husk,T3/53,MOVING,74.193,4.000,24.500,"GoalBlock{x=80,y=4,z=24}",21,13,MovementTraverse,125,65,65,,
4511,0,Husk,T3/53,MOVING,74.474,4.000,24.500,"GoalBlock{x=80,y=4,z=24}",21,14,MovementTraverse,125,65,65,,
4512,0,Husk,T3/53,MOVING,74.755,4.000,24.500,"GoalBlock{x=80,y=4,z=24}",21,14,MovementTraverse,125,65,65,,
4513,0,Husk,T3/53,MOVING,75.035,4.000,24.500,"GoalBlock{x=80,y=4,z=24}",21,14,MovementTraverse,125,65,65,,
4514,0,Husk,T3/53,MOVING,75.316,4.000,24.500,"GoalBlock{x=80,y=4,z=24}",21,15,MovementTraverse,125,65,65,,
4515,0,Husk,T3/53,MOVING,75.596,4.000,24.500,"GoalBlock{x=80,y=4,z=24}",21,15,MovementTraverse,125,65,65,,
4516,0,Husk,T3/53,MOVING,75.877,4.000,24.500,"GoalBlock{x=80,y=4,z=24}",21,15,MovementTraverse,125,65,65,,
4517,0,Husk,T3/53,MOVING,76.158,4.000,24.500,"GoalBlock{x=80,y=4,z=24}",21,15,MovementTraverse,125,65,65,,
4518,0,Husk,T3/53,MOVING,76.438,4.000,24.500,"GoalBlock{x=80,y=4,z=24}",21,16,MovementTraverse,125,65,65,,
4519,0,Husk,T3/53,MOVING,76.719,4.000,24.500,"GoalBlock{x=80,y=4,z=24}",21,16,MovementTraverse,125,65,65,,
4520,0,Husk,T3/53,MOVING,77.000,4.000,24.500,"GoalBlock{x=80,y=4,z=24}",21,16,MovementTraverse,125,65,65,,
4521,0,Husk,T3/53,MOVING,77.280,4.000,24.500,"GoalBlock{x=80,y=4,z=24}",21,16,MovementTraverse,125,65,65,,
4522,0,Husk,T3/53,MOVING,77.561,4.000,24.500,"GoalBlock{x=80,y=4,z=24}",21,17,MovementTraverse,125,65,65,,
4523,0,Husk,T3/53,MOVING,77.841,4.000,24.500,"GoalBlock{x=80,y=4,z=24}",21,17,MovementTraverse,125,65,65,,
4524,0,Husk,T3/53,MOVING,78.122,4.000,24.500,"GoalBlock{x=80,y=4,z=24}",21,17,MovementTraverse,125,65,65,,
4525,0,Husk,T3/53,MOVING,78.403,4.000,24.500,"GoalBlock{x=80,y=4,z=24}",21,18,MovementTraverse,125,65,65,,
4526,0,Husk,T3/53,MOVING,78.683,4.000,24.500,"GoalBlock{x=80,y=4,z=24}",21,18,MovementTraverse,125,65,65,,
4527,0,Husk,T3/53,MOVING,78.964,4.000,24.500,"GoalBlock{x=80,y=4,z=24}",21,18,MovementTraverse,125,65,65,,
4528,0,Husk,T3/53,MOVING,79.244,4.000,24.500,"GoalBlock{x=80,y=4,z=24}",21,18,MovementTraverse,125,65,65,,
4529,0,Husk,T3/53,MOVING,79.525,4.000,24.500,"GoalBlock{x=80,y=4,z=24}",21,19,MovementTraverse,125,65,65,,
4530,0,Husk,T3/53,MOVING,79.806,4.000,24.500,"GoalBlock{x=80,y=4,z=24}",21,19,MovementTraverse,125,65,65,,
4531,0,Husk,T3/53,MOVING,80.086,4.000,24.500,"GoalBlock{x=80,y=4,z=24}",21,19,MovementTraverse,125,65,65,,
4532,0,Husk,T3/53,ARRIVED,80.240,4.000,24.500,,-1,-1,,125,65,65,,CANCELED
4533,0,Husk,T3/54,ARRIVED,60.500,4.000,36.500,,-1,-1,,125,65,65,,CANCELED|CANCELED
4534,0,Husk,T3/54,ARRIVED,60.500,4.000,36.500,,-1,-1,,125,65,65,,
4535,0,Husk,T3/54,ARRIVED,60.500,4.000,36.500,,-1,-1,,125,65,65,,
4536,0,Husk,T3/54,ARRIVED,60.500,4.000,36.500,,-1,-1,,125,65,65,,
4537,0,Husk,T3/54,ARRIVED,60.500,4.000,36.500,,-1,-1,,125,65,65,,
4538,0,Husk,T3/54,ARRIVED,60.500,4.000,36.500,,-1,-1,,125,65,65,,
4539,0,Husk,T3/54,ARRIVED,60.500,4.000,36.500,,-1,-1,,125,65,65,,
4540,0,Husk,T3/54,ARRIVED,60.500,4.000,36.500,,-1,-1,,125,65,65,,
4541,0,Husk,T3/54,ARRIVED,60.500,4.000,36.500,,-1,-1,,125,65,65,,
4542,0,Husk,T3/54,ARRIVED,60.500,4.000,36.500,,-1,-1,,125,65,65,,
4543,0,Husk,T3/54,SEARCHING,60.500,4.000,36.500,"GoalBlock{x=75,y=9,z=36}",-1,-1,,125,66,66,,CALC_STARTED
4544,0,Husk,T3/54,MOVING,60.627,4.000,36.500,"GoalBlock{x=75,y=9,z=36}",20,0,MovementTraverse,308,66,66,,CALC_FINISHED_NOW_EXECUTING
4545,0,Husk,T3/54,MOVING,60.824,4.000,36.500,"GoalBlock{x=75,y=9,z=36}",20,0,MovementTraverse,308,66,66,,
4546,0,Husk,T3/54,MOVING,61.059,4.000,36.500,"GoalBlock{x=75,y=9,z=36}",20,0,MovementTraverse,308,66,66,,
4547,0,Husk,T3/54,MOVING,61.315,4.000,36.500,"GoalBlock{x=75,y=9,z=36}",20,1,MovementTraverse,308,66,66,,
4548,0,Husk,T3/54,MOVING,61.582,4.000,36.500,"GoalBlock{x=75,y=9,z=36}",20,1,MovementTraverse,308,66,66,,
4549,0,Husk,T3/54,MOVING,61.855,4.000,36.500,"GoalBlock{x=75,y=9,z=36}",20,1,MovementTraverse,308,66,66,,
4550,0,Husk,T3/54,MOVING,62.132,4.000,36.500,"GoalBlock{x=75,y=9,z=36}",20,1,MovementTraverse,308,66,66,,
4551,0,Husk,T3/54,MOVING,62.410,4.000,36.500,"GoalBlock{x=75,y=9,z=36}",20,2,MovementTraverse,308,66,66,,
4552,0,Husk,T3/54,MOVING,62.690,4.000,36.500,"GoalBlock{x=75,y=9,z=36}",20,2,MovementTraverse,308,66,66,,
4553,0,Husk,T3/54,MOVING,62.969,4.000,36.500,"GoalBlock{x=75,y=9,z=36}",20,2,MovementTraverse,308,66,66,,
4554,0,Husk,T3/54,MOVING,63.250,4.000,36.500,"GoalBlock{x=75,y=9,z=36}",20,2,MovementTraverse,308,66,66,,
4555,0,Husk,T3/54,MOVING,63.530,4.000,36.500,"GoalBlock{x=75,y=9,z=36}",20,3,MovementTraverse,308,66,66,,
4556,0,Husk,T3/54,MOVING,63.811,4.000,36.500,"GoalBlock{x=75,y=9,z=36}",20,3,MovementTraverse,308,66,66,,
4557,0,Husk,T3/54,MOVING,64.091,4.000,36.500,"GoalBlock{x=75,y=9,z=36}",20,3,MovementTraverse,308,66,66,,
4558,0,Husk,T3/54,MOVING,64.372,4.000,36.500,"GoalBlock{x=75,y=9,z=36}",20,4,MovementTraverse,308,66,66,,
4559,0,Husk,T3/54,MOVING,64.652,4.000,36.500,"GoalBlock{x=75,y=9,z=36}",20,4,MovementTraverse,308,66,66,,
4560,0,Husk,T3/54,MOVING,64.933,4.000,36.500,"GoalBlock{x=75,y=9,z=36}",20,4,MovementTraverse,308,66,66,,
4561,0,Husk,T3/54,MOVING,65.214,4.000,36.500,"GoalBlock{x=75,y=9,z=36}",20,4,MovementTraverse,308,66,66,,
4562,0,Husk,T3/54,MOVING,65.494,4.000,36.500,"GoalBlock{x=75,y=9,z=36}",20,5,MovementTraverse,308,66,66,,
4563,0,Husk,T3/54,MOVING,65.775,4.000,36.500,"GoalBlock{x=75,y=9,z=36}",20,5,MovementTraverse,308,66,66,,
4564,0,Husk,T3/54,MOVING,66.055,4.000,36.500,"GoalBlock{x=75,y=9,z=36}",20,5,MovementTraverse,308,66,66,,
4565,0,Husk,T3/54,MOVING,66.336,4.000,36.500,"GoalBlock{x=75,y=9,z=36}",20,6,MovementTraverse,308,66,66,,
4566,0,Husk,T3/54,MOVING,66.617,4.000,36.500,"GoalBlock{x=75,y=9,z=36}",20,6,MovementTraverse,308,66,66,,
4567,0,Husk,T3/54,MOVING,66.897,4.000,36.500,"GoalBlock{x=75,y=9,z=36}",20,6,MovementTraverse,308,66,66,,
4568,0,Husk,T3/54,MOVING,67.178,4.000,36.500,"GoalBlock{x=75,y=9,z=36}",20,6,MovementTraverse,308,66,66,,
4569,0,Husk,T3/54,MOVING,67.459,4.000,36.500,"GoalBlock{x=75,y=9,z=36}",20,7,MovementTraverse,308,66,66,,
4570,0,Husk,T3/54,MOVING,67.739,4.000,36.500,"GoalBlock{x=75,y=9,z=36}",20,7,MovementTraverse,308,66,66,,
4571,0,Husk,T3/54,MOVING,68.020,4.000,36.500,"GoalBlock{x=75,y=9,z=36}",20,7,MovementTraverse,308,66,66,,
4572,0,Husk,T3/54,MOVING,68.271,4.420,36.500,"GoalBlock{x=75,y=9,z=36}",20,8,MovementAscend,308,66,66,,
4573,0,Husk,T3/54,MOVING,68.428,4.753,36.500,"GoalBlock{x=75,y=9,z=36}",20,8,MovementAscend,308,66,66,,
4574,0,Husk,T3/54,MOVING,68.590,5.001,36.500,"GoalBlock{x=75,y=9,z=36}",20,8,MovementAscend,308,66,66,,
4575,0,Husk,T3/54,MOVING,68.757,5.166,36.500,"GoalBlock{x=75,y=9,z=36}",20,8,MovementAscend,308,66,66,,
4576,0,Husk,T3/54,MOVING,68.929,5.249,36.500,"GoalBlock{x=75,y=9,z=36}",20,8,MovementAscend,308,66,66,,
4577,0,Husk,T3/54,MOVING,69.105,5.252,36.500,"GoalBlock{x=75,y=9,z=36}",20,8,MovementAscend,308,66,66,,
4578,0,Husk,T3/54,MOVING,69.255,5.177,36.500,"GoalBlock{x=75,y=9,z=36}",20,9,MovementPillar,308,66,66,,
4579,0,Husk,T3/54,MOVING,69.397,5.027,36.500,"GoalBlock{x=75,y=9,z=36}",20,9,MovementPillar,308,66,66,,
4580,0,Husk,T3/54,MOVING,69.512,4.877,36.500,"GoalBlock{x=75,y=9,z=36}",20,9,MovementPillar,308,66,66,,
4581,0,Husk,T3/54,MOVING,69.512,4.994,36.500,"GoalBlock{x=75,y=9,z=36}",20,9,MovementPillar,308,66,66,,
4582,0,Husk,T3/54,MOVING,69.512,5.112,36.500,"GoalBlock{x=75,y=9,z=36}",20,9,MovementPillar,308,66,66,,
4583,0,Husk,T3/54,MOVING,69.512,5.230,36.500,"GoalBlock{x=75,y=9,z=36}",20,9,MovementPillar,308,66,66,,
4584,0,Husk,T3/54,MOVING,69.512,5.347,36.500,"GoalBlock{x=75,y=9,z=36}",20,9,MovementPillar,308,66,66,,
4585,0,Husk,T3/54,MOVING,69.512,5.465,36.500,"GoalBlock{x=75,y=9,z=36}",20,9,MovementPillar,308,66,66,,
4586,0,Husk,T3/54,MOVING,69.512,5.582,36.500,"GoalBlock{x=75,y=9,z=36}",20,9,MovementPillar,308,66,66,,
4587,0,Husk,T3/54,MOVING,69.512,5.700,36.500,"GoalBlock{x=75,y=9,z=36}",20,9,MovementPillar,308,66,66,,
4588,0,Husk,T3/54,MOVING,69.512,5.818,36.500,"GoalBlock{x=75,y=9,z=36}",20,9,MovementPillar,308,66,66,,
4589,0,Husk,T3/54,MOVING,69.512,5.935,36.500,"GoalBlock{x=75,y=9,z=36}",20,9,MovementPillar,308,66,66,,
4590,0,Husk,T3/54,MOVING,69.512,6.053,36.500,"GoalBlock{x=75,y=9,z=36}",20,10,MovementPillar,308,66,66,,
4591,0,Husk,T3/54,MOVING,69.512,6.170,36.500,"GoalBlock{x=75,y=9,z=36}",20,10,MovementPillar,308,66,66,,
4592,0,Husk,T3/54,MOVING,69.512,6.288,36.500,"GoalBlock{x=75,y=9,z=36}",20,10,MovementPillar,308,66,66,,
4593,0,Husk,T3/54,MOVING,69.512,6.406,36.500,"GoalBlock{x=75,y=9,z=36}",20,10,MovementPillar,308,66,66,,
4594,0,Husk,T3/54,MOVING,69.512,6.523,36.500,"GoalBlock{x=75,y=9,z=36}",20,10,MovementPillar,308,66,66,,
4595,0,Husk,T3/54,MOVING,69.512,6.641,36.500,"GoalBlock{x=75,y=9,z=36}",20,10,MovementPillar,308,66,66,,
4596,0,Husk,T3/54,MOVING,69.512,6.758,36.500,"GoalBlock{x=75,y=9,z=36}",20,10,MovementPillar,308,66,66,,
4597,0,Husk,T3/54,MOVING,69.512,6.876,36.500,"GoalBlock{x=75,y=9,z=36}",20,10,MovementPillar,308,66,66,,
4598,0,Husk,T3/54,MOVING,69.512,6.994,36.500,"GoalBlock{x=75,y=9,z=36}",20,11,MovementPillar,308,66,66,,
4599,0,Husk,T3/54,MOVING,69.512,7.111,36.500,"GoalBlock{x=75,y=9,z=36}",20,11,MovementPillar,308,66,66,,
4600,0,Husk,T3/54,MOVING,69.512,7.229,36.500,"GoalBlock{x=75,y=9,z=36}",20,11,MovementPillar,308,66,66,,
4601,0,Husk,T3/54,MOVING,69.512,7.346,36.500,"GoalBlock{x=75,y=9,z=36}",20,11,MovementPillar,308,66,66,,
4602,0,Husk,T3/54,MOVING,69.512,7.464,36.500,"GoalBlock{x=75,y=9,z=36}",20,11,MovementPillar,308,66,66,,
4603,0,Husk,T3/54,MOVING,69.512,7.582,36.500,"GoalBlock{x=75,y=9,z=36}",20,11,MovementPillar,308,66,66,,
4604,0,Husk,T3/54,MOVING,69.512,7.699,36.500,"GoalBlock{x=75,y=9,z=36}",20,11,MovementPillar,308,66,66,,
4605,0,Husk,T3/54,MOVING,69.512,7.817,36.500,"GoalBlock{x=75,y=9,z=36}",20,11,MovementPillar,308,66,66,,
4606,0,Husk,T3/54,MOVING,69.512,7.934,36.500,"GoalBlock{x=75,y=9,z=36}",20,11,MovementPillar,308,66,66,,
4607,0,Husk,T3/54,MOVING,69.512,8.052,36.500,"GoalBlock{x=75,y=9,z=36}",20,12,MovementPillar,308,66,66,,
4608,0,Husk,T3/54,MOVING,69.512,8.170,36.500,"GoalBlock{x=75,y=9,z=36}",20,12,MovementPillar,308,66,66,,
4609,0,Husk,T3/54,MOVING,69.512,8.287,36.500,"GoalBlock{x=75,y=9,z=36}",20,12,MovementPillar,308,66,66,,
4610,0,Husk,T3/54,MOVING,69.512,8.405,36.500,"GoalBlock{x=75,y=9,z=36}",20,12,MovementPillar,308,66,66,,
4611,0,Husk,T3/54,MOVING,69.512,8.522,36.500,"GoalBlock{x=75,y=9,z=36}",20,12,MovementPillar,308,66,66,,
4612,0,Husk,T3/54,MOVING,69.512,8.640,36.500,"GoalBlock{x=75,y=9,z=36}",20,12,MovementPillar,308,66,66,,
4613,0,Husk,T3/54,MOVING,69.512,8.758,36.500,"GoalBlock{x=75,y=9,z=36}",20,12,MovementPillar,308,66,66,,
4614,0,Husk,T3/54,MOVING,69.512,8.875,36.500,"GoalBlock{x=75,y=9,z=36}",20,12,MovementPillar,308,66,66,,
4615,0,Husk,T3/54,MOVING,69.512,8.993,36.500,"GoalBlock{x=75,y=9,z=36}",20,13,MovementTraverse,308,66,66,,
4616,0,Husk,T3/54,MOVING,69.538,9.110,36.500,"GoalBlock{x=75,y=9,z=36}",20,13,MovementTraverse,308,66,66,,
4617,0,Husk,T3/54,MOVING,69.587,9.147,36.500,"GoalBlock{x=75,y=9,z=36}",20,13,MovementTraverse,308,66,66,,
4618,0,Husk,T3/54,MOVING,69.656,9.105,36.500,"GoalBlock{x=75,y=9,z=36}",20,13,MovementTraverse,308,66,66,,
4619,0,Husk,T3/54,MOVING,69.745,9.000,36.500,"GoalBlock{x=75,y=9,z=36}",20,13,MovementTraverse,308,66,66,,
4620,0,Husk,T3/54,MOVING,69.954,9.000,36.500,"GoalBlock{x=75,y=9,z=36}",20,13,MovementTraverse,308,66,66,,
4621,0,Husk,T3/54,MOVING,70.195,9.000,36.500,"GoalBlock{x=75,y=9,z=36}",20,13,MovementTraverse,308,66,66,,
4622,0,Husk,T3/54,MOVING,70.454,9.000,36.500,"GoalBlock{x=75,y=9,z=36}",20,14,MovementTraverse,308,66,66,,
4623,0,Husk,T3/54,MOVING,70.723,9.000,36.500,"GoalBlock{x=75,y=9,z=36}",20,14,MovementTraverse,308,66,66,,
4624,0,Husk,T3/54,MOVING,70.997,9.000,36.500,"GoalBlock{x=75,y=9,z=36}",20,14,MovementTraverse,308,66,66,,
4625,0,Husk,T3/54,MOVING,71.274,9.000,36.500,"GoalBlock{x=75,y=9,z=36}",20,14,MovementTraverse,308,66,66,,
4626,0,Husk,T3/54,MOVING,71.553,9.000,36.500,"GoalBlock{x=75,y=9,z=36}",20,15,MovementTraverse,308,66,66,,
4627,0,Husk,T3/54,MOVING,71.832,9.000,36.500,"GoalBlock{x=75,y=9,z=36}",20,15,MovementTraverse,308,66,66,,
4628,0,Husk,T3/54,MOVING,72.112,9.000,36.500,"GoalBlock{x=75,y=9,z=36}",20,15,MovementTraverse,308,66,66,,
4629,0,Husk,T3/54,MOVING,72.393,9.000,36.500,"GoalBlock{x=75,y=9,z=36}",20,16,MovementTraverse,308,66,66,,
4630,0,Husk,T3/54,MOVING,72.673,9.000,36.500,"GoalBlock{x=75,y=9,z=36}",20,16,MovementTraverse,308,66,66,,
4631,0,Husk,T3/54,MOVING,72.954,9.000,36.500,"GoalBlock{x=75,y=9,z=36}",20,16,MovementTraverse,308,66,66,,
4632,0,Husk,T3/54,MOVING,73.234,9.000,36.500,"GoalBlock{x=75,y=9,z=36}",20,16,MovementTraverse,308,66,66,,
4633,0,Husk,T3/54,MOVING,73.515,9.000,36.500,"GoalBlock{x=75,y=9,z=36}",20,17,MovementTraverse,308,66,66,,
4634,0,Husk,T3/54,MOVING,73.795,9.000,36.500,"GoalBlock{x=75,y=9,z=36}",20,17,MovementTraverse,308,66,66,,
4635,0,Husk,T3/54,MOVING,74.076,9.000,36.500,"GoalBlock{x=75,y=9,z=36}",20,17,MovementTraverse,308,66,66,,
4636,0,Husk,T3/54,MOVING,74.357,9.000,36.500,"GoalBlock{x=75,y=9,z=36}",20,18,MovementTraverse,308,66,66,,
4637,0,Husk,T3/54,MOVING,74.637,9.000,36.500,"GoalBlock{x=75,y=9,z=36}",20,18,MovementTraverse,308,66,66,,
4638,0,Husk,T3/54,MOVING,74.918,9.000,36.500,"GoalBlock{x=75,y=9,z=36}",20,18,MovementTraverse,308,66,66,,
4639,0,Husk,T3/54,MOVING,75.199,9.000,36.500,"GoalBlock{x=75,y=9,z=36}",20,18,MovementTraverse,308,66,66,,
4640,0,Husk,T3/54,ARRIVED,75.352,9.000,36.500,,-1,-1,,308,66,66,,CANCELED
4641,0,Husk,T3/55,ARRIVED,60.500,9.000,48.500,,-1,-1,,308,66,66,,CANCELED|CANCELED
4642,0,Husk,T3/55,ARRIVED,60.500,9.000,48.500,,-1,-1,,308,66,66,,
4643,0,Husk,T3/55,ARRIVED,60.500,9.000,48.500,,-1,-1,,308,66,66,,
4644,0,Husk,T3/55,ARRIVED,60.500,9.000,48.500,,-1,-1,,308,66,66,,
4645,0,Husk,T3/55,ARRIVED,60.500,9.000,48.500,,-1,-1,,308,66,66,,
4646,0,Husk,T3/55,ARRIVED,60.500,9.000,48.500,,-1,-1,,308,66,66,,
4647,0,Husk,T3/55,ARRIVED,60.500,9.000,48.500,,-1,-1,,308,66,66,,
4648,0,Husk,T3/55,ARRIVED,60.500,9.000,48.500,,-1,-1,,308,66,66,,
4649,0,Husk,T3/55,ARRIVED,60.500,9.000,48.500,,-1,-1,,308,66,66,,
4650,0,Husk,T3/55,ARRIVED,60.500,9.000,48.500,,-1,-1,,308,66,66,,
4651,0,Husk,T3/55,SEARCHING,60.500,9.000,48.500,"GoalBlock{x=80,y=4,z=48}",-1,-1,,308,67,67,,CALC_STARTED
4652,0,Husk,T3/55,MOVING,60.627,9.000,48.500,"GoalBlock{x=80,y=4,z=48}",26,0,MovementTraverse,232,67,67,,CALC_FINISHED_NOW_EXECUTING
4653,0,Husk,T3/55,MOVING,60.824,9.000,48.500,"GoalBlock{x=80,y=4,z=48}",26,0,MovementTraverse,232,67,67,,
4654,0,Husk,T3/55,MOVING,61.059,9.000,48.500,"GoalBlock{x=80,y=4,z=48}",26,0,MovementTraverse,232,67,67,,
4655,0,Husk,T3/55,MOVING,61.315,9.000,48.500,"GoalBlock{x=80,y=4,z=48}",26,1,MovementTraverse,232,67,67,,
4656,0,Husk,T3/55,MOVING,61.582,9.000,48.500,"GoalBlock{x=80,y=4,z=48}",26,1,MovementTraverse,232,67,67,,
4657,0,Husk,T3/55,MOVING,61.855,9.000,48.500,"GoalBlock{x=80,y=4,z=48}",26,1,MovementTraverse,232,67,67,,
4658,0,Husk,T3/55,MOVING,62.132,9.000,48.500,"GoalBlock{x=80,y=4,z=48}",26,1,MovementTraverse,232,67,67,,
4659,0,Husk,T3/55,MOVING,62.410,9.000,48.500,"GoalBlock{x=80,y=4,z=48}",26,2,MovementTraverse,232,67,67,,
4660,0,Husk,T3/55,MOVING,62.690,9.000,48.500,"GoalBlock{x=80,y=4,z=48}",26,2,MovementTraverse,232,67,67,,
4661,0,Husk,T3/55,MOVING,62.969,9.000,48.500,"GoalBlock{x=80,y=4,z=48}",26,2,MovementTraverse,232,67,67,,
4662,0,Husk,T3/55,MOVING,63.250,9.000,48.500,"GoalBlock{x=80,y=4,z=48}",26,2,MovementTraverse,232,67,67,,
4663,0,Husk,T3/55,MOVING,63.530,9.000,48.500,"GoalBlock{x=80,y=4,z=48}",26,3,MovementTraverse,232,67,67,,
4664,0,Husk,T3/55,MOVING,63.811,9.000,48.500,"GoalBlock{x=80,y=4,z=48}",26,3,MovementTraverse,232,67,67,,
4665,0,Husk,T3/55,MOVING,64.091,9.000,48.500,"GoalBlock{x=80,y=4,z=48}",26,3,MovementTraverse,232,67,67,,
4666,0,Husk,T3/55,MOVING,64.372,9.000,48.500,"GoalBlock{x=80,y=4,z=48}",26,4,MovementTraverse,232,67,67,,
4667,0,Husk,T3/55,MOVING,64.652,9.000,48.500,"GoalBlock{x=80,y=4,z=48}",26,4,MovementTraverse,232,67,67,,
4668,0,Husk,T3/55,MOVING,64.933,9.000,48.500,"GoalBlock{x=80,y=4,z=48}",26,4,MovementTraverse,232,67,67,,
4669,0,Husk,T3/55,MOVING,65.214,9.000,48.500,"GoalBlock{x=80,y=4,z=48}",26,4,MovementTraverse,232,67,67,,
4670,0,Husk,T3/55,MOVING,65.494,9.000,48.500,"GoalBlock{x=80,y=4,z=48}",26,5,MovementTraverse,232,67,67,,
4671,0,Husk,T3/55,MOVING,65.775,9.000,48.500,"GoalBlock{x=80,y=4,z=48}",26,5,MovementTraverse,232,67,67,,
4672,0,Husk,T3/55,MOVING,66.055,9.000,48.500,"GoalBlock{x=80,y=4,z=48}",26,5,MovementTraverse,232,67,67,,
4673,0,Husk,T3/55,MOVING,66.336,9.000,48.500,"GoalBlock{x=80,y=4,z=48}",26,6,MovementTraverse,232,67,67,,
4674,0,Husk,T3/55,MOVING,66.617,9.000,48.500,"GoalBlock{x=80,y=4,z=48}",26,6,MovementTraverse,232,67,67,,
4675,0,Husk,T3/55,MOVING,66.897,9.000,48.500,"GoalBlock{x=80,y=4,z=48}",26,6,MovementTraverse,232,67,67,,
4676,0,Husk,T3/55,MOVING,67.178,9.000,48.500,"GoalBlock{x=80,y=4,z=48}",26,6,MovementTraverse,232,67,67,,
4677,0,Husk,T3/55,MOVING,67.459,9.000,48.500,"GoalBlock{x=80,y=4,z=48}",26,7,MovementTraverse,232,67,67,,
4678,0,Husk,T3/55,MOVING,67.739,9.000,48.500,"GoalBlock{x=80,y=4,z=48}",26,7,MovementTraverse,232,67,67,,
4679,0,Husk,T3/55,MOVING,68.020,9.000,48.500,"GoalBlock{x=80,y=4,z=48}",26,7,MovementTraverse,232,67,67,,
4680,0,Husk,T3/55,MOVING,68.300,9.000,48.500,"GoalBlock{x=80,y=4,z=48}",26,8,MovementTraverse,232,67,67,,
4681,0,Husk,T3/55,MOVING,68.581,9.000,48.500,"GoalBlock{x=80,y=4,z=48}",26,8,MovementTraverse,232,67,67,,
4682,0,Husk,T3/55,MOVING,68.862,9.000,48.500,"GoalBlock{x=80,y=4,z=48}",26,8,MovementTraverse,232,67,67,,
4683,0,Husk,T3/55,MOVING,69.142,9.000,48.500,"GoalBlock{x=80,y=4,z=48}",26,8,MovementTraverse,232,67,67,,
4684,0,Husk,T3/55,MOVING,69.393,9.000,48.500,"GoalBlock{x=80,y=4,z=48}",26,9,MovementDownward,232,67,67,,
4685,0,Husk,T3/55,MOVING,69.531,9.000,48.500,"GoalBlock{x=80,y=4,z=48}",26,9,MovementDownward,232,67,67,,
4686,0,Husk,T3/55,MOVING,69.606,8.922,48.500,"GoalBlock{x=80,y=4,z=48}",26,9,MovementDownward,232,67,67,,
4687,0,Husk,T3/55,MOVING,69.646,8.772,48.500,"GoalBlock{x=80,y=4,z=48}",26,9,MovementDownward,232,67,67,,
4688,0,Husk,T3/55,MOVING,69.684,8.622,48.500,"GoalBlock{x=80,y=4,z=48}",26,10,MovementDownward,232,67,67,,
4689,0,Husk,T3/55,MOVING,69.717,8.472,48.500,"GoalBlock{x=80,y=4,z=48}",26,10,MovementDownward,232,67,67,,
4690,0,Husk,T3/55,MOVING,69.765,8.322,48.490,"GoalBlock{x=80,y=4,z=48}",26,10,MovementDownward,232,67,67,,
4691,0,Husk,T3/55,MOVING,69.819,8.172,48.464,"GoalBlock{x=80,y=4,z=48}",26,10,MovementDownward,232,67,67,,
4692,0,Husk,T3/55,MOVING,69.867,8.022,48.421,"GoalBlock{x=80,y=4,z=48}",26,10,MovementDownward,232,67,67,,
4693,0,Husk,T3/55,MOVING,69.901,7.872,48.365,"GoalBlock{x=80,y=4,z=48}",26,10,MovementDownward,232,67,67,,
4694,0,Husk,T3/55,MOVING,69.916,7.722,48.304,"GoalBlock{x=80,y=4,z=48}",26,11,MovementDownward,232,67,67,,
4695,0,Husk,T3/55,MOVING,69.909,7.572,48.248,"GoalBlock{x=80,y=4,z=48}",26,11,MovementDownward,232,67,67,,
4696,0,Husk,T3/55,MOVING,69.886,7.422,48.208,"GoalBlock{x=80,y=4,z=48}",26,11,MovementDownward,232,67,67,,
4697,0,Husk,T3/55,MOVING,69.849,7.272,48.182,"GoalBlock{x=80,y=4,z=48}",26,11,MovementDownward,232,67,67,,
4698,0,Husk,T3/55,MOVING,69.802,7.122,48.173,"GoalBlock{x=80,y=4,z=48}",26,11,MovementDownward,232,67,67,,
4699,0,Husk,T3/55,MOVING,69.745,6.972,48.178,"GoalBlock{x=80,y=4,z=48}",26,11,MovementDownward,232,67,67,,
4700,0,Husk,T3/55,MOVING,69.681,6.822,48.199,"GoalBlock{x=80,y=4,z=48}",26,11,MovementDownward,232,67,67,,
4701,0,Husk,T3/55,MOVING,69.614,6.672,48.234,"GoalBlock{x=80,y=4,z=48}",26,12,MovementDownward,232,67,67,,
4702,0,Husk,T3/55,MOVING,69.544,6.522,48.285,"GoalBlock{x=80,y=4,z=48}",26,12,MovementDownward,232,67,67,,
4703,0,Husk,T3/55,MOVING,69.488,6.372,48.350,"GoalBlock{x=80,y=4,z=48}",26,12,MovementDownward,232,67,67,,
4704,0,Husk,T3/55,MOVING,69.488,6.489,48.409,"GoalBlock{x=80,y=4,z=48}",26,12,MovementDownward,232,67,67,,
4705,0,Husk,T3/55,MOVING,69.488,6.526,48.463,"GoalBlock{x=80,y=4,z=48}",26,12,MovementDownward,232,67,67,,
4706,0,Husk,T3/55,MOVING,69.488,6.484,48.512,"GoalBlock{x=80,y=4,z=48}",26,12,MovementDownward,232,67,67,,
4707,0,Husk,T3/55,MOVING,69.488,6.364,48.557,"GoalBlock{x=80,y=4,z=48}",26,12,MovementDownward,232,67,67,,
4708,0,Husk,T3/55,MOVING,69.488,6.214,48.597,"GoalBlock{x=80,y=4,z=48}",26,12,MovementDownward,232,67,67,,
4709,0,Husk,T3/55,MOVING,69.488,6.064,48.634,"GoalBlock{x=80,y=4,z=48}",26,12,MovementDownward,232,67,67,,
4710,0,Husk,T3/55,MOVING,69.488,5.914,48.668,"GoalBlock{x=80,y=4,z=48}",26,12,MovementDownward,232,67,67,,
4711,0,Husk,T3/55,MOVING,69.488,5.764,48.713,"GoalBlock{x=80,y=4,z=48}",26,12,MovementDownward,232,67,67,,
4712,0,Husk,T3/55,MOVING,69.488,5.882,48.760,"GoalBlock{x=80,y=4,z=48}",26,13,MovementDownward,232,67,67,,
4713,0,Husk,T3/55,MOVING,69.488,5.999,48.799,"GoalBlock{x=80,y=4,z=48}",26,12,MovementDownward,232,67,67,,
4714,0,Husk,T3/55,MOVING,69.488,6.117,48.822,"GoalBlock{x=80,y=4,z=48}",26,12,MovementDownward,232,67,67,,
4715,0,Husk,T3/55,MOVING,69.488,6.234,48.824,"GoalBlock{x=80,y=4,z=48}",26,12,MovementDownward,232,67,67,,
4716,0,Husk,T3/55,MOVING,69.488,6.352,48.805,"GoalBlock{x=80,y=4,z=48}",26,12,MovementDownward,232,67,67,,
4717,0,Husk,T3/55,MOVING,69.489,6.389,48.767,"GoalBlock{x=80,y=4,z=48}",26,12,MovementDownward,232,67,67,,
4718,0,Husk,T3/55,MOVING,69.490,6.346,48.714,"GoalBlock{x=80,y=4,z=48}",26,12,MovementDownward,232,67,67,,
4719,0,Husk,T3/55,MOVING,69.491,6.227,48.645,"GoalBlock{x=80,y=4,z=48}",26,12,MovementDownward,232,67,67,,
4720,0,Husk,T3/55,MOVING,69.491,6.077,48.583,"GoalBlock{x=80,y=4,z=48}",26,12,MovementDownward,232,67,67,,
4721,0,Husk,T3/55,MOVING,69.491,5.927,48.526,"GoalBlock{x=80,y=4,z=48}",26,12,MovementDownward,232,67,67,,
4722,0,Husk,T3/55,MOVING,69.491,5.777,48.475,"GoalBlock{x=80,y=4,z=48}",26,12,MovementDownward,232,67,67,,
4723,0,Husk,T3/55,MOVING,69.491,5.627,48.428,"GoalBlock{x=80,y=4,z=48}",26,13,MovementDownward,232,67,67,,
4724,0,Husk,T3/55,MOVING,69.491,5.477,48.385,"GoalBlock{x=80,y=4,z=48}",26,13,MovementDownward,232,67,67,,
4725,0,Husk,T3/55,MOVING,69.491,5.327,48.346,"GoalBlock{x=80,y=4,z=48}",26,13,MovementDownward,232,67,67,,
4726,0,Husk,T3/55,MOVING,69.491,5.177,48.311,"GoalBlock{x=80,y=4,z=48}",26,13,MovementDownward,232,67,67,,
4727,0,Husk,T3/55,MOVING,69.491,5.027,48.279,"GoalBlock{x=80,y=4,z=48}",26,13,MovementDownward,232,67,67,,
4728,0,Husk,T3/55,MOVING,69.501,4.877,48.233,"GoalBlock{x=80,y=4,z=48}",26,13,MovementDownward,232,67,67,,
4729,0,Husk,T3/55,MOVING,69.528,4.727,48.183,"GoalBlock{x=80,y=4,z=48}",26,13,MovementDownward,232,67,67,,
4730,0,Husk,T3/55,MOVING,69.553,4.577,48.137,"GoalBlock{x=80,y=4,z=48}",26,14,MovementTraverse,232,67,67,,
4731,0,Husk,T3/55,MOVING,69.575,4.427,48.095,"GoalBlock{x=80,y=4,z=48}",26,14,MovementTraverse,232,67,67,,
4732,0,Husk,T3/55,MOVING,69.596,4.277,48.056,"GoalBlock{x=80,y=4,z=48}",26,14,MovementTraverse,232,67,67,,
4733,0,Husk,T3/55,MOVING,69.614,4.127,48.022,"GoalBlock{x=80,y=4,z=48}",26,14,MovementTraverse,232,67,67,,
4734,0,Husk,T3/55,MOVING,69.631,4.000,47.990,"GoalBlock{x=80,y=4,z=48}",26,14,MovementTraverse,232,67,67,,
4735,0,Husk,T3/55,MOVING,69.757,4.000,48.026,"GoalBlock{x=80,y=4,z=48}",26,14,MovementTraverse,232,67,67,,
4736,0,Husk,T3/55,MOVING,69.907,4.000,48.114,"GoalBlock{x=80,y=4,z=48}",26,14,MovementTraverse,232,67,67,,
4737,0,Husk,T3/55,MOVING,70.057,4.000,48.231,"GoalBlock{x=80,y=4,z=48}",26,14,MovementTraverse,232,67,67,,
4738,0,Husk,T3/55,MOVING,70.264,4.000,48.319,"GoalBlock{x=80,y=4,z=48}",26,15,MovementTraverse,232,67,67,,
4739,0,Husk,T3/55,MOVING,70.503,4.000,48.385,"GoalBlock{x=80,y=4,z=48}",26,15,MovementTraverse,232,67,67,,
4740,0,Husk,T3/55,MOVING,70.760,4.000,48.436,"GoalBlock{x=80,y=4,z=48}",26,15,MovementTraverse,232,67,67,,
4741,0,Husk,T3/55,MOVING,71.027,4.000,48.475,"GoalBlock{x=80,y=4,z=48}",26,15,MovementTraverse,232,67,67,,
4742,0,Husk,T3/55,MOVING,71.301,4.000,48.498,"GoalBlock{x=80,y=4,z=48}",26,16,MovementTraverse,232,67,67,,
4743,0,Husk,T3/55,MOVING,71.577,4.000,48.511,"GoalBlock{x=80,y=4,z=48}",26,16,MovementTraverse,232,67,67,,
4744,0,Husk,T3/55,MOVING,71.856,4.000,48.516,"GoalBlock{x=80,y=4,z=48}",26,16,MovementTraverse,232,67,67,,
4745,0,Husk,T3/55,MOVING,72.135,4.000,48.516,"GoalBlock{x=80,y=4,z=48}",26,16,MovementTraverse,232,67,67,,
4746,0,Husk,T3/55,MOVING,72.415,4.000,48.515,"GoalBlock{x=80,y=4,z=48}",26,17,MovementTraverse,232,67,67,,
4747,0,Husk,T3/55,MOVING,72.695,4.000,48.513,"GoalBlock{x=80,y=4,z=48}",26,17,MovementTraverse,232,67,67,,
4748,0,Husk,T3/55,MOVING,72.976,4.000,48.511,"GoalBlock{x=80,y=4,z=48}",26,17,MovementTraverse,232,67,67,,
4749,0,Husk,T3/55,MOVING,73.256,4.000,48.508,"GoalBlock{x=80,y=4,z=48}",26,17,MovementTraverse,232,67,67,,
4750,0,Husk,T3/55,MOVING,73.537,4.000,48.507,"GoalBlock{x=80,y=4,z=48}",26,18,MovementTraverse,232,67,67,,
4751,0,Husk,T3/55,MOVING,73.817,4.000,48.506,"GoalBlock{x=80,y=4,z=48}",26,18,MovementTraverse,232,67,67,,
4752,0,Husk,T3/55,MOVING,74.098,4.000,48.505,"GoalBlock{x=80,y=4,z=48}",26,18,MovementTraverse,232,67,67,,
4753,0,Husk,T3/55,MOVING,74.378,4.000,48.505,"GoalBlock{x=80,y=4,z=48}",26,19,MovementTraverse,232,67,67,,
4754,0,Husk,T3/55,MOVING,74.659,4.000,48.504,"GoalBlock{x=80,y=4,z=48}",26,19,MovementTraverse,232,67,67,,
4755,0,Husk,T3/55,MOVING,74.940,4.000,48.504,"GoalBlock{x=80,y=4,z=48}",26,19,MovementTraverse,232,67,67,,
4756,0,Husk,T3/55,MOVING,75.220,4.000,48.503,"GoalBlock{x=80,y=4,z=48}",26,19,MovementTraverse,232,67,67,,
4757,0,Husk,T3/55,MOVING,75.501,4.000,48.503,"GoalBlock{x=80,y=4,z=48}",26,20,MovementTraverse,232,67,67,,
4758,0,Husk,T3/55,MOVING,75.781,4.000,48.502,"GoalBlock{x=80,y=4,z=48}",26,20,MovementTraverse,232,67,67,,
4759,0,Husk,T3/55,MOVING,76.062,4.000,48.502,"GoalBlock{x=80,y=4,z=48}",26,20,MovementTraverse,232,67,67,,
4760,0,Husk,T3/55,MOVING,76.343,4.000,48.502,"GoalBlock{x=80,y=4,z=48}",26,21,MovementTraverse,232,67,67,,
4761,0,Husk,T3/55,MOVING,76.623,4.000,48.502,"GoalBlock{x=80,y=4,z=48}",26,21,MovementTraverse,232,67,67,,
4762,0,Husk,T3/55,MOVING,76.904,4.000,48.501,"GoalBlock{x=80,y=4,z=48}",26,21,MovementTraverse,232,67,67,,
4763,0,Husk,T3/55,MOVING,77.185,4.000,48.501,"GoalBlock{x=80,y=4,z=48}",26,21,MovementTraverse,232,67,67,,
4764,0,Husk,T3/55,MOVING,77.465,4.000,48.501,"GoalBlock{x=80,y=4,z=48}",26,22,MovementTraverse,232,67,67,,
4765,0,Husk,T3/55,MOVING,77.746,4.000,48.501,"GoalBlock{x=80,y=4,z=48}",26,22,MovementTraverse,232,67,67,,
4766,0,Husk,T3/55,MOVING,78.026,4.000,48.501,"GoalBlock{x=80,y=4,z=48}",26,22,MovementTraverse,232,67,67,,
4767,0,Husk,T3/55,MOVING,78.307,4.000,48.501,"GoalBlock{x=80,y=4,z=48}",26,23,MovementTraverse,232,67,67,,
4768,0,Husk,T3/55,MOVING,78.588,4.000,48.501,"GoalBlock{x=80,y=4,z=48}",26,23,MovementTraverse,232,67,67,,
4769,0,Husk,T3/55,MOVING,78.868,4.000,48.501,"GoalBlock{x=80,y=4,z=48}",26,23,MovementTraverse,232,67,67,,
4770,0,Husk,T3/55,MOVING,79.149,4.000,48.500,"GoalBlock{x=80,y=4,z=48}",26,23,MovementTraverse,232,67,67,,
4771,0,Husk,T3/55,MOVING,79.429,4.000,48.500,"GoalBlock{x=80,y=4,z=48}",26,24,MovementTraverse,232,67,67,,
4772,0,Husk,T3/55,MOVING,79.710,4.000,48.500,"GoalBlock{x=80,y=4,z=48}",26,24,MovementTraverse,232,67,67,,
4773,0,Husk,T3/55,MOVING,79.991,4.000,48.500,"GoalBlock{x=80,y=4,z=48}",26,24,MovementTraverse,232,67,67,,
4774,0,Husk,T3/55,MOVING,80.271,4.000,48.500,"GoalBlock{x=80,y=4,z=48}",26,24,MovementTraverse,232,67,67,,
4775,0,Husk,T3/55,ARRIVED,80.425,4.000,48.500,,-1,-1,,232,67,67,,CANCELED
4776,0,Husk,T3/56,ARRIVED,60.500,4.000,60.500,,-1,-1,,232,67,67,,CANCELED|CANCELED
4777,0,Husk,T3/56,ARRIVED,60.500,4.000,60.500,,-1,-1,,232,67,67,,
4778,0,Husk,T3/56,ARRIVED,60.500,4.000,60.500,,-1,-1,,232,67,67,,
4779,0,Husk,T3/56,ARRIVED,60.500,4.000,60.500,,-1,-1,,232,67,67,,
4780,0,Husk,T3/56,ARRIVED,60.500,4.000,60.500,,-1,-1,,232,67,67,,
4781,0,Husk,T3/56,ARRIVED,60.500,4.000,60.500,,-1,-1,,232,67,67,,
4782,0,Husk,T3/56,ARRIVED,60.500,4.000,60.500,,-1,-1,,232,67,67,,
4783,0,Husk,T3/56,ARRIVED,60.500,4.000,60.500,,-1,-1,,232,67,67,,
4784,0,Husk,T3/56,ARRIVED,60.500,4.000,60.500,,-1,-1,,232,67,67,,
4785,0,Husk,T3/56,ARRIVED,60.500,4.000,60.500,,-1,-1,,232,67,67,,
4786,0,Husk,T3/56,SEARCHING,60.500,4.000,60.500,"GoalBlock{x=80,y=4,z=60}",-1,-1,,232,68,68,,CALC_STARTED
4787,0,Husk,T3/56,MOVING,60.627,4.000,60.500,"GoalBlock{x=80,y=4,z=60}",21,0,MovementTraverse,414,68,68,,CALC_FINISHED_NOW_EXECUTING
4788,0,Husk,T3/56,MOVING,60.824,4.000,60.500,"GoalBlock{x=80,y=4,z=60}",21,0,MovementTraverse,414,68,68,,
4789,0,Husk,T3/56,MOVING,61.059,4.000,60.500,"GoalBlock{x=80,y=4,z=60}",21,0,MovementTraverse,414,68,68,,
4790,0,Husk,T3/56,MOVING,61.315,4.000,60.500,"GoalBlock{x=80,y=4,z=60}",21,1,MovementTraverse,414,68,68,,
4791,0,Husk,T3/56,MOVING,61.582,4.000,60.500,"GoalBlock{x=80,y=4,z=60}",21,1,MovementTraverse,414,68,68,,
4792,0,Husk,T3/56,MOVING,61.855,4.000,60.500,"GoalBlock{x=80,y=4,z=60}",21,1,MovementTraverse,414,68,68,,
4793,0,Husk,T3/56,MOVING,62.132,4.000,60.500,"GoalBlock{x=80,y=4,z=60}",21,1,MovementTraverse,414,68,68,,
4794,0,Husk,T3/56,MOVING,62.410,4.000,60.500,"GoalBlock{x=80,y=4,z=60}",21,2,MovementTraverse,414,68,68,,
4795,0,Husk,T3/56,MOVING,62.690,4.000,60.500,"GoalBlock{x=80,y=4,z=60}",21,2,MovementTraverse,414,68,68,,
4796,0,Husk,T3/56,MOVING,62.969,4.000,60.500,"GoalBlock{x=80,y=4,z=60}",21,2,MovementTraverse,414,68,68,,
4797,0,Husk,T3/56,MOVING,63.250,4.000,60.500,"GoalBlock{x=80,y=4,z=60}",21,2,MovementTraverse,414,68,68,,
4798,0,Husk,T3/56,MOVING,63.530,4.000,60.500,"GoalBlock{x=80,y=4,z=60}",21,3,MovementTraverse,414,68,68,,
4799,0,Husk,T3/56,MOVING,63.811,4.000,60.500,"GoalBlock{x=80,y=4,z=60}",21,3,MovementTraverse,414,68,68,,
4800,0,Husk,T3/56,MOVING,64.091,4.000,60.500,"GoalBlock{x=80,y=4,z=60}",21,3,MovementTraverse,414,68,68,,
4801,0,Husk,T3/56,MOVING,64.372,4.000,60.500,"GoalBlock{x=80,y=4,z=60}",21,4,MovementTraverse,414,68,68,,
4802,0,Husk,T3/56,MOVING,64.652,4.000,60.500,"GoalBlock{x=80,y=4,z=60}",21,4,MovementTraverse,414,68,68,,
4803,0,Husk,T3/56,MOVING,64.933,4.000,60.500,"GoalBlock{x=80,y=4,z=60}",21,4,MovementTraverse,414,68,68,,
4804,0,Husk,T3/56,MOVING,65.214,4.000,60.500,"GoalBlock{x=80,y=4,z=60}",21,4,MovementTraverse,414,68,68,,
4805,0,Husk,T3/56,MOVING,65.494,4.000,60.500,"GoalBlock{x=80,y=4,z=60}",21,5,MovementTraverse,414,68,68,,
4806,0,Husk,T3/56,MOVING,65.775,4.000,60.500,"GoalBlock{x=80,y=4,z=60}",21,5,MovementTraverse,414,68,68,,
4807,0,Husk,T3/56,MOVING,66.055,4.000,60.500,"GoalBlock{x=80,y=4,z=60}",21,5,MovementTraverse,414,68,68,,
4808,0,Husk,T3/56,MOVING,66.336,4.000,60.500,"GoalBlock{x=80,y=4,z=60}",21,6,MovementTraverse,414,68,68,,
4809,0,Husk,T3/56,MOVING,66.617,4.000,60.500,"GoalBlock{x=80,y=4,z=60}",21,6,MovementTraverse,414,68,68,,
4810,0,Husk,T3/56,MOVING,66.897,4.000,60.500,"GoalBlock{x=80,y=4,z=60}",21,6,MovementTraverse,414,68,68,,
4811,0,Husk,T3/56,MOVING,67.178,4.000,60.500,"GoalBlock{x=80,y=4,z=60}",21,6,MovementTraverse,414,68,68,,
4812,0,Husk,T3/56,MOVING,67.429,4.000,60.500,"GoalBlock{x=80,y=4,z=60}",21,7,MovementDescend,414,68,68,,
4813,0,Husk,T3/56,MOVING,67.664,4.000,60.500,"GoalBlock{x=80,y=4,z=60}",21,7,MovementDescend,414,68,68,,
4814,0,Husk,T3/56,MOVING,67.891,4.000,60.500,"GoalBlock{x=80,y=4,z=60}",21,7,MovementDescend,414,68,68,,
4815,0,Husk,T3/56,MOVING,68.112,4.000,60.500,"GoalBlock{x=80,y=4,z=60}",21,7,MovementDescend,414,68,68,,
4816,0,Husk,T3/56,MOVING,68.331,4.000,60.500,"GoalBlock{x=80,y=4,z=60}",21,7,MovementDescend,414,68,68,,
4817,0,Husk,T3/56,MOVING,68.536,3.922,60.451,"GoalBlock{x=80,y=4,z=60}",21,7,MovementDescend,414,68,68,,
4818,0,Husk,T3/56,MOVING,68.657,3.766,60.407,"GoalBlock{x=80,y=4,z=60}",21,7,MovementDescend,414,68,68,,
4819,0,Husk,T3/56,MOVING,68.790,3.536,60.355,"GoalBlock{x=80,y=4,z=60}",21,8,MovementTraverse,414,68,68,,
4820,0,Husk,T3/56,MOVING,68.930,3.272,60.307,"GoalBlock{x=80,y=4,z=60}",21,8,MovementTraverse,414,68,68,,
4821,0,Husk,T3/56,MOVING,69.061,3.080,60.275,"GoalBlock{x=80,y=4,z=60}",21,8,MovementTraverse,414,68,68,,
4822,0,Husk,T3/56,MOVING,69.185,3.000,60.252,"GoalBlock{x=80,y=4,z=60}",21,9,MovementTraverse,414,68,68,,
4823,0,Husk,T3/56,MOVING,69.303,3.020,60.238,"GoalBlock{x=80,y=4,z=60}",21,9,MovementTraverse,414,68,68,,
4824,0,Husk,T3/56,MOVING,69.417,3.056,60.231,"GoalBlock{x=80,y=4,z=60}",21,9,MovementTraverse,414,68,68,,
4825,0,Husk,T3/56,MOVING,69.527,3.105,60.230,"GoalBlock{x=80,y=4,z=60}",21,9,MovementTraverse,414,68,68,,
4826,0,Husk,T3/56,MOVING,69.634,3.164,60.235,"GoalBlock{x=80,y=4,z=60}",21,9,MovementTraverse,414,68,68,,
4827,0,Husk,T3/56,MOVING,69.739,3.231,60.245,"GoalBlock{x=80,y=4,z=60}",21,9,MovementTraverse,414,68,68,,
4828,0,Husk,T3/56,MOVING,69.841,3.305,60.259,"GoalBlock{x=80,y=4,z=60}",21,9,MovementTraverse,414,68,68,,
4829,0,Husk,T3/56,MOVING,69.941,3.384,60.277,"GoalBlock{x=80,y=4,z=60}",21,9,MovementTraverse,414,68,68,,
4830,0,Husk,T3/56,MOVING,70.039,3.467,60.299,"GoalBlock{x=80,y=4,z=60}",21,9,MovementTraverse,414,68,68,,
4831,0,Husk,T3/56,MOVING,70.137,3.554,60.319,"GoalBlock{x=80,y=4,z=60}",21,10,MovementTraverse,414,68,68,,
4832,0,Husk,T3/56,MOVING,70.235,3.643,60.337,"GoalBlock{x=80,y=4,z=60}",21,10,MovementTraverse,414,68,68,,
4833,0,Husk,T3/56,MOVING,70.338,3.694,60.356,"GoalBlock{x=80,y=4,z=60}",21,10,MovementTraverse,414,68,68,,
4834,0,Husk,T3/56,MOVING,70.458,3.666,60.375,"GoalBlock{x=80,y=4,z=60}",21,10,MovementTraverse,414,68,68,,
4835,0,Husk,T3/56,MOVING,70.592,3.560,60.396,"GoalBlock{x=80,y=4,z=60}",21,10,MovementTraverse,414,68,68,,
4836,0,Husk,T3/56,MOVING,70.733,3.418,60.417,"GoalBlock{x=80,y=4,z=60}",21,10,MovementTraverse,414,68,68,,
4837,0,Husk,T3/56,MOVING,70.866,3.325,60.436,"GoalBlock{x=80,y=4,z=60}",21,10,MovementTraverse,414,68,68,,
4838,0,Husk,T3/56,MOVING,70.992,3.270,60.454,"GoalBlock{x=80,y=4,z=60}",21,10,MovementTraverse,414,68,68,,
4839,0,Husk,T3/56,MOVING,71.112,3.246,60.469,"GoalBlock{x=80,y=4,z=60}",21,10,MovementTraverse,414,68,68,,
4840,0,Husk,T3/56,MOVING,71.227,3.247,60.482,"GoalBlock{x=80,y=4,z=60}",21,11,MovementTraverse,414,68,68,,
4841,0,Husk,T3/56,MOVING,71.339,3.267,60.493,"GoalBlock{x=80,y=4,z=60}",21,11,MovementTraverse,414,68,68,,
4842,0,Husk,T3/56,MOVING,71.449,3.304,60.501,"GoalBlock{x=80,y=4,z=60}",21,11,MovementTraverse,414,68,68,,
4843,0,Husk,T3/56,MOVING,71.556,3.353,60.508,"GoalBlock{x=80,y=4,z=60}",21,11,MovementTraverse,414,68,68,,
4844,0,Husk,T3/56,MOVING,71.661,3.412,60.513,"GoalBlock{x=80,y=4,z=60}",21,11,MovementTraverse,414,68,68,,
4845,0,Husk,T3/56,MOVING,71.765,3.480,60.517,"GoalBlock{x=80,y=4,z=60}",21,11,MovementTraverse,414,68,68,,
4846,0,Husk,T3/56,MOVING,71.867,3.554,60.520,"GoalBlock{x=80,y=4,z=60}",21,11,MovementTraverse,414,68,68,,
4847,0,Husk,T3/56,MOVING,71.969,3.633,60.519,"GoalBlock{x=80,y=4,z=60}",21,11,MovementTraverse,414,68,68,,
4848,0,Husk,T3/56,MOVING,72.076,3.676,60.519,"GoalBlock{x=80,y=4,z=60}",21,11,MovementTraverse,414,68,68,,
4849,0,Husk,T3/56,MOVING,72.192,3.640,60.518,"GoalBlock{x=80,y=4,z=60}",21,12,MovementAscend,414,68,68,,
4850,0,Husk,T3/56,MOVING,72.318,3.527,60.518,"GoalBlock{x=80,y=4,z=60}",21,12,MovementAscend,414,68,68,,
4851,0,Husk,T3/56,MOVING,72.452,3.377,60.518,"GoalBlock{x=80,y=4,z=60}",21,12,MovementAscend,414,68,68,,
4852,0,Husk,T3/56,MOVING,72.579,3.277,60.517,"GoalBlock{x=80,y=4,z=60}",21,12,MovementAscend,414,68,68,,
4853,0,Husk,T3/56,MOVING,72.700,3.218,60.517,"GoalBlock{x=80,y=4,z=60}",21,12,MovementAscend,414,68,68,,
4854,0,Husk,T3/56,MOVING,72.700,3.190,60.517,"GoalBlock{x=80,y=4,z=60}",21,12,MovementAscend,414,68,68,,
4855,0,Husk,T3/56,MOVING,72.700,3.187,60.516,"GoalBlock{x=80,y=4,z=60}",21,12,MovementAscend,414,68,68,,
4856,0,Husk,T3/56,MOVING,72.700,3.206,60.516,"GoalBlock{x=80,y=4,z=60}",21,12,MovementAscend,414,68,68,,
4857,0,Husk,T3/56,MOVING,72.700,3.240,60.515,"GoalBlock{x=80,y=4,z=60}",21,12,MovementAscend,414,68,68,,
4858,0,Husk,T3/56,MOVING,72.700,3.288,60.515,"GoalBlock{x=80,y=4,z=60}",21,12,MovementAscend,414,68,68,,
4859,0,Husk,T3/56,MOVING,72.700,3.346,60.515,"GoalBlock{x=80,y=4,z=60}",21,12,MovementAscend,414,68,68,,
4860,0,Husk,T3/56,MOVING,72.700,3.412,60.514,"GoalBlock{x=80,y=4,z=60}",21,12,MovementAscend,414,68,68,,
4861,0,Husk,T3/56,MOVING,72.700,3.486,60.514,"GoalBlock{x=80,y=4,z=60}",21,12,MovementAscend,414,68,68,,
4862,0,Husk,T3/56,MOVING,72.700,3.826,60.514,"GoalBlock{x=80,y=4,z=60}",21,12,MovementAscend,414,68,68,,
4863,0,Husk,T3/56,MOVING,72.720,4.126,60.513,"GoalBlock{x=80,y=4,z=60}",21,12,MovementAscend,414,68,68,,
4864,0,Husk,T3/56,MOVING,72.757,4.341,60.513,"GoalBlock{x=80,y=4,z=60}",21,12,MovementAscend,414,68,68,,
4865,0,Husk,T3/56,MOVING,72.811,4.474,60.513,"GoalBlock{x=80,y=4,z=60}",21,12,MovementAscend,414,68,68,,
4866,0,Husk,T3/56,MOVING,72.879,4.526,60.512,"GoalBlock{x=80,y=4,z=60}",21,12,MovementAscend,414,68,68,,
4867,0,Husk,T3/56,MOVING,72.961,4.498,60.512,"GoalBlock{x=80,y=4,z=60}",21,12,MovementAscend,414,68,68,,
4868,0,Husk,T3/56,MOVING,73.055,4.393,60.511,"GoalBlock{x=80,y=4,z=60}",21,12,MovementAscend,414,68,68,,
4869,0,Husk,T3/56,MOVING,73.166,4.211,60.511,"GoalBlock{x=80,y=4,z=60}",21,13,MovementTraverse,414,68,68,,
4870,0,Husk,T3/56,MOVING,73.293,4.000,60.511,"GoalBlock{x=80,y=4,z=60}",21,13,MovementTraverse,414,68,68,,
4871,0,Husk,T3/56,MOVING,73.535,4.000,60.510,"GoalBlock{x=80,y=4,z=60}",21,13,MovementTraverse,414,68,68,,
4872,0,Husk,T3/56,MOVING,73.795,4.000,60.509,"GoalBlock{x=80,y=4,z=60}",21,13,MovementTraverse,414,68,68,,
4873,0,Husk,T3/56,MOVING,74.064,4.000,60.507,"GoalBlock{x=80,y=4,z=60}",21,13,MovementTraverse,414,68,68,,
4874,0,Husk,T3/56,MOVING,74.339,4.000,60.506,"GoalBlock{x=80,y=4,z=60}",21,14,MovementTraverse,414,68,68,,
4875,0,Husk,T3/56,MOVING,74.616,4.000,60.506,"GoalBlock{x=80,y=4,z=60}",21,14,MovementTraverse,414,68,68,,
4876,0,Husk,T3/56,MOVING,74.895,4.000,60.505,"GoalBlock{x=80,y=4,z=60}",21,14,MovementTraverse,414,68,68,,
4877,0,Husk,T3/56,MOVING,75.174,4.000,60.504,"GoalBlock{x=80,y=4,z=60}",21,14,MovementTraverse,414,68,68,,
4878,0,Husk,T3/56,MOVING,75.455,4.000,60.504,"GoalBlock{x=80,y=4,z=60}",21,15,MovementTraverse,414,68,68,,
4879,0,Husk,T3/56,MOVING,75.735,4.000,60.503,"GoalBlock{x=80,y=4,z=60}",21,15,MovementTraverse,414,68,68,,
4880,0,Husk,T3/56,MOVING,76.015,4.000,60.503,"GoalBlock{x=80,y=4,z=60}",21,15,MovementTraverse,414,68,68,,
4881,0,Husk,T3/56,MOVING,76.296,4.000,60.502,"GoalBlock{x=80,y=4,z=60}",21,16,MovementTraverse,414,68,68,,
4882,0,Husk,T3/56,MOVING,76.576,4.000,60.502,"GoalBlock{x=80,y=4,z=60}",21,16,MovementTraverse,414,68,68,,
4883,0,Husk,T3/56,MOVING,76.857,4.000,60.502,"GoalBlock{x=80,y=4,z=60}",21,16,MovementTraverse,414,68,68,,
4884,0,Husk,T3/56,MOVING,77.138,4.000,60.501,"GoalBlock{x=80,y=4,z=60}",21,16,MovementTraverse,414,68,68,,
4885,0,Husk,T3/56,MOVING,77.418,4.000,60.501,"GoalBlock{x=80,y=4,z=60}",21,17,MovementTraverse,414,68,68,,
4886,0,Husk,T3/56,MOVING,77.699,4.000,60.501,"GoalBlock{x=80,y=4,z=60}",21,17,MovementTraverse,414,68,68,,
4887,0,Husk,T3/56,MOVING,77.979,4.000,60.501,"GoalBlock{x=80,y=4,z=60}",21,17,MovementTraverse,414,68,68,,
4888,0,Husk,T3/56,MOVING,78.260,4.000,60.501,"GoalBlock{x=80,y=4,z=60}",21,17,MovementTraverse,414,68,68,,
4889,0,Husk,T3/56,MOVING,78.541,4.000,60.501,"GoalBlock{x=80,y=4,z=60}",21,18,MovementTraverse,414,68,68,,
4890,0,Husk,T3/56,MOVING,78.821,4.000,60.501,"GoalBlock{x=80,y=4,z=60}",21,18,MovementTraverse,414,68,68,,
4891,0,Husk,T3/56,MOVING,79.102,4.000,60.501,"GoalBlock{x=80,y=4,z=60}",21,18,MovementTraverse,414,68,68,,
4892,0,Husk,T3/56,MOVING,79.382,4.000,60.500,"GoalBlock{x=80,y=4,z=60}",21,19,MovementTraverse,414,68,68,,
4893,0,Husk,T3/56,MOVING,79.663,4.000,60.500,"GoalBlock{x=80,y=4,z=60}",21,19,MovementTraverse,414,68,68,,
4894,0,Husk,T3/56,MOVING,79.944,4.000,60.500,"GoalBlock{x=80,y=4,z=60}",21,19,MovementTraverse,414,68,68,,
4895,0,Husk,T3/56,MOVING,80.224,4.000,60.500,"GoalBlock{x=80,y=4,z=60}",21,19,MovementTraverse,414,68,68,,
4896,0,Husk,T3/56,ARRIVED,80.378,4.000,60.500,,-1,-1,,414,68,68,,CANCELED
4897,0,Husk,T3/57,ARRIVED,60.500,4.000,72.500,,-1,-1,,414,68,68,,CANCELED|CANCELED
4898,0,Husk,T3/57,ARRIVED,60.500,4.000,72.500,,-1,-1,,414,68,68,,
4899,0,Husk,T3/57,ARRIVED,60.500,4.000,72.500,,-1,-1,,414,68,68,,
4900,0,Husk,T3/57,ARRIVED,60.500,4.000,72.500,,-1,-1,,414,68,68,,
4901,0,Husk,T3/57,ARRIVED,60.500,4.000,72.500,,-1,-1,,414,68,68,,
4902,0,Husk,T3/57,ARRIVED,60.500,4.000,72.500,,-1,-1,,414,68,68,,
4903,0,Husk,T3/57,ARRIVED,60.500,4.000,72.500,,-1,-1,,414,68,68,,
4904,0,Husk,T3/57,ARRIVED,60.500,4.000,72.500,,-1,-1,,414,68,68,,
4905,0,Husk,T3/57,ARRIVED,60.500,4.000,72.500,,-1,-1,,414,68,68,,
4906,0,Husk,T3/57,ARRIVED,60.500,4.000,72.500,,-1,-1,,414,68,68,,
4907,0,Husk,T3/57,SEARCHING,60.500,4.000,72.500,"GoalBlock{x=80,y=4,z=72}",-1,-1,,414,69,69,,CALC_STARTED
4908,0,Husk,T3/57,MOVING,60.627,4.000,72.500,"GoalBlock{x=80,y=4,z=72}",21,0,MovementTraverse,577,69,69,,CALC_FINISHED_NOW_EXECUTING
4909,0,Husk,T3/57,MOVING,60.824,4.000,72.500,"GoalBlock{x=80,y=4,z=72}",21,0,MovementTraverse,577,69,69,,
4910,0,Husk,T3/57,MOVING,61.059,4.000,72.500,"GoalBlock{x=80,y=4,z=72}",21,0,MovementTraverse,577,69,69,,
4911,0,Husk,T3/57,MOVING,61.315,4.000,72.500,"GoalBlock{x=80,y=4,z=72}",21,1,MovementTraverse,577,69,69,,
4912,0,Husk,T3/57,MOVING,61.582,4.000,72.500,"GoalBlock{x=80,y=4,z=72}",21,1,MovementTraverse,577,69,69,,
4913,0,Husk,T3/57,MOVING,61.855,4.000,72.500,"GoalBlock{x=80,y=4,z=72}",21,1,MovementTraverse,577,69,69,,
4914,0,Husk,T3/57,MOVING,62.132,4.000,72.500,"GoalBlock{x=80,y=4,z=72}",21,1,MovementTraverse,577,69,69,,
4915,0,Husk,T3/57,MOVING,62.410,4.000,72.500,"GoalBlock{x=80,y=4,z=72}",21,2,MovementTraverse,577,69,69,,
4916,0,Husk,T3/57,MOVING,62.690,4.000,72.500,"GoalBlock{x=80,y=4,z=72}",21,2,MovementTraverse,577,69,69,,
4917,0,Husk,T3/57,MOVING,62.969,4.000,72.500,"GoalBlock{x=80,y=4,z=72}",21,2,MovementTraverse,577,69,69,,
4918,0,Husk,T3/57,MOVING,63.250,4.000,72.500,"GoalBlock{x=80,y=4,z=72}",21,2,MovementTraverse,577,69,69,,
4919,0,Husk,T3/57,MOVING,63.530,4.000,72.500,"GoalBlock{x=80,y=4,z=72}",21,3,MovementTraverse,577,69,69,,
4920,0,Husk,T3/57,MOVING,63.811,4.000,72.500,"GoalBlock{x=80,y=4,z=72}",21,3,MovementTraverse,577,69,69,,
4921,0,Husk,T3/57,MOVING,64.091,4.000,72.500,"GoalBlock{x=80,y=4,z=72}",21,3,MovementTraverse,577,69,69,,
4922,0,Husk,T3/57,MOVING,64.372,4.000,72.500,"GoalBlock{x=80,y=4,z=72}",21,4,MovementTraverse,577,69,69,,
4923,0,Husk,T3/57,MOVING,64.652,4.000,72.500,"GoalBlock{x=80,y=4,z=72}",21,4,MovementTraverse,577,69,69,,
4924,0,Husk,T3/57,MOVING,64.933,4.000,72.500,"GoalBlock{x=80,y=4,z=72}",21,4,MovementTraverse,577,69,69,,
4925,0,Husk,T3/57,MOVING,65.214,4.000,72.500,"GoalBlock{x=80,y=4,z=72}",21,4,MovementTraverse,577,69,69,,
4926,0,Husk,T3/57,MOVING,65.494,4.000,72.500,"GoalBlock{x=80,y=4,z=72}",21,5,MovementTraverse,577,69,69,,
4927,0,Husk,T3/57,MOVING,65.775,4.000,72.500,"GoalBlock{x=80,y=4,z=72}",21,5,MovementTraverse,577,69,69,,
4928,0,Husk,T3/57,MOVING,66.055,4.000,72.500,"GoalBlock{x=80,y=4,z=72}",21,5,MovementTraverse,577,69,69,,
4929,0,Husk,T3/57,MOVING,66.336,4.000,72.500,"GoalBlock{x=80,y=4,z=72}",21,6,MovementTraverse,577,69,69,,
4930,0,Husk,T3/57,MOVING,66.617,4.000,72.500,"GoalBlock{x=80,y=4,z=72}",21,6,MovementTraverse,577,69,69,,
4931,0,Husk,T3/57,MOVING,66.897,4.000,72.500,"GoalBlock{x=80,y=4,z=72}",21,6,MovementTraverse,577,69,69,,
4932,0,Husk,T3/57,MOVING,67.178,4.000,72.500,"GoalBlock{x=80,y=4,z=72}",21,6,MovementTraverse,577,69,69,,
4933,0,Husk,T3/57,MOVING,67.429,4.000,72.500,"GoalBlock{x=80,y=4,z=72}",21,7,MovementDescend,577,69,69,,
4934,0,Husk,T3/57,MOVING,67.664,4.000,72.500,"GoalBlock{x=80,y=4,z=72}",21,7,MovementDescend,577,69,69,,
4935,0,Husk,T3/57,MOVING,67.891,4.000,72.500,"GoalBlock{x=80,y=4,z=72}",21,7,MovementDescend,577,69,69,,
4936,0,Husk,T3/57,MOVING,68.112,4.000,72.500,"GoalBlock{x=80,y=4,z=72}",21,7,MovementDescend,577,69,69,,
4937,0,Husk,T3/57,MOVING,68.331,4.000,72.500,"GoalBlock{x=80,y=4,z=72}",21,7,MovementDescend,577,69,69,,
4938,0,Husk,T3/57,MOVING,68.536,3.922,72.451,"GoalBlock{x=80,y=4,z=72}",21,7,MovementDescend,577,69,69,,
4939,0,Husk,T3/57,MOVING,68.657,3.766,72.407,"GoalBlock{x=80,y=4,z=72}",21,7,MovementDescend,577,69,69,,
4940,0,Husk,T3/57,MOVING,68.790,3.536,72.355,"GoalBlock{x=80,y=4,z=72}",21,8,MovementTraverse,577,69,69,,
4941,0,Husk,T3/57,MOVING,68.930,3.272,72.307,"GoalBlock{x=80,y=4,z=72}",21,8,MovementTraverse,577,69,69,,
4942,0,Husk,T3/57,MOVING,69.061,3.080,72.275,"GoalBlock{x=80,y=4,z=72}",21,8,MovementTraverse,577,69,69,,
4943,0,Husk,T3/57,MOVING,69.185,2.947,72.252,"GoalBlock{x=80,y=4,z=72}",21,9,MovementTraverse,577,69,69,,
4944,0,Husk,T3/57,MOVING,69.303,2.860,72.238,"GoalBlock{x=80,y=4,z=72}",21,9,MovementTraverse,577,69,69,,
4945,0,Husk,T3/57,MOVING,69.398,2.811,72.227,"GoalBlock{x=80,y=4,z=72}",21,9,MovementTraverse,577,69,69,,
4946,0,Husk,T3/57,MOVING,69.474,2.792,72.217,"GoalBlock{x=80,y=4,z=72}",21,9,MovementTraverse,577,69,69,,
4947,0,Husk,T3/57,MOVING,69.534,2.796,72.210,"GoalBlock{x=80,y=4,z=72}",21,9,MovementTraverse,577,69,69,,
4948,0,Husk,T3/57,MOVING,69.583,2.820,72.204,"GoalBlock{x=80,y=4,z=72}",21,9,MovementTraverse,577,69,69,,
4949,0,Husk,T3/57,MOVING,69.622,2.860,72.199,"GoalBlock{x=80,y=4,z=72}",21,9,MovementTraverse,577,69,69,,
4950,0,Husk,T3/57,MOVING,69.653,2.912,72.196,"GoalBlock{x=80,y=4,z=72}",21,9,MovementTraverse,577,69,69,,
4951,0,Husk,T3/57,MOVING,69.696,2.973,72.199,"GoalBlock{x=80,y=4,z=72}",21,9,MovementTraverse,577,69,69,,
4952,0,Husk,T3/57,MOVING,69.749,3.043,72.206,"GoalBlock{x=80,y=4,z=72}",21,9,MovementTraverse,577,69,69,,
4953,0,Husk,T3/57,MOVING,69.810,3.118,72.219,"GoalBlock{x=80,y=4,z=72}",21,9,MovementTraverse,577,69,69,,
4954,0,Husk,T3/57,MOVING,69.876,3.199,72.236,"GoalBlock{x=80,y=4,z=72}",21,9,MovementTraverse,577,69,69,,
4955,0,Husk,T3/57,MOVING,69.948,3.283,72.258,"GoalBlock{x=80,y=4,z=72}",21,9,MovementTraverse,577,69,69,,
4956,0,Husk,T3/57,MOVING,70.023,3.370,72.283,"GoalBlock{x=80,y=4,z=72}",21,9,MovementTraverse,577,69,69,,
4957,0,Husk,T3/57,MOVING,70.102,3.460,72.306,"GoalBlock{x=80,y=4,z=72}",21,10,MovementTraverse,577,69,69,,
4958,0,Husk,T3/57,MOVING,70.185,3.552,72.327,"GoalBlock{x=80,y=4,z=72}",21,10,MovementTraverse,577,69,69,,
4959,0,Husk,T3/57,MOVING,70.271,3.646,72.346,"GoalBlock{x=80,y=4,z=72}",21,10,MovementTraverse,577,69,69,,
4960,0,Husk,T3/57,MOVING,70.365,3.700,72.365,"GoalBlock{x=80,y=4,z=72}",21,10,MovementTraverse,577,69,69,,
4961,0,Husk,T3/57,MOVING,70.476,3.676,72.385,"GoalBlock{x=80,y=4,z=72}",21,10,MovementTraverse,577,69,69,,
4962,0,Husk,T3/57,MOVING,70.602,3.573,72.406,"GoalBlock{x=80,y=4,z=72}",21,10,MovementTraverse,577,69,69,,
4963,0,Husk,T3/57,MOVING,70.736,3.434,72.427,"GoalBlock{x=80,y=4,z=72}",21,10,MovementTraverse,577,69,69,,
4964,0,Husk,T3/57,MOVING,70.863,3.343,72.446,"GoalBlock{x=80,y=4,z=72}",21,10,MovementTraverse,577,69,69,,
4965,0,Husk,T3/57,MOVING,70.984,3.290,72.463,"GoalBlock{x=80,y=4,z=72}",21,10,MovementTraverse,577,69,69,,
4966,0,Husk,T3/57,MOVING,71.100,3.268,72.478,"GoalBlock{x=80,y=4,z=72}",21,10,MovementTraverse,577,69,69,,
4967,0,Husk,T3/57,MOVING,71.213,3.270,72.490,"GoalBlock{x=80,y=4,z=72}",21,11,MovementTraverse,577,69,69,,
4968,0,Husk,T3/57,MOVING,71.323,3.292,72.500,"GoalBlock{x=80,y=4,z=72}",21,11,MovementTraverse,577,69,69,,
4969,0,Husk,T3/57,MOVING,71.430,3.332,72.508,"GoalBlock{x=80,y=4,z=72}",21,11,MovementTraverse,577,69,69,,
4970,0,Husk,T3/57,MOVING,71.536,3.384,72.514,"GoalBlock{x=80,y=4,z=72}",21,11,MovementTraverse,577,69,69,,
4971,0,Husk,T3/57,MOVING,71.640,3.445,72.518,"GoalBlock{x=80,y=4,z=72}",21,11,MovementTraverse,577,69,69,,
4972,0,Husk,T3/57,MOVING,71.743,3.515,72.522,"GoalBlock{x=80,y=4,z=72}",21,11,MovementTraverse,577,69,69,,
4973,0,Husk,T3/57,MOVING,71.845,3.590,72.521,"GoalBlock{x=80,y=4,z=72}",21,11,MovementTraverse,577,69,69,,
4974,0,Husk,T3/57,MOVING,71.946,3.671,72.520,"GoalBlock{x=80,y=4,z=72}",21,11,MovementTraverse,577,69,69,,
4975,0,Husk,T3/57,MOVING,72.052,3.715,72.520,"GoalBlock{x=80,y=4,z=72}",21,11,MovementTraverse,577,69,69,,
4976,0,Husk,T3/57,MOVING,72.174,3.680,72.519,"GoalBlock{x=80,y=4,z=72}",21,12,MovementTraverse,577,69,69,,
4977,0,Husk,T3/57,MOVING,72.311,3.567,72.519,"GoalBlock{x=80,y=4,z=72}",21,12,MovementTraverse,577,69,69,,
4978,0,Husk,T3/57,MOVING,72.455,3.418,72.519,"GoalBlock{x=80,y=4,z=72}",21,12,MovementTraverse,577,69,69,,
4979,0,Husk,T3/57,MOVING,72.590,3.319,72.518,"GoalBlock{x=80,y=4,z=72}",21,12,MovementTraverse,577,69,69,,
4980,0,Husk,T3/57,MOVING,72.717,3.260,72.518,"GoalBlock{x=80,y=4,z=72}",21,12,MovementTraverse,577,69,69,,
4981,0,Husk,T3/57,MOVING,72.839,3.232,72.517,"GoalBlock{x=80,y=4,z=72}",21,12,MovementTraverse,577,69,69,,
4982,0,Husk,T3/57,MOVING,72.955,3.231,72.517,"GoalBlock{x=80,y=4,z=72}",21,12,MovementTraverse,577,69,69,,
4983,0,Husk,T3/57,MOVING,73.069,3.249,72.516,"GoalBlock{x=80,y=4,z=72}",21,12,MovementTraverse,577,69,69,,
4984,0,Husk,T3/57,MOVING,73.179,3.284,72.516,"GoalBlock{x=80,y=4,z=72}",21,13,MovementTraverse,577,69,69,,
4985,0,Husk,T3/57,MOVING,73.286,3.332,72.516,"GoalBlock{x=80,y=4,z=72}",21,13,MovementTraverse,577,69,69,,
4986,0,Husk,T3/57,MOVING,73.392,3.390,72.516,"GoalBlock{x=80,y=4,z=72}",21,13,MovementTraverse,577,69,69,,
4987,0,Husk,T3/57,MOVING,73.496,3.456,72.515,"GoalBlock{x=80,y=4,z=72}",21,13,MovementTraverse,577,69,69,,
4988,0,Husk,T3/57,MOVING,73.599,3.530,72.515,"GoalBlock{x=80,y=4,z=72}",21,13,MovementTraverse,577,69,69,,
4989,0,Husk,T3/57,MOVING,73.701,3.608,72.515,"GoalBlock{x=80,y=4,z=72}",21,13,MovementTraverse,577,69,69,,
4990,0,Husk,T3/57,MOVING,73.808,3.651,72.514,"GoalBlock{x=80,y=4,z=72}",21,13,MovementTraverse,577,69,69,,
4991,0,Husk,T3/57,MOVING,73.931,3.615,72.514,"GoalBlock{x=80,y=4,z=72}",21,13,MovementTraverse,577,69,69,,
4992,0,Husk,T3/57,MOVING,74.068,3.501,72.513,"GoalBlock{x=80,y=4,z=72}",21,13,MovementTraverse,577,69,69,,
4993,0,Husk,T3/57,MOVING,74.213,3.351,72.513,"GoalBlock{x=80,y=4,z=72}",21,14,MovementAscend,577,69,69,,
4994,0,Husk,T3/57,MOVING,74.348,3.251,72.513,"GoalBlock{x=80,y=4,z=72}",21,14,MovementAscend,577,69,69,,
4995,0,Husk,T3/57,MOVING,74.476,3.190,72.512,"GoalBlock{x=80,y=4,z=72}",21,14,MovementAscend,577,69,69,,
4996,0,Husk,T3/57,MOVING,74.597,3.162,72.512,"GoalBlock{x=80,y=4,z=72}",21,14,MovementAscend,577,69,69,,
4997,0,Husk,T3/57,MOVING,74.700,3.160,72.512,"GoalBlock{x=80,y=4,z=72}",21,14,MovementAscend,577,69,69,,
4998,0,Husk,T3/57,MOVING,74.700,3.178,72.512,"GoalBlock{x=80,y=4,z=72}",21,14,MovementAscend,577,69,69,,
4999,0,Husk,T3/57,MOVING,74.700,3.212,72.511,"GoalBlock{x=80,y=4,z=72}",21,14,MovementAscend,577,69,69,,
5000,0,Husk,T3/57,MOVING,74.700,3.260,72.511,"GoalBlock{x=80,y=4,z=72}",21,14,MovementAscend,577,69,69,,
5001,0,Husk,T3/57,MOVING,74.700,3.318,72.511,"GoalBlock{x=80,y=4,z=72}",21,14,MovementAscend,577,69,69,,
5002,0,Husk,T3/57,MOVING,74.700,3.384,72.511,"GoalBlock{x=80,y=4,z=72}",21,14,MovementAscend,577,69,69,,
5003,0,Husk,T3/57,MOVING,74.700,3.457,72.510,"GoalBlock{x=80,y=4,z=72}",21,14,MovementAscend,577,69,69,,
5004,0,Husk,T3/57,MOVING,74.700,3.797,72.510,"GoalBlock{x=80,y=4,z=72}",21,14,MovementAscend,577,69,69,,
5005,0,Husk,T3/57,MOVING,74.720,4.097,72.510,"GoalBlock{x=80,y=4,z=72}",21,14,MovementAscend,577,69,69,,
5006,0,Husk,T3/57,MOVING,74.757,4.313,72.510,"GoalBlock{x=80,y=4,z=72}",21,14,MovementAscend,577,69,69,,
5007,0,Husk,T3/57,MOVING,74.811,4.446,72.509,"GoalBlock{x=80,y=4,z=72}",21,14,MovementAscend,577,69,69,,
5008,0,Husk,T3/57,MOVING,74.879,4.498,72.509,"GoalBlock{x=80,y=4,z=72}",21,14,MovementAscend,577,69,69,,
5009,0,Husk,T3/57,MOVING,74.961,4.470,72.509,"GoalBlock{x=80,y=4,z=72}",21,14,MovementAscend,577,69,69,,
5010,0,Husk,T3/57,MOVING,75.055,4.365,72.508,"GoalBlock{x=80,y=4,z=72}",21,14,MovementAscend,577,69,69,,
5011,0,Husk,T3/57,MOVING,75.166,4.183,72.508,"GoalBlock{x=80,y=4,z=72}",21,15,MovementTraverse,577,69,69,,
5012,0,Husk,T3/57,MOVING,75.293,4.000,72.508,"GoalBlock{x=80,y=4,z=72}",21,15,MovementTraverse,577,69,69,,
5013,0,Husk,T3/57,MOVING,75.535,4.000,72.507,"GoalBlock{x=80,y=4,z=72}",21,15,MovementTraverse,577,69,69,,
5014,0,Husk,T3/57,MOVING,75.795,4.000,72.506,"GoalBlock{x=80,y=4,z=72}",21,15,MovementTraverse,577,69,69,,
5015,0,Husk,T3/57,MOVING,76.065,4.000,72.505,"GoalBlock{x=80,y=4,z=72}",21,15,MovementTraverse,577,69,69,,
5016,0,Husk,T3/57,MOVING,76.339,4.000,72.505,"GoalBlock{x=80,y=4,z=72}",21,16,MovementTraverse,577,69,69,,
5017,0,Husk,T3/57,MOVING,76.616,4.000,72.504,"GoalBlock{x=80,y=4,z=72}",21,16,MovementTraverse,577,69,69,,
5018,0,Husk,T3/57,MOVING,76.895,4.000,72.504,"GoalBlock{x=80,y=4,z=72}",21,16,MovementTraverse,577,69,69,,
5019,0,Husk,T3/57,MOVING,77.175,4.000,72.503,"GoalBlock{x=80,y=4,z=72}",21,16,MovementTraverse,577,69,69,,
5020,0,Husk,T3/57,MOVING,77.455,4.000,72.503,"GoalBlock{x=80,y=4,z=72}",21,17,MovementTraverse,577,69,69,,
5021,0,Husk,T3/57,MOVING,77.735,4.000,72.502,"GoalBlock{x=80,y=4,z=72}",21,17,MovementTraverse,577,69,69,,
5022,0,Husk,T3/57,MOVING,78.015,4.000,72.502,"GoalBlock{x=80,y=4,z=72}",21,17,MovementTraverse,577,69,69,,
5023,0,Husk,T3/57,MOVING,78.296,4.000,72.502,"GoalBlock{x=80,y=4,z=72}",21,18,MovementTraverse,577,69,69,,
5024,0,Husk,T3/57,MOVING,78.576,4.000,72.502,"GoalBlock{x=80,y=4,z=72}",21,18,MovementTraverse,577,69,69,,
5025,0,Husk,T3/57,MOVING,78.857,4.000,72.501,"GoalBlock{x=80,y=4,z=72}",21,18,MovementTraverse,577,69,69,,
5026,0,Husk,T3/57,MOVING,79.138,4.000,72.501,"GoalBlock{x=80,y=4,z=72}",21,18,MovementTraverse,577,69,69,,
5027,0,Husk,T3/57,MOVING,79.418,4.000,72.501,"GoalBlock{x=80,y=4,z=72}",21,19,MovementTraverse,577,69,69,,
5028,0,Husk,T3/57,MOVING,79.699,4.000,72.501,"GoalBlock{x=80,y=4,z=72}",21,19,MovementTraverse,577,69,69,,
5029,0,Husk,T3/57,MOVING,79.979,4.000,72.501,"GoalBlock{x=80,y=4,z=72}",21,19,MovementTraverse,577,69,69,,
5030,0,Husk,T3/57,MOVING,80.260,4.000,72.501,"GoalBlock{x=80,y=4,z=72}",21,19,MovementTraverse,577,69,69,,
5031,0,Husk,T3/57,ARRIVED,80.413,4.000,72.501,,-1,-1,,577,69,69,,CANCELED
5032,0,Husk,T3/58,ARRIVED,60.500,4.000,84.500,,-1,-1,,577,69,69,,CANCELED|CANCELED
5033,0,Husk,T3/58,ARRIVED,60.500,4.000,84.500,,-1,-1,,577,69,69,,
5034,0,Husk,T3/58,ARRIVED,60.500,4.000,84.500,,-1,-1,,577,69,69,,
5035,0,Husk,T3/58,ARRIVED,60.500,4.000,84.500,,-1,-1,,577,69,69,,
5036,0,Husk,T3/58,ARRIVED,60.500,4.000,84.500,,-1,-1,,577,69,69,,
5037,0,Husk,T3/58,ARRIVED,60.500,4.000,84.500,,-1,-1,,577,69,69,,
5038,0,Husk,T3/58,ARRIVED,60.500,4.000,84.500,,-1,-1,,577,69,69,,
5039,0,Husk,T3/58,ARRIVED,60.500,4.000,84.500,,-1,-1,,577,69,69,,
5040,0,Husk,T3/58,ARRIVED,60.500,4.000,84.500,,-1,-1,,577,69,69,,
5041,0,Husk,T3/58,ARRIVED,60.500,4.000,84.500,,-1,-1,,577,69,69,,
5042,0,Husk,T3/58,SEARCHING,60.500,4.000,84.500,"GoalBlock{x=80,y=4,z=84}",-1,-1,,577,70,70,,CALC_STARTED
5043,0,Husk,T3/58,MOVING,60.627,4.000,84.500,"GoalBlock{x=80,y=4,z=84}",21,0,MovementTraverse,339,70,70,,CALC_FINISHED_NOW_EXECUTING
5044,0,Husk,T3/58,MOVING,60.824,4.000,84.500,"GoalBlock{x=80,y=4,z=84}",21,0,MovementTraverse,339,70,70,,
5045,0,Husk,T3/58,MOVING,61.059,4.000,84.500,"GoalBlock{x=80,y=4,z=84}",21,0,MovementTraverse,339,70,70,,
5046,0,Husk,T3/58,MOVING,61.315,4.000,84.500,"GoalBlock{x=80,y=4,z=84}",21,1,MovementTraverse,339,70,70,,
5047,0,Husk,T3/58,MOVING,61.582,4.000,84.500,"GoalBlock{x=80,y=4,z=84}",21,1,MovementTraverse,339,70,70,,
5048,0,Husk,T3/58,MOVING,61.855,4.000,84.500,"GoalBlock{x=80,y=4,z=84}",21,1,MovementTraverse,339,70,70,,
5049,0,Husk,T3/58,MOVING,62.132,4.000,84.500,"GoalBlock{x=80,y=4,z=84}",21,1,MovementTraverse,339,70,70,,
5050,0,Husk,T3/58,MOVING,62.410,4.000,84.500,"GoalBlock{x=80,y=4,z=84}",21,2,MovementTraverse,339,70,70,,
5051,0,Husk,T3/58,MOVING,62.690,4.000,84.500,"GoalBlock{x=80,y=4,z=84}",21,2,MovementTraverse,339,70,70,,
5052,0,Husk,T3/58,MOVING,62.969,4.000,84.500,"GoalBlock{x=80,y=4,z=84}",21,2,MovementTraverse,339,70,70,,
5053,0,Husk,T3/58,MOVING,63.250,4.000,84.500,"GoalBlock{x=80,y=4,z=84}",21,2,MovementTraverse,339,70,70,,
5054,0,Husk,T3/58,MOVING,63.530,4.000,84.500,"GoalBlock{x=80,y=4,z=84}",21,3,MovementTraverse,339,70,70,,
5055,0,Husk,T3/58,MOVING,63.811,4.000,84.500,"GoalBlock{x=80,y=4,z=84}",21,3,MovementTraverse,339,70,70,,
5056,0,Husk,T3/58,MOVING,64.091,4.000,84.500,"GoalBlock{x=80,y=4,z=84}",21,3,MovementTraverse,339,70,70,,
5057,0,Husk,T3/58,MOVING,64.372,4.000,84.500,"GoalBlock{x=80,y=4,z=84}",21,4,MovementTraverse,339,70,70,,
5058,0,Husk,T3/58,MOVING,64.652,4.000,84.500,"GoalBlock{x=80,y=4,z=84}",21,4,MovementTraverse,339,70,70,,
5059,0,Husk,T3/58,MOVING,64.933,4.000,84.500,"GoalBlock{x=80,y=4,z=84}",21,4,MovementTraverse,339,70,70,,
5060,0,Husk,T3/58,MOVING,65.214,4.000,84.500,"GoalBlock{x=80,y=4,z=84}",21,4,MovementTraverse,339,70,70,,
5061,0,Husk,T3/58,MOVING,65.477,4.000,84.564,"GoalBlock{x=80,y=4,z=84}",21,5,MovementDiagonal,339,70,70,,
5062,0,Husk,T3/58,MOVING,65.715,4.000,84.684,"GoalBlock{x=80,y=4,z=84}",21,5,MovementDiagonal,339,70,70,,
5063,0,Husk,T3/58,MOVING,65.933,4.000,84.842,"GoalBlock{x=80,y=4,z=84}",21,5,MovementDiagonal,339,70,70,,
5064,0,Husk,T3/58,MOVING,66.136,4.000,85.025,"GoalBlock{x=80,y=4,z=84}",21,5,MovementDiagonal,339,70,70,,
5065,0,Husk,T3/58,MOVING,66.333,4.000,85.218,"GoalBlock{x=80,y=4,z=84}",21,6,MovementDiagonal,339,70,70,,
5066,0,Husk,T3/58,MOVING,66.526,4.000,85.418,"GoalBlock{x=80,y=4,z=84}",21,6,MovementDiagonal,339,70,70,,
5067,0,Husk,T3/58,MOVING,66.717,4.000,85.622,"GoalBlock{x=80,y=4,z=84}",21,6,MovementDiagonal,339,70,70,,
5068,0,Husk,T3/58,MOVING,66.906,4.000,85.828,"GoalBlock{x=80,y=4,z=84}",21,6,MovementDiagonal,339,70,70,,
5069,0,Husk,T3/58,MOVING,67.093,4.000,86.036,"GoalBlock{x=80,y=4,z=84}",21,6,MovementDiagonal,339,70,70,,
5070,0,Husk,T3/58,MOVING,67.284,4.000,86.241,"GoalBlock{x=80,y=4,z=84}",21,7,MovementDiagonal,339,70,70,,
5071,0,Husk,T3/58,MOVING,67.476,4.000,86.445,"GoalBlock{x=80,y=4,z=84}",21,7,MovementDiagonal,339,70,70,,
5072,0,Husk,T3/58,MOVING,67.670,4.000,86.648,"GoalBlock{x=80,y=4,z=84}",21,7,MovementDiagonal,339,70,70,,
5073,0,Husk,T3/58,MOVING,67.865,4.000,86.850,"GoalBlock{x=80,y=4,z=84}",21,7,MovementDiagonal,339,70,70,,
5074,0,Husk,T3/58,MOVING,68.060,4.000,87.051,"GoalBlock{x=80,y=4,z=84}",21,7,MovementDiagonal,339,70,70,,
5075,0,Husk,T3/58,MOVING,68.257,4.000,87.252,"GoalBlock{x=80,y=4,z=84}",21,8,MovementDiagonal,339,70,70,,
5076,0,Husk,T3/58,MOVING,68.454,4.000,87.451,"GoalBlock{x=80,y=4,z=84}",21,8,MovementDiagonal,339,70,70,,
5077,0,Husk,T3/58,MOVING,68.652,4.000,87.650,"GoalBlock{x=80,y=4,z=84}",21,8,MovementDiagonal,339,70,70,,
5078,0,Husk,T3/58,MOVING,68.850,4.000,87.849,"GoalBlock{x=80,y=4,z=84}",21,8,MovementDiagonal,339,70,70,,
5079,0,Husk,T3/58,MOVING,69.048,4.000,88.048,"GoalBlock{x=80,y=4,z=84}",21,8,MovementDiagonal,339,70,70,,
5080,0,Husk,T3/58,MOVING,69.277,4.000,88.194,"GoalBlock{x=80,y=4,z=84}",21,9,MovementTraverse,339,70,70,,
5081,0,Husk,T3/58,MOVING,69.527,4.000,88.305,"GoalBlock{x=80,y=4,z=84}",21,9,MovementTraverse,339,70,70,,
5082,0,Husk,T3/58,MOVING,69.787,4.000,88.391,"GoalBlock{x=80,y=4,z=84}",21,9,MovementTraverse,339,70,70,,
5083,0,Husk,T3/58,MOVING,70.056,4.000,88.457,"GoalBlock{x=80,y=4,z=84}",21,9,MovementTraverse,339,70,70,,
5084,0,Husk,T3/58,MOVING,70.330,4.000,88.497,"GoalBlock{x=80,y=4,z=84}",21,10,MovementTraverse,339,70,70,,
5085,0,Husk,T3/58,MOVING,70.607,4.000,88.519,"GoalBlock{x=80,y=4,z=84}",21,10,MovementTraverse,339,70,70,,
5086,0,Husk,T3/58,MOVING,70.885,4.000,88.528,"GoalBlock{x=80,y=4,z=84}",21,10,MovementTraverse,339,70,70,,
5087,0,Husk,T3/58,MOVING,71.165,4.000,88.527,"GoalBlock{x=80,y=4,z=84}",21,10,MovementTraverse,339,70,70,,
5088,0,Husk,T3/58,MOVING,71.445,4.000,88.525,"GoalBlock{x=80,y=4,z=84}",21,11,MovementTraverse,339,70,70,,
5089,0,Husk,T3/58,MOVING,71.725,4.000,88.522,"GoalBlock{x=80,y=4,z=84}",21,11,MovementTraverse,339,70,70,,
5090,0,Husk,T3/58,MOVING,72.005,4.000,88.518,"GoalBlock{x=80,y=4,z=84}",21,11,MovementTraverse,339,70,70,,
5091,0,Husk,T3/58,MOVING,72.286,4.000,88.517,"GoalBlock{x=80,y=4,z=84}",21,12,MovementTraverse,339,70,70,,
5092,0,Husk,T3/58,MOVING,72.566,4.000,88.515,"GoalBlock{x=80,y=4,z=84}",21,12,MovementTraverse,339,70,70,,
5093,0,Husk,T3/58,MOVING,72.847,4.000,88.513,"GoalBlock{x=80,y=4,z=84}",21,12,MovementTraverse,339,70,70,,
5094,0,Husk,T3/58,MOVING,73.127,4.000,88.510,"GoalBlock{x=80,y=4,z=84}",21,12,MovementTraverse,339,70,70,,
5095,0,Husk,T3/58,MOVING,73.408,4.000,88.509,"GoalBlock{x=80,y=4,z=84}",21,13,MovementTraverse,339,70,70,,
5096,0,Husk,T3/58,MOVING,73.688,4.000,88.508,"GoalBlock{x=80,y=4,z=84}",21,13,MovementTraverse,339,70,70,,
5097,0,Husk,T3/58,MOVING,73.969,4.000,88.507,"GoalBlock{x=80,y=4,z=84}",21,13,MovementTraverse,339,70,70,,
5098,0,Husk,T3/58,MOVING,74.249,4.000,88.505,"GoalBlock{x=80,y=4,z=84}",21,13,MovementTraverse,339,70,70,,
5099,0,Husk,T3/58,MOVING,74.530,4.000,88.505,"GoalBlock{x=80,y=4,z=84}",21,14,MovementTraverse,339,70,70,,
5100,0,Husk,T3/58,MOVING,74.811,4.000,88.504,"GoalBlock{x=80,y=4,z=84}",21,14,MovementTraverse,339,70,70,,
5101,0,Husk,T3/58,MOVING,75.091,4.000,88.503,"GoalBlock{x=80,y=4,z=84}",21,14,MovementTraverse,339,70,70,,
5102,0,Husk,T3/58,MOVING,75.372,4.000,88.503,"GoalBlock{x=80,y=4,z=84}",21,15,MovementTraverse,339,70,70,,
5103,0,Husk,T3/58,MOVING,75.653,4.000,88.503,"GoalBlock{x=80,y=4,z=84}",21,15,MovementTraverse,339,70,70,,
5104,0,Husk,T3/58,MOVING,75.933,4.000,88.502,"GoalBlock{x=80,y=4,z=84}",21,15,MovementTraverse,339,70,70,,
5105,0,Husk,T3/58,MOVING,76.214,4.000,88.502,"GoalBlock{x=80,y=4,z=84}",21,15,MovementTraverse,339,70,70,,
5106,0,Husk,T3/58,MOVING,76.477,4.000,88.438,"GoalBlock{x=80,y=4,z=84}",21,16,MovementDiagonal,339,70,70,,
5107,0,Husk,T3/58,MOVING,76.715,4.000,88.317,"GoalBlock{x=80,y=4,z=84}",21,16,MovementDiagonal,339,70,70,,
5108,0,Husk,T3/58,MOVING,76.933,4.000,88.159,"GoalBlock{x=80,y=4,z=84}",21,16,MovementDiagonal,339,70,70,,
5109,0,Husk,T3/58,MOVING,77.135,4.000,87.976,"GoalBlock{x=80,y=4,z=84}",21,16,MovementDiagonal,339,70,70,,
5110,0,Husk,T3/58,MOVING,77.332,4.000,87.783,"GoalBlock{x=80,y=4,z=84}",21,17,MovementDiagonal,339,70,70,,
5111,0,Husk,T3/58,MOVING,77.525,4.000,87.583,"GoalBlock{x=80,y=4,z=84}",21,17,MovementDiagonal,339,70,70,,
5112,0,Husk,T3/58,MOVING,77.716,4.000,87.379,"GoalBlock{x=80,y=4,z=84}",21,17,MovementDiagonal,339,70,70,,
5113,0,Husk,T3/58,MOVING,77.905,4.000,87.173,"GoalBlock{x=80,y=4,z=84}",21,17,MovementDiagonal,339,70,70,,
5114,0,Husk,T3/58,MOVING,78.093,4.000,86.965,"GoalBlock{x=80,y=4,z=84}",21,17,MovementDiagonal,339,70,70,,
5115,0,Husk,T3/58,MOVING,78.283,4.000,86.759,"GoalBlock{x=80,y=4,z=84}",21,18,MovementDiagonal,339,70,70,,
5116,0,Husk,T3/58,MOVING,78.476,4.000,86.555,"GoalBlock{x=80,y=4,z=84}",21,18,MovementDiagonal,339,70,70,,
5117,0,Husk,T3/58,MOVING,78.670,4.000,86.353,"GoalBlock{x=80,y=4,z=84}",21,18,MovementDiagonal,339,70,70,,
5118,0,Husk,T3/58,MOVING,78.865,4.000,86.151,"GoalBlock{x=80,y=4,z=84}",21,18,MovementDiagonal,339,70,70,,
5119,0,Husk,T3/58,MOVING,79.060,4.000,85.949,"GoalBlock{x=80,y=4,z=84}",21,18,MovementDiagonal,339,70,70,,
5120,0,Husk,T3/58,MOVING,79.256,4.000,85.749,"GoalBlock{x=80,y=4,z=84}",21,19,MovementDiagonal,339,70,70,,
5121,0,Husk,T3/58,MOVING,79.454,4.000,85.549,"GoalBlock{x=80,y=4,z=84}",21,19,MovementDiagonal,339,70,70,,
5122,0,Husk,T3/58,MOVING,79.651,4.000,85.350,"GoalBlock{x=80,y=4,z=84}",21,19,MovementDiagonal,339,70,70,,
5123,0,Husk,T3/58,MOVING,79.849,4.000,85.151,"GoalBlock{x=80,y=4,z=84}",21,19,MovementDiagonal,339,70,70,,
5124,0,Husk,T3/58,MOVING,80.047,4.000,84.952,"GoalBlock{x=80,y=4,z=84}",21,19,MovementDiagonal,339,70,70,,
5125,0,Husk,T3/58,ARRIVED,80.155,4.000,84.844,,-1,-1,,339,70,70,,CANCELED
5126,0,Husk,T3/59,ARRIVED,60.500,4.000,96.500,,-1,-1,,339,70,70,,CANCELED|CANCELED
5127,0,Husk,T3/59,ARRIVED,60.500,4.000,96.500,,-1,-1,,339,70,70,,
5128,0,Husk,T3/59,ARRIVED,60.500,4.000,96.500,,-1,-1,,339,70,70,,
5129,0,Husk,T3/59,ARRIVED,60.500,4.000,96.500,,-1,-1,,339,70,70,,
5130,0,Husk,T3/59,ARRIVED,60.500,4.000,96.500,,-1,-1,,339,70,70,,
5131,0,Husk,T3/59,ARRIVED,60.500,4.000,96.500,,-1,-1,,339,70,70,,
5132,0,Husk,T3/59,ARRIVED,60.500,4.000,96.500,,-1,-1,,339,70,70,,
5133,0,Husk,T3/59,ARRIVED,60.500,4.000,96.500,,-1,-1,,339,70,70,,
5134,0,Husk,T3/59,ARRIVED,60.500,4.000,96.500,,-1,-1,,339,70,70,,
5135,0,Husk,T3/59,ARRIVED,60.500,4.000,96.500,,-1,-1,,339,70,70,,
5136,0,Husk,T3/59,SEARCHING,60.500,4.000,96.500,"GoalBlock{x=80,y=4,z=96}",-1,-1,,339,71,71,,CALC_STARTED
5137,0,Husk,T3/59,MOVING,60.627,4.000,96.500,"GoalBlock{x=80,y=4,z=96}",21,0,MovementTraverse,263,71,71,,CALC_FINISHED_NOW_EXECUTING
5138,0,Husk,T3/59,MOVING,60.824,4.000,96.500,"GoalBlock{x=80,y=4,z=96}",21,0,MovementTraverse,263,71,71,,
5139,0,Husk,T3/59,MOVING,61.059,4.000,96.500,"GoalBlock{x=80,y=4,z=96}",21,0,MovementTraverse,263,71,71,,
5140,0,Husk,T3/59,MOVING,61.315,4.000,96.500,"GoalBlock{x=80,y=4,z=96}",21,1,MovementTraverse,263,71,71,,
5141,0,Husk,T3/59,MOVING,61.582,4.000,96.500,"GoalBlock{x=80,y=4,z=96}",21,1,MovementTraverse,263,71,71,,
5142,0,Husk,T3/59,MOVING,61.855,4.000,96.500,"GoalBlock{x=80,y=4,z=96}",21,1,MovementTraverse,263,71,71,,
5143,0,Husk,T3/59,MOVING,62.132,4.000,96.500,"GoalBlock{x=80,y=4,z=96}",21,1,MovementTraverse,263,71,71,,
5144,0,Husk,T3/59,MOVING,62.410,4.000,96.500,"GoalBlock{x=80,y=4,z=96}",21,2,MovementTraverse,263,71,71,,
5145,0,Husk,T3/59,MOVING,62.690,4.000,96.500,"GoalBlock{x=80,y=4,z=96}",21,2,MovementTraverse,263,71,71,,
5146,0,Husk,T3/59,MOVING,62.969,4.000,96.500,"GoalBlock{x=80,y=4,z=96}",21,2,MovementTraverse,263,71,71,,
5147,0,Husk,T3/59,MOVING,63.250,4.000,96.500,"GoalBlock{x=80,y=4,z=96}",21,2,MovementTraverse,263,71,71,,
5148,0,Husk,T3/59,MOVING,63.530,4.000,96.500,"GoalBlock{x=80,y=4,z=96}",21,3,MovementTraverse,263,71,71,,
5149,0,Husk,T3/59,MOVING,63.811,4.000,96.500,"GoalBlock{x=80,y=4,z=96}",21,3,MovementTraverse,263,71,71,,
5150,0,Husk,T3/59,MOVING,64.091,4.000,96.500,"GoalBlock{x=80,y=4,z=96}",21,3,MovementTraverse,263,71,71,,
5151,0,Husk,T3/59,MOVING,64.372,4.000,96.500,"GoalBlock{x=80,y=4,z=96}",21,4,MovementTraverse,263,71,71,,
5152,0,Husk,T3/59,MOVING,64.652,4.000,96.500,"GoalBlock{x=80,y=4,z=96}",21,4,MovementTraverse,263,71,71,,
5153,0,Husk,T3/59,MOVING,64.933,4.000,96.500,"GoalBlock{x=80,y=4,z=96}",21,4,MovementTraverse,263,71,71,,
5154,0,Husk,T3/59,MOVING,65.214,4.000,96.500,"GoalBlock{x=80,y=4,z=96}",21,4,MovementTraverse,263,71,71,,
5155,0,Husk,T3/59,MOVING,65.494,4.000,96.500,"GoalBlock{x=80,y=4,z=96}",21,5,MovementTraverse,263,71,71,,
5156,0,Husk,T3/59,MOVING,65.775,4.000,96.500,"GoalBlock{x=80,y=4,z=96}",21,5,MovementTraverse,263,71,71,,
5157,0,Husk,T3/59,MOVING,66.055,4.000,96.500,"GoalBlock{x=80,y=4,z=96}",21,5,MovementTraverse,263,71,71,,
5158,0,Husk,T3/59,MOVING,66.336,4.000,96.500,"GoalBlock{x=80,y=4,z=96}",21,6,MovementTraverse,263,71,71,,
5159,0,Husk,T3/59,MOVING,66.617,4.000,96.500,"GoalBlock{x=80,y=4,z=96}",21,6,MovementTraverse,263,71,71,,
5160,0,Husk,T3/59,MOVING,66.897,4.000,96.500,"GoalBlock{x=80,y=4,z=96}",21,6,MovementTraverse,263,71,71,,
5161,0,Husk,T3/59,MOVING,67.178,4.000,96.500,"GoalBlock{x=80,y=4,z=96}",21,6,MovementTraverse,263,71,71,,
5162,0,Husk,T3/59,MOVING,67.459,4.000,96.500,"GoalBlock{x=80,y=4,z=96}",21,7,MovementTraverse,263,71,71,,
5163,0,Husk,T3/59,MOVING,67.739,4.000,96.500,"GoalBlock{x=80,y=4,z=96}",21,7,MovementTraverse,263,71,71,,
5164,0,Husk,T3/59,MOVING,68.020,4.000,96.500,"GoalBlock{x=80,y=4,z=96}",21,7,MovementTraverse,263,71,71,,
5165,0,Husk,T3/59,MOVING,68.283,4.000,96.564,"GoalBlock{x=80,y=4,z=96}",21,8,MovementDiagonal,263,71,71,,
5166,0,Husk,T3/59,MOVING,68.528,4.000,96.676,"GoalBlock{x=80,y=4,z=96}",21,8,MovementDiagonal,263,71,71,,
5167,0,Husk,T3/59,MOVING,68.759,4.000,96.820,"GoalBlock{x=80,y=4,z=96}",21,8,MovementDiagonal,263,71,71,,
5168,0,Husk,T3/59,MOVING,68.979,4.000,96.985,"GoalBlock{x=80,y=4,z=96}",21,8,MovementDiagonal,263,71,71,,
5169,0,Husk,T3/59,MOVING,69.190,4.000,97.164,"GoalBlock{x=80,y=4,z=96}",21,8,MovementDiagonal,263,71,71,,
5170,0,Husk,T3/59,MOVING,69.428,4.000,97.294,"GoalBlock{x=80,y=4,z=96}",21,9,MovementTraverse,263,71,71,,
5171,0,Husk,T3/59,MOVING,69.683,4.000,97.390,"GoalBlock{x=80,y=4,z=96}",21,9,MovementTraverse,263,71,71,,
5172,0,Husk,T3/59,MOVING,69.949,4.000,97.459,"GoalBlock{x=80,y=4,z=96}",21,9,MovementTraverse,263,71,71,,
5173,0,Husk,T3/59,MOVING,70.221,4.000,97.506,"GoalBlock{x=80,y=4,z=96}",21,9,MovementTraverse,263,71,71,,
5174,0,Husk,T3/59,MOVING,70.497,4.000,97.531,"GoalBlock{x=80,y=4,z=96}",21,10,MovementTraverse,263,71,71,,
5175,0,Husk,T3/59,MOVING,70.775,4.000,97.541,"GoalBlock{x=80,y=4,z=96}",21,10,MovementTraverse,263,71,71,,
5176,0,Husk,T3/59,MOVING,71.054,4.000,97.539,"GoalBlock{x=80,y=4,z=96}",21,10,MovementTraverse,263,71,71,,
5177,0,Husk,T3/59,MOVING,71.333,4.000,97.536,"GoalBlock{x=80,y=4,z=96}",21,11,MovementTraverse,263,71,71,,
5178,0,Husk,T3/59,MOVING,71.613,4.000,97.532,"GoalBlock{x=80,y=4,z=96}",21,11,MovementTraverse,263,71,71,,
5179,0,Husk,T3/59,MOVING,71.894,4.000,97.527,"GoalBlock{x=80,y=4,z=96}",21,11,MovementTraverse,263,71,71,,
5180,0,Husk,T3/59,MOVING,72.174,4.000,97.521,"GoalBlock{x=80,y=4,z=96}",21,11,MovementTraverse,263,71,71,,
5181,0,Husk,T3/59,MOVING,72.454,4.000,97.516,"GoalBlock{x=80,y=4,z=96}",21,12,MovementTraverse,263,71,71,,
5182,0,Husk,T3/59,MOVING,72.735,4.000,97.514,"GoalBlock{x=80,y=4,z=96}",21,12,MovementTraverse,263,71,71,,
5183,0,Husk,T3/59,MOVING,73.015,4.000,97.512,"GoalBlock{x=80,y=4,z=96}",21,12,MovementTraverse,263,71,71,,
5184,0,Husk,T3/59,MOVING,73.296,4.000,97.511,"GoalBlock{x=80,y=4,z=96}",21,13,MovementTraverse,263,71,71,,
5185,0,Husk,T3/59,MOVING,73.576,4.000,97.510,"GoalBlock{x=80,y=4,z=96}",21,13,MovementTraverse,263,71,71,,
5186,0,Husk,T3/59,MOVING,73.857,4.000,97.508,"GoalBlock{x=80,y=4,z=96}",21,13,MovementTraverse,263,71,71,,
5187,0,Husk,T3/59,MOVING,74.138,4.000,97.507,"GoalBlock{x=80,y=4,z=96}",21,13,MovementTraverse,263,71,71,,
5188,0,Husk,T3/59,MOVING,74.418,4.000,97.506,"GoalBlock{x=80,y=4,z=96}",21,14,MovementTraverse,263,71,71,,
5189,0,Husk,T3/59,MOVING,74.699,4.000,97.505,"GoalBlock{x=80,y=4,z=96}",21,14,MovementTraverse,263,71,71,,
5190,0,Husk,T3/59,MOVING,74.979,4.000,97.505,"GoalBlock{x=80,y=4,z=96}",21,14,MovementTraverse,263,71,71,,
5191,0,Husk,T3/59,MOVING,75.260,4.000,97.503,"GoalBlock{x=80,y=4,z=96}",21,14,MovementTraverse,263,71,71,,
5192,0,Husk,T3/59,MOVING,75.541,4.000,97.503,"GoalBlock{x=80,y=4,z=96}",21,15,MovementTraverse,263,71,71,,
5193,0,Husk,T3/59,MOVING,75.821,4.000,97.503,"GoalBlock{x=80,y=4,z=96}",21,15,MovementTraverse,263,71,71,,
5194,0,Husk,T3/59,MOVING,76.102,4.000,97.502,"GoalBlock{x=80,y=4,z=96}",21,15,MovementTraverse,263,71,71,,
5195,0,Husk,T3/59,MOVING,76.382,4.000,97.502,"GoalBlock{x=80,y=4,z=96}",21,16,MovementTraverse,263,71,71,,
5196,0,Husk,T3/59,MOVING,76.663,4.000,97.502,"GoalBlock{x=80,y=4,z=96}",21,16,MovementTraverse,263,71,71,,
5197,0,Husk,T3/59,MOVING,76.944,4.000,97.502,"GoalBlock{x=80,y=4,z=96}",21,16,MovementTraverse,263,71,71,,
5198,0,Husk,T3/59,MOVING,77.224,4.000,97.501,"GoalBlock{x=80,y=4,z=96}",21,16,MovementTraverse,263,71,71,,
5199,0,Husk,T3/59,MOVING,77.505,4.000,97.501,"GoalBlock{x=80,y=4,z=96}",21,17,MovementTraverse,263,71,71,,
5200,0,Husk,T3/59,MOVING,77.786,4.000,97.501,"GoalBlock{x=80,y=4,z=96}",21,17,MovementTraverse,263,71,71,,
5201,0,Husk,T3/59,MOVING,78.066,4.000,97.501,"GoalBlock{x=80,y=4,z=96}",21,17,MovementTraverse,263,71,71,,
5202,0,Husk,T3/59,MOVING,78.347,4.000,97.501,"GoalBlock{x=80,y=4,z=96}",21,18,MovementTraverse,263,71,71,,
5203,0,Husk,T3/59,MOVING,78.627,4.000,97.501,"GoalBlock{x=80,y=4,z=96}",21,18,MovementTraverse,263,71,71,,
5204,0,Husk,T3/59,MOVING,78.908,4.000,97.501,"GoalBlock{x=80,y=4,z=96}",21,18,MovementTraverse,263,71,71,,
5205,0,Husk,T3/59,MOVING,79.189,4.000,97.500,"GoalBlock{x=80,y=4,z=96}",21,18,MovementTraverse,263,71,71,,
5206,0,Husk,T3/59,MOVING,79.452,4.000,97.437,"GoalBlock{x=80,y=4,z=96}",21,19,MovementDiagonal,263,71,71,,
5207,0,Husk,T3/59,MOVING,79.691,4.000,97.317,"GoalBlock{x=80,y=4,z=96}",21,19,MovementDiagonal,263,71,71,,
5208,0,Husk,T3/59,MOVING,79.911,4.000,97.161,"GoalBlock{x=80,y=4,z=96}",21,19,MovementDiagonal,263,71,71,,
5209,0,Husk,T3/59,MOVING,80.116,4.000,96.981,"GoalBlock{x=80,y=4,z=96}",21,19,MovementDiagonal,263,71,71,,
5210,0,Husk,T3/59,ARRIVED,80.228,4.000,96.882,,-1,-1,,263,71,71,,CANCELED
5211,0,Husk,T3/60,ARRIVED,60.500,14.000,108.500,,-1,-1,,263,71,71,,CANCELED|CANCELED
5212,0,Husk,T3/60,ARRIVED,60.500,14.000,108.500,,-1,-1,,263,71,71,,
5213,0,Husk,T3/60,ARRIVED,60.500,14.000,108.500,,-1,-1,,263,71,71,,
5214,0,Husk,T3/60,ARRIVED,60.500,14.000,108.500,,-1,-1,,263,71,71,,
5215,0,Husk,T3/60,ARRIVED,60.500,14.000,108.500,,-1,-1,,263,71,71,,
5216,0,Husk,T3/60,ARRIVED,60.500,14.000,108.500,,-1,-1,,263,71,71,,
5217,0,Husk,T3/60,ARRIVED,60.500,14.000,108.500,,-1,-1,,263,71,71,,
5218,0,Husk,T3/60,ARRIVED,60.500,14.000,108.500,,-1,-1,,263,71,71,,
5219,0,Husk,T3/60,ARRIVED,60.500,14.000,108.500,,-1,-1,,263,71,71,,
5220,0,Husk,T3/60,ARRIVED,60.500,14.000,108.500,,-1,-1,,263,71,71,,
5221,0,Husk,T3/60,SEARCHING,60.500,14.000,108.500,"GoalBlock{x=75,y=4,z=108}",-1,-1,,263,72,72,,CALC_STARTED
5222,0,Husk,T3/60,MOVING,60.627,14.000,108.500,"GoalBlock{x=75,y=4,z=108}",16,0,MovementTraverse,262,72,72,,CALC_FINISHED_NOW_EXECUTING
5223,0,Husk,T3/60,MOVING,60.824,14.000,108.500,"GoalBlock{x=75,y=4,z=108}",16,0,MovementTraverse,262,72,72,,
5224,0,Husk,T3/60,MOVING,61.059,14.000,108.500,"GoalBlock{x=75,y=4,z=108}",16,0,MovementTraverse,262,72,72,,
5225,0,Husk,T3/60,MOVING,61.315,14.000,108.500,"GoalBlock{x=75,y=4,z=108}",16,1,MovementTraverse,262,72,72,,
5226,0,Husk,T3/60,MOVING,61.582,14.000,108.500,"GoalBlock{x=75,y=4,z=108}",16,1,MovementTraverse,262,72,72,,
5227,0,Husk,T3/60,MOVING,61.855,14.000,108.500,"GoalBlock{x=75,y=4,z=108}",16,1,MovementTraverse,262,72,72,,
5228,0,Husk,T3/60,MOVING,62.132,14.000,108.500,"GoalBlock{x=75,y=4,z=108}",16,1,MovementTraverse,262,72,72,,
5229,0,Husk,T3/60,MOVING,62.410,14.000,108.500,"GoalBlock{x=75,y=4,z=108}",16,2,MovementTraverse,262,72,72,,
5230,0,Husk,T3/60,MOVING,62.690,14.000,108.500,"GoalBlock{x=75,y=4,z=108}",16,2,MovementTraverse,262,72,72,,
5231,0,Husk,T3/60,MOVING,62.969,14.000,108.500,"GoalBlock{x=75,y=4,z=108}",16,2,MovementTraverse,262,72,72,,
5232,0,Husk,T3/60,MOVING,63.250,14.000,108.500,"GoalBlock{x=75,y=4,z=108}",16,2,MovementTraverse,262,72,72,,
5233,0,Husk,T3/60,MOVING,63.501,14.000,108.500,"GoalBlock{x=75,y=4,z=108}",16,3,MovementFall,262,72,72,,
5234,0,Husk,T3/60,MOVING,63.736,14.000,108.500,"GoalBlock{x=75,y=4,z=108}",16,3,MovementFall,262,72,72,,
5235,0,Husk,T3/60,MOVING,63.962,14.000,108.500,"GoalBlock{x=75,y=4,z=108}",16,3,MovementFall,262,72,72,,
5236,0,Husk,T3/60,MOVING,64.184,14.000,108.500,"GoalBlock{x=75,y=4,z=108}",16,3,MovementFall,262,72,72,,
5237,0,Husk,T3/60,MOVING,64.403,14.000,108.500,"GoalBlock{x=75,y=4,z=108}",16,3,MovementFall,262,72,72,,
5238,0,Husk,T3/60,MOVING,64.522,13.922,108.500,"GoalBlock{x=75,y=4,z=108}",16,3,MovementFall,262,72,72,,
5239,0,Husk,T3/60,MOVING,64.588,13.766,108.500,"GoalBlock{x=75,y=4,z=108}",16,3,MovementFall,262,72,72,,
5240,0,Husk,T3/60,MOVING,64.647,13.536,108.480,"GoalBlock{x=75,y=4,z=108}",16,3,MovementFall,262,72,72,,
5241,0,Husk,T3/60,MOVING,64.691,13.232,108.446,"GoalBlock{x=75,y=4,z=108}",16,3,MovementFall,262,72,72,,
5242,0,Husk,T3/60,MOVING,64.715,12.855,108.404,"GoalBlock{x=75,y=4,z=108}",16,3,MovementFall,262,72,72,,
5243,0,Husk,T3/60,MOVING,64.730,12.407,108.366,"GoalBlock{x=75,y=4,z=108}",16,3,MovementFall,262,72,72,,
5244,0,Husk,T3/60,MOVING,64.738,11.890,108.334,"GoalBlock{x=75,y=4,z=108}",16,3,MovementFall,262,72,72,,
5245,0,Husk,T3/60,MOVING,64.741,11.305,108.307,"GoalBlock{x=75,y=4,z=108}",16,3,MovementFall,262,72,72,,
5246,0,Husk,T3/60,MOVING,64.735,10.654,108.285,"GoalBlock{x=75,y=4,z=108}",16,3,MovementFall,262,72,72,,
5247,0,Husk,T3/60,MOVING,64.726,9.937,108.269,"GoalBlock{x=75,y=4,z=108}",16,3,MovementFall,262,72,72,,
5248,0,Husk,T3/60,MOVING,64.712,9.156,108.257,"GoalBlock{x=75,y=4,z=108}",16,3,MovementFall,262,72,72,,
5249,0,Husk,T3/60,MOVING,64.695,8.312,108.249,"GoalBlock{x=75,y=4,z=108}",16,3,MovementFall,262,72,72,,
5250,0,Husk,T3/60,MOVING,64.674,7.406,108.246,"GoalBlock{x=75,y=4,z=108}",16,3,MovementFall,262,72,72,,
5251,0,Husk,T3/60,MOVING,64.651,6.440,108.250,"GoalBlock{x=75,y=4,z=108}",16,3,MovementFall,262,72,72,,
5252,0,Husk,T3/60,MOVING,64.626,5.416,108.257,"GoalBlock{x=75,y=4,z=108}",16,3,MovementFall,262,72,72,,
5253,0,Husk,T3/60,MOVING,64.598,4.333,108.268,"GoalBlock{x=75,y=4,z=108}",16,3,MovementFall,262,72,72,,
5254,0,Husk,T3/60,MOVING,64.570,3.193,108.282,"GoalBlock{x=75,y=4,z=108}",16,3,MovementFall,262,72,72,,
5255,0,Husk,T3/60,MOVING,64.539,2.038,108.299,"GoalBlock{x=75,y=4,z=108}",16,3,MovementFall,262,72,72,,
5256,0,Husk,T3/60,MOVING,64.511,2.000,108.318,"GoalBlock{x=75,y=4,z=108}",16,3,MovementFall,262,72,72,,
5257,0,Husk,T3/60,MOVING,64.477,2.020,108.348,"GoalBlock{x=75,y=4,z=108}",16,3,MovementFall,262,72,72,,
5258,0,Husk,T3/60,MOVING,64.439,2.056,108.388,"GoalBlock{x=75,y=4,z=108}",16,3,MovementFall,262,72,72,,
5259,0,Husk,T3/60,MOVING,64.409,2.105,108.421,"GoalBlock{x=75,y=4,z=108}",16,3,MovementFall,262,72,72,,
5260,0,Husk,T3/60,MOVING,64.377,2.164,108.465,"GoalBlock{x=75,y=4,z=108}",16,3,MovementFall,262,72,72,,
5261,0,Husk,T3/60,MOVING,64.350,2.231,108.520,"GoalBlock{x=75,y=4,z=108}",16,3,MovementFall,262,72,72,,
5262,0,Husk,T3/60,MOVING,64.338,2.305,108.581,"GoalBlock{x=75,y=4,z=108}",16,3,MovementFall,262,72,72,,
5263,0,Husk,T3/60,MOVING,64.345,2.384,108.640,"GoalBlock{x=75,y=4,z=108}",16,3,MovementFall,262,72,72,,
5264,0,Husk,T3/60,MOVING,64.370,2.467,108.689,"GoalBlock{x=75,y=4,z=108}",16,3,MovementFall,262,72,72,,
5265,0,Husk,T3/60,MOVING,64.407,2.554,108.719,"GoalBlock{x=75,y=4,z=108}",16,3,MovementFall,262,72,72,,
5266,0,Husk,T3/60,MOVING,64.447,2.643,108.726,"GoalBlock{x=75,y=4,z=108}",16,3,MovementFall,262,72,72,,
5267,0,Husk,T3/60,MOVING,64.481,2.734,108.712,"GoalBlock{x=75,y=4,z=108}",16,3,MovementFall,262,72,72,,
5268,0,Husk,T3/60,MOVING,64.498,2.827,108.683,"GoalBlock{x=75,y=4,z=108}",16,3,MovementFall,262,72,72,,
5269,0,Husk,T3/60,MOVING,64.502,2.922,108.644,"GoalBlock{x=75,y=4,z=108}",16,3,MovementFall,262,72,72,,
5270,0,Husk,T3/60,MOVING,64.500,3.018,108.594,"GoalBlock{x=75,y=4,z=108}",16,4,MovementTraverse,262,72,72,,
5271,0,Husk,T3/60,MOVING,64.509,3.114,108.535,"GoalBlock{x=75,y=4,z=108}",16,4,MovementTraverse,262,72,72,,
5272,0,Husk,T3/60,MOVING,64.532,3.211,108.478,"GoalBlock{x=75,y=4,z=108}",16,4,MovementTraverse,262,72,72,,
5273,0,Husk,T3/60,MOVING,64.570,3.309,108.430,"GoalBlock{x=75,y=4,z=108}",16,4,MovementTraverse,262,72,72,,
5274,0,Husk,T3/60,MOVING,64.620,3.407,108.394,"GoalBlock{x=75,y=4,z=108}",16,4,MovementTraverse,262,72,72,,
5275,0,Husk,T3/60,MOVING,64.680,3.506,108.367,"GoalBlock{x=75,y=4,z=108}",16,4,MovementTraverse,262,72,72,,
5276,0,Husk,T3/60,MOVING,64.747,3.605,108.349,"GoalBlock{x=75,y=4,z=108}",16,4,MovementTraverse,262,72,72,,
5277,0,Husk,T3/60,MOVING,64.825,3.664,108.339,"GoalBlock{x=75,y=4,z=108}",16,4,MovementTraverse,262,72,72,,
5278,0,Husk,T3/60,MOVING,64.921,3.643,108.336,"GoalBlock{x=75,y=4,z=108}",16,4,MovementTraverse,262,72,72,,
5279,0,Husk,T3/60,MOVING,65.034,3.545,108.343,"GoalBlock{x=75,y=4,z=108}",16,4,MovementTraverse,262,72,72,,
5280,0,Husk,T3/60,MOVING,65.155,3.410,108.352,"GoalBlock{x=75,y=4,z=108}",16,5,MovementTraverse,262,72,72,,
5281,0,Husk,T3/60,MOVING,65.272,3.322,108.360,"GoalBlock{x=75,y=4,z=108}",16,5,MovementTraverse,262,72,72,,
5282,0,Husk,T3/60,MOVING,65.384,3.271,108.370,"GoalBlock{x=75,y=4,z=108}",16,5,MovementTraverse,262,72,72,,
5283,0,Husk,T3/60,MOVING,65.494,3.251,108.380,"GoalBlock{x=75,y=4,z=108}",16,5,MovementTraverse,262,72,72,,
5284,0,Husk,T3/60,MOVING,65.601,3.255,108.390,"GoalBlock{x=75,y=4,z=108}",16,5,MovementTraverse,262,72,72,,
5285,0,Husk,T3/60,MOVING,65.707,3.278,108.400,"GoalBlock{x=75,y=4,z=108}",16,5,MovementTraverse,262,72,72,,
5286,0,Husk,T3/60,MOVING,65.810,3.318,108.411,"GoalBlock{x=75,y=4,z=108}",16,5,MovementTraverse,262,72,72,,
5287,0,Husk,T3/60,MOVING,65.913,3.370,108.422,"GoalBlock{x=75,y=4,z=108}",16,5,MovementTraverse,262,72,72,,
5288,0,Husk,T3/60,MOVING,66.014,3.432,108.434,"GoalBlock{x=75,y=4,z=108}",16,5,MovementTraverse,262,72,72,,
5289,0,Husk,T3/60,MOVING,66.115,3.501,108.444,"GoalBlock{x=75,y=4,z=108}",16,6,MovementTraverse,262,72,72,,
5290,0,Husk,T3/60,MOVING,66.215,3.576,108.453,"GoalBlock{x=75,y=4,z=108}",16,6,MovementTraverse,262,72,72,,
5291,0,Husk,T3/60,MOVING,66.314,3.657,108.460,"GoalBlock{x=75,y=4,z=108}",16,6,MovementTraverse,262,72,72,,
5292,0,Husk,T3/60,MOVING,66.420,3.701,108.468,"GoalBlock{x=75,y=4,z=108}",16,6,MovementTraverse,262,72,72,,
5293,0,Husk,T3/60,MOVING,66.541,3.666,108.475,"GoalBlock{x=75,y=4,z=108}",16,6,MovementTraverse,262,72,72,,
5294,0,Husk,T3/60,MOVING,66.677,3.553,108.482,"GoalBlock{x=75,y=4,z=108}",16,6,MovementTraverse,262,72,72,,
5295,0,Husk,T3/60,MOVING,66.820,3.404,108.489,"GoalBlock{x=75,y=4,z=108}",16,6,MovementTraverse,262,72,72,,
5296,0,Husk,T3/60,MOVING,66.954,3.305,108.495,"GoalBlock{x=75,y=4,z=108}",16,6,MovementTraverse,262,72,72,,
5297,0,Husk,T3/60,MOVING,67.081,3.246,108.500,"GoalBlock{x=75,y=4,z=108}",16,6,MovementTraverse,262,72,72,,
5298,0,Husk,T3/60,MOVING,67.202,3.219,108.504,"GoalBlock{x=75,y=4,z=108}",16,7,MovementTraverse,262,72,72,,
5299,0,Husk,T3/60,MOVING,67.318,3.217,108.507,"GoalBlock{x=75,y=4,z=108}",16,7,MovementTraverse,262,72,72,,
5300,0,Husk,T3/60,MOVING,67.431,3.235,108.507,"GoalBlock{x=75,y=4,z=108}",16,7,MovementTraverse,262,72,72,,
5301,0,Husk,T3/60,MOVING,67.541,3.270,108.507,"GoalBlock{x=75,y=4,z=108}",16,7,MovementTraverse,262,72,72,,
5302,0,Husk,T3/60,MOVING,67.648,3.318,108.507,"GoalBlock{x=75,y=4,z=108}",16,7,MovementTraverse,262,72,72,,
5303,0,Husk,T3/60,MOVING,67.754,3.376,108.506,"GoalBlock{x=75,y=4,z=108}",16,7,MovementTraverse,262,72,72,,
5304,0,Husk,T3/60,MOVING,67.858,3.442,108.506,"GoalBlock{x=75,y=4,z=108}",16,7,MovementTraverse,262,72,72,,
5305,0,Husk,T3/60,MOVING,67.961,3.516,108.506,"GoalBlock{x=75,y=4,z=108}",16,7,MovementTraverse,262,72,72,,
5306,0,Husk,T3/60,MOVING,68.063,3.594,108.506,"GoalBlock{x=75,y=4,z=108}",16,7,MovementTraverse,262,72,72,,
5307,0,Husk,T3/60,MOVING,68.164,3.677,108.506,"GoalBlock{x=75,y=4,z=108}",16,8,MovementAscend,262,72,72,,
5308,0,Husk,T3/60,MOVING,68.264,3.724,108.506,"GoalBlock{x=75,y=4,z=108}",16,8,MovementAscend,262,72,72,,
5309,0,Husk,T3/60,MOVING,68.375,3.691,108.506,"GoalBlock{x=75,y=4,z=108}",16,8,MovementAscend,262,72,72,,
5310,0,Husk,T3/60,MOVING,68.496,3.580,108.506,"GoalBlock{x=75,y=4,z=108}",16,8,MovementAscend,262,72,72,,
5311,0,Husk,T3/60,MOVING,68.625,3.433,108.505,"GoalBlock{x=75,y=4,z=108}",16,8,MovementAscend,262,72,72,,
5312,0,Husk,T3/60,MOVING,68.700,3.335,108.505,"GoalBlock{x=75,y=4,z=108}",16,8,MovementAscend,262,72,72,,
5313,0,Husk,T3/60,MOVING,68.700,3.277,108.505,"GoalBlock{x=75,y=4,z=108}",16,8,MovementAscend,262,72,72,,
5314,0,Husk,T3/60,MOVING,68.700,3.251,108.505,"GoalBlock{x=75,y=4,z=108}",16,8,MovementAscend,262,72,72,,
5315,0,Husk,T3/60,MOVING,68.700,3.250,108.505,"GoalBlock{x=75,y=4,z=108}",16,8,MovementAscend,262,72,72,,
5316,0,Husk,T3/60,MOVING,68.700,3.269,108.505,"GoalBlock{x=75,y=4,z=108}",16,8,MovementAscend,262,72,72,,
5317,0,Husk,T3/60,MOVING,68.700,3.304,108.505,"GoalBlock{x=75,y=4,z=108}",16,8,MovementAscend,262,72,72,,
5318,0,Husk,T3/60,MOVING,68.700,3.352,108.505,"GoalBlock{x=75,y=4,z=108}",16,8,MovementAscend,262,72,72,,
5319,0,Husk,T3/60,MOVING,68.700,3.411,108.504,"GoalBlock{x=75,y=4,z=108}",16,8,MovementAscend,262,72,72,,
5320,0,Husk,T3/60,MOVING,68.700,3.478,108.504,"GoalBlock{x=75,y=4,z=108}",16,8,MovementAscend,262,72,72,,
5321,0,Husk,T3/60,MOVING,68.700,3.818,108.504,"GoalBlock{x=75,y=4,z=108}",16,8,MovementAscend,262,72,72,,
5322,0,Husk,T3/60,MOVING,68.720,4.118,108.504,"GoalBlock{x=75,y=4,z=108}",16,8,MovementAscend,262,72,72,,
5323,0,Husk,T3/60,MOVING,68.757,4.333,108.504,"GoalBlock{x=75,y=4,z=108}",16,8,MovementAscend,262,72,72,,
5324,0,Husk,T3/60,MOVING,68.811,4.466,108.504,"GoalBlock{x=75,y=4,z=108}",16,8,MovementAscend,262,72,72,,
5325,0,Husk,T3/60,MOVING,68.879,4.518,108.504,"GoalBlock{x=75,y=4,z=108}",16,8,MovementAscend,262,72,72,,
5326,0,Husk,T3/60,MOVING,68.961,4.490,108.504,"GoalBlock{x=75,y=4,z=108}",16,8,MovementAscend,262,72,72,,
5327,0,Husk,T3/60,MOVING,69.055,4.385,108.504,"GoalBlock{x=75,y=4,z=108}",16,8,MovementAscend,262,72,72,,
5328,0,Husk,T3/60,MOVING,69.166,4.203,108.503,"GoalBlock{x=75,y=4,z=108}",16,9,MovementTraverse,262,72,72,,
5329,0,Husk,T3/60,MOVING,69.293,4.000,108.503,"GoalBlock{x=75,y=4,z=108}",16,9,MovementTraverse,262,72,72,,
5330,0,Husk,T3/60,MOVING,69.535,4.000,108.503,"GoalBlock{x=75,y=4,z=108}",16,9,MovementTraverse,262,72,72,,
5331,0,Husk,T3/60,MOVING,69.795,4.000,108.503,"GoalBlock{x=75,y=4,z=108}",16,9,MovementTraverse,262,72,72,,
5332,0,Husk,T3/60,MOVING,70.065,4.000,108.502,"GoalBlock{x=75,y=4,z=108}",16,9,MovementTraverse,262,72,72,,
5333,0,Husk,T3/60,MOVING,70.339,4.000,108.502,"GoalBlock{x=75,y=4,z=108}",16,10,MovementTraverse,262,72,72,,
5334,0,Husk,T3/60,MOVING,70.616,4.000,108.502,"GoalBlock{x=75,y=4,z=108}",16,10,MovementTraverse,262,72,72,,
5335,0,Husk,T3/60,MOVING,70.895,4.000,108.502,"GoalBlock{x=75,y=4,z=108}",16,10,MovementTraverse,262,72,72,,
5336,0,Husk,T3/60,MOVING,71.175,4.000,108.501,"GoalBlock{x=75,y=4,z=108}",16,10,MovementTraverse,262,72,72,,
5337,0,Husk,T3/60,MOVING,71.455,4.000,108.501,"GoalBlock{x=75,y=4,z=108}",16,11,MovementTraverse,262,72,72,,
5338,0,Husk,T3/60,MOVING,71.735,4.000,108.501,"GoalBlock{x=75,y=4,z=108}",16,11,MovementTraverse,262,72,72,,
5339,0,Husk,T3/60,MOVING,72.015,4.000,108.501,"GoalBlock{x=75,y=4,z=108}",16,11,MovementTraverse,262,72,72,,
5340,0,Husk,T3/60,MOVING,72.296,4.000,108.501,"GoalBlock{x=75,y=4,z=108}",16,12,MovementTraverse,262,72,72,,
5341,0,Husk,T3/60,MOVING,72.577,4.000,108.501,"GoalBlock{x=75,y=4,z=108}",16,12,MovementTraverse,262,72,72,,
5342,0,Husk,T3/60,MOVING,72.857,4.000,108.501,"GoalBlock{x=75,y=4,z=108}",16,12,MovementTraverse,262,72,72,,
5343,0,Husk,T3/60,MOVING,73.138,4.000,108.500,"GoalBlock{x=75,y=4,z=108}",16,12,MovementTraverse,262,72,72,,
5344,0,Husk,T3/60,MOVING,73.418,4.000,108.500,"GoalBlock{x=75,y=4,z=108}",16,13,MovementTraverse,262,72,72,,
5345,0,Husk,T3/60,MOVING,73.699,4.000,108.500,"GoalBlock{x=75,y=4,z=108}",16,13,MovementTraverse,262,72,72,,
5346,0,Husk,T3/60,MOVING,73.980,4.000,108.500,"GoalBlock{x=75,y=4,z=108}",16,13,MovementTraverse,262,72,72,,
5347,0,Husk,T3/60,MOVING,74.260,4.000,108.500,"GoalBlock{x=75,y=4,z=108}",16,13,MovementTraverse,262,72,72,,
5348,0,Husk,T3/60,MOVING,74.541,4.000,108.500,"GoalBlock{x=75,y=4,z=108}",16,14,MovementTraverse,262,72,72,,
5349,0,Husk,T3/60,MOVING,74.821,4.000,108.500,"GoalBlock{x=75,y=4,z=108}",16,14,MovementTraverse,262,72,72,,
5350,0,Husk,T3/60,MOVING,75.102,4.000,108.500,"GoalBlock{x=75,y=4,z=108}",16,14,MovementTraverse,262,72,72,,
5351,0,Husk,T3/60,ARRIVED,75.255,4.000,108.500,,-1,-1,,262,72,72,,CANCELED
5352,0,Husk,T3/61,ARRIVED,0.500,4.000,0.500,,-1,-1,,262,72,72,,CANCELED|CANCELED
5353,0,Husk,T3/61,ARRIVED,0.500,4.000,0.500,,-1,-1,,262,72,72,,
5354,0,Husk,T3/61,ARRIVED,0.500,4.000,0.500,,-1,-1,,262,72,72,,
5355,0,Husk,T3/61,ARRIVED,0.500,4.000,0.500,,-1,-1,,262,72,72,,
5356,0,Husk,T3/61,ARRIVED,0.500,4.000,0.500,,-1,-1,,262,72,72,,
5357,0,Husk,T3/61,ARRIVED,0.500,4.000,0.500,,-1,-1,,262,72,72,,
5358,0,Husk,T3/61,ARRIVED,0.500,4.000,0.500,,-1,-1,,262,72,72,,
5359,0,Husk,T3/61,ARRIVED,0.500,4.000,0.500,,-1,-1,,262,72,72,,
5360,0,Husk,T3/61,ARRIVED,0.500,4.000,0.500,,-1,-1,,262,72,72,,
5361,0,Husk,T3/61,ARRIVED,0.500,4.000,0.500,,-1,-1,,262,72,72,,
5362,0,Husk,T3/61,SEARCHING,0.500,4.000,0.500,"GoalBlock{x=30,y=4,z=0}",-1,-1,,262,73,73,,CALC_STARTED
5363,0,Husk,T3/61,MOVING,0.627,4.000,0.500,"GoalBlock{x=30,y=4,z=0}",31,0,MovementTraverse,156,73,73,,CALC_FINISHED_NOW_EXECUTING
5364,0,Husk,T3/61,MOVING,0.824,4.000,0.500,"GoalBlock{x=30,y=4,z=0}",31,0,MovementTraverse,156,73,73,,
5365,0,Husk,T3/61,MOVING,1.059,4.000,0.500,"GoalBlock{x=30,y=4,z=0}",31,0,MovementTraverse,156,73,73,,
5366,0,Husk,T3/61,MOVING,1.315,4.000,0.500,"GoalBlock{x=30,y=4,z=0}",31,1,MovementTraverse,156,73,73,,
5367,0,Husk,T3/61,MOVING,1.582,4.000,0.500,"GoalBlock{x=30,y=4,z=0}",31,1,MovementTraverse,156,73,73,,
5368,0,Husk,T3/61,MOVING,1.855,4.000,0.500,"GoalBlock{x=30,y=4,z=0}",31,1,MovementTraverse,156,73,73,,
5369,0,Husk,T3/61,MOVING,2.132,4.000,0.500,"GoalBlock{x=30,y=4,z=0}",31,1,MovementTraverse,156,73,73,,
5370,0,Husk,T3/61,MOVING,2.410,4.000,0.500,"GoalBlock{x=30,y=4,z=0}",31,2,MovementTraverse,156,73,73,,
5371,0,Husk,T3/61,MOVING,2.690,4.000,0.500,"GoalBlock{x=30,y=4,z=0}",31,2,MovementTraverse,156,73,73,,
5372,0,Husk,T3/61,MOVING,2.969,4.000,0.500,"GoalBlock{x=30,y=4,z=0}",31,2,MovementTraverse,156,73,73,,
5373,0,Husk,T3/61,MOVING,3.250,4.000,0.500,"GoalBlock{x=30,y=4,z=0}",31,2,MovementTraverse,156,73,73,,
5374,0,Husk,T3/61,MOVING,3.530,4.000,0.500,"GoalBlock{x=30,y=4,z=0}",31,3,MovementTraverse,156,73,73,,
5375,0,Husk,T3/61,MOVING,3.811,4.000,0.500,"GoalBlock{x=30,y=4,z=0}",31,3,MovementTraverse,156,73,73,,
5376,0,Husk,T3/61,MOVING,4.091,4.000,0.500,"GoalBlock{x=30,y=4,z=0}",31,3,MovementTraverse,156,73,73,,
5377,0,Husk,T3/61,MOVING,4.372,4.000,0.500,"GoalBlock{x=30,y=4,z=0}",31,4,MovementTraverse,156,73,73,,
5378,0,Husk,T3/61,MOVING,4.652,4.000,0.500,"GoalBlock{x=30,y=4,z=0}",31,4,MovementTraverse,156,73,73,,
5379,0,Husk,T3/61,MOVING,4.933,4.000,0.500,"GoalBlock{x=30,y=4,z=0}",31,4,MovementTraverse,156,73,73,,
5380,0,Husk,T3/61,MOVING,5.214,4.000,0.500,"GoalBlock{x=30,y=4,z=0}",31,4,MovementTraverse,156,73,73,,
5381,0,Husk,T3/61,MOVING,5.494,4.000,0.500,"GoalBlock{x=30,y=4,z=0}",31,5,MovementTraverse,156,73,73,,
5382,0,Husk,T3/61,MOVING,5.775,4.000,0.500,"GoalBlock{x=30,y=4,z=0}",31,5,MovementTraverse,156,73,73,,
5383,0,Husk,T3/61,MOVING,6.055,4.000,0.500,"GoalBlock{x=30,y=4,z=0}",31,5,MovementTraverse,156,73,73,,
5384,0,Husk,T3/61,MOVING,6.336,4.000,0.500,"GoalBlock{x=30,y=4,z=0}",31,6,MovementTraverse,156,73,73,,
5385,0,Husk,T3/61,MOVING,6.617,4.000,0.500,"GoalBlock{x=30,y=4,z=0}",31,6,MovementTraverse,156,73,73,,
5386,0,Husk,T3/61,MOVING,6.897,4.000,0.500,"GoalBlock{x=30,y=4,z=0}",31,6,MovementTraverse,156,73,73,,
5387,0,Husk,T3/61,MOVING,7.178,4.000,0.500,"GoalBlock{x=30,y=4,z=0}",31,6,MovementTraverse,156,73,73,,
5388,0,Husk,T3/61,MOVING,7.459,4.000,0.500,"GoalBlock{x=30,y=4,z=0}",31,7,MovementTraverse,156,73,73,,
5389,0,Husk,T3/61,MOVING,7.739,4.000,0.500,"GoalBlock{x=30,y=4,z=0}",31,7,MovementTraverse,156,73,73,,
5390,0,Husk,T3/61,MOVING,8.020,4.000,0.500,"GoalBlock{x=30,y=4,z=0}",31,7,MovementTraverse,156,73,73,,
5391,0,Husk,T3/61,MOVING,8.300,4.000,0.500,"GoalBlock{x=30,y=4,z=0}",31,8,MovementTraverse,156,73,73,,
5392,0,Husk,T3/61,MOVING,8.581,4.000,0.500,"GoalBlock{x=30,y=4,z=0}",31,8,MovementTraverse,156,73,73,,
5393,0,Husk,T3/61,MOVING,8.862,4.000,0.500,"GoalBlock{x=30,y=4,z=0}",31,8,MovementTraverse,156,73,73,,
5394,0,Husk,T3/61,MOVING,9.142,4.000,0.500,"GoalBlock{x=30,y=4,z=0}",31,8,MovementTraverse,156,73,73,,
5395,0,Husk,T3/61,MOVING,9.423,4.000,0.500,"GoalBlock{x=30,y=4,z=0}",31,9,MovementTraverse,156,73,73,,
5396,0,Husk,T3/61,MOVING,9.703,4.000,0.500,"GoalBlock{x=30,y=4,z=0}",31,9,MovementTraverse,156,73,73,,
5397,0,Husk,T3/61,MOVING,9.984,4.000,0.500,"GoalBlock{x=30,y=4,z=0}",31,9,MovementTraverse,156,73,73,,
5398,0,Husk,T3/61,MOVING,10.265,4.000,0.500,"GoalBlock{x=30,y=4,z=0}",31,9,MovementTraverse,156,73,73,,
5399,0,Husk,T3/61,MOVING,10.545,4.000,0.500,"GoalBlock{x=30,y=4,z=0}",31,10,MovementTraverse,156,73,73,,
5400,0,Husk,T3/61,MOVING,10.826,4.000,0.500,"GoalBlock{x=30,y=4,z=0}",31,10,MovementTraverse,156,73,73,,
5401,0,Husk,T3/61,MOVING,11.107,4.000,0.500,"GoalBlock{x=30,y=4,z=0}",31,10,MovementTraverse,156,73,73,,
5402,0,Husk,T3/61,MOVING,11.387,4.000,0.500,"GoalBlock{x=30,y=4,z=0}",31,11,MovementTraverse,156,73,73,,
5403,0,Husk,T3/61,MOVING,11.668,4.000,0.500,"GoalBlock{x=30,y=4,z=0}",31,11,MovementTraverse,156,73,73,,
5404,0,Husk,T3/61,MOVING,11.948,4.000,0.500,"GoalBlock{x=30,y=4,z=0}",31,11,MovementTraverse,156,73,73,,
5405,0,Husk,T3/61,MOVING,12.229,4.000,0.500,"GoalBlock{x=30,y=4,z=0}",31,11,MovementTraverse,156,73,73,,
5406,0,Husk,T3/61,MOVING,12.510,4.000,0.500,"GoalBlock{x=30,y=4,z=0}",31,12,MovementTraverse,156,73,73,,
5407,0,Husk,T3/61,MOVING,12.790,4.000,0.500,"GoalBlock{x=30,y=4,z=0}",31,12,MovementTraverse,156,73,73,,
5408,0,Husk,T3/61,MOVING,13.071,4.000,0.500,"GoalBlock{x=30,y=4,z=0}",31,12,MovementTraverse,156,73,73,,
5409,0,Husk,T3/61,MOVING,13.352,4.000,0.500,"GoalBlock{x=30,y=4,z=0}",31,13,MovementTraverse,156,73,73,,
5410,0,Husk,T3/61,MOVING,13.632,4.000,0.500,"GoalBlock{x=30,y=4,z=0}",31,13,MovementTraverse,156,73,73,,
5411,0,Husk,T3/61,MOVING,13.913,4.000,0.500,"GoalBlock{x=30,y=4,z=0}",31,13,MovementTraverse,156,73,73,,
5412,0,Husk,T3/61,MOVING,14.193,4.000,0.500,"GoalBlock{x=30,y=4,z=0}",31,13,MovementTraverse,156,73,73,,
5413,0,Husk,T3/61,MOVING,14.474,4.000,0.500,"GoalBlock{x=30,y=4,z=0}",31,14,MovementTraverse,156,73,73,,
5414,0,Husk,T3/61,MOVING,14.755,4.000,0.500,"GoalBlock{x=30,y=4,z=0}",31,14,MovementTraverse,156,73,73,,
5415,0,Husk,T3/61,MOVING,15.035,4.000,0.500,"GoalBlock{x=30,y=4,z=0}",31,14,MovementTraverse,156,73,73,,
5416,0,Husk,T3/61,MOVING,15.316,4.000,0.500,"GoalBlock{x=30,y=4,z=0}",31,15,MovementTraverse,156,73,73,,
5417,0,Husk,T3/61,MOVING,15.596,4.000,0.500,"GoalBlock{x=30,y=4,z=0}",31,15,MovementTraverse,156,73,73,,
5418,0,Husk,T3/61,MOVING,15.877,4.000,0.500,"GoalBlock{x=30,y=4,z=0}",31,15,MovementTraverse,156,73,73,,
5419,0,Husk,T3/61,MOVING,16.158,4.000,0.500,"GoalBlock{x=30,y=4,z=0}",31,15,MovementTraverse,156,73,73,,
5420,0,Husk,T3/61,MOVING,16.438,4.000,0.500,"GoalBlock{x=30,y=4,z=0}",31,16,MovementTraverse,156,73,73,,
5421,0,Husk,T3/61,MOVING,16.719,4.000,0.500,"GoalBlock{x=30,y=4,z=0}",31,16,MovementTraverse,156,73,73,,
5422,0,Husk,T3/61,MOVING,17.000,4.000,0.500,"GoalBlock{x=30,y=4,z=0}",31,16,MovementTraverse,156,73,73,,
5423,0,Husk,T3/61,MOVING,17.280,4.000,0.500,"GoalBlock{x=30,y=4,z=0}",31,16,MovementTraverse,156,73,73,,
5424,0,Husk,T3/61,MOVING,17.561,4.000,0.500,"GoalBlock{x=30,y=4,z=0}",31,17,MovementTraverse,156,73,73,,
5425,0,Husk,T3/61,MOVING,17.841,4.000,0.500,"GoalBlock{x=30,y=4,z=0}",31,17,MovementTraverse,156,73,73,,
5426,0,Husk,T3/61,MOVING,18.122,4.000,0.500,"GoalBlock{x=30,y=4,z=0}",31,17,MovementTraverse,156,73,73,,
5427,0,Husk,T3/61,MOVING,18.403,4.000,0.500,"GoalBlock{x=30,y=4,z=0}",31,18,MovementTraverse,156,73,73,,
5428,0,Husk,T3/61,MOVING,18.683,4.000,0.500,"GoalBlock{x=30,y=4,z=0}",31,18,MovementTraverse,156,73,73,,
5429,0,Husk,T3/61,MOVING,18.964,4.000,0.500,"GoalBlock{x=30,y=4,z=0}",31,18,MovementTraverse,156,73,73,,
5430,0,Husk,T3/61,MOVING,19.244,4.000,0.500,"GoalBlock{x=30,y=4,z=0}",31,18,MovementTraverse,156,73,73,,
5431,0,Husk,T3/61,MOVING,19.525,4.000,0.500,"GoalBlock{x=30,y=4,z=0}",31,19,MovementTraverse,156,73,73,,
5432,0,Husk,T3/61,MOVING,19.806,4.000,0.500,"GoalBlock{x=30,y=4,z=0}",31,19,MovementTraverse,156,73,73,,
5433,0,Husk,T3/61,MOVING,20.086,4.000,0.500,"GoalBlock{x=30,y=4,z=0}",31,19,MovementTraverse,156,73,73,,
5434,0,Husk,T3/61,MOVING,20.367,4.000,0.500,"GoalBlock{x=30,y=4,z=0}",31,20,MovementTraverse,156,73,73,,
5435,0,Husk,T3/61,MOVING,20.648,4.000,0.500,"GoalBlock{x=30,y=4,z=0}",31,20,MovementTraverse,156,73,73,,
5436,0,Husk,T3/61,MOVING,20.928,4.000,0.500,"GoalBlock{x=30,y=4,z=0}",31,20,MovementTraverse,156,73,73,,
5437,0,Husk,T3/61,MOVING,21.209,4.000,0.500,"GoalBlock{x=30,y=4,z=0}",31,20,MovementTraverse,156,73,73,,
5438,0,Husk,T3/61,MOVING,21.489,4.000,0.500,"GoalBlock{x=30,y=4,z=0}",31,21,MovementTraverse,156,73,73,,
5439,0,Husk,T3/61,MOVING,21.770,4.000,0.500,"GoalBlock{x=30,y=4,z=0}",31,21,MovementTraverse,156,73,73,,
5440,0,Husk,T3/61,MOVING,22.051,4.000,0.500,"GoalBlock{x=30,y=4,z=0}",31,21,MovementTraverse,156,73,73,,
5441,0,Husk,T3/61,MOVING,22.331,4.000,0.500,"GoalBlock{x=30,y=4,z=0}",31,22,MovementTraverse,156,73,73,,
5442,0,Husk,T3/61,MOVING,22.612,4.000,0.500,"GoalBlock{x=30,y=4,z=0}",31,22,MovementTraverse,156,73,73,,
5443,0,Husk,T3/61,MOVING,22.892,4.000,0.500,"GoalBlock{x=30,y=4,z=0}",31,22,MovementTraverse,156,73,73,,
5444,0,Husk,T3/61,MOVING,23.173,4.000,0.500,"GoalBlock{x=30,y=4,z=0}",31,22,MovementTraverse,156,73,73,,
5445,0,Husk,T3/61,MOVING,23.454,4.000,0.500,"GoalBlock{x=30,y=4,z=0}",31,23,MovementTraverse,156,73,73,,
5446,0,Husk,T3/61,MOVING,23.734,4.000,0.500,"GoalBlock{x=30,y=4,z=0}",31,23,MovementTraverse,156,73,73,,
5447,0,Husk,T3/61,MOVING,24.015,4.000,0.500,"GoalBlock{x=30,y=4,z=0}",31,23,MovementTraverse,156,73,73,,
5448,0,Husk,T3/61,MOVING,24.296,4.000,0.500,"GoalBlock{x=30,y=4,z=0}",31,24,MovementTraverse,156,73,73,,
5449,0,Husk,T3/61,MOVING,24.576,4.000,0.500,"GoalBlock{x=30,y=4,z=0}",31,24,MovementTraverse,156,73,73,,
5450,0,Husk,T3/61,MOVING,24.857,4.000,0.500,"GoalBlock{x=30,y=4,z=0}",31,24,MovementTraverse,156,73,73,,
5451,0,Husk,T3/61,MOVING,25.137,4.000,0.500,"GoalBlock{x=30,y=4,z=0}",31,24,MovementTraverse,156,73,73,,
5452,0,Husk,T3/61,MOVING,25.418,4.000,0.500,"GoalBlock{x=30,y=4,z=0}",31,25,MovementTraverse,156,73,73,,
5453,0,Husk,T3/61,MOVING,25.699,4.000,0.500,"GoalBlock{x=30,y=4,z=0}",31,25,MovementTraverse,156,73,73,,
5454,0,Husk,T3/61,MOVING,25.979,4.000,0.500,"GoalBlock{x=30,y=4,z=0}",31,25,MovementTraverse,156,73,73,,
5455,0,Husk,T3/61,MOVING,26.260,4.000,0.500,"GoalBlock{x=30,y=4,z=0}",31,25,MovementTraverse,156,73,73,,
5456,0,Husk,T3/61,MOVING,26.540,4.000,0.500,"GoalBlock{x=30,y=4,z=0}",31,26,MovementTraverse,156,73,73,,
5457,0,Husk,T3/61,MOVING,26.821,4.000,0.500,"GoalBlock{x=30,y=4,z=0}",31,26,MovementTraverse,156,73,73,,
5458,0,Husk,T3/61,MOVING,27.102,4.000,0.500,"GoalBlock{x=30,y=4,z=0}",31,26,MovementTraverse,156,73,73,,
5459,0,Husk,T3/61,MOVING,27.382,4.000,0.500,"GoalBlock{x=30,y=4,z=0}",31,27,MovementTraverse,156,73,73,,
5460,0,Husk,T3/61,MOVING,27.663,4.000,0.500,"GoalBlock{x=30,y=4,z=0}",31,27,MovementTraverse,156,73,73,,
5461,0,Husk,T3/61,MOVING,27.944,4.000,0.500,"GoalBlock{x=30,y=4,z=0}",31,27,MovementTraverse,156,73,73,,
5462,0,Husk,T3/61,MOVING,28.224,4.000,0.500,"GoalBlock{x=30,y=4,z=0}",31,27,MovementTraverse,156,73,73,,
5463,0,Husk,T3/61,MOVING,28.505,4.000,0.500,"GoalBlock{x=30,y=4,z=0}",31,28,MovementTraverse,156,73,73,,
5464,0,Husk,T3/61,MOVING,28.785,4.000,0.500,"GoalBlock{x=30,y=4,z=0}",31,28,MovementTraverse,156,73,73,,
5465,0,Husk,T3/61,MOVING,29.066,4.000,0.500,"GoalBlock{x=30,y=4,z=0}",31,28,MovementTraverse,156,73,73,,
5466,0,Husk,T3/61,MOVING,29.347,4.000,0.500,"GoalBlock{x=30,y=4,z=0}",31,29,MovementTraverse,156,73,73,,
5467,0,Husk,T3/61,MOVING,29.627,4.000,0.500,"GoalBlock{x=30,y=4,z=0}",31,29,MovementTraverse,156,73,73,,
5468,0,Husk,T3/61,MOVING,29.908,4.000,0.500,"GoalBlock{x=30,y=4,z=0}",31,29,MovementTraverse,156,73,73,,
5469,0,Husk,T3/61,MOVING,30.189,4.000,0.500,"GoalBlock{x=30,y=4,z=0}",31,29,MovementTraverse,156,73,73,,
5470,0,Husk,T3/61,ARRIVED,30.342,4.000,0.500,,-1,-1,,156,73,73,,CANCELED
5471,0,Husk,T3/62,ARRIVED,0.500,4.000,12.500,,-1,-1,,156,73,73,,CANCELED|CANCELED
5472,0,Husk,T3/62,ARRIVED,0.500,4.000,12.500,,-1,-1,,156,73,73,,
5473,0,Husk,T3/62,ARRIVED,0.500,4.000,12.500,,-1,-1,,156,73,73,,
5474,0,Husk,T3/62,ARRIVED,0.500,4.000,12.500,,-1,-1,,156,73,73,,
5475,0,Husk,T3/62,ARRIVED,0.500,4.000,12.500,,-1,-1,,156,73,73,,
5476,0,Husk,T3/62,ARRIVED,0.500,4.000,12.500,,-1,-1,,156,73,73,,
5477,0,Husk,T3/62,ARRIVED,0.500,4.000,12.500,,-1,-1,,156,73,73,,
5478,0,Husk,T3/62,ARRIVED,0.500,4.000,12.500,,-1,-1,,156,73,73,,
5479,0,Husk,T3/62,ARRIVED,0.500,4.000,12.500,,-1,-1,,156,73,73,,
5480,0,Husk,T3/62,ARRIVED,0.500,4.000,12.500,,-1,-1,,156,73,73,,
5481,0,Husk,T3/62,SEARCHING,0.500,4.000,12.500,"GoalBlock{x=20,y=4,z=12}",-1,-1,,156,74,74,,CALC_STARTED
5482,0,Husk,T3/62,MOVING,0.627,4.000,12.500,"GoalBlock{x=20,y=4,z=12}",21,0,MovementTraverse,287,74,74,,CALC_FINISHED_NOW_EXECUTING
5483,0,Husk,T3/62,MOVING,0.824,4.000,12.500,"GoalBlock{x=20,y=4,z=12}",21,0,MovementTraverse,287,74,74,,
5484,0,Husk,T3/62,MOVING,1.059,4.000,12.500,"GoalBlock{x=20,y=4,z=12}",21,0,MovementTraverse,287,74,74,,
5485,0,Husk,T3/62,MOVING,1.315,4.000,12.500,"GoalBlock{x=20,y=4,z=12}",21,1,MovementTraverse,287,74,74,,
5486,0,Husk,T3/62,MOVING,1.582,4.000,12.500,"GoalBlock{x=20,y=4,z=12}",21,1,MovementTraverse,287,74,74,,
5487,0,Husk,T3/62,MOVING,1.855,4.000,12.500,"GoalBlock{x=20,y=4,z=12}",21,1,MovementTraverse,287,74,74,,
5488,0,Husk,T3/62,MOVING,2.132,4.000,12.500,"GoalBlock{x=20,y=4,z=12}",21,1,MovementTraverse,287,74,74,,
5489,0,Husk,T3/62,MOVING,2.410,4.000,12.500,"GoalBlock{x=20,y=4,z=12}",21,2,MovementTraverse,287,74,74,,
5490,0,Husk,T3/62,MOVING,2.690,4.000,12.500,"GoalBlock{x=20,y=4,z=12}",21,2,MovementTraverse,287,74,74,,
5491,0,Husk,T3/62,MOVING,2.969,4.000,12.500,"GoalBlock{x=20,y=4,z=12}",21,2,MovementTraverse,287,74,74,,
5492,0,Husk,T3/62,MOVING,3.250,4.000,12.500,"GoalBlock{x=20,y=4,z=12}",21,2,MovementTraverse,287,74,74,,
5493,0,Husk,T3/62,MOVING,3.530,4.000,12.500,"GoalBlock{x=20,y=4,z=12}",21,3,MovementTraverse,287,74,74,,
5494,0,Husk,T3/62,MOVING,3.811,4.000,12.500,"GoalBlock{x=20,y=4,z=12}",21,3,MovementTraverse,287,74,74,,
5495,0,Husk,T3/62,MOVING,4.091,4.000,12.500,"GoalBlock{x=20,y=4,z=12}",21,3,MovementTraverse,287,74,74,,
5496,0,Husk,T3/62,MOVING,4.372,4.000,12.500,"GoalBlock{x=20,y=4,z=12}",21,4,MovementTraverse,287,74,74,,
5497,0,Husk,T3/62,MOVING,4.652,4.000,12.500,"GoalBlock{x=20,y=4,z=12}",21,4,MovementTraverse,287,74,74,,
5498,0,Husk,T3/62,MOVING,4.933,4.000,12.500,"GoalBlock{x=20,y=4,z=12}",21,4,MovementTraverse,287,74,74,,
5499,0,Husk,T3/62,MOVING,5.214,4.000,12.500,"GoalBlock{x=20,y=4,z=12}",21,4,MovementTraverse,287,74,74,,
5500,0,Husk,T3/62,MOVING,5.494,4.000,12.500,"GoalBlock{x=20,y=4,z=12}",21,5,MovementTraverse,287,74,74,,
5501,0,Husk,T3/62,MOVING,5.775,4.000,12.500,"GoalBlock{x=20,y=4,z=12}",21,5,MovementTraverse,287,74,74,,
5502,0,Husk,T3/62,MOVING,6.055,4.000,12.500,"GoalBlock{x=20,y=4,z=12}",21,5,MovementTraverse,287,74,74,,
5503,0,Husk,T3/62,MOVING,6.319,4.000,12.564,"GoalBlock{x=20,y=4,z=12}",21,6,MovementDiagonal,287,74,74,,
5504,0,Husk,T3/62,MOVING,6.563,4.000,12.678,"GoalBlock{x=20,y=4,z=12}",21,6,MovementDiagonal,287,74,74,,
5505,0,Husk,T3/62,MOVING,6.792,4.000,12.824,"GoalBlock{x=20,y=4,z=12}",21,6,MovementDiagonal,287,74,74,,
5506,0,Husk,T3/62,MOVING,7.009,4.000,12.992,"GoalBlock{x=20,y=4,z=12}",21,6,MovementDiagonal,287,74,74,,
5507,0,Husk,T3/62,MOVING,7.216,4.000,13.175,"GoalBlock{x=20,y=4,z=12}",21,6,MovementDiagonal,287,74,74,,
5508,0,Husk,T3/62,MOVING,7.417,4.000,13.366,"GoalBlock{x=20,y=4,z=12}",21,7,MovementDiagonal,287,74,74,,
5509,0,Husk,T3/62,MOVING,7.616,4.000,13.563,"GoalBlock{x=20,y=4,z=12}",21,7,MovementDiagonal,287,74,74,,
5510,0,Husk,T3/62,MOVING,7.811,4.000,13.763,"GoalBlock{x=20,y=4,z=12}",21,7,MovementDiagonal,287,74,74,,
5511,0,Husk,T3/62,MOVING,8.005,4.000,13.965,"GoalBlock{x=20,y=4,z=12}",21,7,MovementDiagonal,287,74,74,,
5512,0,Husk,T3/62,MOVING,8.197,4.000,14.169,"GoalBlock{x=20,y=4,z=12}",21,7,MovementDiagonal,287,74,74,,
5513,0,Husk,T3/62,MOVING,8.392,4.000,14.372,"GoalBlock{x=20,y=4,z=12}",21,8,MovementDiagonal,287,74,74,,
5514,0,Husk,T3/62,MOVING,8.587,4.000,14.573,"GoalBlock{x=20,y=4,z=12}",21,8,MovementDiagonal,287,74,74,,
5515,0,Husk,T3/62,MOVING,8.783,4.000,14.774,"GoalBlock{x=20,y=4,z=12}",21,8,MovementDiagonal,287,74,74,,
5516,0,Husk,T3/62,MOVING,8.979,4.000,14.974,"GoalBlock{x=20,y=4,z=12}",21,8,MovementDiagonal,287,74,74,,
5517,0,Husk,T3/62,MOVING,9.176,4.000,15.174,"GoalBlock{x=20,y=4,z=12}",21,8,MovementDiagonal,287,74,74,,
5518,0,Husk,T3/62,MOVING,9.407,4.000,15.317,"GoalBlock{x=20,y=4,z=12}",21,9,MovementTraverse,287,74,74,,
5519,0,Husk,T3/62,MOVING,9.658,4.000,15.416,"GoalBlock{x=20,y=4,z=12}",21,9,MovementTraverse,287,74,74,,
5520,0,Husk,T3/62,MOVING,9.922,4.000,15.482,"GoalBlock{x=20,y=4,z=12}",21,9,MovementTraverse,287,74,74,,
5521,0,Husk,T3/62,MOVING,10.194,4.000,15.523,"GoalBlock{x=20,y=4,z=12}",21,9,MovementTraverse,287,74,74,,
5522,0,Husk,T3/62,MOVING,10.469,4.000,15.543,"GoalBlock{x=20,y=4,z=12}",21,10,MovementTraverse,287,74,74,,
5523,0,Husk,T3/62,MOVING,10.747,4.000,15.548,"GoalBlock{x=20,y=4,z=12}",21,10,MovementTraverse,287,74,74,,
5524,0,Husk,T3/62,MOVING,11.026,4.000,15.543,"GoalBlock{x=20,y=4,z=12}",21,10,MovementTraverse,287,74,74,,
5525,0,Husk,T3/62,MOVING,11.306,4.000,15.539,"GoalBlock{x=20,y=4,z=12}",21,11,MovementTraverse,287,74,74,,
5526,0,Husk,T3/62,MOVING,11.586,4.000,15.535,"GoalBlock{x=20,y=4,z=12}",21,11,MovementTraverse,287,74,74,,
5527,0,Husk,T3/62,MOVING,11.866,4.000,15.530,"GoalBlock{x=20,y=4,z=12}",21,11,MovementTraverse,287,74,74,,
5528,0,Husk,T3/62,MOVING,12.146,4.000,15.524,"GoalBlock{x=20,y=4,z=12}",21,11,MovementTraverse,287,74,74,,
5529,0,Husk,T3/62,MOVING,12.426,4.000,15.519,"GoalBlock{x=20,y=4,z=12}",21,12,MovementTraverse,287,74,74,,
5530,0,Husk,T3/62,MOVING,12.707,4.000,15.513,"GoalBlock{x=20,y=4,z=12}",21,12,MovementTraverse,287,74,74,,
5531,0,Husk,T3/62,MOVING,12.987,4.000,15.511,"GoalBlock{x=20,y=4,z=12}",21,12,MovementTraverse,287,74,74,,
5532,0,Husk,T3/62,MOVING,13.268,4.000,15.508,"GoalBlock{x=20,y=4,z=12}",21,12,MovementTraverse,287,74,74,,
5533,0,Husk,T3/62,MOVING,13.548,4.000,15.508,"GoalBlock{x=20,y=4,z=12}",21,13,MovementTraverse,287,74,74,,
5534,0,Husk,T3/62,MOVING,13.829,4.000,15.507,"GoalBlock{x=20,y=4,z=12}",21,13,MovementTraverse,287,74,74,,
5535,0,Husk,T3/62,MOVING,14.110,4.000,15.505,"GoalBlock{x=20,y=4,z=12}",21,13,MovementTraverse,287,74,74,,
5536,0,Husk,T3/62,MOVING,14.390,4.000,15.505,"GoalBlock{x=20,y=4,z=12}",21,14,MovementTraverse,287,74,74,,
5537,0,Husk,T3/62,MOVING,14.671,4.000,15.504,"GoalBlock{x=20,y=4,z=12}",21,14,MovementTraverse,287,74,74,,
5538,0,Husk,T3/62,MOVING,14.951,4.000,15.504,"GoalBlock{x=20,y=4,z=12}",21,14,MovementTraverse,287,74,74,,
5539,0,Husk,T3/62,MOVING,15.232,4.000,15.503,"GoalBlock{x=20,y=4,z=12}",21,14,MovementTraverse,287,74,74,,
5540,0,Husk,T3/62,MOVING,15.513,4.000,15.503,"GoalBlock{x=20,y=4,z=12}",21,15,MovementTraverse,287,74,74,,
5541,0,Husk,T3/62,MOVING,15.793,4.000,15.502,"GoalBlock{x=20,y=4,z=12}",21,15,MovementTraverse,287,74,74,,
5542,0,Husk,T3/62,MOVING,16.074,4.000,15.502,"GoalBlock{x=20,y=4,z=12}",21,15,MovementTraverse,287,74,74,,
5543,0,Husk,T3/62,MOVING,16.354,4.000,15.502,"GoalBlock{x=20,y=4,z=12}",21,16,MovementTraverse,287,74,74,,
5544,0,Husk,T3/62,MOVING,16.635,4.000,15.501,"GoalBlock{x=20,y=4,z=12}",21,16,MovementTraverse,287,74,74,,
5545,0,Husk,T3/62,MOVING,16.916,4.000,15.501,"GoalBlock{x=20,y=4,z=12}",21,16,MovementTraverse,287,74,74,,
5546,0,Husk,T3/62,MOVING,17.196,4.000,15.501,"GoalBlock{x=20,y=4,z=12}",21,16,MovementTraverse,287,74,74,,
5547,0,Husk,T3/62,MOVING,17.460,4.000,15.437,"GoalBlock{x=20,y=4,z=12}",21,17,MovementDiagonal,287,74,74,,
5548,0,Husk,T3/62,MOVING,17.698,4.000,15.317,"GoalBlock{x=20,y=4,z=12}",21,17,MovementDiagonal,287,74,74,,
5549,0,Husk,T3/62,MOVING,17.918,4.000,15.160,"GoalBlock{x=20,y=4,z=12}",21,17,MovementDiagonal,287,74,74,,
5550,0,Husk,T3/62,MOVING,18.122,4.000,14.979,"GoalBlock{x=20,y=4,z=12}",21,17,MovementDiagonal,287,74,74,,
5551,0,Husk,T3/62,MOVING,18.320,4.000,14.787,"GoalBlock{x=20,y=4,z=12}",21,18,MovementDiagonal,287,74,74,,
5552,0,Husk,T3/62,MOVING,18.514,4.000,14.589,"GoalBlock{x=20,y=4,z=12}",21,18,MovementDiagonal,287,74,74,,
5553,0,Husk,T3/62,MOVING,18.706,4.000,14.386,"GoalBlock{x=20,y=4,z=12}",21,18,MovementDiagonal,287,74,74,,
5554,0,Husk,T3/62,MOVING,18.896,4.000,14.180,"GoalBlock{x=20,y=4,z=12}",21,18,MovementDiagonal,287,74,74,,
5555,0,Husk,T3/62,MOVING,19.084,4.000,13.972,"GoalBlock{x=20,y=4,z=12}",21,18,MovementDiagonal,287,74,74,,
5556,0,Husk,T3/62,MOVING,19.275,4.000,13.767,"GoalBlock{x=20,y=4,z=12}",21,19,MovementDiagonal,287,74,74,,
5557,0,Husk,T3/62,MOVING,19.468,4.000,13.564,"GoalBlock{x=20,y=4,z=12}",21,19,MovementDiagonal,287,74,74,,
5558,0,Husk,T3/62,MOVING,19.662,4.000,13.361,"GoalBlock{x=20,y=4,z=12}",21,19,MovementDiagonal,287,74,74,,
5559,0,Husk,T3/62,MOVING,19.857,4.000,13.159,"GoalBlock{x=20,y=4,z=12}",21,19,MovementDiagonal,287,74,74,,
5560,0,Husk,T3/62,MOVING,20.052,4.000,12.958,"GoalBlock{x=20,y=4,z=12}",21,19,MovementDiagonal,287,74,74,,
5561,0,Husk,T3/62,ARRIVED,20.159,4.000,12.848,,-1,-1,,287,74,74,,CANCELED
5562,0,Husk,T3/63,ARRIVED,0.500,4.000,24.500,,-1,-1,,287,74,74,,CANCELED|CANCELED
5563,0,Husk,T3/63,ARRIVED,0.500,4.000,24.500,,-1,-1,,287,74,74,,
5564,0,Husk,T3/63,ARRIVED,0.500,4.000,24.500,,-1,-1,,287,74,74,,
5565,0,Husk,T3/63,ARRIVED,0.500,4.000,24.500,,-1,-1,,287,74,74,,
5566,0,Husk,T3/63,ARRIVED,0.500,4.000,24.500,,-1,-1,,287,74,74,,
5567,0,Husk,T3/63,ARRIVED,0.500,4.000,24.500,,-1,-1,,287,74,74,,
5568,0,Husk,T3/63,ARRIVED,0.500,4.000,24.500,,-1,-1,,287,74,74,,
5569,0,Husk,T3/63,ARRIVED,0.500,4.000,24.500,,-1,-1,,287,74,74,,
5570,0,Husk,T3/63,ARRIVED,0.500,4.000,24.500,,-1,-1,,287,74,74,,
5571,0,Husk,T3/63,ARRIVED,0.500,4.000,24.500,,-1,-1,,287,74,74,,
5572,0,Husk,T3/63,SEARCHING,0.500,4.000,24.500,"GoalBlock{x=15,y=7,z=24}",-1,-1,,287,75,75,,CALC_STARTED
5573,0,Husk,T3/63,MOVING,0.627,4.000,24.500,"GoalBlock{x=15,y=7,z=24}",16,0,MovementTraverse,127,75,75,,CALC_FINISHED_NOW_EXECUTING
5574,0,Husk,T3/63,MOVING,0.824,4.000,24.500,"GoalBlock{x=15,y=7,z=24}",16,0,MovementTraverse,127,75,75,,
5575,0,Husk,T3/63,MOVING,1.059,4.000,24.500,"GoalBlock{x=15,y=7,z=24}",16,0,MovementTraverse,127,75,75,,
5576,0,Husk,T3/63,MOVING,1.315,4.000,24.500,"GoalBlock{x=15,y=7,z=24}",16,1,MovementTraverse,127,75,75,,
5577,0,Husk,T3/63,MOVING,1.582,4.000,24.500,"GoalBlock{x=15,y=7,z=24}",16,1,MovementTraverse,127,75,75,,
5578,0,Husk,T3/63,MOVING,1.855,4.000,24.500,"GoalBlock{x=15,y=7,z=24}",16,1,MovementTraverse,127,75,75,,
5579,0,Husk,T3/63,MOVING,2.132,4.000,24.500,"GoalBlock{x=15,y=7,z=24}",16,1,MovementTraverse,127,75,75,,
5580,0,Husk,T3/63,MOVING,2.410,4.000,24.500,"GoalBlock{x=15,y=7,z=24}",16,2,MovementTraverse,127,75,75,,
5581,0,Husk,T3/63,MOVING,2.690,4.000,24.500,"GoalBlock{x=15,y=7,z=24}",16,2,MovementTraverse,127,75,75,,
5582,0,Husk,T3/63,MOVING,2.969,4.000,24.500,"GoalBlock{x=15,y=7,z=24}",16,2,MovementTraverse,127,75,75,,
5583,0,Husk,T3/63,MOVING,3.250,4.000,24.500,"GoalBlock{x=15,y=7,z=24}",16,2,MovementTraverse,127,75,75,,
5584,0,Husk,T3/63,MOVING,3.730,4.420,24.500,"GoalBlock{x=15,y=7,z=24}",16,4,MovementAscend,127,75,75,,
5585,0,Husk,T3/63,MOVING,4.018,4.753,24.500,"GoalBlock{x=15,y=7,z=24}",16,4,MovementAscend,127,75,75,,
5586,0,Husk,T3/63,MOVING,4.305,5.001,24.500,"GoalBlock{x=15,y=7,z=24}",16,4,MovementAscend,127,75,75,,
5587,0,Husk,T3/63,MOVING,4.592,5.166,24.500,"GoalBlock{x=15,y=7,z=24}",16,4,MovementAscend,127,75,75,,
5588,0,Husk,T3/63,MOVING,4.879,5.249,24.500,"GoalBlock{x=15,y=7,z=24}",16,4,MovementAscend,127,75,75,,
5589,0,Husk,T3/63,MOVING,5.165,5.252,24.500,"GoalBlock{x=15,y=7,z=24}",16,4,MovementAscend,127,75,75,,
5590,0,Husk,T3/63,MOVING,5.451,5.177,24.500,"GoalBlock{x=15,y=7,z=24}",16,5,MovementTraverse,127,75,75,,
5591,0,Husk,T3/63,MOVING,5.737,5.024,24.500,"GoalBlock{x=15,y=7,z=24}",16,5,MovementTraverse,127,75,75,,
5592,0,Husk,T3/63,MOVING,6.023,5.000,24.500,"GoalBlock{x=15,y=7,z=24}",16,5,MovementTraverse,127,75,75,,
5593,0,Husk,T3/63,MOVING,6.610,5.420,24.500,"GoalBlock{x=15,y=7,z=24}",16,7,MovementAscend,127,75,75,,
5594,0,Husk,T3/63,MOVING,6.956,5.753,24.500,"GoalBlock{x=15,y=7,z=24}",16,7,MovementAscend,127,75,75,,
5595,0,Husk,T3/63,MOVING,7.296,6.001,24.500,"GoalBlock{x=15,y=7,z=24}",16,7,MovementAscend,127,75,75,,
5596,0,Husk,T3/63,MOVING,7.632,6.166,24.500,"GoalBlock{x=15,y=7,z=24}",16,7,MovementAscend,127,75,75,,
5597,0,Husk,T3/63,MOVING,7.962,6.249,24.500,"GoalBlock{x=15,y=7,z=24}",16,7,MovementAscend,127,75,75,,
5598,0,Husk,T3/63,MOVING,8.289,6.252,24.500,"GoalBlock{x=15,y=7,z=24}",16,7,MovementAscend,127,75,75,,
5599,0,Husk,T3/63,MOVING,8.611,6.177,24.500,"GoalBlock{x=15,y=7,z=24}",16,8,MovementTraverse,127,75,75,,
5600,0,Husk,T3/63,MOVING,8.930,6.024,24.500,"GoalBlock{x=15,y=7,z=24}",16,8,MovementTraverse,127,75,75,,
5601,0,Husk,T3/63,MOVING,9.246,6.000,24.500,"GoalBlock{x=15,y=7,z=24}",16,8,MovementTraverse,127,75,75,,
5602,0,Husk,T3/63,MOVING,9.860,6.420,24.500,"GoalBlock{x=15,y=7,z=24}",16,10,MovementAscend,127,75,75,,
5603,0,Husk,T3/63,MOVING,10.221,6.753,24.500,"GoalBlock{x=15,y=7,z=24}",16,10,MovementAscend,127,75,75,,
5604,0,Husk,T3/63,MOVING,10.575,7.001,24.500,"GoalBlock{x=15,y=7,z=24}",16,10,MovementAscend,127,75,75,,
5605,0,Husk,T3/63,MOVING,10.923,7.166,24.500,"GoalBlock{x=15,y=7,z=24}",16,10,MovementAscend,127,75,75,,
5606,0,Husk,T3/63,MOVING,11.265,7.249,24.500,"GoalBlock{x=15,y=7,z=24}",16,10,MovementAscend,127,75,75,,
5607,0,Husk,T3/63,MOVING,11.601,7.252,24.500,"GoalBlock{x=15,y=7,z=24}",16,11,MovementTraverse,127,75,75,,
5608,0,Husk,T3/63,MOVING,11.933,7.177,24.500,"GoalBlock{x=15,y=7,z=24}",16,11,MovementTraverse,127,75,75,,
5609,0,Husk,T3/63,MOVING,12.261,7.024,24.500,"GoalBlock{x=15,y=7,z=24}",16,11,MovementTraverse,127,75,75,,
5610,0,Husk,T3/63,MOVING,12.584,7.000,24.500,"GoalBlock{x=15,y=7,z=24}",16,12,MovementTraverse,127,75,75,,
5611,0,Husk,T3/63,MOVING,13.006,7.000,24.500,"GoalBlock{x=15,y=7,z=24}",16,12,MovementTraverse,127,75,75,,
5612,0,Husk,T3/63,MOVING,13.363,7.000,24.500,"GoalBlock{x=15,y=7,z=24}",16,13,MovementTraverse,127,75,75,,
5613,0,Husk,T3/63,MOVING,13.686,7.000,24.500,"GoalBlock{x=15,y=7,z=24}",16,13,MovementTraverse,127,75,75,,
5614,0,Husk,T3/63,MOVING,13.990,7.000,24.500,"GoalBlock{x=15,y=7,z=24}",16,13,MovementTraverse,127,75,75,,
5615,0,Husk,T3/63,MOVING,14.283,7.000,24.500,"GoalBlock{x=15,y=7,z=24}",16,13,MovementTraverse,127,75,75,,
5616,0,Husk,T3/63,MOVING,14.570,7.000,24.500,"GoalBlock{x=15,y=7,z=24}",16,14,MovementTraverse,127,75,75,,
5617,0,Husk,T3/63,MOVING,14.855,7.000,24.500,"GoalBlock{x=15,y=7,z=24}",16,14,MovementTraverse,127,75,75,,
5618,0,Husk,T3/63,MOVING,15.137,7.000,24.500,"GoalBlock{x=15,y=7,z=24}",16,14,MovementTraverse,127,75,75,,
5619,0,Husk,T3/63,ARRIVED,15.292,7.000,24.500,,-1,-1,,127,75,75,,CANCELED
5620,0,Husk,T3/64,ARRIVED,3.500,8.000,36.500,,-1,-1,,127,75,75,,CANCELED|CANCELED
5621,0,Husk,T3/64,ARRIVED,3.500,8.000,36.500,,-1,-1,,127,75,75,,
5622,0,Husk,T3/64,ARRIVED,3.500,8.000,36.500,,-1,-1,,127,75,75,,
5623,0,Husk,T3/64,ARRIVED,3.500,8.000,36.500,,-1,-1,,127,75,75,,
5624,0,Husk,T3/64,ARRIVED,3.500,8.000,36.500,,-1,-1,,127,75,75,,
5625,0,Husk,T3/64,ARRIVED,3.500,8.000,36.500,,-1,-1,,127,75,75,,
5626,0,Husk,T3/64,ARRIVED,3.500,8.000,36.500,,-1,-1,,127,75,75,,
5627,0,Husk,T3/64,ARRIVED,3.500,8.000,36.500,,-1,-1,,127,75,75,,
5628,0,Husk,T3/64,ARRIVED,3.500,8.000,36.500,,-1,-1,,127,75,75,,
5629,0,Husk,T3/64,ARRIVED,3.500,8.000,36.500,,-1,-1,,127,75,75,,
5630,0,Husk,T3/64,SEARCHING,3.500,8.000,36.500,"GoalBlock{x=12,y=4,z=36}",-1,-1,,127,76,76,,CALC_STARTED
5631,0,Husk,T3/64,MOVING,3.627,8.000,36.500,"GoalBlock{x=12,y=4,z=36}",11,0,MovementTraverse,162,76,76,,CALC_FINISHED_NOW_EXECUTING
5632,0,Husk,T3/64,MOVING,3.824,8.000,36.500,"GoalBlock{x=12,y=4,z=36}",11,0,MovementTraverse,162,76,76,,
5633,0,Husk,T3/64,MOVING,4.059,8.000,36.500,"GoalBlock{x=12,y=4,z=36}",11,0,MovementTraverse,162,76,76,,
5634,0,Husk,T3/64,MOVING,4.298,8.000,36.436,"GoalBlock{x=12,y=4,z=36}",11,1,MovementDiagonal,162,76,76,,
5635,0,Husk,T3/64,MOVING,4.529,8.000,36.323,"GoalBlock{x=12,y=4,z=36}",11,1,MovementDiagonal,162,76,76,,
5636,0,Husk,T3/64,MOVING,4.752,8.000,36.179,"GoalBlock{x=12,y=4,z=36}",11,1,MovementDiagonal,162,76,76,,
5637,0,Husk,T3/64,MOVING,4.968,8.000,36.015,"GoalBlock{x=12,y=4,z=36}",11,1,MovementDiagonal,162,76,76,,
5638,0,Husk,T3/64,MOVING,5.178,8.000,35.837,"GoalBlock{x=12,y=4,z=36}",11,1,MovementDiagonal,162,76,76,,
5639,0,Husk,T3/64,MOVING,5.382,8.000,35.649,"GoalBlock{x=12,y=4,z=36}",11,2,MovementDiagonal,162,76,76,,
5640,0,Husk,T3/64,MOVING,5.582,8.000,35.455,"GoalBlock{x=12,y=4,z=36}",11,2,MovementDiagonal,162,76,76,,
5641,0,Husk,T3/64,MOVING,5.780,8.000,35.257,"GoalBlock{x=12,y=4,z=36}",11,2,MovementDiagonal,162,76,76,,
5642,0,Husk,T3/64,MOVING,5.975,8.000,35.057,"GoalBlock{x=12,y=4,z=36}",11,2,MovementDiagonal,162,76,76,,
5643,0,Husk,T3/64,MOVING,6.170,8.000,34.855,"GoalBlock{x=12,y=4,z=36}",11,2,MovementDiagonal,162,76,76,,
5644,0,Husk,T3/64,MOVING,6.301,8.000,34.650,"GoalBlock{x=12,y=4,z=36}",11,3,MovementFall,162,76,76,,
5645,0,Husk,T3/64,MOVING,6.392,8.000,34.442,"GoalBlock{x=12,y=4,z=36}",11,3,MovementFall,162,76,76,,
5646,0,Husk,T3/64,MOVING,6.454,8.000,34.231,"GoalBlock{x=12,y=4,z=36}",11,3,MovementFall,162,76,76,,
5647,0,Husk,T3/64,MOVING,6.495,8.000,34.018,"GoalBlock{x=12,y=4,z=36}",11,3,MovementFall,162,76,76,,
5648,0,Husk,T3/64,MOVING,6.519,8.000,33.804,"GoalBlock{x=12,y=4,z=36}",11,3,MovementFall,162,76,76,,
5649,0,Husk,T3/64,MOVING,6.522,8.000,33.590,"GoalBlock{x=12,y=4,z=36}",11,3,MovementFall,162,76,76,,
5650,0,Husk,T3/64,MOVING,6.522,7.922,33.472,"GoalBlock{x=12,y=4,z=36}",11,3,MovementFall,162,76,76,,
5651,0,Husk,T3/64,MOVING,6.522,7.766,33.409,"GoalBlock{x=12,y=4,z=36}",11,3,MovementFall,162,76,76,,
5652,0,Husk,T3/64,MOVING,6.502,7.536,33.352,"GoalBlock{x=12,y=4,z=36}",11,3,MovementFall,162,76,76,,
5653,0,Husk,T3/64,MOVING,6.469,7.232,33.313,"GoalBlock{x=12,y=4,z=36}",11,3,MovementFall,162,76,76,,
5654,0,Husk,T3/64,MOVING,6.430,6.855,33.295,"GoalBlock{x=12,y=4,z=36}",11,3,MovementFall,162,76,76,,
5655,0,Husk,T3/64,MOVING,6.396,6.407,33.284,"GoalBlock{x=12,y=4,z=36}",11,3,MovementFall,162,76,76,,
5656,0,Husk,T3/64,MOVING,6.366,6.000,33.280,"GoalBlock{x=12,y=4,z=36}",11,3,MovementFall,162,76,76,,
5657,0,Husk,T3/64,MOVING,6.432,6.000,33.364,"GoalBlock{x=12,y=4,z=36}",11,4,MovementFall,162,76,76,,
5658,0,Husk,T3/64,MOVING,6.593,6.000,33.438,"GoalBlock{x=12,y=4,z=36}",11,4,MovementFall,162,76,76,,
5659,0,Husk,T3/64,MOVING,6.808,6.000,33.481,"GoalBlock{x=12,y=4,z=36}",11,4,MovementFall,162,76,76,,
5660,0,Husk,T3/64,MOVING,7.052,6.000,33.506,"GoalBlock{x=12,y=4,z=36}",11,4,MovementFall,162,76,76,,
5661,0,Husk,T3/64,MOVING,7.313,6.000,33.519,"GoalBlock{x=12,y=4,z=36}",11,4,MovementFall,162,76,76,,
5662,0,Husk,T3/64,MOVING,7.583,5.922,33.525,"GoalBlock{x=12,y=4,z=36}",11,4,MovementFall,162,76,76,,
5663,0,Husk,T3/64,MOVING,7.756,5.766,33.528,"GoalBlock{x=12,y=4,z=36}",11,4,MovementFall,162,76,76,,
5664,0,Husk,T3/64,MOVING,7.939,5.536,33.528,"GoalBlock{x=12,y=4,z=36}",11,4,MovementFall,162,76,76,,
5665,0,Husk,T3/64,MOVING,8.131,5.232,33.527,"GoalBlock{x=12,y=4,z=36}",11,4,MovementFall,162,76,76,,
5666,0,Husk,T3/64,MOVING,8.331,4.855,33.526,"GoalBlock{x=12,y=4,z=36}",11,4,MovementFall,162,76,76,,
5667,0,Husk,T3/64,MOVING,8.538,4.407,33.525,"GoalBlock{x=12,y=4,z=36}",11,4,MovementFall,162,76,76,,
5668,0,Husk,T3/64,MOVING,8.752,4.000,33.524,"GoalBlock{x=12,y=4,z=36}",11,4,MovementFall,162,76,76,,
5669,0,Husk,T3/64,MOVING,9.075,4.000,33.515,"GoalBlock{x=12,y=4,z=36}",11,4,MovementFall,162,76,76,,
5670,0,Husk,T3/64,MOVING,9.365,4.000,33.566,"GoalBlock{x=12,y=4,z=36}",11,7,MovementDiagonal,162,76,76,,
5671,0,Husk,T3/64,MOVING,9.622,4.000,33.675,"GoalBlock{x=12,y=4,z=36}",11,7,MovementDiagonal,162,76,76,,
5672,0,Husk,T3/64,MOVING,9.855,4.000,33.822,"GoalBlock{x=12,y=4,z=36}",11,7,MovementDiagonal,162,76,76,,
5673,0,Husk,T3/64,MOVING,10.070,4.000,33.994,"GoalBlock{x=12,y=4,z=36}",11,7,MovementDiagonal,162,76,76,,
5674,0,Husk,T3/64,MOVING,10.270,4.000,34.185,"GoalBlock{x=12,y=4,z=36}",11,7,MovementDiagonal,162,76,76,,
5675,0,Husk,T3/64,MOVING,10.466,4.000,34.383,"GoalBlock{x=12,y=4,z=36}",11,8,MovementDiagonal,162,76,76,,
5676,0,Husk,T3/64,MOVING,10.660,4.000,34.584,"GoalBlock{x=12,y=4,z=36}",11,8,MovementDiagonal,162,76,76,,
5677,0,Husk,T3/64,MOVING,10.852,4.000,34.788,"GoalBlock{x=12,y=4,z=36}",11,8,MovementDiagonal,162,76,76,,
5678,0,Husk,T3/64,MOVING,11.042,4.000,34.993,"GoalBlock{x=12,y=4,z=36}",11,8,MovementDiagonal,162,76,76,,
5679,0,Husk,T3/64,MOVING,11.232,4.000,35.200,"GoalBlock{x=12,y=4,z=36}",11,8,MovementDiagonal,162,76,76,,
5680,0,Husk,T3/64,MOVING,11.424,4.000,35.404,"GoalBlock{x=12,y=4,z=36}",11,9,MovementDiagonal,162,76,76,,
5681,0,Husk,T3/64,MOVING,11.618,4.000,35.607,"GoalBlock{x=12,y=4,z=36}",11,9,MovementDiagonal,162,76,76,,
5682,0,Husk,T3/64,MOVING,11.814,4.000,35.808,"GoalBlock{x=12,y=4,z=36}",11,9,MovementDiagonal,162,76,76,,
5683,0,Husk,T3/64,MOVING,12.010,4.000,36.008,"GoalBlock{x=12,y=4,z=36}",11,9,MovementDiagonal,162,76,76,,
5684,0,Husk,T3/64,ARRIVED,12.118,4.000,36.117,,-1,-1,,162,76,76,,CANCELED
5685,0,Husk,T3/65,ARRIVED,0.500,4.000,48.500,,-1,-1,,162,76,76,,CANCELED|CANCELED
5686,0,Husk,T3/65,ARRIVED,0.500,4.000,48.500,,-1,-1,,162,76,76,,
5687,0,Husk,T3/65,ARRIVED,0.500,4.000,48.500,,-1,-1,,162,76,76,,
5688,0,Husk,T3/65,ARRIVED,0.500,4.000,48.500,,-1,-1,,162,76,76,,
5689,0,Husk,T3/65,ARRIVED,0.500,4.000,48.500,,-1,-1,,162,76,76,,
5690,0,Husk,T3/65,ARRIVED,0.500,4.000,48.500,,-1,-1,,162,76,76,,
5691,0,Husk,T3/65,ARRIVED,0.500,4.000,48.500,,-1,-1,,162,76,76,,
5692,0,Husk,T3/65,ARRIVED,0.500,4.000,48.500,,-1,-1,,162,76,76,,
5693,0,Husk,T3/65,ARRIVED,0.500,4.000,48.500,,-1,-1,,162,76,76,,
5694,0,Husk,T3/65,ARRIVED,0.500,4.000,48.500,,-1,-1,,162,76,76,,
5695,0,Husk,T3/65,SEARCHING,0.500,4.000,48.500,"GoalBlock{x=5,y=4,z=53}",-1,-1,,162,77,77,,CALC_STARTED
5696,0,Husk,T3/65,MOVING,0.610,4.000,48.564,"GoalBlock{x=5,y=4,z=53}",7,0,MovementTraverse,126,77,77,,CALC_FINISHED_NOW_EXECUTING
5697,0,Husk,T3/65,MOVING,0.700,4.000,48.709,"GoalBlock{x=5,y=4,z=53}",7,0,MovementTraverse,126,77,77,,
5698,0,Husk,T3/65,MOVING,0.700,4.000,48.915,"GoalBlock{x=5,y=4,z=53}",7,0,MovementTraverse,126,77,77,,
5699,0,Husk,T3/65,MOVING,0.659,4.000,49.149,"GoalBlock{x=5,y=4,z=53}",7,0,MovementTraverse,126,77,77,,
5700,0,Husk,T3/65,MOVING,0.661,4.000,49.401,"GoalBlock{x=5,y=4,z=53}",7,1,MovementDiagonal,126,77,77,,
5701,0,Husk,T3/65,MOVING,0.738,4.000,49.640,"GoalBlock{x=5,y=4,z=53}",7,1,MovementDiagonal,126,77,77,,
5702,0,Husk,T3/65,MOVING,0.865,4.000,49.866,"GoalBlock{x=5,y=4,z=53}",7,1,MovementDiagonal,126,77,77,,
5703,0,Husk,T3/65,MOVING,1.024,4.000,50.079,"GoalBlock{x=5,y=4,z=53}",7,1,MovementDiagonal,126,77,77,,
5704,0,Husk,T3/65,MOVING,1.203,4.000,50.284,"GoalBlock{x=5,y=4,z=53}",7,2,MovementDiagonal,126,77,77,,
5705,0,Husk,T3/65,MOVING,1.394,4.000,50.483,"GoalBlock{x=5,y=4,z=53}",7,2,MovementDiagonal,126,77,77,,
5706,0,Husk,T3/65,MOVING,1.591,4.000,50.678,"GoalBlock{x=5,y=4,z=53}",7,2,MovementDiagonal,126,77,77,,
5707,0,Husk,T3/65,MOVING,1.794,4.000,50.870,"GoalBlock{x=5,y=4,z=53}",7,2,MovementDiagonal,126,77,77,,
5708,0,Husk,T3/65,MOVING,2.000,4.000,51.059,"GoalBlock{x=5,y=4,z=53}",7,2,MovementDiagonal,126,77,77,,
5709,0,Husk,T3/65,MOVING,2.207,4.000,51.247,"GoalBlock{x=5,y=4,z=53}",7,2,MovementDiagonal,126,77,77,,
5710,0,Husk,T3/65,MOVING,2.412,4.000,51.438,"GoalBlock{x=5,y=4,z=53}",7,3,MovementDiagonal,126,77,77,,
5711,0,Husk,T3/65,MOVING,2.615,4.000,51.632,"GoalBlock{x=5,y=4,z=53}",7,3,MovementDiagonal,126,77,77,,
5712,0,Husk,T3/65,MOVING,2.817,4.000,51.826,"GoalBlock{x=5,y=4,z=53}",7,3,MovementDiagonal,126,77,77,,
5713,0,Husk,T3/65,MOVING,3.018,4.000,52.022,"GoalBlock{x=5,y=4,z=53}",7,3,MovementDiagonal,126,77,77,,
5714,0,Husk,T3/65,MOVING,3.218,4.000,52.219,"GoalBlock{x=5,y=4,z=53}",7,4,MovementDiagonal,126,77,77,,
5715,0,Husk,T3/65,MOVING,3.417,4.000,52.417,"GoalBlock{x=5,y=4,z=53}",7,4,MovementDiagonal,126,77,77,,
5716,0,Husk,T3/65,MOVING,3.616,4.000,52.615,"GoalBlock{x=5,y=4,z=53}",7,4,MovementDiagonal,126,77,77,,
5717,0,Husk,T3/65,MOVING,3.815,4.000,52.813,"GoalBlock{x=5,y=4,z=53}",7,4,MovementDiagonal,126,77,77,,
5718,0,Husk,T3/65,MOVING,4.013,4.000,53.011,"GoalBlock{x=5,y=4,z=53}",7,4,MovementDiagonal,126,77,77,,
5719,0,Husk,T3/65,MOVING,4.242,4.000,53.159,"GoalBlock{x=5,y=4,z=53}",7,5,MovementTraverse,126,77,77,,
5720,0,Husk,T3/65,MOVING,4.491,4.000,53.274,"GoalBlock{x=5,y=4,z=53}",7,5,MovementTraverse,126,77,77,,
5721,0,Husk,T3/65,MOVING,4.700,4.000,53.364,"GoalBlock{x=5,y=4,z=53}",7,5,MovementTraverse,126,77,77,,
5722,0,Husk,T3/65,MOVING,4.826,4.000,53.434,"GoalBlock{x=5,y=4,z=53}",7,5,MovementTraverse,126,77,77,,
5723,0,Husk,T3/65,MOVING,5.021,4.000,53.485,"GoalBlock{x=5,y=4,z=53}",7,5,MovementTraverse,126,77,77,,
5724,0,Husk,T3/65,ARRIVED,5.128,4.000,53.513,,-1,-1,,126,77,77,,CANCELED
5725,0,Husk,T3/66,ARRIVED,0.500,4.000,60.500,,-1,-1,,126,77,77,,CANCELED|CANCELED
5726,0,Husk,T3/66,ARRIVED,0.500,4.000,60.500,,-1,-1,,126,77,77,,
5727,0,Husk,T3/66,ARRIVED,0.500,4.000,60.500,,-1,-1,,126,77,77,,
5728,0,Husk,T3/66,ARRIVED,0.500,4.000,60.500,,-1,-1,,126,77,77,,
5729,0,Husk,T3/66,ARRIVED,0.500,4.000,60.500,,-1,-1,,126,77,77,,
5730,0,Husk,T3/66,ARRIVED,0.500,4.000,60.500,,-1,-1,,126,77,77,,
5731,0,Husk,T3/66,ARRIVED,0.500,4.000,60.500,,-1,-1,,126,77,77,,
5732,0,Husk,T3/66,ARRIVED,0.500,4.000,60.500,,-1,-1,,126,77,77,,
5733,0,Husk,T3/66,ARRIVED,0.500,4.000,60.500,,-1,-1,,126,77,77,,
5734,0,Husk,T3/66,ARRIVED,0.500,4.000,60.500,,-1,-1,,126,77,77,,
5735,0,Husk,T3/66,SEARCHING,0.500,4.000,60.500,"GoalBlock{x=11,y=4,z=60}",-1,-1,,126,78,78,,CALC_STARTED
5736,0,Husk,T3/66,MOVING,0.627,4.000,60.500,"GoalBlock{x=11,y=4,z=60}",12,0,MovementTraverse,105,78,78,,CALC_FINISHED_NOW_EXECUTING
5737,0,Husk,T3/66,MOVING,0.824,4.000,60.500,"GoalBlock{x=11,y=4,z=60}",12,0,MovementTraverse,105,78,78,,
5738,0,Husk,T3/66,MOVING,1.059,4.000,60.500,"GoalBlock{x=11,y=4,z=60}",12,0,MovementTraverse,105,78,78,,
5739,0,Husk,T3/66,MOVING,1.315,4.000,60.500,"GoalBlock{x=11,y=4,z=60}",12,1,MovementTraverse,105,78,78,,
5740,0,Husk,T3/66,MOVING,1.582,4.000,60.500,"GoalBlock{x=11,y=4,z=60}",12,1,MovementTraverse,105,78,78,,
5741,0,Husk,T3/66,MOVING,1.855,4.000,60.500,"GoalBlock{x=11,y=4,z=60}",12,1,MovementTraverse,105,78,78,,
5742,0,Husk,T3/66,MOVING,2.132,4.000,60.500,"GoalBlock{x=11,y=4,z=60}",12,1,MovementTraverse,105,78,78,,
5743,0,Husk,T3/66,MOVING,2.410,4.000,60.500,"GoalBlock{x=11,y=4,z=60}",12,2,MovementTraverse,105,78,78,,
5744,0,Husk,T3/66,MOVING,2.690,4.000,60.500,"GoalBlock{x=11,y=4,z=60}",12,2,MovementTraverse,105,78,78,,
5745,0,Husk,T3/66,MOVING,2.969,4.000,60.500,"GoalBlock{x=11,y=4,z=60}",12,2,MovementTraverse,105,78,78,,
5746,0,Husk,T3/66,MOVING,3.250,4.000,60.500,"GoalBlock{x=11,y=4,z=60}",12,2,MovementTraverse,105,78,78,,
5747,0,Husk,T3/66,MOVING,3.530,4.000,60.500,"GoalBlock{x=11,y=4,z=60}",12,3,MovementTraverse,105,78,78,,
5748,0,Husk,T3/66,MOVING,3.811,4.000,60.500,"GoalBlock{x=11,y=4,z=60}",12,3,MovementTraverse,105,78,78,,
5749,0,Husk,T3/66,MOVING,4.091,4.000,60.500,"GoalBlock{x=11,y=4,z=60}",12,3,MovementTraverse,105,78,78,,
5750,0,Husk,T3/66,MOVING,4.372,4.000,60.500,"GoalBlock{x=11,y=4,z=60}",12,4,MovementTraverse,105,78,78,,
5751,0,Husk,T3/66,MOVING,4.652,4.000,60.500,"GoalBlock{x=11,y=4,z=60}",12,4,MovementTraverse,105,78,78,,
5752,0,Husk,T3/66,MOVING,4.933,4.000,60.500,"GoalBlock{x=11,y=4,z=60}",12,4,MovementTraverse,105,78,78,,
5753,0,Husk,T3/66,MOVING,5.214,4.000,60.500,"GoalBlock{x=11,y=4,z=60}",12,4,MovementTraverse,105,78,78,,
5754,0,Husk,T3/66,MOVING,5.494,4.000,60.500,"GoalBlock{x=11,y=4,z=60}",12,5,MovementTraverse,105,78,78,,
5755,0,Husk,T3/66,MOVING,5.775,4.000,60.500,"GoalBlock{x=11,y=4,z=60}",12,5,MovementTraverse,105,78,78,,
5756,0,Husk,T3/66,MOVING,6.055,4.000,60.500,"GoalBlock{x=11,y=4,z=60}",12,5,MovementTraverse,105,78,78,,
5757,0,Husk,T3/66,MOVING,6.336,4.000,60.500,"GoalBlock{x=11,y=4,z=60}",12,6,MovementTraverse,105,78,78,,
5758,0,Husk,T3/66,MOVING,6.617,4.000,60.500,"GoalBlock{x=11,y=4,z=60}",12,6,MovementTraverse,105,78,78,,
5759,0,Husk,T3/66,MOVING,6.897,4.000,60.500,"GoalBlock{x=11,y=4,z=60}",12,6,MovementTraverse,105,78,78,,
5760,0,Husk,T3/66,MOVING,7.178,4.000,60.500,"GoalBlock{x=11,y=4,z=60}",12,6,MovementTraverse,105,78,78,,
5761,0,Husk,T3/66,MOVING,7.459,4.000,60.500,"GoalBlock{x=11,y=4,z=60}",12,7,MovementTraverse,105,78,78,,
5762,0,Husk,T3/66,MOVING,7.739,4.000,60.500,"GoalBlock{x=11,y=4,z=60}",12,7,MovementTraverse,105,78,78,,
5763,0,Husk,T3/66,MOVING,8.020,4.000,60.500,"GoalBlock{x=11,y=4,z=60}",12,7,MovementTraverse,105,78,78,,
5764,0,Husk,T3/66,MOVING,8.300,4.000,60.500,"GoalBlock{x=11,y=4,z=60}",12,8,MovementTraverse,105,78,78,,
5765,0,Husk,T3/66,MOVING,8.581,4.000,60.500,"GoalBlock{x=11,y=4,z=60}",12,8,MovementTraverse,105,78,78,,
5766,0,Husk,T3/66,MOVING,8.862,4.000,60.500,"GoalBlock{x=11,y=4,z=60}",12,8,MovementTraverse,105,78,78,,
5767,0,Husk,T3/66,MOVING,9.142,4.000,60.500,"GoalBlock{x=11,y=4,z=60}",12,8,MovementTraverse,105,78,78,,
5768,0,Husk,T3/66,MOVING,9.423,4.000,60.500,"GoalBlock{x=11,y=4,z=60}",12,9,MovementTraverse,105,78,78,,
5769,0,Husk,T3/66,MOVING,9.703,4.000,60.500,"GoalBlock{x=11,y=4,z=60}",12,9,MovementTraverse,105,78,78,,
5770,0,Husk,T3/66,MOVING,9.984,4.000,60.500,"GoalBlock{x=11,y=4,z=60}",12,9,MovementTraverse,105,78,78,,
5771,0,Husk,T3/66,MOVING,10.265,4.000,60.500,"GoalBlock{x=11,y=4,z=60}",12,9,MovementTraverse,105,78,78,,
5772,0,Husk,T3/66,MOVING,10.545,4.000,60.500,"GoalBlock{x=11,y=4,z=60}",12,10,MovementTraverse,105,78,78,,
5773,0,Husk,T3/66,MOVING,10.826,4.000,60.500,"GoalBlock{x=11,y=4,z=60}",12,10,MovementTraverse,105,78,78,,
5774,0,Husk,T3/66,MOVING,11.107,4.000,60.500,"GoalBlock{x=11,y=4,z=60}",12,10,MovementTraverse,105,78,78,,
5775,0,Husk,T3/66,ARRIVED,11.260,4.000,60.500,,-1,-1,,105,78,78,,CANCELED
5776,0,Husk,T3/67,ARRIVED,0.500,4.000,72.500,,-1,-1,,105,78,78,,CANCELED|CANCELED
5777,0,Husk,T3/67,ARRIVED,0.500,4.000,72.500,,-1,-1,,105,78,78,,
5778,0,Husk,T3/67,ARRIVED,0.500,4.000,72.500,,-1,-1,,105,78,78,,
5779,0,Husk,T3/67,ARRIVED,0.500,4.000,72.500,,-1,-1,,105,78,78,,
5780,0,Husk,T3/67,ARRIVED,0.500,4.000,72.500,,-1,-1,,105,78,78,,
5781,0,Husk,T3/67,ARRIVED,0.500,4.000,72.500,,-1,-1,,105,78,78,,
5782,0,Husk,T3/67,ARRIVED,0.500,4.000,72.500,,-1,-1,,105,78,78,,
5783,0,Husk,T3/67,ARRIVED,0.500,4.000,72.500,,-1,-1,,105,78,78,,
5784,0,Husk,T3/67,ARRIVED,0.500,4.000,72.500,,-1,-1,,105,78,78,,
5785,0,Husk,T3/67,ARRIVED,0.500,4.000,72.500,,-1,-1,,105,78,78,,
5786,0,Husk,T3/67,SEARCHING,0.500,4.000,72.500,"GoalBlock{x=20,y=4,z=72}",-1,-1,,105,79,79,,CALC_STARTED
5787,0,Husk,T3/67,MOVING,0.627,4.000,72.500,"GoalBlock{x=20,y=4,z=72}",21,0,MovementTraverse,309,79,79,,CALC_FINISHED_NOW_EXECUTING
5788,0,Husk,T3/67,MOVING,0.824,4.000,72.500,"GoalBlock{x=20,y=4,z=72}",21,0,MovementTraverse,309,79,79,,
5789,0,Husk,T3/67,MOVING,1.059,4.000,72.500,"GoalBlock{x=20,y=4,z=72}",21,0,MovementTraverse,309,79,79,,
5790,0,Husk,T3/67,MOVING,1.315,4.000,72.500,"GoalBlock{x=20,y=4,z=72}",21,1,MovementTraverse,309,79,79,,
5791,0,Husk,T3/67,MOVING,1.582,4.000,72.500,"GoalBlock{x=20,y=4,z=72}",21,1,MovementTraverse,309,79,79,,
5792,0,Husk,T3/67,MOVING,1.855,4.000,72.500,"GoalBlock{x=20,y=4,z=72}",21,1,MovementTraverse,309,79,79,,
5793,0,Husk,T3/67,MOVING,2.132,4.000,72.500,"GoalBlock{x=20,y=4,z=72}",21,1,MovementTraverse,309,79,79,,
5794,0,Husk,T3/67,MOVING,2.410,4.000,72.500,"GoalBlock{x=20,y=4,z=72}",21,2,MovementTraverse,309,79,79,,
5795,0,Husk,T3/67,MOVING,2.690,4.000,72.500,"GoalBlock{x=20,y=4,z=72}",21,2,MovementTraverse,309,79,79,,
5796,0,Husk,T3/67,MOVING,2.969,4.000,72.500,"GoalBlock{x=20,y=4,z=72}",21,2,MovementTraverse,309,79,79,,
5797,0,Husk,T3/67,MOVING,3.250,4.000,72.500,"GoalBlock{x=20,y=4,z=72}",21,2,MovementTraverse,309,79,79,,
5798,0,Husk,T3/67,MOVING,3.530,4.000,72.500,"GoalBlock{x=20,y=4,z=72}",21,3,MovementTraverse,309,79,79,,
5799,0,Husk,T3/67,MOVING,3.811,4.000,72.500,"GoalBlock{x=20,y=4,z=72}",21,3,MovementTraverse,309,79,79,,
5800,0,Husk,T3/67,MOVING,4.091,4.000,72.500,"GoalBlock{x=20,y=4,z=72}",21,3,MovementTraverse,309,79,79,,
5801,0,Husk,T3/67,MOVING,4.372,4.000,72.500,"GoalBlock{x=20,y=4,z=72}",21,4,MovementTraverse,309,79,79,,
5802,0,Husk,T3/67,MOVING,4.652,4.000,72.500,"GoalBlock{x=20,y=4,z=72}",21,4,MovementTraverse,309,79,79,,
5803,0,Husk,T3/67,MOVING,4.933,4.000,72.500,"GoalBlock{x=20,y=4,z=72}",21,4,MovementTraverse,309,79,79,,
5804,0,Husk,T3/67,MOVING,5.214,4.000,72.500,"GoalBlock{x=20,y=4,z=72}",21,4,MovementTraverse,309,79,79,,
5805,0,Husk,T3/67,MOVING,5.477,4.000,72.436,"GoalBlock{x=20,y=4,z=72}",21,5,MovementDiagonal,309,79,79,,
5806,0,Husk,T3/67,MOVING,5.715,4.000,72.316,"GoalBlock{x=20,y=4,z=72}",21,5,MovementDiagonal,309,79,79,,
5807,0,Husk,T3/67,MOVING,5.933,4.000,72.158,"GoalBlock{x=20,y=4,z=72}",21,5,MovementDiagonal,309,79,79,,
5808,0,Husk,T3/67,MOVING,6.136,4.000,71.975,"GoalBlock{x=20,y=4,z=72}",21,5,MovementDiagonal,309,79,79,,
5809,0,Husk,T3/67,MOVING,6.333,4.000,71.782,"GoalBlock{x=20,y=4,z=72}",21,6,MovementDiagonal,309,79,79,,
5810,0,Husk,T3/67,MOVING,6.526,4.000,71.582,"GoalBlock{x=20,y=4,z=72}",21,6,MovementDiagonal,309,79,79,,
5811,0,Husk,T3/67,MOVING,6.717,4.000,71.378,"GoalBlock{x=20,y=4,z=72}",21,6,MovementDiagonal,309,79,79,,
5812,0,Husk,T3/67,MOVING,6.906,4.000,71.172,"GoalBlock{x=20,y=4,z=72}",21,6,MovementDiagonal,309,79,79,,
5813,0,Husk,T3/67,MOVING,7.093,4.000,70.964,"GoalBlock{x=20,y=4,z=72}",21,6,MovementDiagonal,309,79,79,,
5814,0,Husk,T3/67,MOVING,7.284,4.000,70.759,"GoalBlock{x=20,y=4,z=72}",21,7,MovementDiagonal,309,79,79,,
5815,0,Husk,T3/67,MOVING,7.477,4.000,70.555,"GoalBlock{x=20,y=4,z=72}",21,7,MovementDiagonal,309,79,79,,
5816,0,Husk,T3/67,MOVING,7.670,4.000,70.352,"GoalBlock{x=20,y=4,z=72}",21,7,MovementDiagonal,309,79,79,,
5817,0,Husk,T3/67,MOVING,7.865,4.000,70.150,"GoalBlock{x=20,y=4,z=72}",21,7,MovementDiagonal,309,79,79,,
5818,0,Husk,T3/67,MOVING,8.061,4.000,69.949,"GoalBlock{x=20,y=4,z=72}",21,7,MovementDiagonal,309,79,79,,
5819,0,Husk,T3/67,MOVING,8.257,4.000,69.748,"GoalBlock{x=20,y=4,z=72}",21,8,MovementDiagonal,309,79,79,,
5820,0,Husk,T3/67,MOVING,8.454,4.000,69.549,"GoalBlock{x=20,y=4,z=72}",21,8,MovementDiagonal,309,79,79,,
5821,0,Husk,T3/67,MOVING,8.652,4.000,69.349,"GoalBlock{x=20,y=4,z=72}",21,8,MovementDiagonal,309,79,79,,
5822,0,Husk,T3/67,MOVING,8.850,4.000,69.151,"GoalBlock{x=20,y=4,z=72}",21,8,MovementDiagonal,309,79,79,,
5823,0,Husk,T3/67,MOVING,9.048,4.000,68.952,"GoalBlock{x=20,y=4,z=72}",21,8,MovementDiagonal,309,79,79,,
5824,0,Husk,T3/67,MOVING,9.278,4.000,68.805,"GoalBlock{x=20,y=4,z=72}",21,9,MovementTraverse,309,79,79,,
5825,0,Husk,T3/67,MOVING,9.527,4.000,68.695,"GoalBlock{x=20,y=4,z=72}",21,9,MovementTraverse,309,79,79,,
5826,0,Husk,T3/67,MOVING,9.788,4.000,68.609,"GoalBlock{x=20,y=4,z=72}",21,9,MovementTraverse,309,79,79,,
5827,0,Husk,T3/67,MOVING,10.056,4.000,68.543,"GoalBlock{x=20,y=4,z=72}",21,9,MovementTraverse,309,79,79,,
5828,0,Husk,T3/67,MOVING,10.330,4.000,68.503,"GoalBlock{x=20,y=4,z=72}",21,10,MovementTraverse,309,79,79,,
5829,0,Husk,T3/67,MOVING,10.607,4.000,68.481,"GoalBlock{x=20,y=4,z=72}",21,10,MovementTraverse,309,79,79,,
5830,0,Husk,T3/67,MOVING,10.886,4.000,68.472,"GoalBlock{x=20,y=4,z=72}",21,10,MovementTraverse,309,79,79,,
5831,0,Husk,T3/67,MOVING,11.165,4.000,68.473,"GoalBlock{x=20,y=4,z=72}",21,10,MovementTraverse,309,79,79,,
5832,0,Husk,T3/67,MOVING,11.445,4.000,68.475,"GoalBlock{x=20,y=4,z=72}",21,11,MovementTraverse,309,79,79,,
5833,0,Husk,T3/67,MOVING,11.725,4.000,68.478,"GoalBlock{x=20,y=4,z=72}",21,11,MovementTraverse,309,79,79,,
5834,0,Husk,T3/67,MOVING,12.005,4.000,68.482,"GoalBlock{x=20,y=4,z=72}",21,11,MovementTraverse,309,79,79,,
5835,0,Husk,T3/67,MOVING,12.286,4.000,68.483,"GoalBlock{x=20,y=4,z=72}",21,12,MovementTraverse,309,79,79,,
5836,0,Husk,T3/67,MOVING,12.566,4.000,68.485,"GoalBlock{x=20,y=4,z=72}",21,12,MovementTraverse,309,79,79,,
5837,0,Husk,T3/67,MOVING,12.847,4.000,68.487,"GoalBlock{x=20,y=4,z=72}",21,12,MovementTraverse,309,79,79,,
5838,0,Husk,T3/67,MOVING,13.127,4.000,68.490,"GoalBlock{x=20,y=4,z=72}",21,12,MovementTraverse,309,79,79,,
5839,0,Husk,T3/67,MOVING,13.408,4.000,68.491,"GoalBlock{x=20,y=4,z=72}",21,13,MovementTraverse,309,79,79,,
5840,0,Husk,T3/67,MOVING,13.689,4.000,68.492,"GoalBlock{x=20,y=4,z=72}",21,13,MovementTraverse,309,79,79,,
5841,0,Husk,T3/67,MOVING,13.969,4.000,68.493,"GoalBlock{x=20,y=4,z=72}",21,13,MovementTraverse,309,79,79,,
5842,0,Husk,T3/67,MOVING,14.250,4.000,68.495,"GoalBlock{x=20,y=4,z=72}",21,13,MovementTraverse,309,79,79,,
5843,0,Husk,T3/67,MOVING,14.530,4.000,68.495,"GoalBlock{x=20,y=4,z=72}",21,14,MovementTraverse,309,79,79,,
5844,0,Husk,T3/67,MOVING,14.811,4.000,68.496,"GoalBlock{x=20,y=4,z=72}",21,14,MovementTraverse,309,79,79,,
5845,0,Husk,T3/67,MOVING,15.092,4.000,68.497,"GoalBlock{x=20,y=4,z=72}",21,14,MovementTraverse,309,79,79,,
5846,0,Husk,T3/67,MOVING,15.372,4.000,68.497,"GoalBlock{x=20,y=4,z=72}",21,15,MovementTraverse,309,79,79,,
5847,0,Husk,T3/67,MOVING,15.653,4.000,68.497,"GoalBlock{x=20,y=4,z=72}",21,15,MovementTraverse,309,79,79,,
5848,0,Husk,T3/67,MOVING,15.933,4.000,68.498,"GoalBlock{x=20,y=4,z=72}",21,15,MovementTraverse,309,79,79,,
5849,0,Husk,T3/67,MOVING,16.214,4.000,68.498,"GoalBlock{x=20,y=4,z=72}",21,15,MovementTraverse,309,79,79,,
5850,0,Husk,T3/67,MOVING,16.477,4.000,68.562,"GoalBlock{x=20,y=4,z=72}",21,16,MovementDiagonal,309,79,79,,
5851,0,Husk,T3/67,MOVING,16.715,4.000,68.683,"GoalBlock{x=20,y=4,z=72}",21,16,MovementDiagonal,309,79,79,,
5852,0,Husk,T3/67,MOVING,16.933,4.000,68.841,"GoalBlock{x=20,y=4,z=72}",21,16,MovementDiagonal,309,79,79,,
5853,0,Husk,T3/67,MOVING,17.135,4.000,69.024,"GoalBlock{x=20,y=4,z=72}",21,16,MovementDiagonal,309,79,79,,
5854,0,Husk,T3/67,MOVING,17.332,4.000,69.218,"GoalBlock{x=20,y=4,z=72}",21,17,MovementDiagonal,309,79,79,,
5855,0,Husk,T3/67,MOVING,17.525,4.000,69.417,"GoalBlock{x=20,y=4,z=72}",21,17,MovementDiagonal,309,79,79,,
5856,0,Husk,T3/67,MOVING,17.716,4.000,69.621,"GoalBlock{x=20,y=4,z=72}",21,17,MovementDiagonal,309,79,79,,
5857,0,Husk,T3/67,MOVING,17.905,4.000,69.827,"GoalBlock{x=20,y=4,z=72}",21,17,MovementDiagonal,309,79,79,,
5858,0,Husk,T3/67,MOVING,18.093,4.000,70.035,"GoalBlock{x=20,y=4,z=72}",21,17,MovementDiagonal,309,79,79,,
5859,0,Husk,T3/67,MOVING,18.283,4.000,70.241,"GoalBlock{x=20,y=4,z=72}",21,18,MovementDiagonal,309,79,79,,
5860,0,Husk,T3/67,MOVING,18.476,4.000,70.445,"GoalBlock{x=20,y=4,z=72}",21,18,MovementDiagonal,309,79,79,,
5861,0,Husk,T3/67,MOVING,18.670,4.000,70.647,"GoalBlock{x=20,y=4,z=72}",21,18,MovementDiagonal,309,79,79,,
5862,0,Husk,T3/67,MOVING,18.865,4.000,70.849,"GoalBlock{x=20,y=4,z=72}",21,18,MovementDiagonal,309,79,79,,
5863,0,Husk,T3/67,MOVING,19.060,4.000,71.051,"GoalBlock{x=20,y=4,z=72}",21,18,MovementDiagonal,309,79,79,,
5864,0,Husk,T3/67,MOVING,19.256,4.000,71.251,"GoalBlock{x=20,y=4,z=72}",21,19,MovementDiagonal,309,79,79,,
5865,0,Husk,T3/67,MOVING,19.453,4.000,71.451,"GoalBlock{x=20,y=4,z=72}",21,19,MovementDiagonal,309,79,79,,
5866,0,Husk,T3/67,MOVING,19.651,4.000,71.650,"GoalBlock{x=20,y=4,z=72}",21,19,MovementDiagonal,309,79,79,,
5867,0,Husk,T3/67,MOVING,19.849,4.000,71.849,"GoalBlock{x=20,y=4,z=72}",21,19,MovementDiagonal,309,79,79,,
5868,0,Husk,T3/67,MOVING,20.047,4.000,72.048,"GoalBlock{x=20,y=4,z=72}",21,19,MovementDiagonal,309,79,79,,
5869,0,Husk,T3/67,ARRIVED,20.155,4.000,72.156,,-1,-1,,309,79,79,,CANCELED
5870,0,Husk,T3/68,ARRIVED,20.500,4.000,84.500,,-1,-1,,309,79,79,,CANCELED|CANCELED
5871,0,Husk,T3/68,ARRIVED,20.500,4.000,84.500,,-1,-1,,309,79,79,,
5872,0,Husk,T3/68,ARRIVED,20.500,4.000,84.500,,-1,-1,,309,79,79,,
5873,0,Husk,T3/68,ARRIVED,20.500,4.000,84.500,,-1,-1,,309,79,79,,
5874,0,Husk,T3/68,ARRIVED,20.500,4.000,84.500,,-1,-1,,309,79,79,,
5875,0,Husk,T3/68,ARRIVED,20.500,4.000,84.500,,-1,-1,,309,79,79,,
5876,0,Husk,T3/68,ARRIVED,20.500,4.000,84.500,,-1,-1,,309,79,79,,
5877,0,Husk,T3/68,ARRIVED,20.500,4.000,84.500,,-1,-1,,309,79,79,,
5878,0,Husk,T3/68,ARRIVED,20.500,4.000,84.500,,-1,-1,,309,79,79,,
5879,0,Husk,T3/68,ARRIVED,20.500,4.000,84.500,,-1,-1,,309,79,79,,
5880,0,Husk,T3/68,SEARCHING,20.500,4.000,84.500,"GoalBlock{x=8,y=4,z=84}",-1,-1,,309,80,80,,CALC_STARTED
5881,0,Husk,T3/68,MOVING,20.610,4.000,84.436,"GoalBlock{x=8,y=4,z=84}",13,0,MovementTraverse,119,80,80,,CALC_FINISHED_NOW_EXECUTING
5882,0,Husk,T3/68,MOVING,20.734,4.000,84.291,"GoalBlock{x=8,y=4,z=84}",13,0,MovementTraverse,119,80,80,,
5883,0,Husk,T3/68,MOVING,20.802,4.000,84.085,"GoalBlock{x=8,y=4,z=84}",13,0,MovementTraverse,119,80,80,,
5884,0,Husk,T3/68,MOVING,20.775,4.000,83.861,"GoalBlock{x=8,y=4,z=84}",13,0,MovementTraverse,119,80,80,,
5885,0,Husk,T3/68,MOVING,20.650,4.000,83.676,"GoalBlock{x=8,y=4,z=84}",13,0,MovementTraverse,119,80,80,,
5886,0,Husk,T3/68,MOVING,20.455,4.000,83.575,"GoalBlock{x=8,y=4,z=84}",13,0,MovementTraverse,119,80,80,,
5887,0,Husk,T3/68,MOVING,20.238,4.000,83.583,"GoalBlock{x=8,y=4,z=84}",13,0,MovementTraverse,119,80,80,,
5888,0,Husk,T3/68,MOVING,20.039,4.000,83.687,"GoalBlock{x=8,y=4,z=84}",13,0,MovementTraverse,119,80,80,,
5889,0,Husk,T3/68,MOVING,19.860,4.000,83.850,"GoalBlock{x=8,y=4,z=84}",13,0,MovementTraverse,119,80,80,,
5890,0,Husk,T3/68,MOVING,19.701,4.000,84.050,"GoalBlock{x=8,y=4,z=84}",13,0,MovementTraverse,119,80,80,,
5891,0,Husk,T3/68,MOVING,19.505,4.000,84.225,"GoalBlock{x=8,y=4,z=84}",13,1,MovementTraverse,119,80,80,,
5892,0,Husk,T3/68,MOVING,19.275,4.000,84.354,"GoalBlock{x=8,y=4,z=84}",13,1,MovementTraverse,119,80,80,,
5893,0,Husk,T3/68,MOVING,19.024,4.000,84.448,"GoalBlock{x=8,y=4,z=84}",13,1,MovementTraverse,119,80,80,,
5894,0,Husk,T3/68,MOVING,18.760,4.000,84.512,"GoalBlock{x=8,y=4,z=84}",13,1,MovementTraverse,119,80,80,,
5895,0,Husk,T3/68,MOVING,18.489,4.000,84.546,"GoalBlock{x=8,y=4,z=84}",13,2,MovementTraverse,119,80,80,,
5896,0,Husk,T3/68,MOVING,18.214,4.000,84.558,"GoalBlock{x=8,y=4,z=84}",13,2,MovementTraverse,119,80,80,,
5897,0,Husk,T3/68,MOVING,17.936,4.000,84.555,"GoalBlock{x=8,y=4,z=84}",13,2,MovementTraverse,119,80,80,,
5898,0,Husk,T3/68,MOVING,17.657,4.000,84.550,"GoalBlock{x=8,y=4,z=84}",13,3,MovementTraverse,119,80,80,,
5899,0,Husk,T3/68,MOVING,17.378,4.000,84.544,"GoalBlock{x=8,y=4,z=84}",13,3,MovementTraverse,119,80,80,,
5900,0,Husk,T3/68,MOVING,17.098,4.000,84.538,"GoalBlock{x=8,y=4,z=84}",13,3,MovementTraverse,119,80,80,,
5901,0,Husk,T3/68,MOVING,16.818,4.000,84.526,"GoalBlock{x=8,y=4,z=84}",13,3,MovementTraverse,119,80,80,,
5902,0,Husk,T3/68,MOVING,16.538,4.000,84.517,"GoalBlock{x=8,y=4,z=84}",13,4,MovementTraverse,119,80,80,,
5903,0,Husk,T3/68,MOVING,16.258,4.000,84.510,"GoalBlock{x=8,y=4,z=84}",13,4,MovementTraverse,119,80,80,,
5904,0,Husk,T3/68,MOVING,15.977,4.000,84.505,"GoalBlock{x=8,y=4,z=84}",13,4,MovementTraverse,119,80,80,,
5905,0,Husk,T3/68,MOVING,15.697,4.000,84.501,"GoalBlock{x=8,y=4,z=84}",13,5,MovementTraverse,119,80,80,,
5906,0,Husk,T3/68,MOVING,15.416,4.000,84.501,"GoalBlock{x=8,y=4,z=84}",13,5,MovementTraverse,119,80,80,,
5907,0,Husk,T3/68,MOVING,15.135,4.000,84.501,"GoalBlock{x=8,y=4,z=84}",13,5,MovementTraverse,119,80,80,,
5908,0,Husk,T3/68,MOVING,14.855,4.000,84.501,"GoalBlock{x=8,y=4,z=84}",13,5,MovementTraverse,119,80,80,,
5909,0,Husk,T3/68,MOVING,14.574,4.000,84.501,"GoalBlock{x=8,y=4,z=84}",13,6,MovementTraverse,119,80,80,,
5910,0,Husk,T3/68,MOVING,14.294,4.000,84.501,"GoalBlock{x=8,y=4,z=84}",13,6,MovementTraverse,119,80,80,,
5911,0,Husk,T3/68,MOVING,14.013,4.000,84.501,"GoalBlock{x=8,y=4,z=84}",13,6,MovementTraverse,119,80,80,,
5912,0,Husk,T3/68,MOVING,13.732,4.000,84.500,"GoalBlock{x=8,y=4,z=84}",13,6,MovementTraverse,119,80,80,,
5913,0,Husk,T3/68,MOVING,13.452,4.000,84.500,"GoalBlock{x=8,y=4,z=84}",13,7,MovementTraverse,119,80,80,,
5914,0,Husk,T3/68,MOVING,13.171,4.000,84.500,"GoalBlock{x=8,y=4,z=84}",13,7,MovementTraverse,119,80,80,,
5915,0,Husk,T3/68,MOVING,12.890,4.000,84.500,"GoalBlock{x=8,y=4,z=84}",13,7,MovementTraverse,119,80,80,,
5916,0,Husk,T3/68,MOVING,12.610,4.000,84.500,"GoalBlock{x=8,y=4,z=84}",13,8,MovementTraverse,119,80,80,,
5917,0,Husk,T3/68,MOVING,12.329,4.000,84.500,"GoalBlock{x=8,y=4,z=84}",13,8,MovementTraverse,119,80,80,,
5918,0,Husk,T3/68,MOVING,12.049,4.000,84.500,"GoalBlock{x=8,y=4,z=84}",13,8,MovementTraverse,119,80,80,,
5919,0,Husk,T3/68,MOVING,11.768,4.000,84.500,"GoalBlock{x=8,y=4,z=84}",13,8,MovementTraverse,119,80,80,,
5920,0,Husk,T3/68,MOVING,11.487,4.000,84.500,"GoalBlock{x=8,y=4,z=84}",13,9,MovementTraverse,119,80,80,,
5921,0,Husk,T3/68,MOVING,11.207,4.000,84.500,"GoalBlock{x=8,y=4,z=84}",13,9,MovementTraverse,119,80,80,,
5922,0,Husk,T3/68,MOVING,10.926,4.000,84.500,"GoalBlock{x=8,y=4,z=84}",13,9,MovementTraverse,119,80,80,,
5923,0,Husk,T3/68,MOVING,10.646,4.000,84.500,"GoalBlock{x=8,y=4,z=84}",13,10,MovementTraverse,119,80,80,,
5924,0,Husk,T3/68,MOVING,10.365,4.000,84.500,"GoalBlock{x=8,y=4,z=84}",13,10,MovementTraverse,119,80,80,,
5925,0,Husk,T3/68,MOVING,10.084,4.000,84.500,"GoalBlock{x=8,y=4,z=84}",13,10,MovementTraverse,119,80,80,,
5926,0,Husk,T3/68,MOVING,9.804,4.000,84.500,"GoalBlock{x=8,y=4,z=84}",13,10,MovementTraverse,119,80,80,,
5927,0,Husk,T3/68,MOVING,9.523,4.000,84.500,"GoalBlock{x=8,y=4,z=84}",13,11,MovementTraverse,119,80,80,,
5928,0,Husk,T3/68,MOVING,9.242,4.000,84.500,"GoalBlock{x=8,y=4,z=84}",13,11,MovementTraverse,119,80,80,,
5929,0,Husk,T3/68,MOVING,8.962,4.000,84.500,"GoalBlock{x=8,y=4,z=84}",13,11,MovementTraverse,119,80,80,,
5930,0,Husk,T3/68,ARRIVED,8.809,4.000,84.500,,-1,-1,,119,80,80,,CANCELED
5931,0,Husk,T3/69,ARRIVED,0.500,4.000,96.500,,-1,-1,,119,80,80,,CANCELED|CANCELED
5932,0,Husk,T3/69,ARRIVED,0.500,4.000,96.500,,-1,-1,,119,80,80,,
5933,0,Husk,T3/69,ARRIVED,0.500,4.000,96.500,,-1,-1,,119,80,80,,
5934,0,Husk,T3/69,ARRIVED,0.500,4.000,96.500,,-1,-1,,119,80,80,,
5935,0,Husk,T3/69,ARRIVED,0.500,4.000,96.500,,-1,-1,,119,80,80,,
5936,0,Husk,T3/69,ARRIVED,0.500,4.000,96.500,,-1,-1,,119,80,80,,
5937,0,Husk,T3/69,ARRIVED,0.500,4.000,96.500,,-1,-1,,119,80,80,,
5938,0,Husk,T3/69,ARRIVED,0.500,4.000,96.500,,-1,-1,,119,80,80,,
5939,0,Husk,T3/69,ARRIVED,0.500,4.000,96.500,,-1,-1,,119,80,80,,
5940,0,Husk,T3/69,ARRIVED,0.500,4.000,96.500,,-1,-1,,119,80,80,,
5941,0,Husk,T3/69,SEARCHING,0.500,4.000,96.500,"GoalBlock{x=10,y=4,z=94}",-1,-1,,119,81,81,,CALC_STARTED
5942,0,Husk,T3/69,MOVING,0.610,4.000,96.436,"GoalBlock{x=10,y=4,z=94}",13,0,MovementDiagonal,213,81,81,,CALC_FINISHED_NOW_EXECUTING
5943,0,Husk,T3/69,MOVING,0.758,4.000,96.309,"GoalBlock{x=10,y=4,z=94}",13,0,MovementDiagonal,213,81,81,,
5944,0,Husk,T3/69,MOVING,0.925,4.000,96.146,"GoalBlock{x=10,y=4,z=94}",13,0,MovementDiagonal,213,81,81,,
5945,0,Husk,T3/69,MOVING,1.101,4.000,95.962,"GoalBlock{x=10,y=4,z=94}",13,0,MovementDiagonal,213,81,81,,
5946,0,Husk,T3/69,MOVING,1.285,4.000,95.769,"GoalBlock{x=10,y=4,z=94}",13,1,MovementDiagonal,213,81,81,,
5947,0,Husk,T3/69,MOVING,1.474,4.000,95.572,"GoalBlock{x=10,y=4,z=94}",13,1,MovementDiagonal,213,81,81,,
5948,0,Husk,T3/69,MOVING,1.665,4.000,95.372,"GoalBlock{x=10,y=4,z=94}",13,1,MovementDiagonal,213,81,81,,
5949,0,Husk,T3/69,MOVING,1.857,4.000,95.171,"GoalBlock{x=10,y=4,z=94}",13,1,MovementDiagonal,213,81,81,,
5950,0,Husk,T3/69,MOVING,2.051,4.000,94.969,"GoalBlock{x=10,y=4,z=94}",13,1,MovementDiagonal,213,81,81,,
5951,0,Husk,T3/69,MOVING,2.246,4.000,94.768,"GoalBlock{x=10,y=4,z=94}",13,2,MovementDiagonal,213,81,81,,
5952,0,Husk,T3/69,MOVING,2.442,4.000,94.568,"GoalBlock{x=10,y=4,z=94}",13,2,MovementDiagonal,213,81,81,,
5953,0,Husk,T3/69,MOVING,2.638,4.000,94.368,"GoalBlock{x=10,y=4,z=94}",13,2,MovementDiagonal,213,81,81,,
5954,0,Husk,T3/69,MOVING,2.835,4.000,94.169,"GoalBlock{x=10,y=4,z=94}",13,2,MovementDiagonal,213,81,81,,
5955,0,Husk,T3/69,MOVING,3.033,4.000,93.969,"GoalBlock{x=10,y=4,z=94}",13,2,MovementDiagonal,213,81,81,,
5956,0,Husk,T3/69,MOVING,3.231,4.000,93.770,"GoalBlock{x=10,y=4,z=94}",13,3,MovementDiagonal,213,81,81,,
5957,0,Husk,T3/69,MOVING,3.429,4.000,93.572,"GoalBlock{x=10,y=4,z=94}",13,3,MovementDiagonal,213,81,81,,
5958,0,Husk,T3/69,MOVING,3.627,4.000,93.373,"GoalBlock{x=10,y=4,z=94}",13,3,MovementDiagonal,213,81,81,,
5959,0,Husk,T3/69,MOVING,3.825,4.000,93.174,"GoalBlock{x=10,y=4,z=94}",13,3,MovementDiagonal,213,81,81,,
5960,0,Husk,T3/69,MOVING,4.024,4.000,92.976,"GoalBlock{x=10,y=4,z=94}",13,3,MovementDiagonal,213,81,81,,
5961,0,Husk,T3/69,MOVING,4.171,4.000,92.746,"GoalBlock{x=10,y=4,z=94}",13,4,MovementTraverse,213,81,81,,
5962,0,Husk,T3/69,MOVING,4.284,4.000,92.498,"GoalBlock{x=10,y=4,z=94}",13,4,MovementTraverse,213,81,81,,
5963,0,Husk,T3/69,MOVING,4.373,4.000,92.238,"GoalBlock{x=10,y=4,z=94}",13,4,MovementTraverse,213,81,81,,
5964,0,Husk,T3/69,MOVING,4.443,4.000,91.970,"GoalBlock{x=10,y=4,z=94}",13,4,MovementTraverse,213,81,81,,
5965,0,Husk,T3/69,MOVING,4.486,4.000,91.697,"GoalBlock{x=10,y=4,z=94}",13,5,MovementTraverse,213,81,81,,
5966,0,Husk,T3/69,MOVING,4.511,4.000,91.420,"GoalBlock{x=10,y=4,z=94}",13,5,MovementTraverse,213,81,81,,
5967,0,Husk,T3/69,MOVING,4.523,4.000,91.141,"GoalBlock{x=10,y=4,z=94}",13,5,MovementTraverse,213,81,81,,
5968,0,Husk,T3/69,MOVING,4.525,4.000,90.862,"GoalBlock{x=10,y=4,z=94}",13,5,MovementTraverse,213,81,81,,
5969,0,Husk,T3/69,MOVING,4.585,4.000,90.597,"GoalBlock{x=10,y=4,z=94}",13,6,MovementTraverse,213,81,81,,
5970,0,Husk,T3/69,MOVING,4.725,4.000,90.385,"GoalBlock{x=10,y=4,z=94}",13,6,MovementTraverse,213,81,81,,
5971,0,Husk,T3/69,MOVING,4.930,4.000,90.264,"GoalBlock{x=10,y=4,z=94}",13,6,MovementTraverse,213,81,81,,
5972,0,Husk,T3/69,MOVING,5.159,4.000,90.247,"GoalBlock{x=10,y=4,z=94}",13,6,MovementTraverse,213,81,81,,
5973,0,Husk,T3/69,MOVING,5.409,4.000,90.261,"GoalBlock{x=10,y=4,z=94}",13,7,MovementTraverse,213,81,81,,
5974,0,Husk,T3/69,MOVING,5.670,4.000,90.296,"GoalBlock{x=10,y=4,z=94}",13,7,MovementTraverse,213,81,81,,
5975,0,Husk,T3/69,MOVING,5.936,4.000,90.346,"GoalBlock{x=10,y=4,z=94}",13,7,MovementTraverse,213,81,81,,
5976,0,Husk,T3/69,MOVING,6.205,4.000,90.406,"GoalBlock{x=10,y=4,z=94}",13,7,MovementTraverse,213,81,81,,
5977,0,Husk,T3/69,MOVING,6.448,4.000,90.522,"GoalBlock{x=10,y=4,z=94}",13,8,MovementDiagonal,213,81,81,,
5978,0,Husk,T3/69,MOVING,6.675,4.000,90.671,"GoalBlock{x=10,y=4,z=94}",13,8,MovementDiagonal,213,81,81,,
5979,0,Husk,T3/69,MOVING,6.888,4.000,90.843,"GoalBlock{x=10,y=4,z=94}",13,8,MovementDiagonal,213,81,81,,
5980,0,Husk,T3/69,MOVING,7.092,4.000,91.031,"GoalBlock{x=10,y=4,z=94}",13,8,MovementDiagonal,213,81,81,,
5981,0,Husk,T3/69,MOVING,7.291,4.000,91.225,"GoalBlock{x=10,y=4,z=94}",13,9,MovementDiagonal,213,81,81,,
5982,0,Husk,T3/69,MOVING,7.487,4.000,91.423,"GoalBlock{x=10,y=4,z=94}",13,9,MovementDiagonal,213,81,81,,
5983,0,Husk,T3/69,MOVING,7.682,4.000,91.624,"GoalBlock{x=10,y=4,z=94}",13,9,MovementDiagonal,213,81,81,,
5984,0,Husk,T3/69,MOVING,7.875,4.000,91.827,"GoalBlock{x=10,y=4,z=94}",13,9,MovementDiagonal,213,81,81,,
5985,0,Husk,T3/69,MOVING,8.067,4.000,92.031,"GoalBlock{x=10,y=4,z=94}",13,9,MovementDiagonal,213,81,81,,
5986,0,Husk,T3/69,MOVING,8.261,4.000,92.234,"GoalBlock{x=10,y=4,z=94}",13,10,MovementDiagonal,213,81,81,,
5987,0,Husk,T3/69,MOVING,8.456,4.000,92.436,"GoalBlock{x=10,y=4,z=94}",13,10,MovementDiagonal,213,81,81,,
5988,0,Husk,T3/69,MOVING,8.652,4.000,92.637,"GoalBlock{x=10,y=4,z=94}",13,10,MovementDiagonal,213,81,81,,
5989,0,Husk,T3/69,MOVING,8.848,4.000,92.837,"GoalBlock{x=10,y=4,z=94}",13,10,MovementDiagonal,213,81,81,,
5990,0,Husk,T3/69,MOVING,9.044,4.000,93.038,"GoalBlock{x=10,y=4,z=94}",13,10,MovementDiagonal,213,81,81,,
5991,0,Husk,T3/69,MOVING,9.241,4.000,93.237,"GoalBlock{x=10,y=4,z=94}",13,11,MovementDiagonal,213,81,81,,
5992,0,Husk,T3/69,MOVING,9.439,4.000,93.437,"GoalBlock{x=10,y=4,z=94}",13,11,MovementDiagonal,213,81,81,,
5993,0,Husk,T3/69,MOVING,9.637,4.000,93.636,"GoalBlock{x=10,y=4,z=94}",13,11,MovementDiagonal,213,81,81,,
5994,0,Husk,T3/69,MOVING,9.835,4.000,93.834,"GoalBlock{x=10,y=4,z=94}",13,11,MovementDiagonal,213,81,81,,
5995,0,Husk,T3/69,MOVING,10.033,4.000,94.033,"GoalBlock{x=10,y=4,z=94}",13,11,MovementDiagonal,213,81,81,,
5996,0,Husk,T3/69,ARRIVED,10.141,4.000,94.142,,-1,-1,,213,81,81,,CANCELED
5997,0,Husk,T3/70,ARRIVED,0.500,4.000,108.500,,-1,-1,,213,81,81,,CANCELED|CANCELED
5998,0,Husk,T3/70,ARRIVED,0.500,4.000,108.500,,-1,-1,,213,81,81,,
5999,0,Husk,T3/70,ARRIVED,0.500,4.000,108.500,,-1,-1,,213,81,81,,
6000,0,Husk,T3/70,ARRIVED,0.500,4.000,108.500,,-1,-1,,213,81,81,,
6001,0,Husk,T3/70,ARRIVED,0.500,4.000,108.500,,-1,-1,,213,81,81,,
6002,0,Husk,T3/70,ARRIVED,0.500,4.000,108.500,,-1,-1,,213,81,81,,
6003,0,Husk,T3/70,ARRIVED,0.500,4.000,108.500,,-1,-1,,213,81,81,,
6004,0,Husk,T3/70,ARRIVED,0.500,4.000,108.500,,-1,-1,,213,81,81,,
6005,0,Husk,T3/70,ARRIVED,0.500,4.000,108.500,,-1,-1,,213,81,81,,
6006,0,Husk,T3/70,ARRIVED,0.500,4.000,108.500,,-1,-1,,213,81,81,,
6007,0,Husk,T3/70,SEARCHING,0.500,4.000,108.500,"GoalBlock{x=15,y=4,z=108}",-1,-1,,213,82,82,,CALC_STARTED
6008,0,Husk,T3/70,MOVING,0.627,4.000,108.500,"GoalBlock{x=15,y=4,z=108}",14,0,MovementTraverse,5091,83,83,,CALC_FINISHED_NOW_EXECUTING|NEXT_SEGMENT_CALC_STARTED
6009,0,Husk,T3/70,MOVING,0.824,4.000,108.500,"GoalBlock{x=15,y=4,z=108}",14,0,MovementTraverse,5423,83,83,,NEXT_CALC_FAILED
6010,0,Husk,T3/70,MOVING,1.059,4.000,108.500,"GoalBlock{x=15,y=4,z=108}",14,0,MovementTraverse,5423,83,83,,
6011,0,Husk,T3/70,MOVING,1.315,4.000,108.500,"GoalBlock{x=15,y=4,z=108}",14,1,MovementTraverse,5423,83,83,,
6012,0,Husk,T3/70,MOVING,1.582,4.000,108.500,"GoalBlock{x=15,y=4,z=108}",14,1,MovementTraverse,5423,83,83,,
6013,0,Husk,T3/70,MOVING,1.855,4.000,108.500,"GoalBlock{x=15,y=4,z=108}",14,1,MovementTraverse,5423,83,83,,
6014,0,Husk,T3/70,MOVING,2.132,4.000,108.500,"GoalBlock{x=15,y=4,z=108}",14,1,MovementTraverse,5423,83,83,,
6015,0,Husk,T3/70,MOVING,2.410,4.000,108.500,"GoalBlock{x=15,y=4,z=108}",14,2,MovementTraverse,5423,83,83,,
6016,0,Husk,T3/70,MOVING,2.690,4.000,108.500,"GoalBlock{x=15,y=4,z=108}",14,2,MovementTraverse,5423,83,83,,
6017,0,Husk,T3/70,MOVING,2.969,4.000,108.500,"GoalBlock{x=15,y=4,z=108}",14,2,MovementTraverse,5423,83,83,,
6018,0,Husk,T3/70,MOVING,3.250,4.000,108.500,"GoalBlock{x=15,y=4,z=108}",14,2,MovementTraverse,5423,83,83,,
6019,0,Husk,T3/70,MOVING,3.530,4.000,108.500,"GoalBlock{x=15,y=4,z=108}",14,3,MovementTraverse,5423,83,83,,
6020,0,Husk,T3/70,MOVING,3.811,4.000,108.500,"GoalBlock{x=15,y=4,z=108}",14,3,MovementTraverse,5423,83,83,,
6021,0,Husk,T3/70,MOVING,4.091,4.000,108.500,"GoalBlock{x=15,y=4,z=108}",14,3,MovementTraverse,5423,83,83,,
6022,0,Husk,T3/70,MOVING,4.372,4.000,108.500,"GoalBlock{x=15,y=4,z=108}",14,4,MovementTraverse,5423,83,83,,
6023,0,Husk,T3/70,MOVING,4.652,4.000,108.500,"GoalBlock{x=15,y=4,z=108}",14,4,MovementTraverse,5423,83,83,,
6024,0,Husk,T3/70,MOVING,4.933,4.000,108.500,"GoalBlock{x=15,y=4,z=108}",14,4,MovementTraverse,5423,83,83,,
6025,0,Husk,T3/70,MOVING,5.214,4.000,108.500,"GoalBlock{x=15,y=4,z=108}",14,4,MovementTraverse,5423,83,83,,
6026,0,Husk,T3/70,MOVING,5.494,4.000,108.500,"GoalBlock{x=15,y=4,z=108}",14,5,MovementTraverse,5423,83,83,,
6027,0,Husk,T3/70,MOVING,5.775,4.000,108.500,"GoalBlock{x=15,y=4,z=108}",14,5,MovementTraverse,5423,83,83,,
6028,0,Husk,T3/70,MOVING,6.055,4.000,108.500,"GoalBlock{x=15,y=4,z=108}",14,5,MovementTraverse,5423,83,83,,
6029,0,Husk,T3/70,MOVING,6.336,4.000,108.500,"GoalBlock{x=15,y=4,z=108}",14,6,MovementTraverse,5423,83,83,,
6030,0,Husk,T3/70,MOVING,6.617,4.000,108.500,"GoalBlock{x=15,y=4,z=108}",14,6,MovementTraverse,5423,83,83,,
6031,0,Husk,T3/70,MOVING,6.897,4.000,108.500,"GoalBlock{x=15,y=4,z=108}",14,6,MovementTraverse,5423,83,83,,
6032,0,Husk,T3/70,MOVING,7.178,4.000,108.500,"GoalBlock{x=15,y=4,z=108}",14,6,MovementTraverse,5423,83,83,,
6033,0,Husk,T3/70,MOVING,7.459,4.000,108.500,"GoalBlock{x=15,y=4,z=108}",14,7,MovementTraverse,5423,83,83,,
6034,0,Husk,T3/70,MOVING,7.739,4.000,108.500,"GoalBlock{x=15,y=4,z=108}",14,7,MovementTraverse,5423,83,83,,
6035,0,Husk,T3/70,MOVING,8.020,4.000,108.500,"GoalBlock{x=15,y=4,z=108}",14,7,MovementTraverse,5423,83,83,,
6036,0,Husk,T3/70,MOVING,8.300,4.000,108.500,"GoalBlock{x=15,y=4,z=108}",14,8,MovementTraverse,5423,83,83,,
6037,0,Husk,T3/70,MOVING,8.581,4.000,108.500,"GoalBlock{x=15,y=4,z=108}",14,8,MovementTraverse,5423,83,83,,
6038,0,Husk,T3/70,MOVING,8.862,4.000,108.500,"GoalBlock{x=15,y=4,z=108}",14,8,MovementTraverse,5423,83,83,,
6039,0,Husk,T3/70,MOVING,9.142,4.000,108.500,"GoalBlock{x=15,y=4,z=108}",14,8,MovementTraverse,5423,83,83,,
6040,0,Husk,T3/70,MOVING,9.423,4.000,108.500,"GoalBlock{x=15,y=4,z=108}",14,9,MovementTraverse,5423,83,83,,
6041,0,Husk,T3/70,MOVING,9.703,4.000,108.500,"GoalBlock{x=15,y=4,z=108}",14,9,MovementTraverse,5423,83,83,,
6042,0,Husk,T3/70,MOVING,9.984,4.000,108.500,"GoalBlock{x=15,y=4,z=108}",14,9,MovementTraverse,5423,83,83,,
6043,0,Husk,T3/70,MOVING,10.265,4.000,108.500,"GoalBlock{x=15,y=4,z=108}",14,9,MovementTraverse,5423,83,83,,
6044,0,Husk,T3/70,MOVING,10.545,4.000,108.500,"GoalBlock{x=15,y=4,z=108}",14,10,MovementTraverse,5423,83,83,,
6045,0,Husk,T3/70,MOVING,10.826,4.000,108.500,"GoalBlock{x=15,y=4,z=108}",14,10,MovementTraverse,5423,83,83,,
6046,0,Husk,T3/70,MOVING,11.107,4.000,108.500,"GoalBlock{x=15,y=4,z=108}",14,10,MovementTraverse,5423,83,83,,
6047,0,Husk,T3/70,MOVING,11.387,4.000,108.500,"GoalBlock{x=15,y=4,z=108}",14,11,MovementTraverse,5423,83,83,,
6048,0,Husk,T3/70,MOVING,11.668,4.000,108.500,"GoalBlock{x=15,y=4,z=108}",14,11,MovementTraverse,5423,83,83,,
6049,0,Husk,T3/70,MOVING,11.948,4.000,108.500,"GoalBlock{x=15,y=4,z=108}",14,11,MovementTraverse,5423,83,83,,
6050,0,Husk,T3/70,MOVING,12.229,4.000,108.500,"GoalBlock{x=15,y=4,z=108}",14,11,MovementTraverse,5423,83,83,,
6051,0,Husk,T3/70,MOVING,12.510,4.000,108.500,"GoalBlock{x=15,y=4,z=108}",14,12,MovementTraverse,5423,83,83,,
6052,0,Husk,T3/70,MOVING,12.790,4.000,108.500,"GoalBlock{x=15,y=4,z=108}",14,12,MovementTraverse,5423,83,83,,
6053,0,Husk,T3/70,MOVING,13.071,4.000,108.500,"GoalBlock{x=15,y=4,z=108}",14,12,MovementTraverse,5423,83,83,,
6054,0,Husk,T3/70,SEARCHING,13.224,4.000,108.500,"GoalBlock{x=15,y=4,z=108}",-1,-1,,5423,84,84,,CALC_STARTED
6055,0,Husk,T3/70,FAILED,13.308,4.000,108.500,,-1,-1,,4925,84,84,no_path,CALC_FAILED
6056,0,Husk,T3/70,FAILED,13.353,4.000,108.500,,-1,-1,,4925,84,84,no_path,
6057,0,Husk,T3/71,FAILED,60.500,4.000,0.500,,-1,-1,,4925,84,84,no_path,CANCELED|CANCELED
6058,0,Husk,T3/71,FAILED,60.500,4.000,0.500,,-1,-1,,4925,84,84,no_path,
6059,0,Husk,T3/71,FAILED,60.500,4.000,0.500,,-1,-1,,4925,84,84,no_path,
6060,0,Husk,T3/71,FAILED,60.500,4.000,0.500,,-1,-1,,4925,84,84,no_path,
6061,0,Husk,T3/71,FAILED,60.500,4.000,0.500,,-1,-1,,4925,84,84,no_path,
6062,0,Husk,T3/71,FAILED,60.500,4.000,0.500,,-1,-1,,4925,84,84,no_path,
6063,0,Husk,T3/71,FAILED,60.500,4.000,0.500,,-1,-1,,4925,84,84,no_path,
6064,0,Husk,T3/71,FAILED,60.500,4.000,0.500,,-1,-1,,4925,84,84,no_path,
6065,0,Husk,T3/71,FAILED,60.500,4.000,0.500,,-1,-1,,4925,84,84,no_path,
6066,0,Husk,T3/71,FAILED,60.500,4.000,0.500,,-1,-1,,4925,84,84,no_path,
6067,0,Husk,T3/71,SEARCHING,60.500,4.000,0.500,"GoalBlock{x=80,y=4,z=0}",-1,-1,,4925,85,85,,CALC_STARTED
6068,0,Husk,T3/71,MOVING,60.627,4.000,0.500,"GoalBlock{x=80,y=4,z=0}",21,0,MovementTraverse,126,85,85,,CALC_FINISHED_NOW_EXECUTING
6069,0,Husk,T3/71,MOVING,60.824,4.000,0.500,"GoalBlock{x=80,y=4,z=0}",21,0,MovementTraverse,126,85,85,,
6070,0,Husk,T3/71,MOVING,61.059,4.000,0.500,"GoalBlock{x=80,y=4,z=0}",21,0,MovementTraverse,126,85,85,,
6071,0,Husk,T3/71,MOVING,61.315,4.000,0.500,"GoalBlock{x=80,y=4,z=0}",21,1,MovementTraverse,126,85,85,,
6072,0,Husk,T3/71,MOVING,61.582,4.000,0.500,"GoalBlock{x=80,y=4,z=0}",21,1,MovementTraverse,126,85,85,,
6073,0,Husk,T3/71,MOVING,61.855,4.000,0.500,"GoalBlock{x=80,y=4,z=0}",21,1,MovementTraverse,126,85,85,,
6074,0,Husk,T3/71,MOVING,62.132,4.000,0.500,"GoalBlock{x=80,y=4,z=0}",21,1,MovementTraverse,126,85,85,,
6075,0,Husk,T3/71,MOVING,62.410,4.000,0.500,"GoalBlock{x=80,y=4,z=0}",21,2,MovementTraverse,126,85,85,,
6076,0,Husk,T3/71,MOVING,62.690,4.000,0.500,"GoalBlock{x=80,y=4,z=0}",21,2,MovementTraverse,126,85,85,,
6077,0,Husk,T3/71,MOVING,62.969,4.000,0.500,"GoalBlock{x=80,y=4,z=0}",21,2,MovementTraverse,126,85,85,,
6078,0,Husk,T3/71,MOVING,63.250,4.000,0.500,"GoalBlock{x=80,y=4,z=0}",21,2,MovementTraverse,126,85,85,,
6079,0,Husk,T3/71,MOVING,63.530,4.000,0.500,"GoalBlock{x=80,y=4,z=0}",21,3,MovementTraverse,126,85,85,,
6080,0,Husk,T3/71,MOVING,63.811,4.000,0.500,"GoalBlock{x=80,y=4,z=0}",21,3,MovementTraverse,126,85,85,,
6081,0,Husk,T3/71,MOVING,64.091,4.000,0.500,"GoalBlock{x=80,y=4,z=0}",21,3,MovementTraverse,126,85,85,,
6082,0,Husk,T3/71,MOVING,64.372,4.000,0.500,"GoalBlock{x=80,y=4,z=0}",21,4,MovementTraverse,126,85,85,,
6083,0,Husk,T3/71,MOVING,64.652,4.000,0.500,"GoalBlock{x=80,y=4,z=0}",21,4,MovementTraverse,126,85,85,,
6084,0,Husk,T3/71,MOVING,64.933,4.000,0.500,"GoalBlock{x=80,y=4,z=0}",21,4,MovementTraverse,126,85,85,,
6085,0,Husk,T3/71,MOVING,65.214,4.000,0.500,"GoalBlock{x=80,y=4,z=0}",21,4,MovementTraverse,126,85,85,,
6086,0,Husk,T3/71,MOVING,65.494,4.000,0.500,"GoalBlock{x=80,y=4,z=0}",21,5,MovementTraverse,126,85,85,,
6087,0,Husk,T3/71,MOVING,65.775,4.000,0.500,"GoalBlock{x=80,y=4,z=0}",21,5,MovementTraverse,126,85,85,,
6088,0,Husk,T3/71,MOVING,66.055,4.000,0.500,"GoalBlock{x=80,y=4,z=0}",21,5,MovementTraverse,126,85,85,,
6089,0,Husk,T3/71,MOVING,66.336,4.000,0.500,"GoalBlock{x=80,y=4,z=0}",21,6,MovementTraverse,126,85,85,,
6090,0,Husk,T3/71,MOVING,66.617,4.000,0.500,"GoalBlock{x=80,y=4,z=0}",21,6,MovementTraverse,126,85,85,,
6091,0,Husk,T3/71,MOVING,66.897,4.000,0.500,"GoalBlock{x=80,y=4,z=0}",21,6,MovementTraverse,126,85,85,,
6092,0,Husk,T3/71,MOVING,67.178,4.000,0.500,"GoalBlock{x=80,y=4,z=0}",21,6,MovementTraverse,126,85,85,,
6093,0,Husk,T3/71,MOVING,67.459,4.000,0.500,"GoalBlock{x=80,y=4,z=0}",21,7,MovementTraverse,126,85,85,,
6094,0,Husk,T3/71,MOVING,67.739,4.000,0.500,"GoalBlock{x=80,y=4,z=0}",21,7,MovementTraverse,126,85,85,,
6095,0,Husk,T3/71,MOVING,68.020,4.000,0.500,"GoalBlock{x=80,y=4,z=0}",21,7,MovementTraverse,126,85,85,,
6096,0,Husk,T3/71,MOVING,68.300,4.000,0.500,"GoalBlock{x=80,y=4,z=0}",21,8,MovementTraverse,126,85,85,,
6097,0,Husk,T3/71,MOVING,68.581,4.000,0.500,"GoalBlock{x=80,y=4,z=0}",21,8,MovementTraverse,126,85,85,,
6098,0,Husk,T3/71,MOVING,68.862,4.000,0.500,"GoalBlock{x=80,y=4,z=0}",21,8,MovementTraverse,126,85,85,,
6099,0,Husk,T3/71,MOVING,69.142,4.000,0.500,"GoalBlock{x=80,y=4,z=0}",21,8,MovementTraverse,126,85,85,,
6100,0,Husk,T3/71,MOVING,69.295,4.000,0.500,"GoalBlock{x=80,y=4,z=0}",21,9,MovementTraverse,126,85,85,,
6101,0,Husk,T3/71,MOVING,69.507,4.000,0.500,"GoalBlock{x=80,y=4,z=0}",21,9,MovementTraverse,126,85,85,,
6102,0,Husk,T3/71,MOVING,69.749,4.000,0.500,"GoalBlock{x=80,y=4,z=0}",21,9,MovementTraverse,126,85,85,,
6103,0,Husk,T3/71,MOVING,70.009,4.000,0.500,"GoalBlock{x=80,y=4,z=0}",21,9,MovementTraverse,126,85,85,,
6104,0,Husk,T3/71,MOVING,70.278,4.000,0.500,"GoalBlock{x=80,y=4,z=0}",21,10,MovementTraverse,126,85,85,,
6105,0,Husk,T3/71,MOVING,70.553,4.000,0.500,"GoalBlock{x=80,y=4,z=0}",21,10,MovementTraverse,126,85,85,,
6106,0,Husk,T3/71,MOVING,70.830,4.000,0.500,"GoalBlock{x=80,y=4,z=0}",21,10,MovementTraverse,126,85,85,,
6107,0,Husk,T3/71,MOVING,71.109,4.000,0.500,"GoalBlock{x=80,y=4,z=0}",21,10,MovementTraverse,126,85,85,,
6108,0,Husk,T3/71,MOVING,71.388,4.000,0.500,"GoalBlock{x=80,y=4,z=0}",21,11,MovementTraverse,126,85,85,,
6109,0,Husk,T3/71,MOVING,71.668,4.000,0.500,"GoalBlock{x=80,y=4,z=0}",21,11,MovementTraverse,126,85,85,,
6110,0,Husk,T3/71,MOVING,71.949,4.000,0.500,"GoalBlock{x=80,y=4,z=0}",21,11,MovementTraverse,126,85,85,,
6111,0,Husk,T3/71,MOVING,72.229,4.000,0.500,"GoalBlock{x=80,y=4,z=0}",21,11,MovementTraverse,126,85,85,,
6112,0,Husk,T3/71,MOVING,72.510,4.000,0.500,"GoalBlock{x=80,y=4,z=0}",21,12,MovementTraverse,126,85,85,,
6113,0,Husk,T3/71,MOVING,72.790,4.000,0.500,"GoalBlock{x=80,y=4,z=0}",21,12,MovementTraverse,126,85,85,,
6114,0,Husk,T3/71,MOVING,73.071,4.000,0.500,"GoalBlock{x=80,y=4,z=0}",21,12,MovementTraverse,126,85,85,,
6115,0,Husk,T3/71,MOVING,73.352,4.000,0.500,"GoalBlock{x=80,y=4,z=0}",21,13,MovementTraverse,126,85,85,,
6116,0,Husk,T3/71,MOVING,73.632,4.000,0.500,"GoalBlock{x=80,y=4,z=0}",21,13,MovementTraverse,126,85,85,,
6117,0,Husk,T3/71,MOVING,73.913,4.000,0.500,"GoalBlock{x=80,y=4,z=0}",21,13,MovementTraverse,126,85,85,,
6118,0,Husk,T3/71,MOVING,74.193,4.000,0.500,"GoalBlock{x=80,y=4,z=0}",21,13,MovementTraverse,126,85,85,,
6119,0,Husk,T3/71,MOVING,74.474,4.000,0.500,"GoalBlock{x=80,y=4,z=0}",21,14,MovementTraverse,126,85,85,,
6120,0,Husk,T3/71,MOVING,74.755,4.000,0.500,"GoalBlock{x=80,y=4,z=0}",21,14,MovementTraverse,126,85,85,,
6121,0,Husk,T3/71,MOVING,75.035,4.000,0.500,"GoalBlock{x=80,y=4,z=0}",21,14,MovementTraverse,126,85,85,,
6122,0,Husk,T3/71,MOVING,75.316,4.000,0.500,"GoalBlock{x=80,y=4,z=0}",21,15,MovementTraverse,126,85,85,,
6123,0,Husk,T3/71,MOVING,75.596,4.000,0.500,"GoalBlock{x=80,y=4,z=0}",21,15,MovementTraverse,126,85,85,,
6124,0,Husk,T3/71,MOVING,75.877,4.000,0.500,"GoalBlock{x=80,y=4,z=0}",21,15,MovementTraverse,126,85,85,,
6125,0,Husk,T3/71,MOVING,76.158,4.000,0.500,"GoalBlock{x=80,y=4,z=0}",21,15,MovementTraverse,126,85,85,,
6126,0,Husk,T3/71,MOVING,76.438,4.000,0.500,"GoalBlock{x=80,y=4,z=0}",21,16,MovementTraverse,126,85,85,,
6127,0,Husk,T3/71,MOVING,76.719,4.000,0.500,"GoalBlock{x=80,y=4,z=0}",21,16,MovementTraverse,126,85,85,,
6128,0,Husk,T3/71,MOVING,77.000,4.000,0.500,"GoalBlock{x=80,y=4,z=0}",21,16,MovementTraverse,126,85,85,,
6129,0,Husk,T3/71,MOVING,77.280,4.000,0.500,"GoalBlock{x=80,y=4,z=0}",21,16,MovementTraverse,126,85,85,,
6130,0,Husk,T3/71,MOVING,77.561,4.000,0.500,"GoalBlock{x=80,y=4,z=0}",21,17,MovementTraverse,126,85,85,,
6131,0,Husk,T3/71,MOVING,77.841,4.000,0.500,"GoalBlock{x=80,y=4,z=0}",21,17,MovementTraverse,126,85,85,,
6132,0,Husk,T3/71,MOVING,78.122,4.000,0.500,"GoalBlock{x=80,y=4,z=0}",21,17,MovementTraverse,126,85,85,,
6133,0,Husk,T3/71,MOVING,78.403,4.000,0.500,"GoalBlock{x=80,y=4,z=0}",21,18,MovementTraverse,126,85,85,,
6134,0,Husk,T3/71,MOVING,78.683,4.000,0.500,"GoalBlock{x=80,y=4,z=0}",21,18,MovementTraverse,126,85,85,,
6135,0,Husk,T3/71,MOVING,78.964,4.000,0.500,"GoalBlock{x=80,y=4,z=0}",21,18,MovementTraverse,126,85,85,,
6136,0,Husk,T3/71,MOVING,79.244,4.000,0.500,"GoalBlock{x=80,y=4,z=0}",21,18,MovementTraverse,126,85,85,,
6137,0,Husk,T3/71,MOVING,79.525,4.000,0.500,"GoalBlock{x=80,y=4,z=0}",21,19,MovementTraverse,126,85,85,,
6138,0,Husk,T3/71,MOVING,79.806,4.000,0.500,"GoalBlock{x=80,y=4,z=0}",21,19,MovementTraverse,126,85,85,,
6139,0,Husk,T3/71,MOVING,80.086,4.000,0.500,"GoalBlock{x=80,y=4,z=0}",21,19,MovementTraverse,126,85,85,,
6140,0,Husk,T3/71,ARRIVED,80.240,4.000,0.500,,-1,-1,,126,85,85,,CANCELED
6141,0,Husk,T3/72,ARRIVED,60.500,4.000,12.500,,-1,-1,,126,85,85,,CANCELED|CANCELED
6142,0,Husk,T3/72,ARRIVED,60.500,4.000,12.500,,-1,-1,,126,85,85,,
6143,0,Husk,T3/72,ARRIVED,60.500,4.000,12.500,,-1,-1,,126,85,85,,
6144,0,Husk,T3/72,ARRIVED,60.500,4.000,12.500,,-1,-1,,126,85,85,,
6145,0,Husk,T3/72,ARRIVED,60.500,4.000,12.500,,-1,-1,,126,85,85,,
6146,0,Husk,T3/72,ARRIVED,60.500,4.000,12.500,,-1,-1,,126,85,85,,
6147,0,Husk,T3/72,ARRIVED,60.500,4.000,12.500,,-1,-1,,126,85,85,,
6148,0,Husk,T3/72,ARRIVED,60.500,4.000,12.500,,-1,-1,,126,85,85,,
6149,0,Husk,T3/72,ARRIVED,60.500,4.000,12.500,,-1,-1,,126,85,85,,
6150,0,Husk,T3/72,ARRIVED,60.500,4.000,12.500,,-1,-1,,126,85,85,,
6151,0,Husk,T3/72,SEARCHING,60.500,4.000,12.500,"GoalBlock{x=80,y=4,z=12}",-1,-1,,126,86,86,,CALC_STARTED
6152,0,Husk,T3/72,MOVING,60.627,4.000,12.500,"GoalBlock{x=80,y=4,z=12}",10,0,MovementTraverse,377,87,87,,CALC_FINISHED_NOW_EXECUTING|NEXT_SEGMENT_CALC_STARTED
6153,0,Husk,T3/72,MOVING,60.824,4.000,12.500,"GoalBlock{x=80,y=4,z=12}",10,0,MovementTraverse,411,87,87,,NEXT_CALC_FAILED
6154,0,Husk,T3/72,MOVING,61.059,4.000,12.500,"GoalBlock{x=80,y=4,z=12}",10,0,MovementTraverse,411,87,87,,
6155,0,Husk,T3/72,MOVING,61.315,4.000,12.500,"GoalBlock{x=80,y=4,z=12}",10,1,MovementTraverse,411,87,87,,
6156,0,Husk,T3/72,MOVING,61.582,4.000,12.500,"GoalBlock{x=80,y=4,z=12}",10,1,MovementTraverse,411,87,87,,
6157,0,Husk,T3/72,MOVING,61.855,4.000,12.500,"GoalBlock{x=80,y=4,z=12}",10,1,MovementTraverse,411,87,87,,
6158,0,Husk,T3/72,MOVING,62.132,4.000,12.500,"GoalBlock{x=80,y=4,z=12}",10,1,MovementTraverse,411,87,87,,
6159,0,Husk,T3/72,MOVING,62.410,4.000,12.500,"GoalBlock{x=80,y=4,z=12}",10,2,MovementTraverse,411,87,87,,
6160,0,Husk,T3/72,MOVING,62.690,4.000,12.500,"GoalBlock{x=80,y=4,z=12}",10,2,MovementTraverse,411,87,87,,
6161,0,Husk,T3/72,MOVING,62.969,4.000,12.500,"GoalBlock{x=80,y=4,z=12}",10,2,MovementTraverse,411,87,87,,
6162,0,Husk,T3/72,MOVING,63.250,4.000,12.500,"GoalBlock{x=80,y=4,z=12}",10,2,MovementTraverse,411,87,87,,
6163,0,Husk,T3/72,MOVING,63.530,4.000,12.500,"GoalBlock{x=80,y=4,z=12}",10,3,MovementTraverse,411,87,87,,
6164,0,Husk,T3/72,MOVING,63.811,4.000,12.500,"GoalBlock{x=80,y=4,z=12}",10,3,MovementTraverse,411,87,87,,
6165,0,Husk,T3/72,MOVING,64.091,4.000,12.500,"GoalBlock{x=80,y=4,z=12}",10,3,MovementTraverse,411,87,87,,
6166,0,Husk,T3/72,MOVING,64.372,4.000,12.500,"GoalBlock{x=80,y=4,z=12}",10,4,MovementTraverse,411,87,87,,
6167,0,Husk,T3/72,MOVING,64.652,4.000,12.500,"GoalBlock{x=80,y=4,z=12}",10,4,MovementTraverse,411,87,87,,
6168,0,Husk,T3/72,MOVING,64.933,4.000,12.500,"GoalBlock{x=80,y=4,z=12}",10,4,MovementTraverse,411,87,87,,
6169,0,Husk,T3/72,MOVING,65.214,4.000,12.500,"GoalBlock{x=80,y=4,z=12}",10,4,MovementTraverse,411,87,87,,
6170,0,Husk,T3/72,MOVING,65.494,4.000,12.500,"GoalBlock{x=80,y=4,z=12}",10,5,MovementTraverse,411,87,87,,
6171,0,Husk,T3/72,MOVING,65.775,4.000,12.500,"GoalBlock{x=80,y=4,z=12}",10,5,MovementTraverse,411,87,87,,
6172,0,Husk,T3/72,MOVING,66.055,4.000,12.500,"GoalBlock{x=80,y=4,z=12}",10,5,MovementTraverse,411,87,87,,
6173,0,Husk,T3/72,MOVING,66.336,4.000,12.500,"GoalBlock{x=80,y=4,z=12}",10,6,MovementTraverse,411,87,87,,
6174,0,Husk,T3/72,MOVING,66.617,4.000,12.500,"GoalBlock{x=80,y=4,z=12}",10,6,MovementTraverse,411,87,87,,
6175,0,Husk,T3/72,MOVING,66.897,4.000,12.500,"GoalBlock{x=80,y=4,z=12}",10,6,MovementTraverse,411,87,87,,
6176,0,Husk,T3/72,MOVING,67.178,4.000,12.500,"GoalBlock{x=80,y=4,z=12}",10,6,MovementTraverse,411,87,87,,
6177,0,Husk,T3/72,MOVING,67.459,4.000,12.500,"GoalBlock{x=80,y=4,z=12}",10,7,MovementTraverse,411,87,87,,
6178,0,Husk,T3/72,MOVING,67.739,4.000,12.500,"GoalBlock{x=80,y=4,z=12}",10,7,MovementTraverse,411,87,87,,
6179,0,Husk,T3/72,MOVING,68.020,4.000,12.500,"GoalBlock{x=80,y=4,z=12}",10,7,MovementTraverse,411,87,87,,
6180,0,Husk,T3/72,MOVING,68.300,4.000,12.500,"GoalBlock{x=80,y=4,z=12}",10,8,MovementTraverse,411,87,87,,
6181,0,Husk,T3/72,MOVING,68.581,4.000,12.500,"GoalBlock{x=80,y=4,z=12}",10,8,MovementTraverse,411,87,87,,
6182,0,Husk,T3/72,MOVING,68.862,4.000,12.500,"GoalBlock{x=80,y=4,z=12}",10,8,MovementTraverse,411,87,87,,
6183,0,Husk,T3/72,MOVING,69.142,4.000,12.500,"GoalBlock{x=80,y=4,z=12}",10,8,MovementTraverse,411,87,87,,
6184,0,Husk,T3/72,SEARCHING,69.295,4.000,12.500,"GoalBlock{x=80,y=4,z=12}",-1,-1,,411,88,88,,CALC_STARTED
6185,0,Husk,T3/72,FAILED,69.379,4.000,12.500,,-1,-1,,353,88,88,no_path,CALC_FAILED
6186,0,Husk,T3/72,FAILED,69.425,4.000,12.500,,-1,-1,,353,88,88,no_path,
6187,0,Husk,T3/73,FAILED,60.500,4.000,24.500,,-1,-1,,353,88,88,no_path,CANCELED|CANCELED
6188,0,Husk,T3/73,FAILED,60.500,4.000,24.500,,-1,-1,,353,88,88,no_path,
6189,0,Husk,T3/73,FAILED,60.500,4.000,24.500,,-1,-1,,353,88,88,no_path,
6190,0,Husk,T3/73,FAILED,60.500,4.000,24.500,,-1,-1,,353,88,88,no_path,
6191,0,Husk,T3/73,FAILED,60.500,4.000,24.500,,-1,-1,,353,88,88,no_path,
6192,0,Husk,T3/73,FAILED,60.500,4.000,24.500,,-1,-1,,353,88,88,no_path,
6193,0,Husk,T3/73,FAILED,60.500,4.000,24.500,,-1,-1,,353,88,88,no_path,
6194,0,Husk,T3/73,FAILED,60.500,4.000,24.500,,-1,-1,,353,88,88,no_path,
6195,0,Husk,T3/73,FAILED,60.500,4.000,24.500,,-1,-1,,353,88,88,no_path,
6196,0,Husk,T3/73,FAILED,60.500,4.000,24.500,,-1,-1,,353,88,88,no_path,
6197,0,Husk,T3/73,SEARCHING,60.500,4.000,24.500,"GoalBlock{x=80,y=4,z=24}",-1,-1,,353,89,89,,CALC_STARTED
6198,0,Husk,T3/73,MOVING,60.627,4.000,24.500,"GoalBlock{x=80,y=4,z=24}",21,0,MovementTraverse,106,89,89,,CALC_FINISHED_NOW_EXECUTING
6199,0,Husk,T3/73,MOVING,60.824,4.000,24.500,"GoalBlock{x=80,y=4,z=24}",21,0,MovementTraverse,106,89,89,,
6200,0,Husk,T3/73,MOVING,61.059,4.000,24.500,"GoalBlock{x=80,y=4,z=24}",21,0,MovementTraverse,106,89,89,,
6201,0,Husk,T3/73,MOVING,61.315,4.000,24.500,"GoalBlock{x=80,y=4,z=24}",21,1,MovementTraverse,106,89,89,,
6202,0,Husk,T3/73,MOVING,61.582,4.000,24.500,"GoalBlock{x=80,y=4,z=24}",21,1,MovementTraverse,106,89,89,,
6203,0,Husk,T3/73,MOVING,61.855,4.000,24.500,"GoalBlock{x=80,y=4,z=24}",21,1,MovementTraverse,106,89,89,,
6204,0,Husk,T3/73,MOVING,62.132,4.000,24.500,"GoalBlock{x=80,y=4,z=24}",21,1,MovementTraverse,106,89,89,,
6205,0,Husk,T3/73,MOVING,62.410,4.000,24.500,"GoalBlock{x=80,y=4,z=24}",21,2,MovementTraverse,106,89,89,,
6206,0,Husk,T3/73,MOVING,62.690,4.000,24.500,"GoalBlock{x=80,y=4,z=24}",21,2,MovementTraverse,106,89,89,,
6207,0,Husk,T3/73,MOVING,62.969,4.000,24.500,"GoalBlock{x=80,y=4,z=24}",21,2,MovementTraverse,106,89,89,,
6208,0,Husk,T3/73,MOVING,63.250,4.000,24.500,"GoalBlock{x=80,y=4,z=24}",21,2,MovementTraverse,106,89,89,,
6209,0,Husk,T3/73,MOVING,63.530,4.000,24.500,"GoalBlock{x=80,y=4,z=24}",21,3,MovementTraverse,106,89,89,,
6210,0,Husk,T3/73,MOVING,63.811,4.000,24.500,"GoalBlock{x=80,y=4,z=24}",21,3,MovementTraverse,106,89,89,,
6211,0,Husk,T3/73,MOVING,64.091,4.000,24.500,"GoalBlock{x=80,y=4,z=24}",21,3,MovementTraverse,106,89,89,,
6212,0,Husk,T3/73,MOVING,64.372,4.000,24.500,"GoalBlock{x=80,y=4,z=24}",21,4,MovementTraverse,106,89,89,,
6213,0,Husk,T3/73,MOVING,64.652,4.000,24.500,"GoalBlock{x=80,y=4,z=24}",21,4,MovementTraverse,106,89,89,,
6214,0,Husk,T3/73,MOVING,64.933,4.000,24.500,"GoalBlock{x=80,y=4,z=24}",21,4,MovementTraverse,106,89,89,,
6215,0,Husk,T3/73,MOVING,65.214,4.000,24.500,"GoalBlock{x=80,y=4,z=24}",21,4,MovementTraverse,106,89,89,,
6216,0,Husk,T3/73,MOVING,65.494,4.000,24.500,"GoalBlock{x=80,y=4,z=24}",21,5,MovementTraverse,106,89,89,,
6217,0,Husk,T3/73,MOVING,65.775,4.000,24.500,"GoalBlock{x=80,y=4,z=24}",21,5,MovementTraverse,106,89,89,,
6218,0,Husk,T3/73,MOVING,66.055,4.000,24.500,"GoalBlock{x=80,y=4,z=24}",21,5,MovementTraverse,106,89,89,,
6219,0,Husk,T3/73,MOVING,66.336,4.000,24.500,"GoalBlock{x=80,y=4,z=24}",21,6,MovementTraverse,106,89,89,,
6220,0,Husk,T3/73,MOVING,66.617,4.000,24.500,"GoalBlock{x=80,y=4,z=24}",21,6,MovementTraverse,106,89,89,,
6221,0,Husk,T3/73,MOVING,66.897,4.000,24.500,"GoalBlock{x=80,y=4,z=24}",21,6,MovementTraverse,106,89,89,,
6222,0,Husk,T3/73,MOVING,67.178,4.000,24.500,"GoalBlock{x=80,y=4,z=24}",21,6,MovementTraverse,106,89,89,,
6223,0,Husk,T3/73,MOVING,67.459,4.000,24.500,"GoalBlock{x=80,y=4,z=24}",21,7,MovementTraverse,106,89,89,,
6224,0,Husk,T3/73,MOVING,67.739,4.000,24.500,"GoalBlock{x=80,y=4,z=24}",21,7,MovementTraverse,106,89,89,,
6225,0,Husk,T3/73,MOVING,68.020,4.000,24.500,"GoalBlock{x=80,y=4,z=24}",21,7,MovementTraverse,106,89,89,,
6226,0,Husk,T3/73,MOVING,68.300,4.000,24.500,"GoalBlock{x=80,y=4,z=24}",21,8,MovementTraverse,106,89,89,,
6227,0,Husk,T3/73,MOVING,68.581,4.000,24.500,"GoalBlock{x=80,y=4,z=24}",21,8,MovementTraverse,106,89,89,,
6228,0,Husk,T3/73,MOVING,68.862,4.000,24.500,"GoalBlock{x=80,y=4,z=24}",21,8,MovementTraverse,106,89,89,,
6229,0,Husk,T3/73,MOVING,69.142,4.000,24.500,"GoalBlock{x=80,y=4,z=24}",21,8,MovementTraverse,106,89,89,,
6230,0,Husk,T3/73,MOVING,69.295,4.000,24.500,"GoalBlock{x=80,y=4,z=24}",21,9,MovementTraverse,106,89,89,,
6231,0,Husk,T3/73,MOVING,69.507,4.000,24.500,"GoalBlock{x=80,y=4,z=24}",21,9,MovementTraverse,106,89,89,,
6232,0,Husk,T3/73,MOVING,69.749,4.000,24.500,"GoalBlock{x=80,y=4,z=24}",21,9,MovementTraverse,106,89,89,,
6233,0,Husk,T3/73,MOVING,70.009,4.000,24.500,"GoalBlock{x=80,y=4,z=24}",21,9,MovementTraverse,106,89,89,,
6234,0,Husk,T3/73,MOVING,70.278,4.000,24.500,"GoalBlock{x=80,y=4,z=24}",21,10,MovementTraverse,106,89,89,,
6235,0,Husk,T3/73,MOVING,70.553,4.000,24.500,"GoalBlock{x=80,y=4,z=24}",21,10,MovementTraverse,106,89,89,,
6236,0,Husk,T3/73,MOVING,70.830,4.000,24.500,"GoalBlock{x=80,y=4,z=24}",21,10,MovementTraverse,106,89,89,,
6237,0,Husk,T3/73,MOVING,71.109,4.000,24.500,"GoalBlock{x=80,y=4,z=24}",21,10,MovementTraverse,106,89,89,,
6238,0,Husk,T3/73,MOVING,71.388,4.000,24.500,"GoalBlock{x=80,y=4,z=24}",21,11,MovementTraverse,106,89,89,,
6239,0,Husk,T3/73,MOVING,71.668,4.000,24.500,"GoalBlock{x=80,y=4,z=24}",21,11,MovementTraverse,106,89,89,,
6240,0,Husk,T3/73,MOVING,71.949,4.000,24.500,"GoalBlock{x=80,y=4,z=24}",21,11,MovementTraverse,106,89,89,,
6241,0,Husk,T3/73,MOVING,72.229,4.000,24.500,"GoalBlock{x=80,y=4,z=24}",21,11,MovementTraverse,106,89,89,,
6242,0,Husk,T3/73,MOVING,72.510,4.000,24.500,"GoalBlock{x=80,y=4,z=24}",21,12,MovementTraverse,106,89,89,,
6243,0,Husk,T3/73,MOVING,72.790,4.000,24.500,"GoalBlock{x=80,y=4,z=24}",21,12,MovementTraverse,106,89,89,,
6244,0,Husk,T3/73,MOVING,73.071,4.000,24.500,"GoalBlock{x=80,y=4,z=24}",21,12,MovementTraverse,106,89,89,,
6245,0,Husk,T3/73,MOVING,73.352,4.000,24.500,"GoalBlock{x=80,y=4,z=24}",21,13,MovementTraverse,106,89,89,,
6246,0,Husk,T3/73,MOVING,73.632,4.000,24.500,"GoalBlock{x=80,y=4,z=24}",21,13,MovementTraverse,106,89,89,,
6247,0,Husk,T3/73,MOVING,73.913,4.000,24.500,"GoalBlock{x=80,y=4,z=24}",21,13,MovementTraverse,106,89,89,,
6248,0,Husk,T3/73,MOVING,74.193,4.000,24.500,"GoalBlock{x=80,y=4,z=24}",21,13,MovementTraverse,106,89,89,,
6249,0,Husk,T3/73,MOVING,74.474,4.000,24.500,"GoalBlock{x=80,y=4,z=24}",21,14,MovementTraverse,106,89,89,,
6250,0,Husk,T3/73,MOVING,74.755,4.000,24.500,"GoalBlock{x=80,y=4,z=24}",21,14,MovementTraverse,106,89,89,,
6251,0,Husk,T3/73,MOVING,75.035,4.000,24.500,"GoalBlock{x=80,y=4,z=24}",21,14,MovementTraverse,106,89,89,,
6252,0,Husk,T3/73,MOVING,75.316,4.000,24.500,"GoalBlock{x=80,y=4,z=24}",21,15,MovementTraverse,106,89,89,,
6253,0,Husk,T3/73,MOVING,75.596,4.000,24.500,"GoalBlock{x=80,y=4,z=24}",21,15,MovementTraverse,106,89,89,,
6254,0,Husk,T3/73,MOVING,75.877,4.000,24.500,"GoalBlock{x=80,y=4,z=24}",21,15,MovementTraverse,106,89,89,,
6255,0,Husk,T3/73,MOVING,76.158,4.000,24.500,"GoalBlock{x=80,y=4,z=24}",21,15,MovementTraverse,106,89,89,,
6256,0,Husk,T3/73,MOVING,76.438,4.000,24.500,"GoalBlock{x=80,y=4,z=24}",21,16,MovementTraverse,106,89,89,,
6257,0,Husk,T3/73,MOVING,76.719,4.000,24.500,"GoalBlock{x=80,y=4,z=24}",21,16,MovementTraverse,106,89,89,,
6258,0,Husk,T3/73,MOVING,77.000,4.000,24.500,"GoalBlock{x=80,y=4,z=24}",21,16,MovementTraverse,106,89,89,,
6259,0,Husk,T3/73,MOVING,77.280,4.000,24.500,"GoalBlock{x=80,y=4,z=24}",21,16,MovementTraverse,106,89,89,,
6260,0,Husk,T3/73,MOVING,77.561,4.000,24.500,"GoalBlock{x=80,y=4,z=24}",21,17,MovementTraverse,106,89,89,,
6261,0,Husk,T3/73,MOVING,77.841,4.000,24.500,"GoalBlock{x=80,y=4,z=24}",21,17,MovementTraverse,106,89,89,,
6262,0,Husk,T3/73,MOVING,78.122,4.000,24.500,"GoalBlock{x=80,y=4,z=24}",21,17,MovementTraverse,106,89,89,,
6263,0,Husk,T3/73,MOVING,78.403,4.000,24.500,"GoalBlock{x=80,y=4,z=24}",21,18,MovementTraverse,106,89,89,,
6264,0,Husk,T3/73,MOVING,78.683,4.000,24.500,"GoalBlock{x=80,y=4,z=24}",21,18,MovementTraverse,106,89,89,,
6265,0,Husk,T3/73,MOVING,78.964,4.000,24.500,"GoalBlock{x=80,y=4,z=24}",21,18,MovementTraverse,106,89,89,,
6266,0,Husk,T3/73,MOVING,79.244,4.000,24.500,"GoalBlock{x=80,y=4,z=24}",21,18,MovementTraverse,106,89,89,,
6267,0,Husk,T3/73,MOVING,79.525,4.000,24.500,"GoalBlock{x=80,y=4,z=24}",21,19,MovementTraverse,106,89,89,,
6268,0,Husk,T3/73,MOVING,79.806,4.000,24.500,"GoalBlock{x=80,y=4,z=24}",21,19,MovementTraverse,106,89,89,,
6269,0,Husk,T3/73,MOVING,80.086,4.000,24.500,"GoalBlock{x=80,y=4,z=24}",21,19,MovementTraverse,106,89,89,,
6270,0,Husk,T3/73,ARRIVED,80.240,4.000,24.500,,-1,-1,,106,89,89,,CANCELED
6271,0,Husk,T3/74,ARRIVED,60.500,4.000,36.500,,-1,-1,,106,89,89,,CANCELED|CANCELED
6272,0,Husk,T3/74,ARRIVED,60.500,4.000,36.500,,-1,-1,,106,89,89,,
6273,0,Husk,T3/74,ARRIVED,60.500,4.000,36.500,,-1,-1,,106,89,89,,
6274,0,Husk,T3/74,ARRIVED,60.500,4.000,36.500,,-1,-1,,106,89,89,,
6275,0,Husk,T3/74,ARRIVED,60.500,4.000,36.500,,-1,-1,,106,89,89,,
6276,0,Husk,T3/74,ARRIVED,60.500,4.000,36.500,,-1,-1,,106,89,89,,
6277,0,Husk,T3/74,ARRIVED,60.500,4.000,36.500,,-1,-1,,106,89,89,,
6278,0,Husk,T3/74,ARRIVED,60.500,4.000,36.500,,-1,-1,,106,89,89,,
6279,0,Husk,T3/74,ARRIVED,60.500,4.000,36.500,,-1,-1,,106,89,89,,
6280,0,Husk,T3/74,ARRIVED,60.500,4.000,36.500,,-1,-1,,106,89,89,,
6281,0,Husk,T3/74,SEARCHING,60.500,4.000,36.500,"GoalBlock{x=75,y=9,z=36}",-1,-1,,106,90,90,,CALC_STARTED
6282,0,Husk,T3/74,MOVING,60.627,4.000,36.500,"GoalBlock{x=75,y=9,z=36}",20,0,MovementTraverse,276,90,90,,CALC_FINISHED_NOW_EXECUTING
6283,0,Husk,T3/74,MOVING,60.824,4.000,36.500,"GoalBlock{x=75,y=9,z=36}",20,0,MovementTraverse,276,90,90,,
6284,0,Husk,T3/74,MOVING,61.059,4.000,36.500,"GoalBlock{x=75,y=9,z=36}",20,0,MovementTraverse,276,90,90,,
6285,0,Husk,T3/74,MOVING,61.315,4.000,36.500,"GoalBlock{x=75,y=9,z=36}",20,1,MovementTraverse,276,90,90,,
6286,0,Husk,T3/74,MOVING,61.582,4.000,36.500,"GoalBlock{x=75,y=9,z=36}",20,1,MovementTraverse,276,90,90,,
6287,0,Husk,T3/74,MOVING,61.855,4.000,36.500,"GoalBlock{x=75,y=9,z=36}",20,1,MovementTraverse,276,90,90,,
6288,0,Husk,T3/74,MOVING,62.132,4.000,36.500,"GoalBlock{x=75,y=9,z=36}",20,1,MovementTraverse,276,90,90,,
6289,0,Husk,T3/74,MOVING,62.410,4.000,36.500,"GoalBlock{x=75,y=9,z=36}",20,2,MovementTraverse,276,90,90,,
6290,0,Husk,T3/74,MOVING,62.690,4.000,36.500,"GoalBlock{x=75,y=9,z=36}",20,2,MovementTraverse,276,90,90,,
6291,0,Husk,T3/74,MOVING,62.969,4.000,36.500,"GoalBlock{x=75,y=9,z=36}",20,2,MovementTraverse,276,90,90,,
6292,0,Husk,T3/74,MOVING,63.250,4.000,36.500,"GoalBlock{x=75,y=9,z=36}",20,2,MovementTraverse,276,90,90,,
6293,0,Husk,T3/74,MOVING,63.530,4.000,36.500,"GoalBlock{x=75,y=9,z=36}",20,3,MovementTraverse,276,90,90,,
6294,0,Husk,T3/74,MOVING,63.811,4.000,36.500,"GoalBlock{x=75,y=9,z=36}",20,3,MovementTraverse,276,90,90,,
6295,0,Husk,T3/74,MOVING,64.091,4.000,36.500,"GoalBlock{x=75,y=9,z=36}",20,3,MovementTraverse,276,90,90,,
6296,0,Husk,T3/74,MOVING,64.372,4.000,36.500,"GoalBlock{x=75,y=9,z=36}",20,4,MovementTraverse,276,90,90,,
6297,0,Husk,T3/74,MOVING,64.652,4.000,36.500,"GoalBlock{x=75,y=9,z=36}",20,4,MovementTraverse,276,90,90,,
6298,0,Husk,T3/74,MOVING,64.933,4.000,36.500,"GoalBlock{x=75,y=9,z=36}",20,4,MovementTraverse,276,90,90,,
6299,0,Husk,T3/74,MOVING,65.214,4.000,36.500,"GoalBlock{x=75,y=9,z=36}",20,4,MovementTraverse,276,90,90,,
6300,0,Husk,T3/74,MOVING,65.494,4.000,36.500,"GoalBlock{x=75,y=9,z=36}",20,5,MovementTraverse,276,90,90,,
6301,0,Husk,T3/74,MOVING,65.775,4.000,36.500,"GoalBlock{x=75,y=9,z=36}",20,5,MovementTraverse,276,90,90,,
6302,0,Husk,T3/74,MOVING,66.055,4.000,36.500,"GoalBlock{x=75,y=9,z=36}",20,5,MovementTraverse,276,90,90,,
6303,0,Husk,T3/74,MOVING,66.336,4.000,36.500,"GoalBlock{x=75,y=9,z=36}",20,6,MovementTraverse,276,90,90,,
6304,0,Husk,T3/74,MOVING,66.617,4.000,36.500,"GoalBlock{x=75,y=9,z=36}",20,6,MovementTraverse,276,90,90,,
6305,0,Husk,T3/74,MOVING,66.897,4.000,36.500,"GoalBlock{x=75,y=9,z=36}",20,6,MovementTraverse,276,90,90,,
6306,0,Husk,T3/74,MOVING,67.178,4.000,36.500,"GoalBlock{x=75,y=9,z=36}",20,6,MovementTraverse,276,90,90,,
6307,0,Husk,T3/74,MOVING,67.459,4.000,36.500,"GoalBlock{x=75,y=9,z=36}",20,7,MovementTraverse,276,90,90,,
6308,0,Husk,T3/74,MOVING,67.739,4.000,36.500,"GoalBlock{x=75,y=9,z=36}",20,7,MovementTraverse,276,90,90,,
6309,0,Husk,T3/74,MOVING,68.020,4.000,36.500,"GoalBlock{x=75,y=9,z=36}",20,7,MovementTraverse,276,90,90,,
6310,0,Husk,T3/74,MOVING,68.271,4.420,36.500,"GoalBlock{x=75,y=9,z=36}",20,8,MovementAscend,276,90,90,,
6311,0,Husk,T3/74,MOVING,68.428,4.753,36.500,"GoalBlock{x=75,y=9,z=36}",20,8,MovementAscend,276,90,90,,
6312,0,Husk,T3/74,MOVING,68.590,5.001,36.500,"GoalBlock{x=75,y=9,z=36}",20,8,MovementAscend,276,90,90,,
6313,0,Husk,T3/74,MOVING,68.757,5.166,36.500,"GoalBlock{x=75,y=9,z=36}",20,8,MovementAscend,276,90,90,,
6314,0,Husk,T3/74,MOVING,68.929,5.249,36.500,"GoalBlock{x=75,y=9,z=36}",20,8,MovementAscend,276,90,90,,
6315,0,Husk,T3/74,MOVING,69.105,5.252,36.500,"GoalBlock{x=75,y=9,z=36}",20,8,MovementAscend,276,90,90,,
6316,0,Husk,T3/74,MOVING,69.255,5.177,36.500,"GoalBlock{x=75,y=9,z=36}",20,9,MovementPillar,276,90,90,,
6317,0,Husk,T3/74,MOVING,69.397,5.027,36.500,"GoalBlock{x=75,y=9,z=36}",20,9,MovementPillar,276,90,90,,
6318,0,Husk,T3/74,MOVING,69.512,4.877,36.500,"GoalBlock{x=75,y=9,z=36}",20,9,MovementPillar,276,90,90,,
6319,0,Husk,T3/74,MOVING,69.512,4.994,36.500,"GoalBlock{x=75,y=9,z=36}",20,9,MovementPillar,276,90,90,,
6320,0,Husk,T3/74,MOVING,69.512,5.112,36.500,"GoalBlock{x=75,y=9,z=36}",20,9,MovementPillar,276,90,90,,
6321,0,Husk,T3/74,MOVING,69.512,5.230,36.500,"GoalBlock{x=75,y=9,z=36}",20,9,MovementPillar,276,90,90,,
6322,0,Husk,T3/74,MOVING,69.512,5.347,36.500,"GoalBlock{x=75,y=9,z=36}",20,9,MovementPillar,276,90,90,,
6323,0,Husk,T3/74,MOVING,69.512,5.465,36.500,"GoalBlock{x=75,y=9,z=36}",20,9,MovementPillar,276,90,90,,
6324,0,Husk,T3/74,MOVING,69.512,5.582,36.500,"GoalBlock{x=75,y=9,z=36}",20,9,MovementPillar,276,90,90,,
6325,0,Husk,T3/74,MOVING,69.512,5.700,36.500,"GoalBlock{x=75,y=9,z=36}",20,9,MovementPillar,276,90,90,,
6326,0,Husk,T3/74,MOVING,69.512,5.818,36.500,"GoalBlock{x=75,y=9,z=36}",20,9,MovementPillar,276,90,90,,
6327,0,Husk,T3/74,MOVING,69.512,5.935,36.500,"GoalBlock{x=75,y=9,z=36}",20,9,MovementPillar,276,90,90,,
6328,0,Husk,T3/74,MOVING,69.512,6.053,36.500,"GoalBlock{x=75,y=9,z=36}",20,10,MovementPillar,276,90,90,,
6329,0,Husk,T3/74,MOVING,69.512,6.170,36.500,"GoalBlock{x=75,y=9,z=36}",20,10,MovementPillar,276,90,90,,
6330,0,Husk,T3/74,MOVING,69.512,6.288,36.500,"GoalBlock{x=75,y=9,z=36}",20,10,MovementPillar,276,90,90,,
6331,0,Husk,T3/74,MOVING,69.512,6.406,36.500,"GoalBlock{x=75,y=9,z=36}",20,10,MovementPillar,276,90,90,,
6332,0,Husk,T3/74,MOVING,69.512,6.523,36.500,"GoalBlock{x=75,y=9,z=36}",20,10,MovementPillar,276,90,90,,
6333,0,Husk,T3/74,MOVING,69.512,6.641,36.500,"GoalBlock{x=75,y=9,z=36}",20,10,MovementPillar,276,90,90,,
6334,0,Husk,T3/74,MOVING,69.512,6.758,36.500,"GoalBlock{x=75,y=9,z=36}",20,10,MovementPillar,276,90,90,,
6335,0,Husk,T3/74,MOVING,69.512,6.876,36.500,"GoalBlock{x=75,y=9,z=36}",20,10,MovementPillar,276,90,90,,
6336,0,Husk,T3/74,MOVING,69.512,6.994,36.500,"GoalBlock{x=75,y=9,z=36}",20,11,MovementPillar,276,90,90,,
6337,0,Husk,T3/74,MOVING,69.512,7.111,36.500,"GoalBlock{x=75,y=9,z=36}",20,11,MovementPillar,276,90,90,,
6338,0,Husk,T3/74,MOVING,69.512,7.229,36.500,"GoalBlock{x=75,y=9,z=36}",20,11,MovementPillar,276,90,90,,
6339,0,Husk,T3/74,MOVING,69.512,7.346,36.500,"GoalBlock{x=75,y=9,z=36}",20,11,MovementPillar,276,90,90,,
6340,0,Husk,T3/74,MOVING,69.512,7.464,36.500,"GoalBlock{x=75,y=9,z=36}",20,11,MovementPillar,276,90,90,,
6341,0,Husk,T3/74,MOVING,69.512,7.582,36.500,"GoalBlock{x=75,y=9,z=36}",20,11,MovementPillar,276,90,90,,
6342,0,Husk,T3/74,MOVING,69.512,7.699,36.500,"GoalBlock{x=75,y=9,z=36}",20,11,MovementPillar,276,90,90,,
6343,0,Husk,T3/74,MOVING,69.512,7.817,36.500,"GoalBlock{x=75,y=9,z=36}",20,11,MovementPillar,276,90,90,,
6344,0,Husk,T3/74,MOVING,69.512,7.934,36.500,"GoalBlock{x=75,y=9,z=36}",20,11,MovementPillar,276,90,90,,
6345,0,Husk,T3/74,MOVING,69.512,8.052,36.500,"GoalBlock{x=75,y=9,z=36}",20,12,MovementPillar,276,90,90,,
6346,0,Husk,T3/74,MOVING,69.512,8.170,36.500,"GoalBlock{x=75,y=9,z=36}",20,12,MovementPillar,276,90,90,,
6347,0,Husk,T3/74,MOVING,69.512,8.287,36.500,"GoalBlock{x=75,y=9,z=36}",20,12,MovementPillar,276,90,90,,
6348,0,Husk,T3/74,MOVING,69.512,8.405,36.500,"GoalBlock{x=75,y=9,z=36}",20,12,MovementPillar,276,90,90,,
6349,0,Husk,T3/74,MOVING,69.512,8.522,36.500,"GoalBlock{x=75,y=9,z=36}",20,12,MovementPillar,276,90,90,,
6350,0,Husk,T3/74,MOVING,69.512,8.640,36.500,"GoalBlock{x=75,y=9,z=36}",20,12,MovementPillar,276,90,90,,
6351,0,Husk,T3/74,MOVING,69.512,8.758,36.500,"GoalBlock{x=75,y=9,z=36}",20,12,MovementPillar,276,90,90,,
6352,0,Husk,T3/74,MOVING,69.512,8.875,36.500,"GoalBlock{x=75,y=9,z=36}",20,12,MovementPillar,276,90,90,,
6353,0,Husk,T3/74,MOVING,69.512,8.993,36.500,"GoalBlock{x=75,y=9,z=36}",20,13,MovementTraverse,276,90,90,,
6354,0,Husk,T3/74,MOVING,69.538,9.110,36.500,"GoalBlock{x=75,y=9,z=36}",20,13,MovementTraverse,276,90,90,,
6355,0,Husk,T3/74,MOVING,69.587,9.147,36.500,"GoalBlock{x=75,y=9,z=36}",20,13,MovementTraverse,276,90,90,,
6356,0,Husk,T3/74,MOVING,69.656,9.105,36.500,"GoalBlock{x=75,y=9,z=36}",20,13,MovementTraverse,276,90,90,,
6357,0,Husk,T3/74,MOVING,69.745,9.000,36.500,"GoalBlock{x=75,y=9,z=36}",20,13,MovementTraverse,276,90,90,,
6358,0,Husk,T3/74,MOVING,69.954,9.000,36.500,"GoalBlock{x=75,y=9,z=36}",20,13,MovementTraverse,276,90,90,,
6359,0,Husk,T3/74,MOVING,70.195,9.000,36.500,"GoalBlock{x=75,y=9,z=36}",20,13,MovementTraverse,276,90,90,,
6360,0,Husk,T3/74,MOVING,70.454,9.000,36.500,"GoalBlock{x=75,y=9,z=36}",20,14,MovementTraverse,276,90,90,,
6361,0,Husk,T3/74,MOVING,70.723,9.000,36.500,"GoalBlock{x=75,y=9,z=36}",20,14,MovementTraverse,276,90,90,,
6362,0,Husk,T3/74,MOVING,70.997,9.000,36.500,"GoalBlock{x=75,y=9,z=36}",20,14,MovementTraverse,276,90,90,,
6363,0,Husk,T3/74,MOVING,71.274,9.000,36.500,"GoalBlock{x=75,y=9,z=36}",20,14,MovementTraverse,276,90,90,,
6364,0,Husk,T3/74,MOVING,71.553,9.000,36.500,"GoalBlock{x=75,y=9,z=36}",20,15,MovementTraverse,276,90,90,,
6365,0,Husk,T3/74,MOVING,71.832,9.000,36.500,"GoalBlock{x=75,y=9,z=36}",20,15,MovementTraverse,276,90,90,,
6366,0,Husk,T3/74,MOVING,72.112,9.000,36.500,"GoalBlock{x=75,y=9,z=36}",20,15,MovementTraverse,276,90,90,,
6367,0,Husk,T3/74,MOVING,72.393,9.000,36.500,"GoalBlock{x=75,y=9,z=36}",20,16,MovementTraverse,276,90,90,,
6368,0,Husk,T3/74,MOVING,72.673,9.000,36.500,"GoalBlock{x=75,y=9,z=36}",20,16,MovementTraverse,276,90,90,,
6369,0,Husk,T3/74,MOVING,72.954,9.000,36.500,"GoalBlock{x=75,y=9,z=36}",20,16,MovementTraverse,276,90,90,,
6370,0,Husk,T3/74,MOVING,73.234,9.000,36.500,"GoalBlock{x=75,y=9,z=36}",20,16,MovementTraverse,276,90,90,,
6371,0,Husk,T3/74,MOVING,73.515,9.000,36.500,"GoalBlock{x=75,y=9,z=36}",20,17,MovementTraverse,276,90,90,,
6372,0,Husk,T3/74,MOVING,73.795,9.000,36.500,"GoalBlock{x=75,y=9,z=36}",20,17,MovementTraverse,276,90,90,,
6373,0,Husk,T3/74,MOVING,74.076,9.000,36.500,"GoalBlock{x=75,y=9,z=36}",20,17,MovementTraverse,276,90,90,,
6374,0,Husk,T3/74,MOVING,74.357,9.000,36.500,"GoalBlock{x=75,y=9,z=36}",20,18,MovementTraverse,276,90,90,,
6375,0,Husk,T3/74,MOVING,74.637,9.000,36.500,"GoalBlock{x=75,y=9,z=36}",20,18,MovementTraverse,276,90,90,,
6376,0,Husk,T3/74,MOVING,74.918,9.000,36.500,"GoalBlock{x=75,y=9,z=36}",20,18,MovementTraverse,276,90,90,,
6377,0,Husk,T3/74,MOVING,75.199,9.000,36.500,"GoalBlock{x=75,y=9,z=36}",20,18,MovementTraverse,276,90,90,,
6378,0,Husk,T3/74,ARRIVED,75.352,9.000,36.500,,-1,-1,,276,90,90,,CANCELED
6379,0,Husk,T3/75,ARRIVED,60.500,9.000,48.500,,-1,-1,,276,90,90,,CANCELED|CANCELED
6380,0,Husk,T3/75,ARRIVED,60.500,9.000,48.500,,-1,-1,,276,90,90,,
6381,0,Husk,T3/75,ARRIVED,60.500,9.000,48.500,,-1,-1,,276,90,90,,
6382,0,Husk,T3/75,ARRIVED,60.500,9.000,48.500,,-1,-1,,276,90,90,,
6383,0,Husk,T3/75,ARRIVED,60.500,9.000,48.500,,-1,-1,,276,90,90,,
6384,0,Husk,T3/75,ARRIVED,60.500,9.000,48.500,,-1,-1,,276,90,90,,
6385,0,Husk,T3/75,ARRIVED,60.500,9.000,48.500,,-1,-1,,276,90,90,,
6386,0,Husk,T3/75,ARRIVED,60.500,9.000,48.500,,-1,-1,,276,90,90,,
6387,0,Husk,T3/75,ARRIVED,60.500,9.000,48.500,,-1,-1,,276,90,90,,
6388,0,Husk,T3/75,ARRIVED,60.500,9.000,48.500,,-1,-1,,276,90,90,,
6389,0,Husk,T3/75,SEARCHING,60.500,9.000,48.500,"GoalBlock{x=80,y=4,z=48}",-1,-1,,276,91,91,,CALC_STARTED
6390,0,Husk,T3/75,MOVING,60.627,9.000,48.500,"GoalBlock{x=80,y=4,z=48}",26,0,MovementTraverse,244,91,91,,CALC_FINISHED_NOW_EXECUTING
6391,0,Husk,T3/75,MOVING,60.824,9.000,48.500,"GoalBlock{x=80,y=4,z=48}",26,0,MovementTraverse,244,91,91,,
6392,0,Husk,T3/75,MOVING,61.059,9.000,48.500,"GoalBlock{x=80,y=4,z=48}",26,0,MovementTraverse,244,91,91,,
6393,0,Husk,T3/75,MOVING,61.315,9.000,48.500,"GoalBlock{x=80,y=4,z=48}",26,1,MovementTraverse,244,91,91,,
6394,0,Husk,T3/75,MOVING,61.582,9.000,48.500,"GoalBlock{x=80,y=4,z=48}",26,1,MovementTraverse,244,91,91,,
6395,0,Husk,T3/75,MOVING,61.855,9.000,48.500,"GoalBlock{x=80,y=4,z=48}",26,1,MovementTraverse,244,91,91,,
6396,0,Husk,T3/75,MOVING,62.132,9.000,48.500,"GoalBlock{x=80,y=4,z=48}",26,1,MovementTraverse,244,91,91,,
6397,0,Husk,T3/75,MOVING,62.410,9.000,48.500,"GoalBlock{x=80,y=4,z=48}",26,2,MovementTraverse,244,91,91,,
6398,0,Husk,T3/75,MOVING,62.690,9.000,48.500,"GoalBlock{x=80,y=4,z=48}",26,2,MovementTraverse,244,91,91,,
6399,0,Husk,T3/75,MOVING,62.969,9.000,48.500,"GoalBlock{x=80,y=4,z=48}",26,2,MovementTraverse,244,91,91,,
6400,0,Husk,T3/75,MOVING,63.250,9.000,48.500,"GoalBlock{x=80,y=4,z=48}",26,2,MovementTraverse,244,91,91,,
6401,0,Husk,T3/75,MOVING,63.530,9.000,48.500,"GoalBlock{x=80,y=4,z=48}",26,3,MovementTraverse,244,91,91,,
6402,0,Husk,T3/75,MOVING,63.811,9.000,48.500,"GoalBlock{x=80,y=4,z=48}",26,3,MovementTraverse,244,91,91,,
6403,0,Husk,T3/75,MOVING,64.091,9.000,48.500,"GoalBlock{x=80,y=4,z=48}",26,3,MovementTraverse,244,91,91,,
6404,0,Husk,T3/75,MOVING,64.372,9.000,48.500,"GoalBlock{x=80,y=4,z=48}",26,4,MovementTraverse,244,91,91,,
6405,0,Husk,T3/75,MOVING,64.652,9.000,48.500,"GoalBlock{x=80,y=4,z=48}",26,4,MovementTraverse,244,91,91,,
6406,0,Husk,T3/75,MOVING,64.933,9.000,48.500,"GoalBlock{x=80,y=4,z=48}",26,4,MovementTraverse,244,91,91,,
6407,0,Husk,T3/75,MOVING,65.214,9.000,48.500,"GoalBlock{x=80,y=4,z=48}",26,4,MovementTraverse,244,91,91,,
6408,0,Husk,T3/75,MOVING,65.494,9.000,48.500,"GoalBlock{x=80,y=4,z=48}",26,5,MovementTraverse,244,91,91,,
6409,0,Husk,T3/75,MOVING,65.775,9.000,48.500,"GoalBlock{x=80,y=4,z=48}",26,5,MovementTraverse,244,91,91,,
6410,0,Husk,T3/75,MOVING,66.055,9.000,48.500,"GoalBlock{x=80,y=4,z=48}",26,5,MovementTraverse,244,91,91,,
6411,0,Husk,T3/75,MOVING,66.336,9.000,48.500,"GoalBlock{x=80,y=4,z=48}",26,6,MovementTraverse,244,91,91,,
6412,0,Husk,T3/75,MOVING,66.617,9.000,48.500,"GoalBlock{x=80,y=4,z=48}",26,6,MovementTraverse,244,91,91,,
6413,0,Husk,T3/75,MOVING,66.897,9.000,48.500,"GoalBlock{x=80,y=4,z=48}",26,6,MovementTraverse,244,91,91,,
6414,0,Husk,T3/75,MOVING,67.178,9.000,48.500,"GoalBlock{x=80,y=4,z=48}",26,6,MovementTraverse,244,91,91,,
6415,0,Husk,T3/75,MOVING,67.459,9.000,48.500,"GoalBlock{x=80,y=4,z=48}",26,7,MovementTraverse,244,91,91,,
6416,0,Husk,T3/75,MOVING,67.739,9.000,48.500,"GoalBlock{x=80,y=4,z=48}",26,7,MovementTraverse,244,91,91,,
6417,0,Husk,T3/75,MOVING,68.020,9.000,48.500,"GoalBlock{x=80,y=4,z=48}",26,7,MovementTraverse,244,91,91,,
6418,0,Husk,T3/75,MOVING,68.300,9.000,48.500,"GoalBlock{x=80,y=4,z=48}",26,8,MovementTraverse,244,91,91,,
6419,0,Husk,T3/75,MOVING,68.581,9.000,48.500,"GoalBlock{x=80,y=4,z=48}",26,8,MovementTraverse,244,91,91,,
6420,0,Husk,T3/75,MOVING,68.862,9.000,48.500,"GoalBlock{x=80,y=4,z=48}",26,8,MovementTraverse,244,91,91,,
6421,0,Husk,T3/75,MOVING,69.142,9.000,48.500,"GoalBlock{x=80,y=4,z=48}",26,8,MovementTraverse,244,91,91,,
6422,0,Husk,T3/75,MOVING,69.393,9.000,48.500,"GoalBlock{x=80,y=4,z=48}",26,9,MovementDownward,244,91,91,,
6423,0,Husk,T3/75,MOVING,69.531,9.000,48.500,"GoalBlock{x=80,y=4,z=48}",26,9,MovementDownward,244,91,91,,
6424,0,Husk,T3/75,MOVING,69.606,8.922,48.500,"GoalBlock{x=80,y=4,z=48}",26,9,MovementDownward,244,91,91,,
6425,0,Husk,T3/75,MOVING,69.646,8.772,48.500,"GoalBlock{x=80,y=4,z=48}",26,9,MovementDownward,244,91,91,,
6426,0,Husk,T3/75,MOVING,69.684,8.622,48.500,"GoalBlock{x=80,y=4,z=48}",26,10,MovementDownward,244,91,91,,
6427,0,Husk,T3/75,MOVING,69.717,8.472,48.500,"GoalBlock{x=80,y=4,z=48}",26,10,MovementDownward,244,91,91,,
6428,0,Husk,T3/75,MOVING,69.765,8.322,48.490,"GoalBlock{x=80,y=4,z=48}",26,10,MovementDownward,244,91,91,,
6429,0,Husk,T3/75,MOVING,69.819,8.172,48.464,"GoalBlock{x=80,y=4,z=48}",26,10,MovementDownward,244,91,91,,
6430,0,Husk,T3/75,MOVING,69.867,8.022,48.421,"GoalBlock{x=80,y=4,z=48}",26,10,MovementDownward,244,91,91,,
6431,0,Husk,T3/75,MOVING,69.901,7.872,48.365,"GoalBlock{x=80,y=4,z=48}",26,10,MovementDownward,244,91,91,,
6432,0,Husk,T3/75,MOVING,69.916,7.722,48.304,"GoalBlock{x=80,y=4,z=48}",26,11,MovementDownward,244,91,91,,
6433,0,Husk,T3/75,MOVING,69.909,7.572,48.248,"GoalBlock{x=80,y=4,z=48}",26,11,MovementDownward,244,91,91,,
6434,0,Husk,T3/75,MOVING,69.886,7.422,48.208,"GoalBlock{x=80,y=4,z=48}",26,11,MovementDownward,244,91,91,,
6435,0,Husk,T3/75,MOVING,69.849,7.272,48.182,"GoalBlock{x=80,y=4,z=48}",26,11,MovementDownward,244,91,91,,
6436,0,Husk,T3/75,MOVING,69.802,7.122,48.173,"GoalBlock{x=80,y=4,z=48}",26,11,MovementDownward,244,91,91,,
6437,0,Husk,T3/75,MOVING,69.745,6.972,48.178,"GoalBlock{x=80,y=4,z=48}",26,11,MovementDownward,244,91,91,,
6438,0,Husk,T3/75,MOVING,69.681,6.822,48.199,"GoalBlock{x=80,y=4,z=48}",26,11,MovementDownward,244,91,91,,
6439,0,Husk,T3/75,MOVING,69.614,6.672,48.234,"GoalBlock{x=80,y=4,z=48}",26,12,MovementDownward,244,91,91,,
6440,0,Husk,T3/75,MOVING,69.544,6.522,48.285,"GoalBlock{x=80,y=4,z=48}",26,12,MovementDownward,244,91,91,,
6441,0,Husk,T3/75,MOVING,69.488,6.372,48.350,"GoalBlock{x=80,y=4,z=48}",26,12,MovementDownward,244,91,91,,
6442,0,Husk,T3/75,MOVING,69.488,6.489,48.409,"GoalBlock{x=80,y=4,z=48}",26,12,MovementDownward,244,91,91,,
6443,0,Husk,T3/75,MOVING,69.488,6.526,48.463,"GoalBlock{x=80,y=4,z=48}",26,12,MovementDownward,244,91,91,,
6444,0,Husk,T3/75,MOVING,69.488,6.484,48.512,"GoalBlock{x=80,y=4,z=48}",26,12,MovementDownward,244,91,91,,
6445,0,Husk,T3/75,MOVING,69.488,6.364,48.557,"GoalBlock{x=80,y=4,z=48}",26,12,MovementDownward,244,91,91,,
6446,0,Husk,T3/75,MOVING,69.488,6.214,48.597,"GoalBlock{x=80,y=4,z=48}",26,12,MovementDownward,244,91,91,,
6447,0,Husk,T3/75,MOVING,69.488,6.064,48.634,"GoalBlock{x=80,y=4,z=48}",26,12,MovementDownward,244,91,91,,
6448,0,Husk,T3/75,MOVING,69.488,5.914,48.668,"GoalBlock{x=80,y=4,z=48}",26,12,MovementDownward,244,91,91,,
6449,0,Husk,T3/75,MOVING,69.488,5.764,48.713,"GoalBlock{x=80,y=4,z=48}",26,12,MovementDownward,244,91,91,,
6450,0,Husk,T3/75,MOVING,69.488,5.882,48.760,"GoalBlock{x=80,y=4,z=48}",26,13,MovementDownward,244,91,91,,
6451,0,Husk,T3/75,MOVING,69.488,5.999,48.799,"GoalBlock{x=80,y=4,z=48}",26,12,MovementDownward,244,91,91,,
6452,0,Husk,T3/75,MOVING,69.488,6.117,48.822,"GoalBlock{x=80,y=4,z=48}",26,12,MovementDownward,244,91,91,,
6453,0,Husk,T3/75,MOVING,69.488,6.234,48.824,"GoalBlock{x=80,y=4,z=48}",26,12,MovementDownward,244,91,91,,
6454,0,Husk,T3/75,MOVING,69.488,6.352,48.805,"GoalBlock{x=80,y=4,z=48}",26,12,MovementDownward,244,91,91,,
6455,0,Husk,T3/75,MOVING,69.489,6.389,48.767,"GoalBlock{x=80,y=4,z=48}",26,12,MovementDownward,244,91,91,,
6456,0,Husk,T3/75,MOVING,69.490,6.346,48.714,"GoalBlock{x=80,y=4,z=48}",26,12,MovementDownward,244,91,91,,
6457,0,Husk,T3/75,MOVING,69.491,6.227,48.645,"GoalBlock{x=80,y=4,z=48}",26,12,MovementDownward,244,91,91,,
6458,0,Husk,T3/75,MOVING,69.491,6.077,48.583,"GoalBlock{x=80,y=4,z=48}",26,12,MovementDownward,244,91,91,,
6459,0,Husk,T3/75,MOVING,69.491,5.927,48.526,"GoalBlock{x=80,y=4,z=48}",26,12,MovementDownward,244,91,91,,
6460,0,Husk,T3/75,MOVING,69.491,5.777,48.475,"GoalBlock{x=80,y=4,z=48}",26,12,MovementDownward,244,91,91,,
6461,0,Husk,T3/75,MOVING,69.491,5.627,48.428,"GoalBlock{x=80,y=4,z=48}",26,13,MovementDownward,244,91,91,,
6462,0,Husk,T3/75,MOVING,69.491,5.477,48.385,"GoalBlock{x=80,y=4,z=48}",26,13,MovementDownward,244,91,91,,
6463,0,Husk,T3/75,MOVING,69.491,5.327,48.346,"GoalBlock{x=80,y=4,z=48}",26,13,MovementDownward,244,91,91,,
6464,0,Husk,T3/75,MOVING,69.491,5.177,48.311,"GoalBlock{x=80,y=4,z=48}",26,13,MovementDownward,244,91,91,,
6465,0,Husk,T3/75,MOVING,69.491,5.027,48.279,"GoalBlock{x=80,y=4,z=48}",26,13,MovementDownward,244,91,91,,
6466,0,Husk,T3/75,MOVING,69.501,4.877,48.233,"GoalBlock{x=80,y=4,z=48}",26,13,MovementDownward,244,91,91,,
6467,0,Husk,T3/75,MOVING,69.528,4.727,48.183,"GoalBlock{x=80,y=4,z=48}",26,13,MovementDownward,244,91,91,,
6468,0,Husk,T3/75,MOVING,69.553,4.577,48.137,"GoalBlock{x=80,y=4,z=48}",26,14,MovementTraverse,244,91,91,,
6469,0,Husk,T3/75,MOVING,69.575,4.427,48.095,"GoalBlock{x=80,y=4,z=48}",26,14,MovementTraverse,244,91,91,,
6470,0,Husk,T3/75,MOVING,69.596,4.277,48.056,"GoalBlock{x=80,y=4,z=48}",26,14,MovementTraverse,244,91,91,,
6471,0,Husk,T3/75,MOVING,69.614,4.127,48.022,"GoalBlock{x=80,y=4,z=48}",26,14,MovementTraverse,244,91,91,,
6472,0,Husk,T3/75,MOVING,69.631,4.000,47.990,"GoalBlock{x=80,y=4,z=48}",26,14,MovementTraverse,244,91,91,,
6473,0,Husk,T3/75,MOVING,69.757,4.000,48.026,"GoalBlock{x=80,y=4,z=48}",26,14,MovementTraverse,244,91,91,,
6474,0,Husk,T3/75,MOVING,69.907,4.000,48.114,"GoalBlock{x=80,y=4,z=48}",26,14,MovementTraverse,244,91,91,,
6475,0,Husk,T3/75,MOVING,70.057,4.000,48.231,"GoalBlock{x=80,y=4,z=48}",26,14,MovementTraverse,244,91,91,,
6476,0,Husk,T3/75,MOVING,70.264,4.000,48.319,"GoalBlock{x=80,y=4,z=48}",26,15,MovementTraverse,244,91,91,,
6477,0,Husk,T3/75,MOVING,70.503,4.000,48.385,"GoalBlock{x=80,y=4,z=48}",26,15,MovementTraverse,244,91,91,,
6478,0,Husk,T3/75,MOVING,70.760,4.000,48.436,"GoalBlock{x=80,y=4,z=48}",26,15,MovementTraverse,244,91,91,,
6479,0,Husk,T3/75,MOVING,71.027,4.000,48.475,"GoalBlock{x=80,y=4,z=48}",26,15,MovementTraverse,244,91,91,,
6480,0,Husk,T3/75,MOVING,71.301,4.000,48.498,"GoalBlock{x=80,y=4,z=48}",26,16,MovementTraverse,244,91,91,,
6481,0,Husk,T3/75,MOVING,71.577,4.000,48.511,"GoalBlock{x=80,y=4,z=48}",26,16,MovementTraverse,244,91,91,,
6482,0,Husk,T3/75,MOVING,71.856,4.000,48.516,"GoalBlock{x=80,y=4,z=48}",26,16,MovementTraverse,244,91,91,,
6483,0,Husk,T3/75,MOVING,72.135,4.000,48.516,"GoalBlock{x=80,y=4,z=48}",26,16,MovementTraverse,244,91,91,,
6484,0,Husk,T3/75,MOVING,72.415,4.000,48.515,"GoalBlock{x=80,y=4,z=48}",26,17,MovementTraverse,244,91,91,,
6485,0,Husk,T3/75,MOVING,72.695,4.000,48.513,"GoalBlock{x=80,y=4,z=48}",26,17,MovementTraverse,244,91,91,,
6486,0,Husk,T3/75,MOVING,72.976,4.000,48.511,"GoalBlock{x=80,y=4,z=48}",26,17,MovementTraverse,244,91,91,,
6487,0,Husk,T3/75,MOVING,73.256,4.000,48.508,"GoalBlock{x=80,y=4,z=48}",26,17,MovementTraverse,244,91,91,,
6488,0,Husk,T3/75,MOVING,73.537,4.000,48.507,"GoalBlock{x=80,y=4,z=48}",26,18,MovementTraverse,244,91,91,,
6489,0,Husk,T3/75,MOVING,73.817,4.000,48.506,"GoalBlock{x=80,y=4,z=48}",26,18,MovementTraverse,244,91,91,,
6490,0,Husk,T3/75,MOVING,74.098,4.000,48.505,"GoalBlock{x=80,y=4,z=48}",26,18,MovementTraverse,244,91,91,,
6491,0,Husk,T3/75,MOVING,74.378,4.000,48.505,"GoalBlock{x=80,y=4,z=48}",26,19,MovementTraverse,244,91,91,,
6492,0,Husk,T3/75,MOVING,74.659,4.000,48.504,"GoalBlock{x=80,y=4,z=48}",26,19,MovementTraverse,244,91,91,,
6493,0,Husk,T3/75,MOVING,74.940,4.000,48.504,"GoalBlock{x=80,y=4,z=48}",26,19,MovementTraverse,244,91,91,,
6494,0,Husk,T3/75,MOVING,75.220,4.000,48.503,"GoalBlock{x=80,y=4,z=48}",26,19,MovementTraverse,244,91,91,,
6495,0,Husk,T3/75,MOVING,75.501,4.000,48.503,"GoalBlock{x=80,y=4,z=48}",26,20,MovementTraverse,244,91,91,,
6496,0,Husk,T3/75,MOVING,75.781,4.000,48.502,"GoalBlock{x=80,y=4,z=48}",26,20,MovementTraverse,244,91,91,,
6497,0,Husk,T3/75,MOVING,76.062,4.000,48.502,"GoalBlock{x=80,y=4,z=48}",26,20,MovementTraverse,244,91,91,,
6498,0,Husk,T3/75,MOVING,76.343,4.000,48.502,"GoalBlock{x=80,y=4,z=48}",26,21,MovementTraverse,244,91,91,,
6499,0,Husk,T3/75,MOVING,76.623,4.000,48.502,"GoalBlock{x=80,y=4,z=48}",26,21,MovementTraverse,244,91,91,,
6500,0,Husk,T3/75,MOVING,76.904,4.000,48.501,"GoalBlock{x=80,y=4,z=48}",26,21,MovementTraverse,244,91,91,,
6501,0,Husk,T3/75,MOVING,77.185,4.000,48.501,"GoalBlock{x=80,y=4,z=48}",26,21,MovementTraverse,244,91,91,,
6502,0,Husk,T3/75,MOVING,77.465,4.000,48.501,"GoalBlock{x=80,y=4,z=48}",26,22,MovementTraverse,244,91,91,,
6503,0,Husk,T3/75,MOVING,77.746,4.000,48.501,"GoalBlock{x=80,y=4,z=48}",26,22,MovementTraverse,244,91,91,,
6504,0,Husk,T3/75,MOVING,78.026,4.000,48.501,"GoalBlock{x=80,y=4,z=48}",26,22,MovementTraverse,244,91,91,,
6505,0,Husk,T3/75,MOVING,78.307,4.000,48.501,"GoalBlock{x=80,y=4,z=48}",26,23,MovementTraverse,244,91,91,,
6506,0,Husk,T3/75,MOVING,78.588,4.000,48.501,"GoalBlock{x=80,y=4,z=48}",26,23,MovementTraverse,244,91,91,,
6507,0,Husk,T3/75,MOVING,78.868,4.000,48.501,"GoalBlock{x=80,y=4,z=48}",26,23,MovementTraverse,244,91,91,,
6508,0,Husk,T3/75,MOVING,79.149,4.000,48.500,"GoalBlock{x=80,y=4,z=48}",26,23,MovementTraverse,244,91,91,,
6509,0,Husk,T3/75,MOVING,79.429,4.000,48.500,"GoalBlock{x=80,y=4,z=48}",26,24,MovementTraverse,244,91,91,,
6510,0,Husk,T3/75,MOVING,79.710,4.000,48.500,"GoalBlock{x=80,y=4,z=48}",26,24,MovementTraverse,244,91,91,,
6511,0,Husk,T3/75,MOVING,79.991,4.000,48.500,"GoalBlock{x=80,y=4,z=48}",26,24,MovementTraverse,244,91,91,,
6512,0,Husk,T3/75,MOVING,80.271,4.000,48.500,"GoalBlock{x=80,y=4,z=48}",26,24,MovementTraverse,244,91,91,,
6513,0,Husk,T3/75,ARRIVED,80.425,4.000,48.500,,-1,-1,,244,91,91,,CANCELED
6514,0,Husk,T3/76,ARRIVED,60.500,4.000,60.500,,-1,-1,,244,91,91,,CANCELED|CANCELED
6515,0,Husk,T3/76,ARRIVED,60.500,4.000,60.500,,-1,-1,,244,91,91,,
6516,0,Husk,T3/76,ARRIVED,60.500,4.000,60.500,,-1,-1,,244,91,91,,
6517,0,Husk,T3/76,ARRIVED,60.500,4.000,60.500,,-1,-1,,244,91,91,,
6518,0,Husk,T3/76,ARRIVED,60.500,4.000,60.500,,-1,-1,,244,91,91,,
6519,0,Husk,T3/76,ARRIVED,60.500,4.000,60.500,,-1,-1,,244,91,91,,
6520,0,Husk,T3/76,ARRIVED,60.500,4.000,60.500,,-1,-1,,244,91,91,,
6521,0,Husk,T3/76,ARRIVED,60.500,4.000,60.500,,-1,-1,,244,91,91,,
6522,0,Husk,T3/76,ARRIVED,60.500,4.000,60.500,,-1,-1,,244,91,91,,
6523,0,Husk,T3/76,ARRIVED,60.500,4.000,60.500,,-1,-1,,244,91,91,,
6524,0,Husk,T3/76,SEARCHING,60.500,4.000,60.500,"GoalBlock{x=80,y=4,z=60}",-1,-1,,244,92,92,,CALC_STARTED
6525,0,Husk,T3/76,MOVING,60.627,4.000,60.500,"GoalBlock{x=80,y=4,z=60}",21,0,MovementTraverse,401,92,92,,CALC_FINISHED_NOW_EXECUTING
6526,0,Husk,T3/76,MOVING,60.824,4.000,60.500,"GoalBlock{x=80,y=4,z=60}",21,0,MovementTraverse,401,92,92,,
6527,0,Husk,T3/76,MOVING,61.059,4.000,60.500,"GoalBlock{x=80,y=4,z=60}",21,0,MovementTraverse,401,92,92,,
6528,0,Husk,T3/76,MOVING,61.315,4.000,60.500,"GoalBlock{x=80,y=4,z=60}",21,1,MovementTraverse,401,92,92,,
6529,0,Husk,T3/76,MOVING,61.582,4.000,60.500,"GoalBlock{x=80,y=4,z=60}",21,1,MovementTraverse,401,92,92,,
6530,0,Husk,T3/76,MOVING,61.855,4.000,60.500,"GoalBlock{x=80,y=4,z=60}",21,1,MovementTraverse,401,92,92,,
6531,0,Husk,T3/76,MOVING,62.132,4.000,60.500,"GoalBlock{x=80,y=4,z=60}",21,1,MovementTraverse,401,92,92,,
6532,0,Husk,T3/76,MOVING,62.410,4.000,60.500,"GoalBlock{x=80,y=4,z=60}",21,2,MovementTraverse,401,92,92,,
6533,0,Husk,T3/76,MOVING,62.690,4.000,60.500,"GoalBlock{x=80,y=4,z=60}",21,2,MovementTraverse,401,92,92,,
6534,0,Husk,T3/76,MOVING,62.969,4.000,60.500,"GoalBlock{x=80,y=4,z=60}",21,2,MovementTraverse,401,92,92,,
6535,0,Husk,T3/76,MOVING,63.250,4.000,60.500,"GoalBlock{x=80,y=4,z=60}",21,2,MovementTraverse,401,92,92,,
6536,0,Husk,T3/76,MOVING,63.530,4.000,60.500,"GoalBlock{x=80,y=4,z=60}",21,3,MovementTraverse,401,92,92,,
6537,0,Husk,T3/76,MOVING,63.811,4.000,60.500,"GoalBlock{x=80,y=4,z=60}",21,3,MovementTraverse,401,92,92,,
6538,0,Husk,T3/76,MOVING,64.091,4.000,60.500,"GoalBlock{x=80,y=4,z=60}",21,3,MovementTraverse,401,92,92,,
6539,0,Husk,T3/76,MOVING,64.372,4.000,60.500,"GoalBlock{x=80,y=4,z=60}",21,4,MovementTraverse,401,92,92,,
6540,0,Husk,T3/76,MOVING,64.652,4.000,60.500,"GoalBlock{x=80,y=4,z=60}",21,4,MovementTraverse,401,92,92,,
6541,0,Husk,T3/76,MOVING,64.933,4.000,60.500,"GoalBlock{x=80,y=4,z=60}",21,4,MovementTraverse,401,92,92,,
6542,0,Husk,T3/76,MOVING,65.214,4.000,60.500,"GoalBlock{x=80,y=4,z=60}",21,4,MovementTraverse,401,92,92,,
6543,0,Husk,T3/76,MOVING,65.494,4.000,60.500,"GoalBlock{x=80,y=4,z=60}",21,5,MovementTraverse,401,92,92,,
6544,0,Husk,T3/76,MOVING,65.775,4.000,60.500,"GoalBlock{x=80,y=4,z=60}",21,5,MovementTraverse,401,92,92,,
6545,0,Husk,T3/76,MOVING,66.055,4.000,60.500,"GoalBlock{x=80,y=4,z=60}",21,5,MovementTraverse,401,92,92,,
6546,0,Husk,T3/76,MOVING,66.336,4.000,60.500,"GoalBlock{x=80,y=4,z=60}",21,6,MovementTraverse,401,92,92,,
6547,0,Husk,T3/76,MOVING,66.617,4.000,60.500,"GoalBlock{x=80,y=4,z=60}",21,6,MovementTraverse,401,92,92,,
6548,0,Husk,T3/76,MOVING,66.897,4.000,60.500,"GoalBlock{x=80,y=4,z=60}",21,6,MovementTraverse,401,92,92,,
6549,0,Husk,T3/76,MOVING,67.178,4.000,60.500,"GoalBlock{x=80,y=4,z=60}",21,6,MovementTraverse,401,92,92,,
6550,0,Husk,T3/76,MOVING,67.429,4.000,60.500,"GoalBlock{x=80,y=4,z=60}",21,7,MovementDescend,401,92,92,,
6551,0,Husk,T3/76,MOVING,67.664,4.000,60.500,"GoalBlock{x=80,y=4,z=60}",21,7,MovementDescend,401,92,92,,
6552,0,Husk,T3/76,MOVING,67.891,4.000,60.500,"GoalBlock{x=80,y=4,z=60}",21,7,MovementDescend,401,92,92,,
6553,0,Husk,T3/76,MOVING,68.112,4.000,60.500,"GoalBlock{x=80,y=4,z=60}",21,7,MovementDescend,401,92,92,,
6554,0,Husk,T3/76,MOVING,68.331,4.000,60.500,"GoalBlock{x=80,y=4,z=60}",21,7,MovementDescend,401,92,92,,
6555,0,Husk,T3/76,MOVING,68.536,3.922,60.451,"GoalBlock{x=80,y=4,z=60}",21,7,MovementDescend,401,92,92,,
6556,0,Husk,T3/76,MOVING,68.657,3.766,60.407,"GoalBlock{x=80,y=4,z=60}",21,7,MovementDescend,401,92,92,,
6557,0,Husk,T3/76,MOVING,68.790,3.536,60.355,"GoalBlock{x=80,y=4,z=60}",21,8,MovementTraverse,401,92,92,,
6558,0,Husk,T3/76,MOVING,68.930,3.272,60.307,"GoalBlock{x=80,y=4,z=60}",21,8,MovementTraverse,401,92,92,,
6559,0,Husk,T3/76,MOVING,69.061,3.080,60.275,"GoalBlock{x=80,y=4,z=60}",21,8,MovementTraverse,401,92,92,,
6560,0,Husk,T3/76,MOVING,69.185,3.000,60.252,"GoalBlock{x=80,y=4,z=60}",21,9,MovementTraverse,401,92,92,,
6561,0,Husk,T3/76,MOVING,69.303,3.020,60.238,"GoalBlock{x=80,y=4,z=60}",21,9,MovementTraverse,401,92,92,,
6562,0,Husk,T3/76,MOVING,69.417,3.056,60.231,"GoalBlock{x=80,y=4,z=60}",21,9,MovementTraverse,401,92,92,,
6563,0,Husk,T3/76,MOVING,69.527,3.105,60.230,"GoalBlock{x=80,y=4,z=60}",21,9,MovementTraverse,401,92,92,,
6564,0,Husk,T3/76,MOVING,69.634,3.164,60.235,"GoalBlock{x=80,y=4,z=60}",21,9,MovementTraverse,401,92,92,,
6565,0,Husk,T3/76,MOVING,69.739,3.231,60.245,"GoalBlock{x=80,y=4,z=60}",21,9,MovementTraverse,401,92,92,,
6566,0,Husk,T3/76,MOVING,69.841,3.305,60.259,"GoalBlock{x=80,y=4,z=60}",21,9,MovementTraverse,401,92,92,,
6567,0,Husk,T3/76,MOVING,69.941,3.384,60.277,"GoalBlock{x=80,y=4,z=60}",21,9,MovementTraverse,401,92,92,,
6568,0,Husk,T3/76,MOVING,70.039,3.467,60.299,"GoalBlock{x=80,y=4,z=60}",21,9,MovementTraverse,401,92,92,,
6569,0,Husk,T3/76,MOVING,70.137,3.554,60.319,"GoalBlock{x=80,y=4,z=60}",21,10,MovementTraverse,401,92,92,,
6570,0,Husk,T3/76,MOVING,70.235,3.643,60.337,"GoalBlock{x=80,y=4,z=60}",21,10,MovementTraverse,401,92,92,,
6571,0,Husk,T3/76,MOVING,70.338,3.694,60.356,"GoalBlock{x=80,y=4,z=60}",21,10,MovementTraverse,401,92,92,,
6572,0,Husk,T3/76,MOVING,70.458,3.666,60.375,"GoalBlock{x=80,y=4,z=60}",21,10,MovementTraverse,401,92,92,,
6573,0,Husk,T3/76,MOVING,70.592,3.560,60.396,"GoalBlock{x=80,y=4,z=60}",21,10,MovementTraverse,401,92,92,,
6574,0,Husk,T3/76,MOVING,70.733,3.418,60.417,"GoalBlock{x=80,y=4,z=60}",21,10,MovementTraverse,401,92,92,,
6575,0,Husk,T3/76,MOVING,70.866,3.325,60.436,"GoalBlock{x=80,y=4,z=60}",21,10,MovementTraverse,401,92,92,,
6576,0,Husk,T3/76,MOVING,70.992,3.270,60.454,"GoalBlock{x=80,y=4,z=60}",21,10,MovementTraverse,401,92,92,,
6577,0,Husk,T3/76,MOVING,71.112,3.246,60.469,"GoalBlock{x=80,y=4,z=60}",21,10,MovementTraverse,401,92,92,,
6578,0,Husk,T3/76,MOVING,71.227,3.247,60.482,"GoalBlock{x=80,y=4,z=60}",21,11,MovementTraverse,401,92,92,,
6579,0,Husk,T3/76,MOVING,71.339,3.267,60.493,"GoalBlock{x=80,y=4,z=60}",21,11,MovementTraverse,401,92,92,,
6580,0,Husk,T3/76,MOVING,71.449,3.304,60.501,"GoalBlock{x=80,y=4,z=60}",21,11,MovementTraverse,401,92,92,,
6581,0,Husk,T3/76,MOVING,71.556,3.353,60.508,"GoalBlock{x=80,y=4,z=60}",21,11,MovementTraverse,401,92,92,,
6582,0,Husk,T3/76,MOVING,71.661,3.412,60.513,"GoalBlock{x=80,y=4,z=60}",21,11,MovementTraverse,401,92,92,,
6583,0,Husk,T3/76,MOVING,71.765,3.480,60.517,"GoalBlock{x=80,y=4,z=60}",21,11,MovementTraverse,401,92,92,,
6584,0,Husk,T3/76,MOVING,71.867,3.554,60.520,"GoalBlock{x=80,y=4,z=60}",21,11,MovementTraverse,401,92,92,,
6585,0,Husk,T3/76,MOVING,71.969,3.633,60.519,"GoalBlock{x=80,y=4,z=60}",21,11,MovementTraverse,401,92,92,,
6586,0,Husk,T3/76,MOVING,72.076,3.676,60.519,"GoalBlock{x=80,y=4,z=60}",21,11,MovementTraverse,401,92,92,,
6587,0,Husk,T3/76,MOVING,72.192,3.640,60.518,"GoalBlock{x=80,y=4,z=60}",21,12,MovementAscend,401,92,92,,
6588,0,Husk,T3/76,MOVING,72.318,3.527,60.518,"GoalBlock{x=80,y=4,z=60}",21,12,MovementAscend,401,92,92,,
6589,0,Husk,T3/76,MOVING,72.452,3.377,60.518,"GoalBlock{x=80,y=4,z=60}",21,12,MovementAscend,401,92,92,,
6590,0,Husk,T3/76,MOVING,72.579,3.277,60.517,"GoalBlock{x=80,y=4,z=60}",21,12,MovementAscend,401,92,92,,
6591,0,Husk,T3/76,MOVING,72.700,3.218,60.517,"GoalBlock{x=80,y=4,z=60}",21,12,MovementAscend,401,92,92,,
6592,0,Husk,T3/76,MOVING,72.700,3.190,60.517,"GoalBlock{x=80,y=4,z=60}",21,12,MovementAscend,401,92,92,,
6593,0,Husk,T3/76,MOVING,72.700,3.187,60.516,"GoalBlock{x=80,y=4,z=60}",21,12,MovementAscend,401,92,92,,
6594,0,Husk,T3/76,MOVING,72.700,3.206,60.516,"GoalBlock{x=80,y=4,z=60}",21,12,MovementAscend,401,92,92,,
6595,0,Husk,T3/76,MOVING,72.700,3.240,60.515,"GoalBlock{x=80,y=4,z=60}",21,12,MovementAscend,401,92,92,,
6596,0,Husk,T3/76,MOVING,72.700,3.288,60.515,"GoalBlock{x=80,y=4,z=60}",21,12,MovementAscend,401,92,92,,
6597,0,Husk,T3/76,MOVING,72.700,3.346,60.515,"GoalBlock{x=80,y=4,z=60}",21,12,MovementAscend,401,92,92,,
6598,0,Husk,T3/76,MOVING,72.700,3.412,60.514,"GoalBlock{x=80,y=4,z=60}",21,12,MovementAscend,401,92,92,,
6599,0,Husk,T3/76,MOVING,72.700,3.486,60.514,"GoalBlock{x=80,y=4,z=60}",21,12,MovementAscend,401,92,92,,
6600,0,Husk,T3/76,MOVING,72.700,3.826,60.514,"GoalBlock{x=80,y=4,z=60}",21,12,MovementAscend,401,92,92,,
6601,0,Husk,T3/76,MOVING,72.720,4.126,60.513,"GoalBlock{x=80,y=4,z=60}",21,12,MovementAscend,401,92,92,,
6602,0,Husk,T3/76,MOVING,72.757,4.341,60.513,"GoalBlock{x=80,y=4,z=60}",21,12,MovementAscend,401,92,92,,
6603,0,Husk,T3/76,MOVING,72.811,4.474,60.513,"GoalBlock{x=80,y=4,z=60}",21,12,MovementAscend,401,92,92,,
6604,0,Husk,T3/76,MOVING,72.879,4.526,60.512,"GoalBlock{x=80,y=4,z=60}",21,12,MovementAscend,401,92,92,,
6605,0,Husk,T3/76,MOVING,72.961,4.498,60.512,"GoalBlock{x=80,y=4,z=60}",21,12,MovementAscend,401,92,92,,
6606,0,Husk,T3/76,MOVING,73.055,4.393,60.511,"GoalBlock{x=80,y=4,z=60}",21,12,MovementAscend,401,92,92,,
6607,0,Husk,T3/76,MOVING,73.166,4.211,60.511,"GoalBlock{x=80,y=4,z=60}",21,13,MovementTraverse,401,92,92,,
6608,0,Husk,T3/76,MOVING,73.293,4.000,60.511,"GoalBlock{x=80,y=4,z=60}",21,13,MovementTraverse,401,92,92,,
6609,0,Husk,T3/76,MOVING,73.535,4.000,60.510,"GoalBlock{x=80,y=4,z=60}",21,13,MovementTraverse,401,92,92,,
6610,0,Husk,T3/76,MOVING,73.795,4.000,60.509,"GoalBlock{x=80,y=4,z=60}",21,13,MovementTraverse,401,92,92,,
6611,0,Husk,T3/76,MOVING,74.064,4.000,60.507,"GoalBlock{x=80,y=4,z=60}",21,13,MovementTraverse,401,92,92,,
6612,0,Husk,T3/76,MOVING,74.339,4.000,60.506,"GoalBlock{x=80,y=4,z=60}",21,14,MovementTraverse,401,92,92,,
6613,0,Husk,T3/76,MOVING,74.616,4.000,60.506,"GoalBlock{x=80,y=4,z=60}",21,14,MovementTraverse,401,92,92,,
6614,0,Husk,T3/76,MOVING,74.895,4.000,60.505,"GoalBlock{x=80,y=4,z=60}",21,14,MovementTraverse,401,92,92,,
6615,0,Husk,T3/76,MOVING,75.174,4.000,60.504,"GoalBlock{x=80,y=4,z=60}",21,14,MovementTraverse,401,92,92,,
6616,0,Husk,T3/76,MOVING,75.455,4.000,60.504,"GoalBlock{x=80,y=4,z=60}",21,15,MovementTraverse,401,92,92,,
6617,0,Husk,T3/76,MOVING,75.735,4.000,60.503,"GoalBlock{x=80,y=4,z=60}",21,15,MovementTraverse,401,92,92,,
6618,0,Husk,T3/76,MOVING,76.015,4.000,60.503,"GoalBlock{x=80,y=4,z=60}",21,15,MovementTraverse,401,92,92,,
6619,0,Husk,T3/76,MOVING,76.296,4.000,60.502,"GoalBlock{x=80,y=4,z=60}",21,16,MovementTraverse,401,92,92,,
6620,0,Husk,T3/76,MOVING,76.576,4.000,60.502,"GoalBlock{x=80,y=4,z=60}",21,16,MovementTraverse,401,92,92,,
6621,0,Husk,T3/76,MOVING,76.857,4.000,60.502,"GoalBlock{x=80,y=4,z=60}",21,16,MovementTraverse,401,92,92,,
6622,0,Husk,T3/76,MOVING,77.138,4.000,60.501,"GoalBlock{x=80,y=4,z=60}",21,16,MovementTraverse,401,92,92,,
6623,0,Husk,T3/76,MOVING,77.418,4.000,60.501,"GoalBlock{x=80,y=4,z=60}",21,17,MovementTraverse,401,92,92,,
6624,0,Husk,T3/76,MOVING,77.699,4.000,60.501,"GoalBlock{x=80,y=4,z=60}",21,17,MovementTraverse,401,92,92,,
6625,0,Husk,T3/76,MOVING,77.979,4.000,60.501,"GoalBlock{x=80,y=4,z=60}",21,17,MovementTraverse,401,92,92,,
6626,0,Husk,T3/76,MOVING,78.260,4.000,60.501,"GoalBlock{x=80,y=4,z=60}",21,17,MovementTraverse,401,92,92,,
6627,0,Husk,T3/76,MOVING,78.541,4.000,60.501,"GoalBlock{x=80,y=4,z=60}",21,18,MovementTraverse,401,92,92,,
6628,0,Husk,T3/76,MOVING,78.821,4.000,60.501,"GoalBlock{x=80,y=4,z=60}",21,18,MovementTraverse,401,92,92,,
6629,0,Husk,T3/76,MOVING,79.102,4.000,60.501,"GoalBlock{x=80,y=4,z=60}",21,18,MovementTraverse,401,92,92,,
6630,0,Husk,T3/76,MOVING,79.382,4.000,60.500,"GoalBlock{x=80,y=4,z=60}",21,19,MovementTraverse,401,92,92,,
6631,0,Husk,T3/76,MOVING,79.663,4.000,60.500,"GoalBlock{x=80,y=4,z=60}",21,19,MovementTraverse,401,92,92,,
6632,0,Husk,T3/76,MOVING,79.944,4.000,60.500,"GoalBlock{x=80,y=4,z=60}",21,19,MovementTraverse,401,92,92,,
6633,0,Husk,T3/76,MOVING,80.224,4.000,60.500,"GoalBlock{x=80,y=4,z=60}",21,19,MovementTraverse,401,92,92,,
6634,0,Husk,T3/76,ARRIVED,80.378,4.000,60.500,,-1,-1,,401,92,92,,CANCELED
6635,0,Husk,T3/77,ARRIVED,60.500,4.000,72.500,,-1,-1,,401,92,92,,CANCELED|CANCELED
6636,0,Husk,T3/77,ARRIVED,60.500,4.000,72.500,,-1,-1,,401,92,92,,
6637,0,Husk,T3/77,ARRIVED,60.500,4.000,72.500,,-1,-1,,401,92,92,,
6638,0,Husk,T3/77,ARRIVED,60.500,4.000,72.500,,-1,-1,,401,92,92,,
6639,0,Husk,T3/77,ARRIVED,60.500,4.000,72.500,,-1,-1,,401,92,92,,
6640,0,Husk,T3/77,ARRIVED,60.500,4.000,72.500,,-1,-1,,401,92,92,,
6641,0,Husk,T3/77,ARRIVED,60.500,4.000,72.500,,-1,-1,,401,92,92,,
6642,0,Husk,T3/77,ARRIVED,60.500,4.000,72.500,,-1,-1,,401,92,92,,
6643,0,Husk,T3/77,ARRIVED,60.500,4.000,72.500,,-1,-1,,401,92,92,,
6644,0,Husk,T3/77,ARRIVED,60.500,4.000,72.500,,-1,-1,,401,92,92,,
6645,0,Husk,T3/77,SEARCHING,60.500,4.000,72.500,"GoalBlock{x=80,y=4,z=72}",-1,-1,,401,93,93,,CALC_STARTED
6646,0,Husk,T3/77,MOVING,60.627,4.000,72.500,"GoalBlock{x=80,y=4,z=72}",21,0,MovementTraverse,661,93,93,,CALC_FINISHED_NOW_EXECUTING
6647,0,Husk,T3/77,MOVING,60.824,4.000,72.500,"GoalBlock{x=80,y=4,z=72}",21,0,MovementTraverse,661,93,93,,
6648,0,Husk,T3/77,MOVING,61.059,4.000,72.500,"GoalBlock{x=80,y=4,z=72}",21,0,MovementTraverse,661,93,93,,
6649,0,Husk,T3/77,MOVING,61.315,4.000,72.500,"GoalBlock{x=80,y=4,z=72}",21,1,MovementTraverse,661,93,93,,
6650,0,Husk,T3/77,MOVING,61.582,4.000,72.500,"GoalBlock{x=80,y=4,z=72}",21,1,MovementTraverse,661,93,93,,
6651,0,Husk,T3/77,MOVING,61.855,4.000,72.500,"GoalBlock{x=80,y=4,z=72}",21,1,MovementTraverse,661,93,93,,
6652,0,Husk,T3/77,MOVING,62.132,4.000,72.500,"GoalBlock{x=80,y=4,z=72}",21,1,MovementTraverse,661,93,93,,
6653,0,Husk,T3/77,MOVING,62.410,4.000,72.500,"GoalBlock{x=80,y=4,z=72}",21,2,MovementTraverse,661,93,93,,
6654,0,Husk,T3/77,MOVING,62.690,4.000,72.500,"GoalBlock{x=80,y=4,z=72}",21,2,MovementTraverse,661,93,93,,
6655,0,Husk,T3/77,MOVING,62.969,4.000,72.500,"GoalBlock{x=80,y=4,z=72}",21,2,MovementTraverse,661,93,93,,
6656,0,Husk,T3/77,MOVING,63.250,4.000,72.500,"GoalBlock{x=80,y=4,z=72}",21,2,MovementTraverse,661,93,93,,
6657,0,Husk,T3/77,MOVING,63.530,4.000,72.500,"GoalBlock{x=80,y=4,z=72}",21,3,MovementTraverse,661,93,93,,
6658,0,Husk,T3/77,MOVING,63.811,4.000,72.500,"GoalBlock{x=80,y=4,z=72}",21,3,MovementTraverse,661,93,93,,
6659,0,Husk,T3/77,MOVING,64.091,4.000,72.500,"GoalBlock{x=80,y=4,z=72}",21,3,MovementTraverse,661,93,93,,
6660,0,Husk,T3/77,MOVING,64.372,4.000,72.500,"GoalBlock{x=80,y=4,z=72}",21,4,MovementTraverse,661,93,93,,
6661,0,Husk,T3/77,MOVING,64.652,4.000,72.500,"GoalBlock{x=80,y=4,z=72}",21,4,MovementTraverse,661,93,93,,
6662,0,Husk,T3/77,MOVING,64.933,4.000,72.500,"GoalBlock{x=80,y=4,z=72}",21,4,MovementTraverse,661,93,93,,
6663,0,Husk,T3/77,MOVING,65.214,4.000,72.500,"GoalBlock{x=80,y=4,z=72}",21,4,MovementTraverse,661,93,93,,
6664,0,Husk,T3/77,MOVING,65.494,4.000,72.500,"GoalBlock{x=80,y=4,z=72}",21,5,MovementTraverse,661,93,93,,
6665,0,Husk,T3/77,MOVING,65.775,4.000,72.500,"GoalBlock{x=80,y=4,z=72}",21,5,MovementTraverse,661,93,93,,
6666,0,Husk,T3/77,MOVING,66.055,4.000,72.500,"GoalBlock{x=80,y=4,z=72}",21,5,MovementTraverse,661,93,93,,
6667,0,Husk,T3/77,MOVING,66.336,4.000,72.500,"GoalBlock{x=80,y=4,z=72}",21,6,MovementTraverse,661,93,93,,
6668,0,Husk,T3/77,MOVING,66.617,4.000,72.500,"GoalBlock{x=80,y=4,z=72}",21,6,MovementTraverse,661,93,93,,
6669,0,Husk,T3/77,MOVING,66.897,4.000,72.500,"GoalBlock{x=80,y=4,z=72}",21,6,MovementTraverse,661,93,93,,
6670,0,Husk,T3/77,MOVING,67.178,4.000,72.500,"GoalBlock{x=80,y=4,z=72}",21,6,MovementTraverse,661,93,93,,
6671,0,Husk,T3/77,MOVING,67.429,4.000,72.500,"GoalBlock{x=80,y=4,z=72}",21,7,MovementDescend,661,93,93,,
6672,0,Husk,T3/77,MOVING,67.664,4.000,72.500,"GoalBlock{x=80,y=4,z=72}",21,7,MovementDescend,661,93,93,,
6673,0,Husk,T3/77,MOVING,67.891,4.000,72.500,"GoalBlock{x=80,y=4,z=72}",21,7,MovementDescend,661,93,93,,
6674,0,Husk,T3/77,MOVING,68.112,4.000,72.500,"GoalBlock{x=80,y=4,z=72}",21,7,MovementDescend,661,93,93,,
6675,0,Husk,T3/77,MOVING,68.331,4.000,72.500,"GoalBlock{x=80,y=4,z=72}",21,7,MovementDescend,661,93,93,,
6676,0,Husk,T3/77,MOVING,68.536,3.922,72.451,"GoalBlock{x=80,y=4,z=72}",21,7,MovementDescend,661,93,93,,
6677,0,Husk,T3/77,MOVING,68.657,3.766,72.407,"GoalBlock{x=80,y=4,z=72}",21,7,MovementDescend,661,93,93,,
6678,0,Husk,T3/77,MOVING,68.790,3.536,72.355,"GoalBlock{x=80,y=4,z=72}",21,8,MovementTraverse,661,93,93,,
6679,0,Husk,T3/77,MOVING,68.930,3.272,72.307,"GoalBlock{x=80,y=4,z=72}",21,8,MovementTraverse,661,93,93,,
6680,0,Husk,T3/77,MOVING,69.061,3.080,72.275,"GoalBlock{x=80,y=4,z=72}",21,8,MovementTraverse,661,93,93,,
6681,0,Husk,T3/77,MOVING,69.185,2.947,72.252,"GoalBlock{x=80,y=4,z=72}",21,9,MovementTraverse,661,93,93,,
6682,0,Husk,T3/77,MOVING,69.303,2.860,72.238,"GoalBlock{x=80,y=4,z=72}",21,9,MovementTraverse,661,93,93,,
6683,0,Husk,T3/77,MOVING,69.398,2.811,72.227,"GoalBlock{x=80,y=4,z=72}",21,9,MovementTraverse,661,93,93,,
6684,0,Husk,T3/77,MOVING,69.474,2.792,72.217,"GoalBlock{x=80,y=4,z=72}",21,9,MovementTraverse,661,93,93,,
6685,0,Husk,T3/77,MOVING,69.534,2.796,72.210,"GoalBlock{x=80,y=4,z=72}",21,9,MovementTraverse,661,93,93,,
6686,0,Husk,T3/77,MOVING,69.583,2.820,72.204,"GoalBlock{x=80,y=4,z=72}",21,9,MovementTraverse,661,93,93,,
6687,0,Husk,T3/77,MOVING,69.622,2.860,72.199,"GoalBlock{x=80,y=4,z=72}",21,9,MovementTraverse,661,93,93,,
6688,0,Husk,T3/77,MOVING,69.653,2.912,72.196,"GoalBlock{x=80,y=4,z=72}",21,9,MovementTraverse,661,93,93,,
6689,0,Husk,T3/77,MOVING,69.696,2.973,72.199,"GoalBlock{x=80,y=4,z=72}",21,9,MovementTraverse,661,93,93,,
6690,0,Husk,T3/77,MOVING,69.749,3.043,72.206,"GoalBlock{x=80,y=4,z=72}",21,9,MovementTraverse,661,93,93,,
6691,0,Husk,T3/77,MOVING,69.810,3.118,72.219,"GoalBlock{x=80,y=4,z=72}",21,9,MovementTraverse,661,93,93,,
6692,0,Husk,T3/77,MOVING,69.876,3.199,72.236,"GoalBlock{x=80,y=4,z=72}",21,9,MovementTraverse,661,93,93,,
6693,0,Husk,T3/77,MOVING,69.948,3.283,72.258,"GoalBlock{x=80,y=4,z=72}",21,9,MovementTraverse,661,93,93,,
6694,0,Husk,T3/77,MOVING,70.023,3.370,72.283,"GoalBlock{x=80,y=4,z=72}",21,9,MovementTraverse,661,93,93,,
6695,0,Husk,T3/77,MOVING,70.102,3.460,72.306,"GoalBlock{x=80,y=4,z=72}",21,10,MovementTraverse,661,93,93,,
6696,0,Husk,T3/77,MOVING,70.185,3.552,72.327,"GoalBlock{x=80,y=4,z=72}",21,10,MovementTraverse,661,93,93,,
6697,0,Husk,T3/77,MOVING,70.271,3.646,72.346,"GoalBlock{x=80,y=4,z=72}",21,10,MovementTraverse,661,93,93,,
6698,0,Husk,T3/77,MOVING,70.365,3.700,72.365,"GoalBlock{x=80,y=4,z=72}",21,10,MovementTraverse,661,93,93,,
6699,0,Husk,T3/77,MOVING,70.476,3.676,72.385,"GoalBlock{x=80,y=4,z=72}",21,10,MovementTraverse,661,93,93,,
6700,0,Husk,T3/77,MOVING,70.602,3.573,72.406,"GoalBlock{x=80,y=4,z=72}",21,10,MovementTraverse,661,93,93,,
6701,0,Husk,T3/77,MOVING,70.736,3.434,72.427,"GoalBlock{x=80,y=4,z=72}",21,10,MovementTraverse,661,93,93,,
6702,0,Husk,T3/77,MOVING,70.863,3.343,72.446,"GoalBlock{x=80,y=4,z=72}",21,10,MovementTraverse,661,93,93,,
6703,0,Husk,T3/77,MOVING,70.984,3.290,72.463,"GoalBlock{x=80,y=4,z=72}",21,10,MovementTraverse,661,93,93,,
6704,0,Husk,T3/77,MOVING,71.100,3.268,72.478,"GoalBlock{x=80,y=4,z=72}",21,10,MovementTraverse,661,93,93,,
6705,0,Husk,T3/77,MOVING,71.213,3.270,72.490,"GoalBlock{x=80,y=4,z=72}",21,11,MovementTraverse,661,93,93,,
6706,0,Husk,T3/77,MOVING,71.323,3.292,72.500,"GoalBlock{x=80,y=4,z=72}",21,11,MovementTraverse,661,93,93,,
6707,0,Husk,T3/77,MOVING,71.430,3.332,72.508,"GoalBlock{x=80,y=4,z=72}",21,11,MovementTraverse,661,93,93,,
6708,0,Husk,T3/77,MOVING,71.536,3.384,72.514,"GoalBlock{x=80,y=4,z=72}",21,11,MovementTraverse,661,93,93,,
6709,0,Husk,T3/77,MOVING,71.640,3.445,72.518,"GoalBlock{x=80,y=4,z=72}",21,11,MovementTraverse,661,93,93,,
6710,0,Husk,T3/77,MOVING,71.743,3.515,72.522,"GoalBlock{x=80,y=4,z=72}",21,11,MovementTraverse,661,93,93,,
6711,0,Husk,T3/77,MOVING,71.845,3.590,72.521,"GoalBlock{x=80,y=4,z=72}",21,11,MovementTraverse,661,93,93,,
6712,0,Husk,T3/77,MOVING,71.946,3.671,72.520,"GoalBlock{x=80,y=4,z=72}",21,11,MovementTraverse,661,93,93,,
6713,0,Husk,T3/77,MOVING,72.052,3.715,72.520,"GoalBlock{x=80,y=4,z=72}",21,11,MovementTraverse,661,93,93,,
6714,0,Husk,T3/77,MOVING,72.174,3.680,72.519,"GoalBlock{x=80,y=4,z=72}",21,12,MovementTraverse,661,93,93,,
6715,0,Husk,T3/77,MOVING,72.311,3.567,72.519,"GoalBlock{x=80,y=4,z=72}",21,12,MovementTraverse,661,93,93,,
6716,0,Husk,T3/77,MOVING,72.455,3.418,72.519,"GoalBlock{x=80,y=4,z=72}",21,12,MovementTraverse,661,93,93,,
6717,0,Husk,T3/77,MOVING,72.590,3.319,72.518,"GoalBlock{x=80,y=4,z=72}",21,12,MovementTraverse,661,93,93,,
6718,0,Husk,T3/77,MOVING,72.717,3.260,72.518,"GoalBlock{x=80,y=4,z=72}",21,12,MovementTraverse,661,93,93,,
6719,0,Husk,T3/77,MOVING,72.839,3.232,72.517,"GoalBlock{x=80,y=4,z=72}",21,12,MovementTraverse,661,93,93,,
6720,0,Husk,T3/77,MOVING,72.955,3.231,72.517,"GoalBlock{x=80,y=4,z=72}",21,12,MovementTraverse,661,93,93,,
6721,0,Husk,T3/77,MOVING,73.069,3.249,72.516,"GoalBlock{x=80,y=4,z=72}",21,12,MovementTraverse,661,93,93,,
6722,0,Husk,T3/77,MOVING,73.179,3.284,72.516,"GoalBlock{x=80,y=4,z=72}",21,13,MovementTraverse,661,93,93,,
6723,0,Husk,T3/77,MOVING,73.286,3.332,72.516,"GoalBlock{x=80,y=4,z=72}",21,13,MovementTraverse,661,93,93,,
6724,0,Husk,T3/77,MOVING,73.392,3.390,72.516,"GoalBlock{x=80,y=4,z=72}",21,13,MovementTraverse,661,93,93,,
6725,0,Husk,T3/77,MOVING,73.496,3.456,72.515,"GoalBlock{x=80,y=4,z=72}",21,13,MovementTraverse,661,93,93,,
6726,0,Husk,T3/77,MOVING,73.599,3.530,72.515,"GoalBlock{x=80,y=4,z=72}",21,13,MovementTraverse,661,93,93,,
6727,0,Husk,T3/77,MOVING,73.701,3.608,72.515,"GoalBlock{x=80,y=4,z=72}",21,13,MovementTraverse,661,93,93,,
6728,0,Husk,T3/77,MOVING,73.808,3.651,72.514,"GoalBlock{x=80,y=4,z=72}",21,13,MovementTraverse,661,93,93,,
6729,0,Husk,T3/77,MOVING,73.931,3.615,72.514,"GoalBlock{x=80,y=4,z=72}",21,13,MovementTraverse,661,93,93,,
6730,0,Husk,T3/77,MOVING,74.068,3.501,72.513,"GoalBlock{x=80,y=4,z=72}",21,13,MovementTraverse,661,93,93,,
6731,0,Husk,T3/77,MOVING,74.213,3.351,72.513,"GoalBlock{x=80,y=4,z=72}",21,14,MovementAscend,661,93,93,,
6732,0,Husk,T3/77,MOVING,74.348,3.251,72.513,"GoalBlock{x=80,y=4,z=72}",21,14,MovementAscend,661,93,93,,
6733,0,Husk,T3/77,MOVING,74.476,3.190,72.512,"GoalBlock{x=80,y=4,z=72}",21,14,MovementAscend,661,93,93,,
6734,0,Husk,T3/77,MOVING,74.597,3.162,72.512,"GoalBlock{x=80,y=4,z=72}",21,14,MovementAscend,661,93,93,,
6735,0,Husk,T3/77,MOVING,74.700,3.160,72.512,"GoalBlock{x=80,y=4,z=72}",21,14,MovementAscend,661,93,93,,
6736,0,Husk,T3/77,MOVING,74.700,3.178,72.512,"GoalBlock{x=80,y=4,z=72}",21,14,MovementAscend,661,93,93,,
6737,0,Husk,T3/77,MOVING,74.700,3.212,72.511,"GoalBlock{x=80,y=4,z=72}",21,14,MovementAscend,661,93,93,,
6738,0,Husk,T3/77,MOVING,74.700,3.260,72.511,"GoalBlock{x=80,y=4,z=72}",21,14,MovementAscend,661,93,93,,
6739,0,Husk,T3/77,MOVING,74.700,3.318,72.511,"GoalBlock{x=80,y=4,z=72}",21,14,MovementAscend,661,93,93,,
6740,0,Husk,T3/77,MOVING,74.700,3.384,72.511,"GoalBlock{x=80,y=4,z=72}",21,14,MovementAscend,661,93,93,,
6741,0,Husk,T3/77,MOVING,74.700,3.457,72.510,"GoalBlock{x=80,y=4,z=72}",21,14,MovementAscend,661,93,93,,
6742,0,Husk,T3/77,MOVING,74.700,3.797,72.510,"GoalBlock{x=80,y=4,z=72}",21,14,MovementAscend,661,93,93,,
6743,0,Husk,T3/77,MOVING,74.720,4.097,72.510,"GoalBlock{x=80,y=4,z=72}",21,14,MovementAscend,661,93,93,,
6744,0,Husk,T3/77,MOVING,74.757,4.313,72.510,"GoalBlock{x=80,y=4,z=72}",21,14,MovementAscend,661,93,93,,
6745,0,Husk,T3/77,MOVING,74.811,4.446,72.509,"GoalBlock{x=80,y=4,z=72}",21,14,MovementAscend,661,93,93,,
6746,0,Husk,T3/77,MOVING,74.879,4.498,72.509,"GoalBlock{x=80,y=4,z=72}",21,14,MovementAscend,661,93,93,,
6747,0,Husk,T3/77,MOVING,74.961,4.470,72.509,"GoalBlock{x=80,y=4,z=72}",21,14,MovementAscend,661,93,93,,
6748,0,Husk,T3/77,MOVING,75.055,4.365,72.508,"GoalBlock{x=80,y=4,z=72}",21,14,MovementAscend,661,93,93,,
6749,0,Husk,T3/77,MOVING,75.166,4.183,72.508,"GoalBlock{x=80,y=4,z=72}",21,15,MovementTraverse,661,93,93,,
6750,0,Husk,T3/77,MOVING,75.293,4.000,72.508,"GoalBlock{x=80,y=4,z=72}",21,15,MovementTraverse,661,93,93,,
6751,0,Husk,T3/77,MOVING,75.535,4.000,72.507,"GoalBlock{x=80,y=4,z=72}",21,15,MovementTraverse,661,93,93,,
6752,0,Husk,T3/77,MOVING,75.795,4.000,72.506,"GoalBlock{x=80,y=4,z=72}",21,15,MovementTraverse,661,93,93,,
6753,0,Husk,T3/77,MOVING,76.065,4.000,72.505,"GoalBlock{x=80,y=4,z=72}",21,15,MovementTraverse,661,93,93,,
6754,0,Husk,T3/77,MOVING,76.339,4.000,72.505,"GoalBlock{x=80,y=4,z=72}",21,16,MovementTraverse,661,93,93,,
6755,0,Husk,T3/77,MOVING,76.616,4.000,72.504,"GoalBlock{x=80,y=4,z=72}",21,16,MovementTraverse,661,93,93,,
6756,0,Husk,T3/77,MOVING,76.895,4.000,72.504,"GoalBlock{x=80,y=4,z=72}",21,16,MovementTraverse,661,93,93,,
6757,0,Husk,T3/77,MOVING,77.175,4.000,72.503,"GoalBlock{x=80,y=4,z=72}",21,16,MovementTraverse,661,93,93,,
6758,0,Husk,T3/77,MOVING,77.455,4.000,72.503,"GoalBlock{x=80,y=4,z=72}",21,17,MovementTraverse,661,93,93,,
6759,0,Husk,T3/77,MOVING,77.735,4.000,72.502,"GoalBlock{x=80,y=4,z=72}",21,17,MovementTraverse,661,93,93,,
6760,0,Husk,T3/77,MOVING,78.015,4.000,72.502,"GoalBlock{x=80,y=4,z=72}",21,17,MovementTraverse,661,93,93,,
6761,0,Husk,T3/77,MOVING,78.296,4.000,72.502,"GoalBlock{x=80,y=4,z=72}",21,18,MovementTraverse,661,93,93,,
6762,0,Husk,T3/77,MOVING,78.576,4.000,72.502,"GoalBlock{x=80,y=4,z=72}",21,18,MovementTraverse,661,93,93,,
6763,0,Husk,T3/77,MOVING,78.857,4.000,72.501,"GoalBlock{x=80,y=4,z=72}",21,18,MovementTraverse,661,93,93,,
6764,0,Husk,T3/77,MOVING,79.138,4.000,72.501,"GoalBlock{x=80,y=4,z=72}",21,18,MovementTraverse,661,93,93,,
6765,0,Husk,T3/77,MOVING,79.418,4.000,72.501,"GoalBlock{x=80,y=4,z=72}",21,19,MovementTraverse,661,93,93,,
6766,0,Husk,T3/77,MOVING,79.699,4.000,72.501,"GoalBlock{x=80,y=4,z=72}",21,19,MovementTraverse,661,93,93,,
6767,0,Husk,T3/77,MOVING,79.979,4.000,72.501,"GoalBlock{x=80,y=4,z=72}",21,19,MovementTraverse,661,93,93,,
6768,0,Husk,T3/77,MOVING,80.260,4.000,72.501,"GoalBlock{x=80,y=4,z=72}",21,19,MovementTraverse,661,93,93,,
6769,0,Husk,T3/77,ARRIVED,80.413,4.000,72.501,,-1,-1,,661,93,93,,CANCELED
6770,0,Husk,T3/78,ARRIVED,60.500,4.000,84.500,,-1,-1,,661,93,93,,CANCELED|CANCELED
6771,0,Husk,T3/78,ARRIVED,60.500,4.000,84.500,,-1,-1,,661,93,93,,
6772,0,Husk,T3/78,ARRIVED,60.500,4.000,84.500,,-1,-1,,661,93,93,,
6773,0,Husk,T3/78,ARRIVED,60.500,4.000,84.500,,-1,-1,,661,93,93,,
6774,0,Husk,T3/78,ARRIVED,60.500,4.000,84.500,,-1,-1,,661,93,93,,
6775,0,Husk,T3/78,ARRIVED,60.500,4.000,84.500,,-1,-1,,661,93,93,,
6776,0,Husk,T3/78,ARRIVED,60.500,4.000,84.500,,-1,-1,,661,93,93,,
6777,0,Husk,T3/78,ARRIVED,60.500,4.000,84.500,,-1,-1,,661,93,93,,
6778,0,Husk,T3/78,ARRIVED,60.500,4.000,84.500,,-1,-1,,661,93,93,,
6779,0,Husk,T3/78,ARRIVED,60.500,4.000,84.500,,-1,-1,,661,93,93,,
6780,0,Husk,T3/78,SEARCHING,60.500,4.000,84.500,"GoalBlock{x=80,y=4,z=84}",-1,-1,,661,94,94,,CALC_STARTED
6781,0,Husk,T3/78,MOVING,60.627,4.000,84.500,"GoalBlock{x=80,y=4,z=84}",21,0,MovementTraverse,325,94,94,,CALC_FINISHED_NOW_EXECUTING
6782,0,Husk,T3/78,MOVING,60.824,4.000,84.500,"GoalBlock{x=80,y=4,z=84}",21,0,MovementTraverse,325,94,94,,
6783,0,Husk,T3/78,MOVING,61.059,4.000,84.500,"GoalBlock{x=80,y=4,z=84}",21,0,MovementTraverse,325,94,94,,
6784,0,Husk,T3/78,MOVING,61.315,4.000,84.500,"GoalBlock{x=80,y=4,z=84}",21,1,MovementTraverse,325,94,94,,
6785,0,Husk,T3/78,MOVING,61.582,4.000,84.500,"GoalBlock{x=80,y=4,z=84}",21,1,MovementTraverse,325,94,94,,
6786,0,Husk,T3/78,MOVING,61.855,4.000,84.500,"GoalBlock{x=80,y=4,z=84}",21,1,MovementTraverse,325,94,94,,
6787,0,Husk,T3/78,MOVING,62.132,4.000,84.500,"GoalBlock{x=80,y=4,z=84}",21,1,MovementTraverse,325,94,94,,
6788,0,Husk,T3/78,MOVING,62.410,4.000,84.500,"GoalBlock{x=80,y=4,z=84}",21,2,MovementTraverse,325,94,94,,
6789,0,Husk,T3/78,MOVING,62.690,4.000,84.500,"GoalBlock{x=80,y=4,z=84}",21,2,MovementTraverse,325,94,94,,
6790,0,Husk,T3/78,MOVING,62.969,4.000,84.500,"GoalBlock{x=80,y=4,z=84}",21,2,MovementTraverse,325,94,94,,
6791,0,Husk,T3/78,MOVING,63.250,4.000,84.500,"GoalBlock{x=80,y=4,z=84}",21,2,MovementTraverse,325,94,94,,
6792,0,Husk,T3/78,MOVING,63.530,4.000,84.500,"GoalBlock{x=80,y=4,z=84}",21,3,MovementTraverse,325,94,94,,
6793,0,Husk,T3/78,MOVING,63.811,4.000,84.500,"GoalBlock{x=80,y=4,z=84}",21,3,MovementTraverse,325,94,94,,
6794,0,Husk,T3/78,MOVING,64.091,4.000,84.500,"GoalBlock{x=80,y=4,z=84}",21,3,MovementTraverse,325,94,94,,
6795,0,Husk,T3/78,MOVING,64.372,4.000,84.500,"GoalBlock{x=80,y=4,z=84}",21,4,MovementTraverse,325,94,94,,
6796,0,Husk,T3/78,MOVING,64.652,4.000,84.500,"GoalBlock{x=80,y=4,z=84}",21,4,MovementTraverse,325,94,94,,
6797,0,Husk,T3/78,MOVING,64.933,4.000,84.500,"GoalBlock{x=80,y=4,z=84}",21,4,MovementTraverse,325,94,94,,
6798,0,Husk,T3/78,MOVING,65.214,4.000,84.500,"GoalBlock{x=80,y=4,z=84}",21,4,MovementTraverse,325,94,94,,
6799,0,Husk,T3/78,MOVING,65.477,4.000,84.564,"GoalBlock{x=80,y=4,z=84}",21,5,MovementDiagonal,325,94,94,,
6800,0,Husk,T3/78,MOVING,65.715,4.000,84.684,"GoalBlock{x=80,y=4,z=84}",21,5,MovementDiagonal,325,94,94,,
6801,0,Husk,T3/78,MOVING,65.933,4.000,84.842,"GoalBlock{x=80,y=4,z=84}",21,5,MovementDiagonal,325,94,94,,
6802,0,Husk,T3/78,MOVING,66.136,4.000,85.025,"GoalBlock{x=80,y=4,z=84}",21,5,MovementDiagonal,325,94,94,,
6803,0,Husk,T3/78,MOVING,66.333,4.000,85.218,"GoalBlock{x=80,y=4,z=84}",21,6,MovementDiagonal,325,94,94,,
6804,0,Husk,T3/78,MOVING,66.526,4.000,85.418,"GoalBlock{x=80,y=4,z=84}",21,6,MovementDiagonal,325,94,94,,
6805,0,Husk,T3/78,MOVING,66.717,4.000,85.622,"GoalBlock{x=80,y=4,z=84}",21,6,MovementDiagonal,325,94,94,,
6806,0,Husk,T3/78,MOVING,66.906,4.000,85.828,"GoalBlock{x=80,y=4,z=84}",21,6,MovementDiagonal,325,94,94,,
6807,0,Husk,T3/78,MOVING,67.093,4.000,86.036,"GoalBlock{x=80,y=4,z=84}",21,6,MovementDiagonal,325,94,94,,
6808,0,Husk,T3/78,MOVING,67.284,4.000,86.241,"GoalBlock{x=80,y=4,z=84}",21,7,MovementDiagonal,325,94,94,,
6809,0,Husk,T3/78,MOVING,67.476,4.000,86.445,"GoalBlock{x=80,y=4,z=84}",21,7,MovementDiagonal,325,94,94,,
6810,0,Husk,T3/78,MOVING,67.670,4.000,86.648,"GoalBlock{x=80,y=4,z=84}",21,7,MovementDiagonal,325,94,94,,
6811,0,Husk,T3/78,MOVING,67.865,4.000,86.850,"GoalBlock{x=80,y=4,z=84}",21,7,MovementDiagonal,325,94,94,,
6812,0,Husk,T3/78,MOVING,68.060,4.000,87.051,"GoalBlock{x=80,y=4,z=84}",21,7,MovementDiagonal,325,94,94,,
6813,0,Husk,T3/78,MOVING,68.257,4.000,87.252,"GoalBlock{x=80,y=4,z=84}",21,8,MovementDiagonal,325,94,94,,
6814,0,Husk,T3/78,MOVING,68.454,4.000,87.451,"GoalBlock{x=80,y=4,z=84}",21,8,MovementDiagonal,325,94,94,,
6815,0,Husk,T3/78,MOVING,68.652,4.000,87.650,"GoalBlock{x=80,y=4,z=84}",21,8,MovementDiagonal,325,94,94,,
6816,0,Husk,T3/78,MOVING,68.850,4.000,87.849,"GoalBlock{x=80,y=4,z=84}",21,8,MovementDiagonal,325,94,94,,
6817,0,Husk,T3/78,MOVING,69.048,4.000,88.048,"GoalBlock{x=80,y=4,z=84}",21,8,MovementDiagonal,325,94,94,,
6818,0,Husk,T3/78,MOVING,69.277,4.000,88.194,"GoalBlock{x=80,y=4,z=84}",21,9,MovementTraverse,325,94,94,,
6819,0,Husk,T3/78,MOVING,69.527,4.000,88.305,"GoalBlock{x=80,y=4,z=84}",21,9,MovementTraverse,325,94,94,,
6820,0,Husk,T3/78,MOVING,69.787,4.000,88.391,"GoalBlock{x=80,y=4,z=84}",21,9,MovementTraverse,325,94,94,,
6821,0,Husk,T3/78,MOVING,70.056,4.000,88.457,"GoalBlock{x=80,y=4,z=84}",21,9,MovementTraverse,325,94,94,,
6822,0,Husk,T3/78,MOVING,70.330,4.000,88.497,"GoalBlock{x=80,y=4,z=84}",21,10,MovementTraverse,325,94,94,,
6823,0,Husk,T3/78,MOVING,70.607,4.000,88.519,"GoalBlock{x=80,y=4,z=84}",21,10,MovementTraverse,325,94,94,,
6824,0,Husk,T3/78,MOVING,70.885,4.000,88.528,"GoalBlock{x=80,y=4,z=84}",21,10,MovementTraverse,325,94,94,,
6825,0,Husk,T3/78,MOVING,71.165,4.000,88.527,"GoalBlock{x=80,y=4,z=84}",21,10,MovementTraverse,325,94,94,,
6826,0,Husk,T3/78,MOVING,71.445,4.000,88.525,"GoalBlock{x=80,y=4,z=84}",21,11,MovementTraverse,325,94,94,,
6827,0,Husk,T3/78,MOVING,71.725,4.000,88.522,"GoalBlock{x=80,y=4,z=84}",21,11,MovementTraverse,325,94,94,,
6828,0,Husk,T3/78,MOVING,72.005,4.000,88.518,"GoalBlock{x=80,y=4,z=84}",21,11,MovementTraverse,325,94,94,,
6829,0,Husk,T3/78,MOVING,72.286,4.000,88.517,"GoalBlock{x=80,y=4,z=84}",21,12,MovementTraverse,325,94,94,,
6830,0,Husk,T3/78,MOVING,72.566,4.000,88.515,"GoalBlock{x=80,y=4,z=84}",21,12,MovementTraverse,325,94,94,,
6831,0,Husk,T3/78,MOVING,72.847,4.000,88.513,"GoalBlock{x=80,y=4,z=84}",21,12,MovementTraverse,325,94,94,,
6832,0,Husk,T3/78,MOVING,73.127,4.000,88.510,"GoalBlock{x=80,y=4,z=84}",21,12,MovementTraverse,325,94,94,,
6833,0,Husk,T3/78,MOVING,73.408,4.000,88.509,"GoalBlock{x=80,y=4,z=84}",21,13,MovementTraverse,325,94,94,,
6834,0,Husk,T3/78,MOVING,73.688,4.000,88.508,"GoalBlock{x=80,y=4,z=84}",21,13,MovementTraverse,325,94,94,,
6835,0,Husk,T3/78,MOVING,73.969,4.000,88.507,"GoalBlock{x=80,y=4,z=84}",21,13,MovementTraverse,325,94,94,,
6836,0,Husk,T3/78,MOVING,74.249,4.000,88.505,"GoalBlock{x=80,y=4,z=84}",21,13,MovementTraverse,325,94,94,,
6837,0,Husk,T3/78,MOVING,74.530,4.000,88.505,"GoalBlock{x=80,y=4,z=84}",21,14,MovementTraverse,325,94,94,,
6838,0,Husk,T3/78,MOVING,74.811,4.000,88.504,"GoalBlock{x=80,y=4,z=84}",21,14,MovementTraverse,325,94,94,,
6839,0,Husk,T3/78,MOVING,75.091,4.000,88.503,"GoalBlock{x=80,y=4,z=84}",21,14,MovementTraverse,325,94,94,,
6840,0,Husk,T3/78,MOVING,75.372,4.000,88.503,"GoalBlock{x=80,y=4,z=84}",21,15,MovementTraverse,325,94,94,,
6841,0,Husk,T3/78,MOVING,75.653,4.000,88.503,"GoalBlock{x=80,y=4,z=84}",21,15,MovementTraverse,325,94,94,,
6842,0,Husk,T3/78,MOVING,75.933,4.000,88.502,"GoalBlock{x=80,y=4,z=84}",21,15,MovementTraverse,325,94,94,,
6843,0,Husk,T3/78,MOVING,76.214,4.000,88.502,"GoalBlock{x=80,y=4,z=84}",21,15,MovementTraverse,325,94,94,,
6844,0,Husk,T3/78,MOVING,76.477,4.000,88.438,"GoalBlock{x=80,y=4,z=84}",21,16,MovementDiagonal,325,94,94,,
6845,0,Husk,T3/78,MOVING,76.715,4.000,88.317,"GoalBlock{x=80,y=4,z=84}",21,16,MovementDiagonal,325,94,94,,
6846,0,Husk,T3/78,MOVING,76.933,4.000,88.159,"GoalBlock{x=80,y=4,z=84}",21,16,MovementDiagonal,325,94,94,,
6847,0,Husk,T3/78,MOVING,77.135,4.000,87.976,"GoalBlock{x=80,y=4,z=84}",21,16,MovementDiagonal,325,94,94,,
6848,0,Husk,T3/78,MOVING,77.332,4.000,87.783,"GoalBlock{x=80,y=4,z=84}",21,17,MovementDiagonal,325,94,94,,
6849,0,Husk,T3/78,MOVING,77.525,4.000,87.583,"GoalBlock{x=80,y=4,z=84}",21,17,MovementDiagonal,325,94,94,,
6850,0,Husk,T3/78,MOVING,77.716,4.000,87.379,"GoalBlock{x=80,y=4,z=84}",21,17,MovementDiagonal,325,94,94,,
6851,0,Husk,T3/78,MOVING,77.905,4.000,87.173,"GoalBlock{x=80,y=4,z=84}",21,17,MovementDiagonal,325,94,94,,
6852,0,Husk,T3/78,MOVING,78.093,4.000,86.965,"GoalBlock{x=80,y=4,z=84}",21,17,MovementDiagonal,325,94,94,,
6853,0,Husk,T3/78,MOVING,78.283,4.000,86.759,"GoalBlock{x=80,y=4,z=84}",21,18,MovementDiagonal,325,94,94,,
6854,0,Husk,T3/78,MOVING,78.476,4.000,86.555,"GoalBlock{x=80,y=4,z=84}",21,18,MovementDiagonal,325,94,94,,
6855,0,Husk,T3/78,MOVING,78.670,4.000,86.353,"GoalBlock{x=80,y=4,z=84}",21,18,MovementDiagonal,325,94,94,,
6856,0,Husk,T3/78,MOVING,78.865,4.000,86.151,"GoalBlock{x=80,y=4,z=84}",21,18,MovementDiagonal,325,94,94,,
6857,0,Husk,T3/78,MOVING,79.060,4.000,85.949,"GoalBlock{x=80,y=4,z=84}",21,18,MovementDiagonal,325,94,94,,
6858,0,Husk,T3/78,MOVING,79.256,4.000,85.749,"GoalBlock{x=80,y=4,z=84}",21,19,MovementDiagonal,325,94,94,,
6859,0,Husk,T3/78,MOVING,79.454,4.000,85.549,"GoalBlock{x=80,y=4,z=84}",21,19,MovementDiagonal,325,94,94,,
6860,0,Husk,T3/78,MOVING,79.651,4.000,85.350,"GoalBlock{x=80,y=4,z=84}",21,19,MovementDiagonal,325,94,94,,
6861,0,Husk,T3/78,MOVING,79.849,4.000,85.151,"GoalBlock{x=80,y=4,z=84}",21,19,MovementDiagonal,325,94,94,,
6862,0,Husk,T3/78,MOVING,80.047,4.000,84.952,"GoalBlock{x=80,y=4,z=84}",21,19,MovementDiagonal,325,94,94,,
6863,0,Husk,T3/78,ARRIVED,80.155,4.000,84.844,,-1,-1,,325,94,94,,CANCELED
6864,0,Husk,T3/79,ARRIVED,60.500,4.000,96.500,,-1,-1,,325,94,94,,CANCELED|CANCELED
6865,0,Husk,T3/79,ARRIVED,60.500,4.000,96.500,,-1,-1,,325,94,94,,
6866,0,Husk,T3/79,ARRIVED,60.500,4.000,96.500,,-1,-1,,325,94,94,,
6867,0,Husk,T3/79,ARRIVED,60.500,4.000,96.500,,-1,-1,,325,94,94,,
6868,0,Husk,T3/79,ARRIVED,60.500,4.000,96.500,,-1,-1,,325,94,94,,
6869,0,Husk,T3/79,ARRIVED,60.500,4.000,96.500,,-1,-1,,325,94,94,,
6870,0,Husk,T3/79,ARRIVED,60.500,4.000,96.500,,-1,-1,,325,94,94,,
6871,0,Husk,T3/79,ARRIVED,60.500,4.000,96.500,,-1,-1,,325,94,94,,
6872,0,Husk,T3/79,ARRIVED,60.500,4.000,96.500,,-1,-1,,325,94,94,,
6873,0,Husk,T3/79,ARRIVED,60.500,4.000,96.500,,-1,-1,,325,94,94,,
6874,0,Husk,T3/79,SEARCHING,60.500,4.000,96.500,"GoalBlock{x=80,y=4,z=96}",-1,-1,,325,95,95,,CALC_STARTED
6875,0,Husk,T3/79,MOVING,60.627,4.000,96.500,"GoalBlock{x=80,y=4,z=96}",21,0,MovementTraverse,209,95,95,,CALC_FINISHED_NOW_EXECUTING
6876,0,Husk,T3/79,MOVING,60.824,4.000,96.500,"GoalBlock{x=80,y=4,z=96}",21,0,MovementTraverse,209,95,95,,
6877,0,Husk,T3/79,MOVING,61.059,4.000,96.500,"GoalBlock{x=80,y=4,z=96}",21,0,MovementTraverse,209,95,95,,
6878,0,Husk,T3/79,MOVING,61.315,4.000,96.500,"GoalBlock{x=80,y=4,z=96}",21,1,MovementTraverse,209,95,95,,
6879,0,Husk,T3/79,MOVING,61.582,4.000,96.500,"GoalBlock{x=80,y=4,z=96}",21,1,MovementTraverse,209,95,95,,
6880,0,Husk,T3/79,MOVING,61.855,4.000,96.500,"GoalBlock{x=80,y=4,z=96}",21,1,MovementTraverse,209,95,95,,
6881,0,Husk,T3/79,MOVING,62.132,4.000,96.500,"GoalBlock{x=80,y=4,z=96}",21,1,MovementTraverse,209,95,95,,
6882,0,Husk,T3/79,MOVING,62.410,4.000,96.500,"GoalBlock{x=80,y=4,z=96}",21,2,MovementTraverse,209,95,95,,
6883,0,Husk,T3/79,MOVING,62.690,4.000,96.500,"GoalBlock{x=80,y=4,z=96}",21,2,MovementTraverse,209,95,95,,
6884,0,Husk,T3/79,MOVING,62.969,4.000,96.500,"GoalBlock{x=80,y=4,z=96}",21,2,MovementTraverse,209,95,95,,
6885,0,Husk,T3/79,MOVING,63.250,4.000,96.500,"GoalBlock{x=80,y=4,z=96}",21,2,MovementTraverse,209,95,95,,
6886,0,Husk,T3/79,MOVING,63.530,4.000,96.500,"GoalBlock{x=80,y=4,z=96}",21,3,MovementTraverse,209,95,95,,
6887,0,Husk,T3/79,MOVING,63.811,4.000,96.500,"GoalBlock{x=80,y=4,z=96}",21,3,MovementTraverse,209,95,95,,
6888,0,Husk,T3/79,MOVING,64.091,4.000,96.500,"GoalBlock{x=80,y=4,z=96}",21,3,MovementTraverse,209,95,95,,
6889,0,Husk,T3/79,MOVING,64.372,4.000,96.500,"GoalBlock{x=80,y=4,z=96}",21,4,MovementTraverse,209,95,95,,
6890,0,Husk,T3/79,MOVING,64.652,4.000,96.500,"GoalBlock{x=80,y=4,z=96}",21,4,MovementTraverse,209,95,95,,
6891,0,Husk,T3/79,MOVING,64.933,4.000,96.500,"GoalBlock{x=80,y=4,z=96}",21,4,MovementTraverse,209,95,95,,
6892,0,Husk,T3/79,MOVING,65.214,4.000,96.500,"GoalBlock{x=80,y=4,z=96}",21,4,MovementTraverse,209,95,95,,
6893,0,Husk,T3/79,MOVING,65.494,4.000,96.500,"GoalBlock{x=80,y=4,z=96}",21,5,MovementTraverse,209,95,95,,
6894,0,Husk,T3/79,MOVING,65.775,4.000,96.500,"GoalBlock{x=80,y=4,z=96}",21,5,MovementTraverse,209,95,95,,
6895,0,Husk,T3/79,MOVING,66.055,4.000,96.500,"GoalBlock{x=80,y=4,z=96}",21,5,MovementTraverse,209,95,95,,
6896,0,Husk,T3/79,MOVING,66.336,4.000,96.500,"GoalBlock{x=80,y=4,z=96}",21,6,MovementTraverse,209,95,95,,
6897,0,Husk,T3/79,MOVING,66.617,4.000,96.500,"GoalBlock{x=80,y=4,z=96}",21,6,MovementTraverse,209,95,95,,
6898,0,Husk,T3/79,MOVING,66.897,4.000,96.500,"GoalBlock{x=80,y=4,z=96}",21,6,MovementTraverse,209,95,95,,
6899,0,Husk,T3/79,MOVING,67.178,4.000,96.500,"GoalBlock{x=80,y=4,z=96}",21,6,MovementTraverse,209,95,95,,
6900,0,Husk,T3/79,MOVING,67.459,4.000,96.500,"GoalBlock{x=80,y=4,z=96}",21,7,MovementTraverse,209,95,95,,
6901,0,Husk,T3/79,MOVING,67.739,4.000,96.500,"GoalBlock{x=80,y=4,z=96}",21,7,MovementTraverse,209,95,95,,
6902,0,Husk,T3/79,MOVING,68.020,4.000,96.500,"GoalBlock{x=80,y=4,z=96}",21,7,MovementTraverse,209,95,95,,
6903,0,Husk,T3/79,MOVING,68.283,4.000,96.564,"GoalBlock{x=80,y=4,z=96}",21,8,MovementDiagonal,209,95,95,,
6904,0,Husk,T3/79,MOVING,68.528,4.000,96.676,"GoalBlock{x=80,y=4,z=96}",21,8,MovementDiagonal,209,95,95,,
6905,0,Husk,T3/79,MOVING,68.759,4.000,96.820,"GoalBlock{x=80,y=4,z=96}",21,8,MovementDiagonal,209,95,95,,
6906,0,Husk,T3/79,MOVING,68.979,4.000,96.985,"GoalBlock{x=80,y=4,z=96}",21,8,MovementDiagonal,209,95,95,,
6907,0,Husk,T3/79,MOVING,69.190,4.000,97.164,"GoalBlock{x=80,y=4,z=96}",21,8,MovementDiagonal,209,95,95,,
6908,0,Husk,T3/79,MOVING,69.428,4.000,97.294,"GoalBlock{x=80,y=4,z=96}",21,9,MovementTraverse,209,95,95,,
6909,0,Husk,T3/79,MOVING,69.683,4.000,97.390,"GoalBlock{x=80,y=4,z=96}",21,9,MovementTraverse,209,95,95,,
6910,0,Husk,T3/79,MOVING,69.949,4.000,97.459,"GoalBlock{x=80,y=4,z=96}",21,9,MovementTraverse,209,95,95,,
6911,0,Husk,T3/79,MOVING,70.221,4.000,97.506,"GoalBlock{x=80,y=4,z=96}",21,9,MovementTraverse,209,95,95,,
6912,0,Husk,T3/79,MOVING,70.497,4.000,97.531,"GoalBlock{x=80,y=4,z=96}",21,10,MovementTraverse,209,95,95,,
6913,0,Husk,T3/79,MOVING,70.775,4.000,97.541,"GoalBlock{x=80,y=4,z=96}",21,10,MovementTraverse,209,95,95,,
6914,0,Husk,T3/79,MOVING,71.054,4.000,97.539,"GoalBlock{x=80,y=4,z=96}",21,10,MovementTraverse,209,95,95,,
6915,0,Husk,T3/79,MOVING,71.333,4.000,97.536,"GoalBlock{x=80,y=4,z=96}",21,11,MovementTraverse,209,95,95,,
6916,0,Husk,T3/79,MOVING,71.613,4.000,97.532,"GoalBlock{x=80,y=4,z=96}",21,11,MovementTraverse,209,95,95,,
6917,0,Husk,T3/79,MOVING,71.894,4.000,97.527,"GoalBlock{x=80,y=4,z=96}",21,11,MovementTraverse,209,95,95,,
6918,0,Husk,T3/79,MOVING,72.174,4.000,97.521,"GoalBlock{x=80,y=4,z=96}",21,11,MovementTraverse,209,95,95,,
6919,0,Husk,T3/79,MOVING,72.454,4.000,97.516,"GoalBlock{x=80,y=4,z=96}",21,12,MovementTraverse,209,95,95,,
6920,0,Husk,T3/79,MOVING,72.735,4.000,97.514,"GoalBlock{x=80,y=4,z=96}",21,12,MovementTraverse,209,95,95,,
6921,0,Husk,T3/79,MOVING,73.015,4.000,97.512,"GoalBlock{x=80,y=4,z=96}",21,12,MovementTraverse,209,95,95,,
6922,0,Husk,T3/79,MOVING,73.296,4.000,97.511,"GoalBlock{x=80,y=4,z=96}",21,13,MovementTraverse,209,95,95,,
6923,0,Husk,T3/79,MOVING,73.576,4.000,97.510,"GoalBlock{x=80,y=4,z=96}",21,13,MovementTraverse,209,95,95,,
6924,0,Husk,T3/79,MOVING,73.857,4.000,97.508,"GoalBlock{x=80,y=4,z=96}",21,13,MovementTraverse,209,95,95,,
6925,0,Husk,T3/79,MOVING,74.138,4.000,97.507,"GoalBlock{x=80,y=4,z=96}",21,13,MovementTraverse,209,95,95,,
6926,0,Husk,T3/79,MOVING,74.418,4.000,97.506,"GoalBlock{x=80,y=4,z=96}",21,14,MovementTraverse,209,95,95,,
6927,0,Husk,T3/79,MOVING,74.699,4.000,97.505,"GoalBlock{x=80,y=4,z=96}",21,14,MovementTraverse,209,95,95,,
6928,0,Husk,T3/79,MOVING,74.979,4.000,97.505,"GoalBlock{x=80,y=4,z=96}",21,14,MovementTraverse,209,95,95,,
6929,0,Husk,T3/79,MOVING,75.260,4.000,97.503,"GoalBlock{x=80,y=4,z=96}",21,14,MovementTraverse,209,95,95,,
6930,0,Husk,T3/79,MOVING,75.541,4.000,97.503,"GoalBlock{x=80,y=4,z=96}",21,15,MovementTraverse,209,95,95,,
6931,0,Husk,T3/79,MOVING,75.821,4.000,97.503,"GoalBlock{x=80,y=4,z=96}",21,15,MovementTraverse,209,95,95,,
6932,0,Husk,T3/79,MOVING,76.102,4.000,97.502,"GoalBlock{x=80,y=4,z=96}",21,15,MovementTraverse,209,95,95,,
6933,0,Husk,T3/79,MOVING,76.382,4.000,97.502,"GoalBlock{x=80,y=4,z=96}",21,16,MovementTraverse,209,95,95,,
6934,0,Husk,T3/79,MOVING,76.663,4.000,97.502,"GoalBlock{x=80,y=4,z=96}",21,16,MovementTraverse,209,95,95,,
6935,0,Husk,T3/79,MOVING,76.944,4.000,97.502,"GoalBlock{x=80,y=4,z=96}",21,16,MovementTraverse,209,95,95,,
6936,0,Husk,T3/79,MOVING,77.224,4.000,97.501,"GoalBlock{x=80,y=4,z=96}",21,16,MovementTraverse,209,95,95,,
6937,0,Husk,T3/79,MOVING,77.505,4.000,97.501,"GoalBlock{x=80,y=4,z=96}",21,17,MovementTraverse,209,95,95,,
6938,0,Husk,T3/79,MOVING,77.786,4.000,97.501,"GoalBlock{x=80,y=4,z=96}",21,17,MovementTraverse,209,95,95,,
6939,0,Husk,T3/79,MOVING,78.066,4.000,97.501,"GoalBlock{x=80,y=4,z=96}",21,17,MovementTraverse,209,95,95,,
6940,0,Husk,T3/79,MOVING,78.347,4.000,97.501,"GoalBlock{x=80,y=4,z=96}",21,18,MovementTraverse,209,95,95,,
6941,0,Husk,T3/79,MOVING,78.627,4.000,97.501,"GoalBlock{x=80,y=4,z=96}",21,18,MovementTraverse,209,95,95,,
6942,0,Husk,T3/79,MOVING,78.908,4.000,97.501,"GoalBlock{x=80,y=4,z=96}",21,18,MovementTraverse,209,95,95,,
6943,0,Husk,T3/79,MOVING,79.189,4.000,97.500,"GoalBlock{x=80,y=4,z=96}",21,18,MovementTraverse,209,95,95,,
6944,0,Husk,T3/79,MOVING,79.452,4.000,97.437,"GoalBlock{x=80,y=4,z=96}",21,19,MovementDiagonal,209,95,95,,
6945,0,Husk,T3/79,MOVING,79.691,4.000,97.317,"GoalBlock{x=80,y=4,z=96}",21,19,MovementDiagonal,209,95,95,,
6946,0,Husk,T3/79,MOVING,79.911,4.000,97.161,"GoalBlock{x=80,y=4,z=96}",21,19,MovementDiagonal,209,95,95,,
6947,0,Husk,T3/79,MOVING,80.116,4.000,96.981,"GoalBlock{x=80,y=4,z=96}",21,19,MovementDiagonal,209,95,95,,
6948,0,Husk,T3/79,ARRIVED,80.228,4.000,96.882,,-1,-1,,209,95,95,,CANCELED
6949,0,Husk,T3/80,ARRIVED,60.500,14.000,108.500,,-1,-1,,209,95,95,,CANCELED|CANCELED
6950,0,Husk,T3/80,ARRIVED,60.500,14.000,108.500,,-1,-1,,209,95,95,,
6951,0,Husk,T3/80,ARRIVED,60.500,14.000,108.500,,-1,-1,,209,95,95,,
6952,0,Husk,T3/80,ARRIVED,60.500,14.000,108.500,,-1,-1,,209,95,95,,
6953,0,Husk,T3/80,ARRIVED,60.500,14.000,108.500,,-1,-1,,209,95,95,,
6954,0,Husk,T3/80,ARRIVED,60.500,14.000,108.500,,-1,-1,,209,95,95,,
6955,0,Husk,T3/80,ARRIVED,60.500,14.000,108.500,,-1,-1,,209,95,95,,
6956,0,Husk,T3/80,ARRIVED,60.500,14.000,108.500,,-1,-1,,209,95,95,,
6957,0,Husk,T3/80,ARRIVED,60.500,14.000,108.500,,-1,-1,,209,95,95,,
6958,0,Husk,T3/80,ARRIVED,60.500,14.000,108.500,,-1,-1,,209,95,95,,
6959,0,Husk,T3/80,SEARCHING,60.500,14.000,108.500,"GoalBlock{x=75,y=4,z=108}",-1,-1,,209,96,96,,CALC_STARTED
6960,0,Husk,T3/80,MOVING,60.627,14.000,108.500,"GoalBlock{x=75,y=4,z=108}",16,0,MovementTraverse,237,96,96,,CALC_FINISHED_NOW_EXECUTING
6961,0,Husk,T3/80,MOVING,60.824,14.000,108.500,"GoalBlock{x=75,y=4,z=108}",16,0,MovementTraverse,237,96,96,,
6962,0,Husk,T3/80,MOVING,61.059,14.000,108.500,"GoalBlock{x=75,y=4,z=108}",16,0,MovementTraverse,237,96,96,,
6963,0,Husk,T3/80,MOVING,61.315,14.000,108.500,"GoalBlock{x=75,y=4,z=108}",16,1,MovementTraverse,237,96,96,,
6964,0,Husk,T3/80,MOVING,61.582,14.000,108.500,"GoalBlock{x=75,y=4,z=108}",16,1,MovementTraverse,237,96,96,,
6965,0,Husk,T3/80,MOVING,61.855,14.000,108.500,"GoalBlock{x=75,y=4,z=108}",16,1,MovementTraverse,237,96,96,,
6966,0,Husk,T3/80,MOVING,62.132,14.000,108.500,"GoalBlock{x=75,y=4,z=108}",16,1,MovementTraverse,237,96,96,,
6967,0,Husk,T3/80,MOVING,62.410,14.000,108.500,"GoalBlock{x=75,y=4,z=108}",16,2,MovementTraverse,237,96,96,,
6968,0,Husk,T3/80,MOVING,62.690,14.000,108.500,"GoalBlock{x=75,y=4,z=108}",16,2,MovementTraverse,237,96,96,,
6969,0,Husk,T3/80,MOVING,62.969,14.000,108.500,"GoalBlock{x=75,y=4,z=108}",16,2,MovementTraverse,237,96,96,,
6970,0,Husk,T3/80,MOVING,63.250,14.000,108.500,"GoalBlock{x=75,y=4,z=108}",16,2,MovementTraverse,237,96,96,,
6971,0,Husk,T3/80,MOVING,63.501,14.000,108.500,"GoalBlock{x=75,y=4,z=108}",16,3,MovementFall,237,96,96,,
6972,0,Husk,T3/80,MOVING,63.736,14.000,108.500,"GoalBlock{x=75,y=4,z=108}",16,3,MovementFall,237,96,96,,
6973,0,Husk,T3/80,MOVING,63.962,14.000,108.500,"GoalBlock{x=75,y=4,z=108}",16,3,MovementFall,237,96,96,,
6974,0,Husk,T3/80,MOVING,64.184,14.000,108.500,"GoalBlock{x=75,y=4,z=108}",16,3,MovementFall,237,96,96,,
6975,0,Husk,T3/80,MOVING,64.403,14.000,108.500,"GoalBlock{x=75,y=4,z=108}",16,3,MovementFall,237,96,96,,
6976,0,Husk,T3/80,MOVING,64.522,13.922,108.500,"GoalBlock{x=75,y=4,z=108}",16,3,MovementFall,237,96,96,,
6977,0,Husk,T3/80,MOVING,64.588,13.766,108.500,"GoalBlock{x=75,y=4,z=108}",16,3,MovementFall,237,96,96,,
6978,0,Husk,T3/80,MOVING,64.647,13.536,108.480,"GoalBlock{x=75,y=4,z=108}",16,3,MovementFall,237,96,96,,
6979,0,Husk,T3/80,MOVING,64.691,13.232,108.446,"GoalBlock{x=75,y=4,z=108}",16,3,MovementFall,237,96,96,,
6980,0,Husk,T3/80,MOVING,64.715,12.855,108.404,"GoalBlock{x=75,y=4,z=108}",16,3,MovementFall,237,96,96,,
6981,0,Husk,T3/80,MOVING,64.730,12.407,108.366,"GoalBlock{x=75,y=4,z=108}",16,3,MovementFall,237,96,96,,
6982,0,Husk,T3/80,MOVING,64.738,11.890,108.334,"GoalBlock{x=75,y=4,z=108}",16,3,MovementFall,237,96,96,,
6983,0,Husk,T3/80,MOVING,64.741,11.305,108.307,"GoalBlock{x=75,y=4,z=108}",16,3,MovementFall,237,96,96,,
6984,0,Husk,T3/80,MOVING,64.735,10.654,108.285,"GoalBlock{x=75,y=4,z=108}",16,3,MovementFall,237,96,96,,
6985,0,Husk,T3/80,MOVING,64.726,9.937,108.269,"GoalBlock{x=75,y=4,z=108}",16,3,MovementFall,237,96,96,,
6986,0,Husk,T3/80,MOVING,64.712,9.156,108.257,"GoalBlock{x=75,y=4,z=108}",16,3,MovementFall,237,96,96,,
6987,0,Husk,T3/80,MOVING,64.695,8.312,108.249,"GoalBlock{x=75,y=4,z=108}",16,3,MovementFall,237,96,96,,
6988,0,Husk,T3/80,MOVING,64.674,7.406,108.246,"GoalBlock{x=75,y=4,z=108}",16,3,MovementFall,237,96,96,,
6989,0,Husk,T3/80,MOVING,64.651,6.440,108.250,"GoalBlock{x=75,y=4,z=108}",16,3,MovementFall,237,96,96,,
6990,0,Husk,T3/80,MOVING,64.626,5.416,108.257,"GoalBlock{x=75,y=4,z=108}",16,3,MovementFall,237,96,96,,
6991,0,Husk,T3/80,MOVING,64.598,4.333,108.268,"GoalBlock{x=75,y=4,z=108}",16,3,MovementFall,237,96,96,,
6992,0,Husk,T3/80,MOVING,64.570,3.193,108.282,"GoalBlock{x=75,y=4,z=108}",16,3,MovementFall,237,96,96,,
6993,0,Husk,T3/80,MOVING,64.539,2.038,108.299,"GoalBlock{x=75,y=4,z=108}",16,3,MovementFall,237,96,96,,
6994,0,Husk,T3/80,MOVING,64.511,2.000,108.318,"GoalBlock{x=75,y=4,z=108}",16,3,MovementFall,237,96,96,,
6995,0,Husk,T3/80,MOVING,64.477,2.020,108.348,"GoalBlock{x=75,y=4,z=108}",16,3,MovementFall,237,96,96,,
6996,0,Husk,T3/80,MOVING,64.439,2.056,108.388,"GoalBlock{x=75,y=4,z=108}",16,3,MovementFall,237,96,96,,
6997,0,Husk,T3/80,MOVING,64.409,2.105,108.421,"GoalBlock{x=75,y=4,z=108}",16,3,MovementFall,237,96,96,,
6998,0,Husk,T3/80,MOVING,64.377,2.164,108.465,"GoalBlock{x=75,y=4,z=108}",16,3,MovementFall,237,96,96,,
6999,0,Husk,T3/80,MOVING,64.350,2.231,108.520,"GoalBlock{x=75,y=4,z=108}",16,3,MovementFall,237,96,96,,
7000,0,Husk,T3/80,MOVING,64.338,2.305,108.581,"GoalBlock{x=75,y=4,z=108}",16,3,MovementFall,237,96,96,,
7001,0,Husk,T3/80,MOVING,64.345,2.384,108.640,"GoalBlock{x=75,y=4,z=108}",16,3,MovementFall,237,96,96,,
7002,0,Husk,T3/80,MOVING,64.370,2.467,108.689,"GoalBlock{x=75,y=4,z=108}",16,3,MovementFall,237,96,96,,
7003,0,Husk,T3/80,MOVING,64.407,2.554,108.719,"GoalBlock{x=75,y=4,z=108}",16,3,MovementFall,237,96,96,,
7004,0,Husk,T3/80,MOVING,64.447,2.643,108.726,"GoalBlock{x=75,y=4,z=108}",16,3,MovementFall,237,96,96,,
7005,0,Husk,T3/80,MOVING,64.481,2.734,108.712,"GoalBlock{x=75,y=4,z=108}",16,3,MovementFall,237,96,96,,
7006,0,Husk,T3/80,MOVING,64.498,2.827,108.683,"GoalBlock{x=75,y=4,z=108}",16,3,MovementFall,237,96,96,,
7007,0,Husk,T3/80,MOVING,64.502,2.922,108.644,"GoalBlock{x=75,y=4,z=108}",16,3,MovementFall,237,96,96,,
7008,0,Husk,T3/80,MOVING,64.500,3.018,108.594,"GoalBlock{x=75,y=4,z=108}",16,4,MovementTraverse,237,96,96,,
7009,0,Husk,T3/80,MOVING,64.509,3.114,108.535,"GoalBlock{x=75,y=4,z=108}",16,4,MovementTraverse,237,96,96,,
7010,0,Husk,T3/80,MOVING,64.532,3.211,108.478,"GoalBlock{x=75,y=4,z=108}",16,4,MovementTraverse,237,96,96,,
7011,0,Husk,T3/80,MOVING,64.570,3.309,108.430,"GoalBlock{x=75,y=4,z=108}",16,4,MovementTraverse,237,96,96,,
7012,0,Husk,T3/80,MOVING,64.620,3.407,108.394,"GoalBlock{x=75,y=4,z=108}",16,4,MovementTraverse,237,96,96,,
7013,0,Husk,T3/80,MOVING,64.680,3.506,108.367,"GoalBlock{x=75,y=4,z=108}",16,4,MovementTraverse,237,96,96,,
7014,0,Husk,T3/80,MOVING,64.747,3.605,108.349,"GoalBlock{x=75,y=4,z=108}",16,4,MovementTraverse,237,96,96,,
7015,0,Husk,T3/80,MOVING,64.825,3.664,108.339,"GoalBlock{x=75,y=4,z=108}",16,4,MovementTraverse,237,96,96,,
7016,0,Husk,T3/80,MOVING,64.921,3.643,108.336,"GoalBlock{x=75,y=4,z=108}",16,4,MovementTraverse,237,96,96,,
7017,0,Husk,T3/80,MOVING,65.034,3.545,108.343,"GoalBlock{x=75,y=4,z=108}",16,4,MovementTraverse,237,96,96,,
7018,0,Husk,T3/80,MOVING,65.155,3.410,108.352,"GoalBlock{x=75,y=4,z=108}",16,5,MovementTraverse,237,96,96,,
7019,0,Husk,T3/80,MOVING,65.272,3.322,108.360,"GoalBlock{x=75,y=4,z=108}",16,5,MovementTraverse,237,96,96,,
7020,0,Husk,T3/80,MOVING,65.384,3.271,108.370,"GoalBlock{x=75,y=4,z=108}",16,5,MovementTraverse,237,96,96,,
7021,0,Husk,T3/80,MOVING,65.494,3.251,108.380,"GoalBlock{x=75,y=4,z=108}",16,5,MovementTraverse,237,96,96,,
7022,0,Husk,T3/80,MOVING,65.601,3.255,108.390,"GoalBlock{x=75,y=4,z=108}",16,5,MovementTraverse,237,96,96,,
7023,0,Husk,T3/80,MOVING,65.707,3.278,108.400,"GoalBlock{x=75,y=4,z=108}",16,5,MovementTraverse,237,96,96,,
7024,0,Husk,T3/80,MOVING,65.810,3.318,108.411,"GoalBlock{x=75,y=4,z=108}",16,5,MovementTraverse,237,96,96,,
7025,0,Husk,T3/80,MOVING,65.913,3.370,108.422,"GoalBlock{x=75,y=4,z=108}",16,5,MovementTraverse,237,96,96,,
7026,0,Husk,T3/80,MOVING,66.014,3.432,108.434,"GoalBlock{x=75,y=4,z=108}",16,5,MovementTraverse,237,96,96,,
7027,0,Husk,T3/80,MOVING,66.115,3.501,108.444,"GoalBlock{x=75,y=4,z=108}",16,6,MovementTraverse,237,96,96,,
7028,0,Husk,T3/80,MOVING,66.215,3.576,108.453,"GoalBlock{x=75,y=4,z=108}",16,6,MovementTraverse,237,96,96,,
7029,0,Husk,T3/80,MOVING,66.314,3.657,108.460,"GoalBlock{x=75,y=4,z=108}",16,6,MovementTraverse,237,96,96,,
7030,0,Husk,T3/80,MOVING,66.420,3.701,108.468,"GoalBlock{x=75,y=4,z=108}",16,6,MovementTraverse,237,96,96,,
7031,0,Husk,T3/80,MOVING,66.541,3.666,108.475,"GoalBlock{x=75,y=4,z=108}",16,6,MovementTraverse,237,96,96,,
7032,0,Husk,T3/80,MOVING,66.677,3.553,108.482,"GoalBlock{x=75,y=4,z=108}",16,6,MovementTraverse,237,96,96,,
7033,0,Husk,T3/80,MOVING,66.820,3.404,108.489,"GoalBlock{x=75,y=4,z=108}",16,6,MovementTraverse,237,96,96,,
7034,0,Husk,T3/80,MOVING,66.954,3.305,108.495,"GoalBlock{x=75,y=4,z=108}",16,6,MovementTraverse,237,96,96,,
7035,0,Husk,T3/80,MOVING,67.081,3.246,108.500,"GoalBlock{x=75,y=4,z=108}",16,6,MovementTraverse,237,96,96,,
7036,0,Husk,T3/80,MOVING,67.202,3.219,108.504,"GoalBlock{x=75,y=4,z=108}",16,7,MovementTraverse,237,96,96,,
7037,0,Husk,T3/80,MOVING,67.318,3.217,108.507,"GoalBlock{x=75,y=4,z=108}",16,7,MovementTraverse,237,96,96,,
7038,0,Husk,T3/80,MOVING,67.431,3.235,108.507,"GoalBlock{x=75,y=4,z=108}",16,7,MovementTraverse,237,96,96,,
7039,0,Husk,T3/80,MOVING,67.541,3.270,108.507,"GoalBlock{x=75,y=4,z=108}",16,7,MovementTraverse,237,96,96,,
7040,0,Husk,T3/80,MOVING,67.648,3.318,108.507,"GoalBlock{x=75,y=4,z=108}",16,7,MovementTraverse,237,96,96,,
7041,0,Husk,T3/80,MOVING,67.754,3.376,108.506,"GoalBlock{x=75,y=4,z=108}",16,7,MovementTraverse,237,96,96,,
7042,0,Husk,T3/80,MOVING,67.858,3.442,108.506,"GoalBlock{x=75,y=4,z=108}",16,7,MovementTraverse,237,96,96,,
7043,0,Husk,T3/80,MOVING,67.961,3.516,108.506,"GoalBlock{x=75,y=4,z=108}",16,7,MovementTraverse,237,96,96,,
7044,0,Husk,T3/80,MOVING,68.063,3.594,108.506,"GoalBlock{x=75,y=4,z=108}",16,7,MovementTraverse,237,96,96,,
7045,0,Husk,T3/80,MOVING,68.164,3.677,108.506,"GoalBlock{x=75,y=4,z=108}",16,8,MovementAscend,237,96,96,,
7046,0,Husk,T3/80,MOVING,68.264,3.724,108.506,"GoalBlock{x=75,y=4,z=108}",16,8,MovementAscend,237,96,96,,
7047,0,Husk,T3/80,MOVING,68.375,3.691,108.506,"GoalBlock{x=75,y=4,z=108}",16,8,MovementAscend,237,96,96,,
7048,0,Husk,T3/80,MOVING,68.496,3.580,108.506,"GoalBlock{x=75,y=4,z=108}",16,8,MovementAscend,237,96,96,,
7049,0,Husk,T3/80,MOVING,68.625,3.433,108.505,"GoalBlock{x=75,y=4,z=108}",16,8,MovementAscend,237,96,96,,
7050,0,Husk,T3/80,MOVING,68.700,3.335,108.505,"GoalBlock{x=75,y=4,z=108}",16,8,MovementAscend,237,96,96,,
7051,0,Husk,T3/80,MOVING,68.700,3.277,108.505,"GoalBlock{x=75,y=4,z=108}",16,8,MovementAscend,237,96,96,,
7052,0,Husk,T3/80,MOVING,68.700,3.251,108.505,"GoalBlock{x=75,y=4,z=108}",16,8,MovementAscend,237,96,96,,
7053,0,Husk,T3/80,MOVING,68.700,3.250,108.505,"GoalBlock{x=75,y=4,z=108}",16,8,MovementAscend,237,96,96,,
7054,0,Husk,T3/80,MOVING,68.700,3.269,108.505,"GoalBlock{x=75,y=4,z=108}",16,8,MovementAscend,237,96,96,,
7055,0,Husk,T3/80,MOVING,68.700,3.304,108.505,"GoalBlock{x=75,y=4,z=108}",16,8,MovementAscend,237,96,96,,
7056,0,Husk,T3/80,MOVING,68.700,3.352,108.505,"GoalBlock{x=75,y=4,z=108}",16,8,MovementAscend,237,96,96,,
7057,0,Husk,T3/80,MOVING,68.700,3.411,108.504,"GoalBlock{x=75,y=4,z=108}",16,8,MovementAscend,237,96,96,,
7058,0,Husk,T3/80,MOVING,68.700,3.478,108.504,"GoalBlock{x=75,y=4,z=108}",16,8,MovementAscend,237,96,96,,
7059,0,Husk,T3/80,MOVING,68.700,3.818,108.504,"GoalBlock{x=75,y=4,z=108}",16,8,MovementAscend,237,96,96,,
7060,0,Husk,T3/80,MOVING,68.720,4.118,108.504,"GoalBlock{x=75,y=4,z=108}",16,8,MovementAscend,237,96,96,,
7061,0,Husk,T3/80,MOVING,68.757,4.333,108.504,"GoalBlock{x=75,y=4,z=108}",16,8,MovementAscend,237,96,96,,
7062,0,Husk,T3/80,MOVING,68.811,4.466,108.504,"GoalBlock{x=75,y=4,z=108}",16,8,MovementAscend,237,96,96,,
7063,0,Husk,T3/80,MOVING,68.879,4.518,108.504,"GoalBlock{x=75,y=4,z=108}",16,8,MovementAscend,237,96,96,,
7064,0,Husk,T3/80,MOVING,68.961,4.490,108.504,"GoalBlock{x=75,y=4,z=108}",16,8,MovementAscend,237,96,96,,
7065,0,Husk,T3/80,MOVING,69.055,4.385,108.504,"GoalBlock{x=75,y=4,z=108}",16,8,MovementAscend,237,96,96,,
7066,0,Husk,T3/80,MOVING,69.166,4.203,108.503,"GoalBlock{x=75,y=4,z=108}",16,9,MovementTraverse,237,96,96,,
7067,0,Husk,T3/80,MOVING,69.293,4.000,108.503,"GoalBlock{x=75,y=4,z=108}",16,9,MovementTraverse,237,96,96,,
7068,0,Husk,T3/80,MOVING,69.535,4.000,108.503,"GoalBlock{x=75,y=4,z=108}",16,9,MovementTraverse,237,96,96,,
7069,0,Husk,T3/80,MOVING,69.795,4.000,108.503,"GoalBlock{x=75,y=4,z=108}",16,9,MovementTraverse,237,96,96,,
7070,0,Husk,T3/80,MOVING,70.065,4.000,108.502,"GoalBlock{x=75,y=4,z=108}",16,9,MovementTraverse,237,96,96,,
7071,0,Husk,T3/80,MOVING,70.339,4.000,108.502,"GoalBlock{x=75,y=4,z=108}",16,10,MovementTraverse,237,96,96,,
7072,0,Husk,T3/80,MOVING,70.616,4.000,108.502,"GoalBlock{x=75,y=4,z=108}",16,10,MovementTraverse,237,96,96,,
7073,0,Husk,T3/80,MOVING,70.895,4.000,108.502,"GoalBlock{x=75,y=4,z=108}",16,10,MovementTraverse,237,96,96,,
7074,0,Husk,T3/80,MOVING,71.175,4.000,108.501,"GoalBlock{x=75,y=4,z=108}",16,10,MovementTraverse,237,96,96,,
7075,0,Husk,T3/80,MOVING,71.455,4.000,108.501,"GoalBlock{x=75,y=4,z=108}",16,11,MovementTraverse,237,96,96,,
7076,0,Husk,T3/80,MOVING,71.735,4.000,108.501,"GoalBlock{x=75,y=4,z=108}",16,11,MovementTraverse,237,96,96,,
7077,0,Husk,T3/80,MOVING,72.015,4.000,108.501,"GoalBlock{x=75,y=4,z=108}",16,11,MovementTraverse,237,96,96,,
7078,0,Husk,T3/80,MOVING,72.296,4.000,108.501,"GoalBlock{x=75,y=4,z=108}",16,12,MovementTraverse,237,96,96,,
7079,0,Husk,T3/80,MOVING,72.577,4.000,108.501,"GoalBlock{x=75,y=4,z=108}",16,12,MovementTraverse,237,96,96,,
7080,0,Husk,T3/80,MOVING,72.857,4.000,108.501,"GoalBlock{x=75,y=4,z=108}",16,12,MovementTraverse,237,96,96,,
7081,0,Husk,T3/80,MOVING,73.138,4.000,108.500,"GoalBlock{x=75,y=4,z=108}",16,12,MovementTraverse,237,96,96,,
7082,0,Husk,T3/80,MOVING,73.418,4.000,108.500,"GoalBlock{x=75,y=4,z=108}",16,13,MovementTraverse,237,96,96,,
7083,0,Husk,T3/80,MOVING,73.699,4.000,108.500,"GoalBlock{x=75,y=4,z=108}",16,13,MovementTraverse,237,96,96,,
7084,0,Husk,T3/80,MOVING,73.980,4.000,108.500,"GoalBlock{x=75,y=4,z=108}",16,13,MovementTraverse,237,96,96,,
7085,0,Husk,T3/80,MOVING,74.260,4.000,108.500,"GoalBlock{x=75,y=4,z=108}",16,13,MovementTraverse,237,96,96,,
7086,0,Husk,T3/80,MOVING,74.541,4.000,108.500,"GoalBlock{x=75,y=4,z=108}",16,14,MovementTraverse,237,96,96,,
7087,0,Husk,T3/80,MOVING,74.821,4.000,108.500,"GoalBlock{x=75,y=4,z=108}",16,14,MovementTraverse,237,96,96,,
7088,0,Husk,T3/80,MOVING,75.102,4.000,108.500,"GoalBlock{x=75,y=4,z=108}",16,14,MovementTraverse,237,96,96,,
7089,0,Husk,T3/80,ARRIVED,75.255,4.000,108.500,,-1,-1,,237,96,96,,CANCELED
7090,0,Husk,T3/81,ARRIVED,0.500,4.000,0.500,,-1,-1,,237,96,96,,CANCELED|CANCELED
7091,0,Husk,T3/81,ARRIVED,0.500,4.000,0.500,,-1,-1,,237,96,96,,
7092,0,Husk,T3/81,ARRIVED,0.500,4.000,0.500,,-1,-1,,237,96,96,,
7093,0,Husk,T3/81,ARRIVED,0.500,4.000,0.500,,-1,-1,,237,96,96,,
7094,0,Husk,T3/81,ARRIVED,0.500,4.000,0.500,,-1,-1,,237,96,96,,
7095,0,Husk,T3/81,ARRIVED,0.500,4.000,0.500,,-1,-1,,237,96,96,,
7096,0,Husk,T3/81,ARRIVED,0.500,4.000,0.500,,-1,-1,,237,96,96,,
7097,0,Husk,T3/81,ARRIVED,0.500,4.000,0.500,,-1,-1,,237,96,96,,
7098,0,Husk,T3/81,ARRIVED,0.500,4.000,0.500,,-1,-1,,237,96,96,,
7099,0,Husk,T3/81,ARRIVED,0.500,4.000,0.500,,-1,-1,,237,96,96,,
7100,0,Husk,T3/81,SEARCHING,0.500,4.000,0.500,"GoalBlock{x=30,y=4,z=0}",-1,-1,,237,97,97,,CALC_STARTED
7101,0,Husk,T3/81,MOVING,0.627,4.000,0.500,"GoalBlock{x=30,y=4,z=0}",31,0,MovementTraverse,149,97,97,,CALC_FINISHED_NOW_EXECUTING
7102,0,Husk,T3/81,MOVING,0.824,4.000,0.500,"GoalBlock{x=30,y=4,z=0}",31,0,MovementTraverse,149,97,97,,
7103,0,Husk,T3/81,MOVING,1.059,4.000,0.500,"GoalBlock{x=30,y=4,z=0}",31,0,MovementTraverse,149,97,97,,
7104,0,Husk,T3/81,MOVING,1.315,4.000,0.500,"GoalBlock{x=30,y=4,z=0}",31,1,MovementTraverse,149,97,97,,
7105,0,Husk,T3/81,MOVING,1.582,4.000,0.500,"GoalBlock{x=30,y=4,z=0}",31,1,MovementTraverse,149,97,97,,
7106,0,Husk,T3/81,MOVING,1.855,4.000,0.500,"GoalBlock{x=30,y=4,z=0}",31,1,MovementTraverse,149,97,97,,
7107,0,Husk,T3/81,MOVING,2.132,4.000,0.500,"GoalBlock{x=30,y=4,z=0}",31,1,MovementTraverse,149,97,97,,
7108,0,Husk,T3/81,MOVING,2.410,4.000,0.500,"GoalBlock{x=30,y=4,z=0}",31,2,MovementTraverse,149,97,97,,
7109,0,Husk,T3/81,MOVING,2.690,4.000,0.500,"GoalBlock{x=30,y=4,z=0}",31,2,MovementTraverse,149,97,97,,
7110,0,Husk,T3/81,MOVING,2.969,4.000,0.500,"GoalBlock{x=30,y=4,z=0}",31,2,MovementTraverse,149,97,97,,
7111,0,Husk,T3/81,MOVING,3.250,4.000,0.500,"GoalBlock{x=30,y=4,z=0}",31,2,MovementTraverse,149,97,97,,
7112,0,Husk,T3/81,MOVING,3.530,4.000,0.500,"GoalBlock{x=30,y=4,z=0}",31,3,MovementTraverse,149,97,97,,
7113,0,Husk,T3/81,MOVING,3.811,4.000,0.500,"GoalBlock{x=30,y=4,z=0}",31,3,MovementTraverse,149,97,97,,
7114,0,Husk,T3/81,MOVING,4.091,4.000,0.500,"GoalBlock{x=30,y=4,z=0}",31,3,MovementTraverse,149,97,97,,
7115,0,Husk,T3/81,MOVING,4.372,4.000,0.500,"GoalBlock{x=30,y=4,z=0}",31,4,MovementTraverse,149,97,97,,
7116,0,Husk,T3/81,MOVING,4.652,4.000,0.500,"GoalBlock{x=30,y=4,z=0}",31,4,MovementTraverse,149,97,97,,
7117,0,Husk,T3/81,MOVING,4.933,4.000,0.500,"GoalBlock{x=30,y=4,z=0}",31,4,MovementTraverse,149,97,97,,
7118,0,Husk,T3/81,MOVING,5.214,4.000,0.500,"GoalBlock{x=30,y=4,z=0}",31,4,MovementTraverse,149,97,97,,
7119,0,Husk,T3/81,MOVING,5.494,4.000,0.500,"GoalBlock{x=30,y=4,z=0}",31,5,MovementTraverse,149,97,97,,
7120,0,Husk,T3/81,MOVING,5.775,4.000,0.500,"GoalBlock{x=30,y=4,z=0}",31,5,MovementTraverse,149,97,97,,
7121,0,Husk,T3/81,MOVING,6.055,4.000,0.500,"GoalBlock{x=30,y=4,z=0}",31,5,MovementTraverse,149,97,97,,
7122,0,Husk,T3/81,MOVING,6.336,4.000,0.500,"GoalBlock{x=30,y=4,z=0}",31,6,MovementTraverse,149,97,97,,
7123,0,Husk,T3/81,MOVING,6.617,4.000,0.500,"GoalBlock{x=30,y=4,z=0}",31,6,MovementTraverse,149,97,97,,
7124,0,Husk,T3/81,MOVING,6.897,4.000,0.500,"GoalBlock{x=30,y=4,z=0}",31,6,MovementTraverse,149,97,97,,
7125,0,Husk,T3/81,MOVING,7.178,4.000,0.500,"GoalBlock{x=30,y=4,z=0}",31,6,MovementTraverse,149,97,97,,
7126,0,Husk,T3/81,MOVING,7.459,4.000,0.500,"GoalBlock{x=30,y=4,z=0}",31,7,MovementTraverse,149,97,97,,
7127,0,Husk,T3/81,MOVING,7.739,4.000,0.500,"GoalBlock{x=30,y=4,z=0}",31,7,MovementTraverse,149,97,97,,
7128,0,Husk,T3/81,MOVING,8.020,4.000,0.500,"GoalBlock{x=30,y=4,z=0}",31,7,MovementTraverse,149,97,97,,
7129,0,Husk,T3/81,MOVING,8.300,4.000,0.500,"GoalBlock{x=30,y=4,z=0}",31,8,MovementTraverse,149,97,97,,
7130,0,Husk,T3/81,MOVING,8.581,4.000,0.500,"GoalBlock{x=30,y=4,z=0}",31,8,MovementTraverse,149,97,97,,
7131,0,Husk,T3/81,MOVING,8.862,4.000,0.500,"GoalBlock{x=30,y=4,z=0}",31,8,MovementTraverse,149,97,97,,
7132,0,Husk,T3/81,MOVING,9.142,4.000,0.500,"GoalBlock{x=30,y=4,z=0}",31,8,MovementTraverse,149,97,97,,
7133,0,Husk,T3/81,MOVING,9.423,4.000,0.500,"GoalBlock{x=30,y=4,z=0}",31,9,MovementTraverse,149,97,97,,
7134,0,Husk,T3/81,MOVING,9.703,4.000,0.500,"GoalBlock{x=30,y=4,z=0}",31,9,MovementTraverse,149,97,97,,
7135,0,Husk,T3/81,MOVING,9.984,4.000,0.500,"GoalBlock{x=30,y=4,z=0}",31,9,MovementTraverse,149,97,97,,
7136,0,Husk,T3/81,MOVING,10.265,4.000,0.500,"GoalBlock{x=30,y=4,z=0}",31,9,MovementTraverse,149,97,97,,
7137,0,Husk,T3/81,MOVING,10.545,4.000,0.500,"GoalBlock{x=30,y=4,z=0}",31,10,MovementTraverse,149,97,97,,
7138,0,Husk,T3/81,MOVING,10.826,4.000,0.500,"GoalBlock{x=30,y=4,z=0}",31,10,MovementTraverse,149,97,97,,
7139,0,Husk,T3/81,MOVING,11.107,4.000,0.500,"GoalBlock{x=30,y=4,z=0}",31,10,MovementTraverse,149,97,97,,
7140,0,Husk,T3/81,MOVING,11.387,4.000,0.500,"GoalBlock{x=30,y=4,z=0}",31,11,MovementTraverse,149,97,97,,
7141,0,Husk,T3/81,MOVING,11.668,4.000,0.500,"GoalBlock{x=30,y=4,z=0}",31,11,MovementTraverse,149,97,97,,
7142,0,Husk,T3/81,MOVING,11.948,4.000,0.500,"GoalBlock{x=30,y=4,z=0}",31,11,MovementTraverse,149,97,97,,
7143,0,Husk,T3/81,MOVING,12.229,4.000,0.500,"GoalBlock{x=30,y=4,z=0}",31,11,MovementTraverse,149,97,97,,
7144,0,Husk,T3/81,MOVING,12.510,4.000,0.500,"GoalBlock{x=30,y=4,z=0}",31,12,MovementTraverse,149,97,97,,
7145,0,Husk,T3/81,MOVING,12.790,4.000,0.500,"GoalBlock{x=30,y=4,z=0}",31,12,MovementTraverse,149,97,97,,
7146,0,Husk,T3/81,MOVING,13.071,4.000,0.500,"GoalBlock{x=30,y=4,z=0}",31,12,MovementTraverse,149,97,97,,
7147,0,Husk,T3/81,MOVING,13.352,4.000,0.500,"GoalBlock{x=30,y=4,z=0}",31,13,MovementTraverse,149,97,97,,
7148,0,Husk,T3/81,MOVING,13.632,4.000,0.500,"GoalBlock{x=30,y=4,z=0}",31,13,MovementTraverse,149,97,97,,
7149,0,Husk,T3/81,MOVING,13.913,4.000,0.500,"GoalBlock{x=30,y=4,z=0}",31,13,MovementTraverse,149,97,97,,
7150,0,Husk,T3/81,MOVING,14.193,4.000,0.500,"GoalBlock{x=30,y=4,z=0}",31,13,MovementTraverse,149,97,97,,
7151,0,Husk,T3/81,MOVING,14.474,4.000,0.500,"GoalBlock{x=30,y=4,z=0}",31,14,MovementTraverse,149,97,97,,
7152,0,Husk,T3/81,MOVING,14.755,4.000,0.500,"GoalBlock{x=30,y=4,z=0}",31,14,MovementTraverse,149,97,97,,
7153,0,Husk,T3/81,MOVING,15.035,4.000,0.500,"GoalBlock{x=30,y=4,z=0}",31,14,MovementTraverse,149,97,97,,
7154,0,Husk,T3/81,MOVING,15.316,4.000,0.500,"GoalBlock{x=30,y=4,z=0}",31,15,MovementTraverse,149,97,97,,
7155,0,Husk,T3/81,MOVING,15.596,4.000,0.500,"GoalBlock{x=30,y=4,z=0}",31,15,MovementTraverse,149,97,97,,
7156,0,Husk,T3/81,MOVING,15.877,4.000,0.500,"GoalBlock{x=30,y=4,z=0}",31,15,MovementTraverse,149,97,97,,
7157,0,Husk,T3/81,MOVING,16.158,4.000,0.500,"GoalBlock{x=30,y=4,z=0}",31,15,MovementTraverse,149,97,97,,
7158,0,Husk,T3/81,MOVING,16.438,4.000,0.500,"GoalBlock{x=30,y=4,z=0}",31,16,MovementTraverse,149,97,97,,
7159,0,Husk,T3/81,MOVING,16.719,4.000,0.500,"GoalBlock{x=30,y=4,z=0}",31,16,MovementTraverse,149,97,97,,
7160,0,Husk,T3/81,MOVING,17.000,4.000,0.500,"GoalBlock{x=30,y=4,z=0}",31,16,MovementTraverse,149,97,97,,
7161,0,Husk,T3/81,MOVING,17.280,4.000,0.500,"GoalBlock{x=30,y=4,z=0}",31,16,MovementTraverse,149,97,97,,
7162,0,Husk,T3/81,MOVING,17.561,4.000,0.500,"GoalBlock{x=30,y=4,z=0}",31,17,MovementTraverse,149,97,97,,
7163,0,Husk,T3/81,MOVING,17.841,4.000,0.500,"GoalBlock{x=30,y=4,z=0}",31,17,MovementTraverse,149,97,97,,
7164,0,Husk,T3/81,MOVING,18.122,4.000,0.500,"GoalBlock{x=30,y=4,z=0}",31,17,MovementTraverse,149,97,97,,
7165,0,Husk,T3/81,MOVING,18.403,4.000,0.500,"GoalBlock{x=30,y=4,z=0}",31,18,MovementTraverse,149,97,97,,
7166,0,Husk,T3/81,MOVING,18.683,4.000,0.500,"GoalBlock{x=30,y=4,z=0}",31,18,MovementTraverse,149,97,97,,
7167,0,Husk,T3/81,MOVING,18.964,4.000,0.500,"GoalBlock{x=30,y=4,z=0}",31,18,MovementTraverse,149,97,97,,
7168,0,Husk,T3/81,MOVING,19.244,4.000,0.500,"GoalBlock{x=30,y=4,z=0}",31,18,MovementTraverse,149,97,97,,
7169,0,Husk,T3/81,MOVING,19.525,4.000,0.500,"GoalBlock{x=30,y=4,z=0}",31,19,MovementTraverse,149,97,97,,
7170,0,Husk,T3/81,MOVING,19.806,4.000,0.500,"GoalBlock{x=30,y=4,z=0}",31,19,MovementTraverse,149,97,97,,
7171,0,Husk,T3/81,MOVING,20.086,4.000,0.500,"GoalBlock{x=30,y=4,z=0}",31,19,MovementTraverse,149,97,97,,
7172,0,Husk,T3/81,MOVING,20.367,4.000,0.500,"GoalBlock{x=30,y=4,z=0}",31,20,MovementTraverse,149,97,97,,
7173,0,Husk,T3/81,MOVING,20.648,4.000,0.500,"GoalBlock{x=30,y=4,z=0}",31,20,MovementTraverse,149,97,97,,
7174,0,Husk,T3/81,MOVING,20.928,4.000,0.500,"GoalBlock{x=30,y=4,z=0}",31,20,MovementTraverse,149,97,97,,
7175,0,Husk,T3/81,MOVING,21.209,4.000,0.500,"GoalBlock{x=30,y=4,z=0}",31,20,MovementTraverse,149,97,97,,
7176,0,Husk,T3/81,MOVING,21.489,4.000,0.500,"GoalBlock{x=30,y=4,z=0}",31,21,MovementTraverse,149,97,97,,
7177,0,Husk,T3/81,MOVING,21.770,4.000,0.500,"GoalBlock{x=30,y=4,z=0}",31,21,MovementTraverse,149,97,97,,
7178,0,Husk,T3/81,MOVING,22.051,4.000,0.500,"GoalBlock{x=30,y=4,z=0}",31,21,MovementTraverse,149,97,97,,
7179,0,Husk,T3/81,MOVING,22.331,4.000,0.500,"GoalBlock{x=30,y=4,z=0}",31,22,MovementTraverse,149,97,97,,
7180,0,Husk,T3/81,MOVING,22.612,4.000,0.500,"GoalBlock{x=30,y=4,z=0}",31,22,MovementTraverse,149,97,97,,
7181,0,Husk,T3/81,MOVING,22.892,4.000,0.500,"GoalBlock{x=30,y=4,z=0}",31,22,MovementTraverse,149,97,97,,
7182,0,Husk,T3/81,MOVING,23.173,4.000,0.500,"GoalBlock{x=30,y=4,z=0}",31,22,MovementTraverse,149,97,97,,
7183,0,Husk,T3/81,MOVING,23.454,4.000,0.500,"GoalBlock{x=30,y=4,z=0}",31,23,MovementTraverse,149,97,97,,
7184,0,Husk,T3/81,MOVING,23.734,4.000,0.500,"GoalBlock{x=30,y=4,z=0}",31,23,MovementTraverse,149,97,97,,
7185,0,Husk,T3/81,MOVING,24.015,4.000,0.500,"GoalBlock{x=30,y=4,z=0}",31,23,MovementTraverse,149,97,97,,
7186,0,Husk,T3/81,MOVING,24.296,4.000,0.500,"GoalBlock{x=30,y=4,z=0}",31,24,MovementTraverse,149,97,97,,
7187,0,Husk,T3/81,MOVING,24.576,4.000,0.500,"GoalBlock{x=30,y=4,z=0}",31,24,MovementTraverse,149,97,97,,
7188,0,Husk,T3/81,MOVING,24.857,4.000,0.500,"GoalBlock{x=30,y=4,z=0}",31,24,MovementTraverse,149,97,97,,
7189,0,Husk,T3/81,MOVING,25.137,4.000,0.500,"GoalBlock{x=30,y=4,z=0}",31,24,MovementTraverse,149,97,97,,
7190,0,Husk,T3/81,MOVING,25.418,4.000,0.500,"GoalBlock{x=30,y=4,z=0}",31,25,MovementTraverse,149,97,97,,
7191,0,Husk,T3/81,MOVING,25.699,4.000,0.500,"GoalBlock{x=30,y=4,z=0}",31,25,MovementTraverse,149,97,97,,
7192,0,Husk,T3/81,MOVING,25.979,4.000,0.500,"GoalBlock{x=30,y=4,z=0}",31,25,MovementTraverse,149,97,97,,
7193,0,Husk,T3/81,MOVING,26.260,4.000,0.500,"GoalBlock{x=30,y=4,z=0}",31,25,MovementTraverse,149,97,97,,
7194,0,Husk,T3/81,MOVING,26.540,4.000,0.500,"GoalBlock{x=30,y=4,z=0}",31,26,MovementTraverse,149,97,97,,
7195,0,Husk,T3/81,MOVING,26.821,4.000,0.500,"GoalBlock{x=30,y=4,z=0}",31,26,MovementTraverse,149,97,97,,
7196,0,Husk,T3/81,MOVING,27.102,4.000,0.500,"GoalBlock{x=30,y=4,z=0}",31,26,MovementTraverse,149,97,97,,
7197,0,Husk,T3/81,MOVING,27.382,4.000,0.500,"GoalBlock{x=30,y=4,z=0}",31,27,MovementTraverse,149,97,97,,
7198,0,Husk,T3/81,MOVING,27.663,4.000,0.500,"GoalBlock{x=30,y=4,z=0}",31,27,MovementTraverse,149,97,97,,
7199,0,Husk,T3/81,MOVING,27.944,4.000,0.500,"GoalBlock{x=30,y=4,z=0}",31,27,MovementTraverse,149,97,97,,
7200,0,Husk,T3/81,MOVING,28.224,4.000,0.500,"GoalBlock{x=30,y=4,z=0}",31,27,MovementTraverse,149,97,97,,
7201,0,Husk,T3/81,MOVING,28.505,4.000,0.500,"GoalBlock{x=30,y=4,z=0}",31,28,MovementTraverse,149,97,97,,
7202,0,Husk,T3/81,MOVING,28.785,4.000,0.500,"GoalBlock{x=30,y=4,z=0}",31,28,MovementTraverse,149,97,97,,
7203,0,Husk,T3/81,MOVING,29.066,4.000,0.500,"GoalBlock{x=30,y=4,z=0}",31,28,MovementTraverse,149,97,97,,
7204,0,Husk,T3/81,MOVING,29.347,4.000,0.500,"GoalBlock{x=30,y=4,z=0}",31,29,MovementTraverse,149,97,97,,
7205,0,Husk,T3/81,MOVING,29.627,4.000,0.500,"GoalBlock{x=30,y=4,z=0}",31,29,MovementTraverse,149,97,97,,
7206,0,Husk,T3/81,MOVING,29.908,4.000,0.500,"GoalBlock{x=30,y=4,z=0}",31,29,MovementTraverse,149,97,97,,
7207,0,Husk,T3/81,MOVING,30.189,4.000,0.500,"GoalBlock{x=30,y=4,z=0}",31,29,MovementTraverse,149,97,97,,
7208,0,Husk,T3/81,ARRIVED,30.342,4.000,0.500,,-1,-1,,149,97,97,,CANCELED
7209,0,Husk,T3/82,ARRIVED,0.500,4.000,12.500,,-1,-1,,149,97,97,,CANCELED|CANCELED
7210,0,Husk,T3/82,ARRIVED,0.500,4.000,12.500,,-1,-1,,149,97,97,,
7211,0,Husk,T3/82,ARRIVED,0.500,4.000,12.500,,-1,-1,,149,97,97,,
7212,0,Husk,T3/82,ARRIVED,0.500,4.000,12.500,,-1,-1,,149,97,97,,
7213,0,Husk,T3/82,ARRIVED,0.500,4.000,12.500,,-1,-1,,149,97,97,,
7214,0,Husk,T3/82,ARRIVED,0.500,4.000,12.500,,-1,-1,,149,97,97,,
7215,0,Husk,T3/82,ARRIVED,0.500,4.000,12.500,,-1,-1,,149,97,97,,
7216,0,Husk,T3/82,ARRIVED,0.500,4.000,12.500,,-1,-1,,149,97,97,,
7217,0,Husk,T3/82,ARRIVED,0.500,4.000,12.500,,-1,-1,,149,97,97,,
7218,0,Husk,T3/82,ARRIVED,0.500,4.000,12.500,,-1,-1,,149,97,97,,
7219,0,Husk,T3/82,SEARCHING,0.500,4.000,12.500,"GoalBlock{x=20,y=4,z=12}",-1,-1,,149,98,98,,CALC_STARTED
7220,0,Husk,T3/82,MOVING,0.627,4.000,12.500,"GoalBlock{x=20,y=4,z=12}",21,0,MovementTraverse,260,98,98,,CALC_FINISHED_NOW_EXECUTING
7221,0,Husk,T3/82,MOVING,0.824,4.000,12.500,"GoalBlock{x=20,y=4,z=12}",21,0,MovementTraverse,260,98,98,,
7222,0,Husk,T3/82,MOVING,1.059,4.000,12.500,"GoalBlock{x=20,y=4,z=12}",21,0,MovementTraverse,260,98,98,,
7223,0,Husk,T3/82,MOVING,1.315,4.000,12.500,"GoalBlock{x=20,y=4,z=12}",21,1,MovementTraverse,260,98,98,,
7224,0,Husk,T3/82,MOVING,1.582,4.000,12.500,"GoalBlock{x=20,y=4,z=12}",21,1,MovementTraverse,260,98,98,,
7225,0,Husk,T3/82,MOVING,1.855,4.000,12.500,"GoalBlock{x=20,y=4,z=12}",21,1,MovementTraverse,260,98,98,,
7226,0,Husk,T3/82,MOVING,2.132,4.000,12.500,"GoalBlock{x=20,y=4,z=12}",21,1,MovementTraverse,260,98,98,,
7227,0,Husk,T3/82,MOVING,2.410,4.000,12.500,"GoalBlock{x=20,y=4,z=12}",21,2,MovementTraverse,260,98,98,,
7228,0,Husk,T3/82,MOVING,2.690,4.000,12.500,"GoalBlock{x=20,y=4,z=12}",21,2,MovementTraverse,260,98,98,,
7229,0,Husk,T3/82,MOVING,2.969,4.000,12.500,"GoalBlock{x=20,y=4,z=12}",21,2,MovementTraverse,260,98,98,,
7230,0,Husk,T3/82,MOVING,3.250,4.000,12.500,"GoalBlock{x=20,y=4,z=12}",21,2,MovementTraverse,260,98,98,,
7231,0,Husk,T3/82,MOVING,3.530,4.000,12.500,"GoalBlock{x=20,y=4,z=12}",21,3,MovementTraverse,260,98,98,,
7232,0,Husk,T3/82,MOVING,3.811,4.000,12.500,"GoalBlock{x=20,y=4,z=12}",21,3,MovementTraverse,260,98,98,,
7233,0,Husk,T3/82,MOVING,4.091,4.000,12.500,"GoalBlock{x=20,y=4,z=12}",21,3,MovementTraverse,260,98,98,,
7234,0,Husk,T3/82,MOVING,4.372,4.000,12.500,"GoalBlock{x=20,y=4,z=12}",21,4,MovementTraverse,260,98,98,,
7235,0,Husk,T3/82,MOVING,4.652,4.000,12.500,"GoalBlock{x=20,y=4,z=12}",21,4,MovementTraverse,260,98,98,,
7236,0,Husk,T3/82,MOVING,4.933,4.000,12.500,"GoalBlock{x=20,y=4,z=12}",21,4,MovementTraverse,260,98,98,,
7237,0,Husk,T3/82,MOVING,5.214,4.000,12.500,"GoalBlock{x=20,y=4,z=12}",21,4,MovementTraverse,260,98,98,,
7238,0,Husk,T3/82,MOVING,5.494,4.000,12.500,"GoalBlock{x=20,y=4,z=12}",21,5,MovementTraverse,260,98,98,,
7239,0,Husk,T3/82,MOVING,5.775,4.000,12.500,"GoalBlock{x=20,y=4,z=12}",21,5,MovementTraverse,260,98,98,,
7240,0,Husk,T3/82,MOVING,6.055,4.000,12.500,"GoalBlock{x=20,y=4,z=12}",21,5,MovementTraverse,260,98,98,,
7241,0,Husk,T3/82,MOVING,6.319,4.000,12.564,"GoalBlock{x=20,y=4,z=12}",21,6,MovementDiagonal,260,98,98,,
7242,0,Husk,T3/82,MOVING,6.563,4.000,12.678,"GoalBlock{x=20,y=4,z=12}",21,6,MovementDiagonal,260,98,98,,
7243,0,Husk,T3/82,MOVING,6.792,4.000,12.824,"GoalBlock{x=20,y=4,z=12}",21,6,MovementDiagonal,260,98,98,,
7244,0,Husk,T3/82,MOVING,7.009,4.000,12.992,"GoalBlock{x=20,y=4,z=12}",21,6,MovementDiagonal,260,98,98,,
7245,0,Husk,T3/82,MOVING,7.216,4.000,13.175,"GoalBlock{x=20,y=4,z=12}",21,6,MovementDiagonal,260,98,98,,
7246,0,Husk,T3/82,MOVING,7.417,4.000,13.366,"GoalBlock{x=20,y=4,z=12}",21,7,MovementDiagonal,260,98,98,,
7247,0,Husk,T3/82,MOVING,7.616,4.000,13.563,"GoalBlock{x=20,y=4,z=12}",21,7,MovementDiagonal,260,98,98,,
7248,0,Husk,T3/82,MOVING,7.811,4.000,13.763,"GoalBlock{x=20,y=4,z=12}",21,7,MovementDiagonal,260,98,98,,
7249,0,Husk,T3/82,MOVING,8.005,4.000,13.965,"GoalBlock{x=20,y=4,z=12}",21,7,MovementDiagonal,260,98,98,,
7250,0,Husk,T3/82,MOVING,8.197,4.000,14.169,"GoalBlock{x=20,y=4,z=12}",21,7,MovementDiagonal,260,98,98,,
7251,0,Husk,T3/82,MOVING,8.392,4.000,14.372,"GoalBlock{x=20,y=4,z=12}",21,8,MovementDiagonal,260,98,98,,
7252,0,Husk,T3/82,MOVING,8.587,4.000,14.573,"GoalBlock{x=20,y=4,z=12}",21,8,MovementDiagonal,260,98,98,,
7253,0,Husk,T3/82,MOVING,8.783,4.000,14.774,"GoalBlock{x=20,y=4,z=12}",21,8,MovementDiagonal,260,98,98,,
7254,0,Husk,T3/82,MOVING,8.979,4.000,14.974,"GoalBlock{x=20,y=4,z=12}",21,8,MovementDiagonal,260,98,98,,
7255,0,Husk,T3/82,MOVING,9.176,4.000,15.174,"GoalBlock{x=20,y=4,z=12}",21,8,MovementDiagonal,260,98,98,,
7256,0,Husk,T3/82,MOVING,9.407,4.000,15.317,"GoalBlock{x=20,y=4,z=12}",21,9,MovementTraverse,260,98,98,,
7257,0,Husk,T3/82,MOVING,9.658,4.000,15.416,"GoalBlock{x=20,y=4,z=12}",21,9,MovementTraverse,260,98,98,,
7258,0,Husk,T3/82,MOVING,9.922,4.000,15.482,"GoalBlock{x=20,y=4,z=12}",21,9,MovementTraverse,260,98,98,,
7259,0,Husk,T3/82,MOVING,10.194,4.000,15.523,"GoalBlock{x=20,y=4,z=12}",21,9,MovementTraverse,260,98,98,,
7260,0,Husk,T3/82,MOVING,10.469,4.000,15.543,"GoalBlock{x=20,y=4,z=12}",21,10,MovementTraverse,260,98,98,,
7261,0,Husk,T3/82,MOVING,10.747,4.000,15.548,"GoalBlock{x=20,y=4,z=12}",21,10,MovementTraverse,260,98,98,,
7262,0,Husk,T3/82,MOVING,11.026,4.000,15.543,"GoalBlock{x=20,y=4,z=12}",21,10,MovementTraverse,260,98,98,,
7263,0,Husk,T3/82,MOVING,11.306,4.000,15.539,"GoalBlock{x=20,y=4,z=12}",21,11,MovementTraverse,260,98,98,,
7264,0,Husk,T3/82,MOVING,11.586,4.000,15.535,"GoalBlock{x=20,y=4,z=12}",21,11,MovementTraverse,260,98,98,,
7265,0,Husk,T3/82,MOVING,11.866,4.000,15.530,"GoalBlock{x=20,y=4,z=12}",21,11,MovementTraverse,260,98,98,,
7266,0,Husk,T3/82,MOVING,12.146,4.000,15.524,"GoalBlock{x=20,y=4,z=12}",21,11,MovementTraverse,260,98,98,,
7267,0,Husk,T3/82,MOVING,12.426,4.000,15.519,"GoalBlock{x=20,y=4,z=12}",21,12,MovementTraverse,260,98,98,,
7268,0,Husk,T3/82,MOVING,12.707,4.000,15.513,"GoalBlock{x=20,y=4,z=12}",21,12,MovementTraverse,260,98,98,,
7269,0,Husk,T3/82,MOVING,12.987,4.000,15.511,"GoalBlock{x=20,y=4,z=12}",21,12,MovementTraverse,260,98,98,,
7270,0,Husk,T3/82,MOVING,13.268,4.000,15.508,"GoalBlock{x=20,y=4,z=12}",21,12,MovementTraverse,260,98,98,,
7271,0,Husk,T3/82,MOVING,13.548,4.000,15.508,"GoalBlock{x=20,y=4,z=12}",21,13,MovementTraverse,260,98,98,,
7272,0,Husk,T3/82,MOVING,13.829,4.000,15.507,"GoalBlock{x=20,y=4,z=12}",21,13,MovementTraverse,260,98,98,,
7273,0,Husk,T3/82,MOVING,14.110,4.000,15.505,"GoalBlock{x=20,y=4,z=12}",21,13,MovementTraverse,260,98,98,,
7274,0,Husk,T3/82,MOVING,14.390,4.000,15.505,"GoalBlock{x=20,y=4,z=12}",21,14,MovementTraverse,260,98,98,,
7275,0,Husk,T3/82,MOVING,14.671,4.000,15.504,"GoalBlock{x=20,y=4,z=12}",21,14,MovementTraverse,260,98,98,,
7276,0,Husk,T3/82,MOVING,14.951,4.000,15.504,"GoalBlock{x=20,y=4,z=12}",21,14,MovementTraverse,260,98,98,,
7277,0,Husk,T3/82,MOVING,15.232,4.000,15.503,"GoalBlock{x=20,y=4,z=12}",21,14,MovementTraverse,260,98,98,,
7278,0,Husk,T3/82,MOVING,15.513,4.000,15.503,"GoalBlock{x=20,y=4,z=12}",21,15,MovementTraverse,260,98,98,,
7279,0,Husk,T3/82,MOVING,15.793,4.000,15.502,"GoalBlock{x=20,y=4,z=12}",21,15,MovementTraverse,260,98,98,,
7280,0,Husk,T3/82,MOVING,16.074,4.000,15.502,"GoalBlock{x=20,y=4,z=12}",21,15,MovementTraverse,260,98,98,,
7281,0,Husk,T3/82,MOVING,16.354,4.000,15.502,"GoalBlock{x=20,y=4,z=12}",21,16,MovementTraverse,260,98,98,,
7282,0,Husk,T3/82,MOVING,16.635,4.000,15.501,"GoalBlock{x=20,y=4,z=12}",21,16,MovementTraverse,260,98,98,,
7283,0,Husk,T3/82,MOVING,16.916,4.000,15.501,"GoalBlock{x=20,y=4,z=12}",21,16,MovementTraverse,260,98,98,,
7284,0,Husk,T3/82,MOVING,17.196,4.000,15.501,"GoalBlock{x=20,y=4,z=12}",21,16,MovementTraverse,260,98,98,,
7285,0,Husk,T3/82,MOVING,17.460,4.000,15.437,"GoalBlock{x=20,y=4,z=12}",21,17,MovementDiagonal,260,98,98,,
7286,0,Husk,T3/82,MOVING,17.698,4.000,15.317,"GoalBlock{x=20,y=4,z=12}",21,17,MovementDiagonal,260,98,98,,
7287,0,Husk,T3/82,MOVING,17.918,4.000,15.160,"GoalBlock{x=20,y=4,z=12}",21,17,MovementDiagonal,260,98,98,,
7288,0,Husk,T3/82,MOVING,18.122,4.000,14.979,"GoalBlock{x=20,y=4,z=12}",21,17,MovementDiagonal,260,98,98,,
7289,0,Husk,T3/82,MOVING,18.320,4.000,14.787,"GoalBlock{x=20,y=4,z=12}",21,18,MovementDiagonal,260,98,98,,
7290,0,Husk,T3/82,MOVING,18.514,4.000,14.589,"GoalBlock{x=20,y=4,z=12}",21,18,MovementDiagonal,260,98,98,,
7291,0,Husk,T3/82,MOVING,18.706,4.000,14.386,"GoalBlock{x=20,y=4,z=12}",21,18,MovementDiagonal,260,98,98,,
7292,0,Husk,T3/82,MOVING,18.896,4.000,14.180,"GoalBlock{x=20,y=4,z=12}",21,18,MovementDiagonal,260,98,98,,
7293,0,Husk,T3/82,MOVING,19.084,4.000,13.972,"GoalBlock{x=20,y=4,z=12}",21,18,MovementDiagonal,260,98,98,,
7294,0,Husk,T3/82,MOVING,19.275,4.000,13.767,"GoalBlock{x=20,y=4,z=12}",21,19,MovementDiagonal,260,98,98,,
7295,0,Husk,T3/82,MOVING,19.468,4.000,13.564,"GoalBlock{x=20,y=4,z=12}",21,19,MovementDiagonal,260,98,98,,
7296,0,Husk,T3/82,MOVING,19.662,4.000,13.361,"GoalBlock{x=20,y=4,z=12}",21,19,MovementDiagonal,260,98,98,,
7297,0,Husk,T3/82,MOVING,19.857,4.000,13.159,"GoalBlock{x=20,y=4,z=12}",21,19,MovementDiagonal,260,98,98,,
7298,0,Husk,T3/82,MOVING,20.052,4.000,12.958,"GoalBlock{x=20,y=4,z=12}",21,19,MovementDiagonal,260,98,98,,
7299,0,Husk,T3/82,ARRIVED,20.159,4.000,12.848,,-1,-1,,260,98,98,,CANCELED
7300,0,Husk,T3/83,ARRIVED,0.500,4.000,24.500,,-1,-1,,260,98,98,,CANCELED|CANCELED
7301,0,Husk,T3/83,ARRIVED,0.500,4.000,24.500,,-1,-1,,260,98,98,,
7302,0,Husk,T3/83,ARRIVED,0.500,4.000,24.500,,-1,-1,,260,98,98,,
7303,0,Husk,T3/83,ARRIVED,0.500,4.000,24.500,,-1,-1,,260,98,98,,
7304,0,Husk,T3/83,ARRIVED,0.500,4.000,24.500,,-1,-1,,260,98,98,,
7305,0,Husk,T3/83,ARRIVED,0.500,4.000,24.500,,-1,-1,,260,98,98,,
7306,0,Husk,T3/83,ARRIVED,0.500,4.000,24.500,,-1,-1,,260,98,98,,
7307,0,Husk,T3/83,ARRIVED,0.500,4.000,24.500,,-1,-1,,260,98,98,,
7308,0,Husk,T3/83,ARRIVED,0.500,4.000,24.500,,-1,-1,,260,98,98,,
7309,0,Husk,T3/83,ARRIVED,0.500,4.000,24.500,,-1,-1,,260,98,98,,
7310,0,Husk,T3/83,SEARCHING,0.500,4.000,24.500,"GoalBlock{x=15,y=7,z=24}",-1,-1,,260,99,99,,CALC_STARTED
7311,0,Husk,T3/83,MOVING,0.627,4.000,24.500,"GoalBlock{x=15,y=7,z=24}",16,0,MovementTraverse,115,99,99,,CALC_FINISHED_NOW_EXECUTING
7312,0,Husk,T3/83,MOVING,0.824,4.000,24.500,"GoalBlock{x=15,y=7,z=24}",16,0,MovementTraverse,115,99,99,,
7313,0,Husk,T3/83,MOVING,1.059,4.000,24.500,"GoalBlock{x=15,y=7,z=24}",16,0,MovementTraverse,115,99,99,,
7314,0,Husk,T3/83,MOVING,1.315,4.000,24.500,"GoalBlock{x=15,y=7,z=24}",16,1,MovementTraverse,115,99,99,,
7315,0,Husk,T3/83,MOVING,1.582,4.000,24.500,"GoalBlock{x=15,y=7,z=24}",16,1,MovementTraverse,115,99,99,,
7316,0,Husk,T3/83,MOVING,1.855,4.000,24.500,"GoalBlock{x=15,y=7,z=24}",16,1,MovementTraverse,115,99,99,,
7317,0,Husk,T3/83,MOVING,2.132,4.000,24.500,"GoalBlock{x=15,y=7,z=24}",16,1,MovementTraverse,115,99,99,,
7318,0,Husk,T3/83,MOVING,2.410,4.000,24.500,"GoalBlock{x=15,y=7,z=24}",16,2,MovementTraverse,115,99,99,,
7319,0,Husk,T3/83,MOVING,2.690,4.000,24.500,"GoalBlock{x=15,y=7,z=24}",16,2,MovementTraverse,115,99,99,,
7320,0,Husk,T3/83,MOVING,2.969,4.000,24.500,"GoalBlock{x=15,y=7,z=24}",16,2,MovementTraverse,115,99,99,,
7321,0,Husk,T3/83,MOVING,3.250,4.000,24.500,"GoalBlock{x=15,y=7,z=24}",16,2,MovementTraverse,115,99,99,,
7322,0,Husk,T3/83,MOVING,3.730,4.420,24.500,"GoalBlock{x=15,y=7,z=24}",16,4,MovementAscend,115,99,99,,
7323,0,Husk,T3/83,MOVING,4.018,4.753,24.500,"GoalBlock{x=15,y=7,z=24}",16,4,MovementAscend,115,99,99,,
7324,0,Husk,T3/83,MOVING,4.305,5.001,24.500,"GoalBlock{x=15,y=7,z=24}",16,4,MovementAscend,115,99,99,,
7325,0,Husk,T3/83,MOVING,4.592,5.166,24.500,"GoalBlock{x=15,y=7,z=24}",16,4,MovementAscend,115,99,99,,
7326,0,Husk,T3/83,MOVING,4.879,5.249,24.500,"GoalBlock{x=15,y=7,z=24}",16,4,MovementAscend,115,99,99,,
7327,0,Husk,T3/83,MOVING,5.165,5.252,24.500,"GoalBlock{x=15,y=7,z=24}",16,4,MovementAscend,115,99,99,,
7328,0,Husk,T3/83,MOVING,5.451,5.177,24.500,"GoalBlock{x=15,y=7,z=24}",16,5,MovementTraverse,115,99,99,,
7329,0,Husk,T3/83,MOVING,5.737,5.024,24.500,"GoalBlock{x=15,y=7,z=24}",16,5,MovementTraverse,115,99,99,,
7330,0,Husk,T3/83,MOVING,6.023,5.000,24.500,"GoalBlock{x=15,y=7,z=24}",16,5,MovementTraverse,115,99,99,,
7331,0,Husk,T3/83,MOVING,6.610,5.420,24.500,"GoalBlock{x=15,y=7,z=24}",16,7,MovementAscend,115,99,99,,
7332,0,Husk,T3/83,MOVING,6.956,5.753,24.500,"GoalBlock{x=15,y=7,z=24}",16,7,MovementAscend,115,99,99,,
7333,0,Husk,T3/83,MOVING,7.296,6.001,24.500,"GoalBlock{x=15,y=7,z=24}",16,7,MovementAscend,115,99,99,,
7334,0,Husk,T3/83,MOVING,7.632,6.166,24.500,"GoalBlock{x=15,y=7,z=24}",16,7,MovementAscend,115,99,99,,
7335,0,Husk,T3/83,MOVING,7.962,6.249,24.500,"GoalBlock{x=15,y=7,z=24}",16,7,MovementAscend,115,99,99,,
7336,0,Husk,T3/83,MOVING,8.289,6.252,24.500,"GoalBlock{x=15,y=7,z=24}",16,7,MovementAscend,115,99,99,,
7337,0,Husk,T3/83,MOVING,8.611,6.177,24.500,"GoalBlock{x=15,y=7,z=24}",16,8,MovementTraverse,115,99,99,,
7338,0,Husk,T3/83,MOVING,8.930,6.024,24.500,"GoalBlock{x=15,y=7,z=24}",16,8,MovementTraverse,115,99,99,,
7339,0,Husk,T3/83,MOVING,9.246,6.000,24.500,"GoalBlock{x=15,y=7,z=24}",16,8,MovementTraverse,115,99,99,,
7340,0,Husk,T3/83,MOVING,9.860,6.420,24.500,"GoalBlock{x=15,y=7,z=24}",16,10,MovementAscend,115,99,99,,
7341,0,Husk,T3/83,MOVING,10.221,6.753,24.500,"GoalBlock{x=15,y=7,z=24}",16,10,MovementAscend,115,99,99,,
7342,0,Husk,T3/83,MOVING,10.575,7.001,24.500,"GoalBlock{x=15,y=7,z=24}",16,10,MovementAscend,115,99,99,,
7343,0,Husk,T3/83,MOVING,10.923,7.166,24.500,"GoalBlock{x=15,y=7,z=24}",16,10,MovementAscend,115,99,99,,
7344,0,Husk,T3/83,MOVING,11.265,7.249,24.500,"GoalBlock{x=15,y=7,z=24}",16,10,MovementAscend,115,99,99,,
7345,0,Husk,T3/83,MOVING,11.601,7.252,24.500,"GoalBlock{x=15,y=7,z=24}",16,11,MovementTraverse,115,99,99,,
7346,0,Husk,T3/83,MOVING,11.933,7.177,24.500,"GoalBlock{x=15,y=7,z=24}",16,11,MovementTraverse,115,99,99,,
7347,0,Husk,T3/83,MOVING,12.261,7.024,24.500,"GoalBlock{x=15,y=7,z=24}",16,11,MovementTraverse,115,99,99,,
7348,0,Husk,T3/83,MOVING,12.584,7.000,24.500,"GoalBlock{x=15,y=7,z=24}",16,12,MovementTraverse,115,99,99,,
7349,0,Husk,T3/83,MOVING,13.006,7.000,24.500,"GoalBlock{x=15,y=7,z=24}",16,12,MovementTraverse,115,99,99,,
7350,0,Husk,T3/83,MOVING,13.363,7.000,24.500,"GoalBlock{x=15,y=7,z=24}",16,13,MovementTraverse,115,99,99,,
7351,0,Husk,T3/83,MOVING,13.686,7.000,24.500,"GoalBlock{x=15,y=7,z=24}",16,13,MovementTraverse,115,99,99,,
7352,0,Husk,T3/83,MOVING,13.990,7.000,24.500,"GoalBlock{x=15,y=7,z=24}",16,13,MovementTraverse,115,99,99,,
7353,0,Husk,T3/83,MOVING,14.283,7.000,24.500,"GoalBlock{x=15,y=7,z=24}",16,13,MovementTraverse,115,99,99,,
7354,0,Husk,T3/83,MOVING,14.570,7.000,24.500,"GoalBlock{x=15,y=7,z=24}",16,14,MovementTraverse,115,99,99,,
7355,0,Husk,T3/83,MOVING,14.855,7.000,24.500,"GoalBlock{x=15,y=7,z=24}",16,14,MovementTraverse,115,99,99,,
7356,0,Husk,T3/83,MOVING,15.137,7.000,24.500,"GoalBlock{x=15,y=7,z=24}",16,14,MovementTraverse,115,99,99,,
7357,0,Husk,T3/83,ARRIVED,15.292,7.000,24.500,,-1,-1,,115,99,99,,CANCELED
7358,0,Husk,T3/84,ARRIVED,3.500,8.000,36.500,,-1,-1,,115,99,99,,CANCELED|CANCELED
7359,0,Husk,T3/84,ARRIVED,3.500,8.000,36.500,,-1,-1,,115,99,99,,
7360,0,Husk,T3/84,ARRIVED,3.500,8.000,36.500,,-1,-1,,115,99,99,,
7361,0,Husk,T3/84,ARRIVED,3.500,8.000,36.500,,-1,-1,,115,99,99,,
7362,0,Husk,T3/84,ARRIVED,3.500,8.000,36.500,,-1,-1,,115,99,99,,
7363,0,Husk,T3/84,ARRIVED,3.500,8.000,36.500,,-1,-1,,115,99,99,,
7364,0,Husk,T3/84,ARRIVED,3.500,8.000,36.500,,-1,-1,,115,99,99,,
7365,0,Husk,T3/84,ARRIVED,3.500,8.000,36.500,,-1,-1,,115,99,99,,
7366,0,Husk,T3/84,ARRIVED,3.500,8.000,36.500,,-1,-1,,115,99,99,,
7367,0,Husk,T3/84,ARRIVED,3.500,8.000,36.500,,-1,-1,,115,99,99,,
7368,0,Husk,T3/84,SEARCHING,3.500,8.000,36.500,"GoalBlock{x=12,y=4,z=36}",-1,-1,,115,100,100,,CALC_STARTED
7369,0,Husk,T3/84,MOVING,3.627,8.000,36.500,"GoalBlock{x=12,y=4,z=36}",11,0,MovementTraverse,177,100,100,,CALC_FINISHED_NOW_EXECUTING
7370,0,Husk,T3/84,MOVING,3.824,8.000,36.500,"GoalBlock{x=12,y=4,z=36}",11,0,MovementTraverse,177,100,100,,
7371,0,Husk,T3/84,MOVING,4.059,8.000,36.500,"GoalBlock{x=12,y=4,z=36}",11,0,MovementTraverse,177,100,100,,
7372,0,Husk,T3/84,MOVING,4.298,8.000,36.436,"GoalBlock{x=12,y=4,z=36}",11,1,MovementDiagonal,177,100,100,,
7373,0,Husk,T3/84,MOVING,4.529,8.000,36.323,"GoalBlock{x=12,y=4,z=36}",11,1,MovementDiagonal,177,100,100,,
7374,0,Husk,T3/84,MOVING,4.752,8.000,36.179,"GoalBlock{x=12,y=4,z=36}",11,1,MovementDiagonal,177,100,100,,
7375,0,Husk,T3/84,MOVING,4.968,8.000,36.015,"GoalBlock{x=12,y=4,z=36}",11,1,MovementDiagonal,177,100,100,,
7376,0,Husk,T3/84,MOVING,5.178,8.000,35.837,"GoalBlock{x=12,y=4,z=36}",11,1,MovementDiagonal,177,100,100,,
7377,0,Husk,T3/84,MOVING,5.382,8.000,35.649,"GoalBlock{x=12,y=4,z=36}",11,2,MovementDiagonal,177,100,100,,
7378,0,Husk,T3/84,MOVING,5.582,8.000,35.455,"GoalBlock{x=12,y=4,z=36}",11,2,MovementDiagonal,177,100,100,,
7379,0,Husk,T3/84,MOVING,5.780,8.000,35.257,"GoalBlock{x=12,y=4,z=36}",11,2,MovementDiagonal,177,100,100,,
7380,0,Husk,T3/84,MOVING,5.975,8.000,35.057,"GoalBlock{x=12,y=4,z=36}",11,2,MovementDiagonal,177,100,100,,
7381,0,Husk,T3/84,MOVING,6.170,8.000,34.855,"GoalBlock{x=12,y=4,z=36}",11,2,MovementDiagonal,177,100,100,,
7382,0,Husk,T3/84,MOVING,6.301,8.000,34.650,"GoalBlock{x=12,y=4,z=36}",11,3,MovementFall,177,100,100,,
7383,0,Husk,T3/84,MOVING,6.392,8.000,34.442,"GoalBlock{x=12,y=4,z=36}",11,3,MovementFall,177,100,100,,
7384,0,Husk,T3/84,MOVING,6.454,8.000,34.231,"GoalBlock{x=12,y=4,z=36}",11,3,MovementFall,177,100,100,,
7385,0,Husk,T3/84,MOVING,6.495,8.000,34.018,"GoalBlock{x=12,y=4,z=36}",11,3,MovementFall,177,100,100,,
7386,0,Husk,T3/84,MOVING,6.519,8.000,33.804,"GoalBlock{x=12,y=4,z=36}",11,3,MovementFall,177,100,100,,
7387,0,Husk,T3/84,MOVING,6.522,8.000,33.590,"GoalBlock{x=12,y=4,z=36}",11,3,MovementFall,177,100,100,,
7388,0,Husk,T3/84,MOVING,6.522,7.922,33.472,"GoalBlock{x=12,y=4,z=36}",11,3,MovementFall,177,100,100,,
7389,0,Husk,T3/84,MOVING,6.522,7.766,33.409,"GoalBlock{x=12,y=4,z=36}",11,3,MovementFall,177,100,100,,
7390,0,Husk,T3/84,MOVING,6.502,7.536,33.352,"GoalBlock{x=12,y=4,z=36}",11,3,MovementFall,177,100,100,,
7391,0,Husk,T3/84,MOVING,6.469,7.232,33.313,"GoalBlock{x=12,y=4,z=36}",11,3,MovementFall,177,100,100,,
7392,0,Husk,T3/84,MOVING,6.430,6.855,33.295,"GoalBlock{x=12,y=4,z=36}",11,3,MovementFall,177,100,100,,
7393,0,Husk,T3/84,MOVING,6.396,6.407,33.284,"GoalBlock{x=12,y=4,z=36}",11,3,MovementFall,177,100,100,,
7394,0,Husk,T3/84,MOVING,6.366,6.000,33.280,"GoalBlock{x=12,y=4,z=36}",11,3,MovementFall,177,100,100,,
7395,0,Husk,T3/84,MOVING,6.432,6.000,33.364,"GoalBlock{x=12,y=4,z=36}",11,4,MovementFall,177,100,100,,
7396,0,Husk,T3/84,MOVING,6.593,6.000,33.438,"GoalBlock{x=12,y=4,z=36}",11,4,MovementFall,177,100,100,,
7397,0,Husk,T3/84,MOVING,6.808,6.000,33.481,"GoalBlock{x=12,y=4,z=36}",11,4,MovementFall,177,100,100,,
7398,0,Husk,T3/84,MOVING,7.052,6.000,33.506,"GoalBlock{x=12,y=4,z=36}",11,4,MovementFall,177,100,100,,
7399,0,Husk,T3/84,MOVING,7.313,6.000,33.519,"GoalBlock{x=12,y=4,z=36}",11,4,MovementFall,177,100,100,,
7400,0,Husk,T3/84,MOVING,7.583,5.922,33.525,"GoalBlock{x=12,y=4,z=36}",11,4,MovementFall,177,100,100,,
7401,0,Husk,T3/84,MOVING,7.756,5.766,33.528,"GoalBlock{x=12,y=4,z=36}",11,4,MovementFall,177,100,100,,
7402,0,Husk,T3/84,MOVING,7.939,5.536,33.528,"GoalBlock{x=12,y=4,z=36}",11,4,MovementFall,177,100,100,,
7403,0,Husk,T3/84,MOVING,8.131,5.232,33.527,"GoalBlock{x=12,y=4,z=36}",11,4,MovementFall,177,100,100,,
7404,0,Husk,T3/84,MOVING,8.331,4.855,33.526,"GoalBlock{x=12,y=4,z=36}",11,4,MovementFall,177,100,100,,
7405,0,Husk,T3/84,MOVING,8.538,4.407,33.525,"GoalBlock{x=12,y=4,z=36}",11,4,MovementFall,177,100,100,,
7406,0,Husk,T3/84,MOVING,8.752,4.000,33.524,"GoalBlock{x=12,y=4,z=36}",11,4,MovementFall,177,100,100,,
7407,0,Husk,T3/84,MOVING,9.075,4.000,33.515,"GoalBlock{x=12,y=4,z=36}",11,4,MovementFall,177,100,100,,
7408,0,Husk,T3/84,MOVING,9.365,4.000,33.566,"GoalBlock{x=12,y=4,z=36}",11,7,MovementDiagonal,177,100,100,,
7409,0,Husk,T3/84,MOVING,9.622,4.000,33.675,"GoalBlock{x=12,y=4,z=36}",11,7,MovementDiagonal,177,100,100,,
7410,0,Husk,T3/84,MOVING,9.855,4.000,33.822,"GoalBlock{x=12,y=4,z=36}",11,7,MovementDiagonal,177,100,100,,
7411,0,Husk,T3/84,MOVING,10.070,4.000,33.994,"GoalBlock{x=12,y=4,z=36}",11,7,MovementDiagonal,177,100,100,,
7412,0,Husk,T3/84,MOVING,10.270,4.000,34.185,"GoalBlock{x=12,y=4,z=36}",11,7,MovementDiagonal,177,100,100,,
7413,0,Husk,T3/84,MOVING,10.466,4.000,34.383,"GoalBlock{x=12,y=4,z=36}",11,8,MovementDiagonal,177,100,100,,
7414,0,Husk,T3/84,MOVING,10.660,4.000,34.584,"GoalBlock{x=12,y=4,z=36}",11,8,MovementDiagonal,177,100,100,,
7415,0,Husk,T3/84,MOVING,10.852,4.000,34.788,"GoalBlock{x=12,y=4,z=36}",11,8,MovementDiagonal,177,100,100,,
7416,0,Husk,T3/84,MOVING,11.042,4.000,34.993,"GoalBlock{x=12,y=4,z=36}",11,8,MovementDiagonal,177,100,100,,
7417,0,Husk,T3/84,MOVING,11.232,4.000,35.200,"GoalBlock{x=12,y=4,z=36}",11,8,MovementDiagonal,177,100,100,,
7418,0,Husk,T3/84,MOVING,11.424,4.000,35.404,"GoalBlock{x=12,y=4,z=36}",11,9,MovementDiagonal,177,100,100,,
7419,0,Husk,T3/84,MOVING,11.618,4.000,35.607,"GoalBlock{x=12,y=4,z=36}",11,9,MovementDiagonal,177,100,100,,
7420,0,Husk,T3/84,MOVING,11.814,4.000,35.808,"GoalBlock{x=12,y=4,z=36}",11,9,MovementDiagonal,177,100,100,,
7421,0,Husk,T3/84,MOVING,12.010,4.000,36.008,"GoalBlock{x=12,y=4,z=36}",11,9,MovementDiagonal,177,100,100,,
7422,0,Husk,T3/84,ARRIVED,12.118,4.000,36.117,,-1,-1,,177,100,100,,CANCELED
7423,0,Husk,T3/85,ARRIVED,0.500,4.000,48.500,,-1,-1,,177,100,100,,CANCELED|CANCELED
7424,0,Husk,T3/85,ARRIVED,0.500,4.000,48.500,,-1,-1,,177,100,100,,
7425,0,Husk,T3/85,ARRIVED,0.500,4.000,48.500,,-1,-1,,177,100,100,,
7426,0,Husk,T3/85,ARRIVED,0.500,4.000,48.500,,-1,-1,,177,100,100,,
7427,0,Husk,T3/85,ARRIVED,0.500,4.000,48.500,,-1,-1,,177,100,100,,
7428,0,Husk,T3/85,ARRIVED,0.500,4.000,48.500,,-1,-1,,177,100,100,,
7429,0,Husk,T3/85,ARRIVED,0.500,4.000,48.500,,-1,-1,,177,100,100,,
7430,0,Husk,T3/85,ARRIVED,0.500,4.000,48.500,,-1,-1,,177,100,100,,
7431,0,Husk,T3/85,ARRIVED,0.500,4.000,48.500,,-1,-1,,177,100,100,,
7432,0,Husk,T3/85,ARRIVED,0.500,4.000,48.500,,-1,-1,,177,100,100,,
7433,0,Husk,T3/85,SEARCHING,0.500,4.000,48.500,"GoalBlock{x=5,y=4,z=53}",-1,-1,,177,101,101,,CALC_STARTED
7434,0,Husk,T3/85,MOVING,0.610,4.000,48.564,"GoalBlock{x=5,y=4,z=53}",7,0,MovementTraverse,102,101,101,,CALC_FINISHED_NOW_EXECUTING
7435,0,Husk,T3/85,MOVING,0.700,4.000,48.709,"GoalBlock{x=5,y=4,z=53}",7,0,MovementTraverse,102,101,101,,
7436,0,Husk,T3/85,MOVING,0.700,4.000,48.915,"GoalBlock{x=5,y=4,z=53}",7,0,MovementTraverse,102,101,101,,
7437,0,Husk,T3/85,MOVING,0.659,4.000,49.149,"GoalBlock{x=5,y=4,z=53}",7,0,MovementTraverse,102,101,101,,
7438,0,Husk,T3/85,MOVING,0.661,4.000,49.401,"GoalBlock{x=5,y=4,z=53}",7,1,MovementDiagonal,102,101,101,,
7439,0,Husk,T3/85,MOVING,0.738,4.000,49.640,"GoalBlock{x=5,y=4,z=53}",7,1,MovementDiagonal,102,101,101,,
7440,0,Husk,T3/85,MOVING,0.865,4.000,49.866,"GoalBlock{x=5,y=4,z=53}",7,1,MovementDiagonal,102,101,101,,
7441,0,Husk,T3/85,MOVING,1.024,4.000,50.079,"GoalBlock{x=5,y=4,z=53}",7,1,MovementDiagonal,102,101,101,,
7442,0,Husk,T3/85,MOVING,1.203,4.000,50.284,"GoalBlock{x=5,y=4,z=53}",7,2,MovementDiagonal,102,101,101,,
7443,0,Husk,T3/85,MOVING,1.394,4.000,50.483,"GoalBlock{x=5,y=4,z=53}",7,2,MovementDiagonal,102,101,101,,
7444,0,Husk,T3/85,MOVING,1.591,4.000,50.678,"GoalBlock{x=5,y=4,z=53}",7,2,MovementDiagonal,102,101,101,,
7445,0,Husk,T3/85,MOVING,1.794,4.000,50.870,"GoalBlock{x=5,y=4,z=53}",7,2,MovementDiagonal,102,101,101,,
7446,0,Husk,T3/85,MOVING,2.000,4.000,51.059,"GoalBlock{x=5,y=4,z=53}",7,2,MovementDiagonal,102,101,101,,
7447,0,Husk,T3/85,MOVING,2.207,4.000,51.247,"GoalBlock{x=5,y=4,z=53}",7,2,MovementDiagonal,102,101,101,,
7448,0,Husk,T3/85,MOVING,2.412,4.000,51.438,"GoalBlock{x=5,y=4,z=53}",7,3,MovementDiagonal,102,101,101,,
7449,0,Husk,T3/85,MOVING,2.615,4.000,51.632,"GoalBlock{x=5,y=4,z=53}",7,3,MovementDiagonal,102,101,101,,
7450,0,Husk,T3/85,MOVING,2.817,4.000,51.826,"GoalBlock{x=5,y=4,z=53}",7,3,MovementDiagonal,102,101,101,,
7451,0,Husk,T3/85,MOVING,3.018,4.000,52.022,"GoalBlock{x=5,y=4,z=53}",7,3,MovementDiagonal,102,101,101,,
7452,0,Husk,T3/85,MOVING,3.218,4.000,52.219,"GoalBlock{x=5,y=4,z=53}",7,4,MovementDiagonal,102,101,101,,
7453,0,Husk,T3/85,MOVING,3.417,4.000,52.417,"GoalBlock{x=5,y=4,z=53}",7,4,MovementDiagonal,102,101,101,,
7454,0,Husk,T3/85,MOVING,3.616,4.000,52.615,"GoalBlock{x=5,y=4,z=53}",7,4,MovementDiagonal,102,101,101,,
7455,0,Husk,T3/85,MOVING,3.815,4.000,52.813,"GoalBlock{x=5,y=4,z=53}",7,4,MovementDiagonal,102,101,101,,
7456,0,Husk,T3/85,MOVING,4.013,4.000,53.011,"GoalBlock{x=5,y=4,z=53}",7,4,MovementDiagonal,102,101,101,,
7457,0,Husk,T3/85,MOVING,4.242,4.000,53.159,"GoalBlock{x=5,y=4,z=53}",7,5,MovementTraverse,102,101,101,,
7458,0,Husk,T3/85,MOVING,4.491,4.000,53.274,"GoalBlock{x=5,y=4,z=53}",7,5,MovementTraverse,102,101,101,,
7459,0,Husk,T3/85,MOVING,4.700,4.000,53.364,"GoalBlock{x=5,y=4,z=53}",7,5,MovementTraverse,102,101,101,,
7460,0,Husk,T3/85,MOVING,4.826,4.000,53.434,"GoalBlock{x=5,y=4,z=53}",7,5,MovementTraverse,102,101,101,,
7461,0,Husk,T3/85,MOVING,5.021,4.000,53.485,"GoalBlock{x=5,y=4,z=53}",7,5,MovementTraverse,102,101,101,,
7462,0,Husk,T3/85,ARRIVED,5.128,4.000,53.513,,-1,-1,,102,101,101,,CANCELED
7463,0,Husk,T3/86,ARRIVED,0.500,4.000,60.500,,-1,-1,,102,101,101,,CANCELED|CANCELED
7464,0,Husk,T3/86,ARRIVED,0.500,4.000,60.500,,-1,-1,,102,101,101,,
7465,0,Husk,T3/86,ARRIVED,0.500,4.000,60.500,,-1,-1,,102,101,101,,
7466,0,Husk,T3/86,ARRIVED,0.500,4.000,60.500,,-1,-1,,102,101,101,,
7467,0,Husk,T3/86,ARRIVED,0.500,4.000,60.500,,-1,-1,,102,101,101,,
7468,0,Husk,T3/86,ARRIVED,0.500,4.000,60.500,,-1,-1,,102,101,101,,
7469,0,Husk,T3/86,ARRIVED,0.500,4.000,60.500,,-1,-1,,102,101,101,,
7470,0,Husk,T3/86,ARRIVED,0.500,4.000,60.500,,-1,-1,,102,101,101,,
7471,0,Husk,T3/86,ARRIVED,0.500,4.000,60.500,,-1,-1,,102,101,101,,
7472,0,Husk,T3/86,ARRIVED,0.500,4.000,60.500,,-1,-1,,102,101,101,,
7473,0,Husk,T3/86,SEARCHING,0.500,4.000,60.500,"GoalBlock{x=11,y=4,z=60}",-1,-1,,102,102,102,,CALC_STARTED
7474,0,Husk,T3/86,MOVING,0.627,4.000,60.500,"GoalBlock{x=11,y=4,z=60}",12,0,MovementTraverse,90,102,102,,CALC_FINISHED_NOW_EXECUTING
7475,0,Husk,T3/86,MOVING,0.824,4.000,60.500,"GoalBlock{x=11,y=4,z=60}",12,0,MovementTraverse,90,102,102,,
7476,0,Husk,T3/86,MOVING,1.059,4.000,60.500,"GoalBlock{x=11,y=4,z=60}",12,0,MovementTraverse,90,102,102,,
7477,0,Husk,T3/86,MOVING,1.315,4.000,60.500,"GoalBlock{x=11,y=4,z=60}",12,1,MovementTraverse,90,102,102,,
7478,0,Husk,T3/86,MOVING,1.582,4.000,60.500,"GoalBlock{x=11,y=4,z=60}",12,1,MovementTraverse,90,102,102,,
7479,0,Husk,T3/86,MOVING,1.855,4.000,60.500,"GoalBlock{x=11,y=4,z=60}",12,1,MovementTraverse,90,102,102,,
7480,0,Husk,T3/86,MOVING,2.132,4.000,60.500,"GoalBlock{x=11,y=4,z=60}",12,1,MovementTraverse,90,102,102,,
7481,0,Husk,T3/86,MOVING,2.410,4.000,60.500,"GoalBlock{x=11,y=4,z=60}",12,2,MovementTraverse,90,102,102,,
7482,0,Husk,T3/86,MOVING,2.690,4.000,60.500,"GoalBlock{x=11,y=4,z=60}",12,2,MovementTraverse,90,102,102,,
7483,0,Husk,T3/86,MOVING,2.969,4.000,60.500,"GoalBlock{x=11,y=4,z=60}",12,2,MovementTraverse,90,102,102,,
7484,0,Husk,T3/86,MOVING,3.250,4.000,60.500,"GoalBlock{x=11,y=4,z=60}",12,2,MovementTraverse,90,102,102,,
7485,0,Husk,T3/86,MOVING,3.530,4.000,60.500,"GoalBlock{x=11,y=4,z=60}",12,3,MovementTraverse,90,102,102,,
7486,0,Husk,T3/86,MOVING,3.811,4.000,60.500,"GoalBlock{x=11,y=4,z=60}",12,3,MovementTraverse,90,102,102,,
7487,0,Husk,T3/86,MOVING,4.091,4.000,60.500,"GoalBlock{x=11,y=4,z=60}",12,3,MovementTraverse,90,102,102,,
7488,0,Husk,T3/86,MOVING,4.372,4.000,60.500,"GoalBlock{x=11,y=4,z=60}",12,4,MovementTraverse,90,102,102,,
7489,0,Husk,T3/86,MOVING,4.652,4.000,60.500,"GoalBlock{x=11,y=4,z=60}",12,4,MovementTraverse,90,102,102,,
7490,0,Husk,T3/86,MOVING,4.933,4.000,60.500,"GoalBlock{x=11,y=4,z=60}",12,4,MovementTraverse,90,102,102,,
7491,0,Husk,T3/86,MOVING,5.214,4.000,60.500,"GoalBlock{x=11,y=4,z=60}",12,4,MovementTraverse,90,102,102,,
7492,0,Husk,T3/86,MOVING,5.494,4.000,60.500,"GoalBlock{x=11,y=4,z=60}",12,5,MovementTraverse,90,102,102,,
7493,0,Husk,T3/86,MOVING,5.775,4.000,60.500,"GoalBlock{x=11,y=4,z=60}",12,5,MovementTraverse,90,102,102,,
7494,0,Husk,T3/86,MOVING,6.055,4.000,60.500,"GoalBlock{x=11,y=4,z=60}",12,5,MovementTraverse,90,102,102,,
7495,0,Husk,T3/86,MOVING,6.336,4.000,60.500,"GoalBlock{x=11,y=4,z=60}",12,6,MovementTraverse,90,102,102,,
7496,0,Husk,T3/86,MOVING,6.617,4.000,60.500,"GoalBlock{x=11,y=4,z=60}",12,6,MovementTraverse,90,102,102,,
7497,0,Husk,T3/86,MOVING,6.897,4.000,60.500,"GoalBlock{x=11,y=4,z=60}",12,6,MovementTraverse,90,102,102,,
7498,0,Husk,T3/86,MOVING,7.178,4.000,60.500,"GoalBlock{x=11,y=4,z=60}",12,6,MovementTraverse,90,102,102,,
7499,0,Husk,T3/86,MOVING,7.459,4.000,60.500,"GoalBlock{x=11,y=4,z=60}",12,7,MovementTraverse,90,102,102,,
7500,0,Husk,T3/86,MOVING,7.739,4.000,60.500,"GoalBlock{x=11,y=4,z=60}",12,7,MovementTraverse,90,102,102,,
7501,0,Husk,T3/86,MOVING,8.020,4.000,60.500,"GoalBlock{x=11,y=4,z=60}",12,7,MovementTraverse,90,102,102,,
7502,0,Husk,T3/86,MOVING,8.300,4.000,60.500,"GoalBlock{x=11,y=4,z=60}",12,8,MovementTraverse,90,102,102,,
7503,0,Husk,T3/86,MOVING,8.581,4.000,60.500,"GoalBlock{x=11,y=4,z=60}",12,8,MovementTraverse,90,102,102,,
7504,0,Husk,T3/86,MOVING,8.862,4.000,60.500,"GoalBlock{x=11,y=4,z=60}",12,8,MovementTraverse,90,102,102,,
7505,0,Husk,T3/86,MOVING,9.142,4.000,60.500,"GoalBlock{x=11,y=4,z=60}",12,8,MovementTraverse,90,102,102,,
7506,0,Husk,T3/86,MOVING,9.423,4.000,60.500,"GoalBlock{x=11,y=4,z=60}",12,9,MovementTraverse,90,102,102,,
7507,0,Husk,T3/86,MOVING,9.703,4.000,60.500,"GoalBlock{x=11,y=4,z=60}",12,9,MovementTraverse,90,102,102,,
7508,0,Husk,T3/86,MOVING,9.984,4.000,60.500,"GoalBlock{x=11,y=4,z=60}",12,9,MovementTraverse,90,102,102,,
7509,0,Husk,T3/86,MOVING,10.265,4.000,60.500,"GoalBlock{x=11,y=4,z=60}",12,9,MovementTraverse,90,102,102,,
7510,0,Husk,T3/86,MOVING,10.545,4.000,60.500,"GoalBlock{x=11,y=4,z=60}",12,10,MovementTraverse,90,102,102,,
7511,0,Husk,T3/86,MOVING,10.826,4.000,60.500,"GoalBlock{x=11,y=4,z=60}",12,10,MovementTraverse,90,102,102,,
7512,0,Husk,T3/86,MOVING,11.107,4.000,60.500,"GoalBlock{x=11,y=4,z=60}",12,10,MovementTraverse,90,102,102,,
7513,0,Husk,T3/86,ARRIVED,11.260,4.000,60.500,,-1,-1,,90,102,102,,CANCELED
7514,0,Husk,T3/87,ARRIVED,0.500,4.000,72.500,,-1,-1,,90,102,102,,CANCELED|CANCELED
7515,0,Husk,T3/87,ARRIVED,0.500,4.000,72.500,,-1,-1,,90,102,102,,
7516,0,Husk,T3/87,ARRIVED,0.500,4.000,72.500,,-1,-1,,90,102,102,,
7517,0,Husk,T3/87,ARRIVED,0.500,4.000,72.500,,-1,-1,,90,102,102,,
7518,0,Husk,T3/87,ARRIVED,0.500,4.000,72.500,,-1,-1,,90,102,102,,
7519,0,Husk,T3/87,ARRIVED,0.500,4.000,72.500,,-1,-1,,90,102,102,,
7520,0,Husk,T3/87,ARRIVED,0.500,4.000,72.500,,-1,-1,,90,102,102,,
7521,0,Husk,T3/87,ARRIVED,0.500,4.000,72.500,,-1,-1,,90,102,102,,
7522,0,Husk,T3/87,ARRIVED,0.500,4.000,72.500,,-1,-1,,90,102,102,,
7523,0,Husk,T3/87,ARRIVED,0.500,4.000,72.500,,-1,-1,,90,102,102,,
7524,0,Husk,T3/87,SEARCHING,0.500,4.000,72.500,"GoalBlock{x=20,y=4,z=72}",-1,-1,,90,103,103,,CALC_STARTED
7525,0,Husk,T3/87,MOVING,0.627,4.000,72.500,"GoalBlock{x=20,y=4,z=72}",21,0,MovementTraverse,259,103,103,,CALC_FINISHED_NOW_EXECUTING
7526,0,Husk,T3/87,MOVING,0.824,4.000,72.500,"GoalBlock{x=20,y=4,z=72}",21,0,MovementTraverse,259,103,103,,
7527,0,Husk,T3/87,MOVING,1.059,4.000,72.500,"GoalBlock{x=20,y=4,z=72}",21,0,MovementTraverse,259,103,103,,
7528,0,Husk,T3/87,MOVING,1.315,4.000,72.500,"GoalBlock{x=20,y=4,z=72}",21,1,MovementTraverse,259,103,103,,
7529,0,Husk,T3/87,MOVING,1.582,4.000,72.500,"GoalBlock{x=20,y=4,z=72}",21,1,MovementTraverse,259,103,103,,
7530,0,Husk,T3/87,MOVING,1.855,4.000,72.500,"GoalBlock{x=20,y=4,z=72}",21,1,MovementTraverse,259,103,103,,
7531,0,Husk,T3/87,MOVING,2.132,4.000,72.500,"GoalBlock{x=20,y=4,z=72}",21,1,MovementTraverse,259,103,103,,
7532,0,Husk,T3/87,MOVING,2.410,4.000,72.500,"GoalBlock{x=20,y=4,z=72}",21,2,MovementTraverse,259,103,103,,
7533,0,Husk,T3/87,MOVING,2.690,4.000,72.500,"GoalBlock{x=20,y=4,z=72}",21,2,MovementTraverse,259,103,103,,
7534,0,Husk,T3/87,MOVING,2.969,4.000,72.500,"GoalBlock{x=20,y=4,z=72}",21,2,MovementTraverse,259,103,103,,
7535,0,Husk,T3/87,MOVING,3.250,4.000,72.500,"GoalBlock{x=20,y=4,z=72}",21,2,MovementTraverse,259,103,103,,
7536,0,Husk,T3/87,MOVING,3.530,4.000,72.500,"GoalBlock{x=20,y=4,z=72}",21,3,MovementTraverse,259,103,103,,
7537,0,Husk,T3/87,MOVING,3.811,4.000,72.500,"GoalBlock{x=20,y=4,z=72}",21,3,MovementTraverse,259,103,103,,
7538,0,Husk,T3/87,MOVING,4.091,4.000,72.500,"GoalBlock{x=20,y=4,z=72}",21,3,MovementTraverse,259,103,103,,
7539,0,Husk,T3/87,MOVING,4.372,4.000,72.500,"GoalBlock{x=20,y=4,z=72}",21,4,MovementTraverse,259,103,103,,
7540,0,Husk,T3/87,MOVING,4.652,4.000,72.500,"GoalBlock{x=20,y=4,z=72}",21,4,MovementTraverse,259,103,103,,
7541,0,Husk,T3/87,MOVING,4.933,4.000,72.500,"GoalBlock{x=20,y=4,z=72}",21,4,MovementTraverse,259,103,103,,
7542,0,Husk,T3/87,MOVING,5.214,4.000,72.500,"GoalBlock{x=20,y=4,z=72}",21,4,MovementTraverse,259,103,103,,
7543,0,Husk,T3/87,MOVING,5.477,4.000,72.436,"GoalBlock{x=20,y=4,z=72}",21,5,MovementDiagonal,259,103,103,,
7544,0,Husk,T3/87,MOVING,5.715,4.000,72.316,"GoalBlock{x=20,y=4,z=72}",21,5,MovementDiagonal,259,103,103,,
7545,0,Husk,T3/87,MOVING,5.933,4.000,72.158,"GoalBlock{x=20,y=4,z=72}",21,5,MovementDiagonal,259,103,103,,
7546,0,Husk,T3/87,MOVING,6.136,4.000,71.975,"GoalBlock{x=20,y=4,z=72}",21,5,MovementDiagonal,259,103,103,,
7547,0,Husk,T3/87,MOVING,6.333,4.000,71.782,"GoalBlock{x=20,y=4,z=72}",21,6,MovementDiagonal,259,103,103,,
7548,0,Husk,T3/87,MOVING,6.526,4.000,71.582,"GoalBlock{x=20,y=4,z=72}",21,6,MovementDiagonal,259,103,103,,
7549,0,Husk,T3/87,MOVING,6.717,4.000,71.378,"GoalBlock{x=20,y=4,z=72}",21,6,MovementDiagonal,259,103,103,,
7550,0,Husk,T3/87,MOVING,6.906,4.000,71.172,"GoalBlock{x=20,y=4,z=72}",21,6,MovementDiagonal,259,103,103,,
7551,0,Husk,T3/87,MOVING,7.093,4.000,70.964,"GoalBlock{x=20,y=4,z=72}",21,6,MovementDiagonal,259,103,103,,
7552,0,Husk,T3/87,MOVING,7.284,4.000,70.759,"GoalBlock{x=20,y=4,z=72}",21,7,MovementDiagonal,259,103,103,,
7553,0,Husk,T3/87,MOVING,7.477,4.000,70.555,"GoalBlock{x=20,y=4,z=72}",21,7,MovementDiagonal,259,103,103,,
7554,0,Husk,T3/87,MOVING,7.670,4.000,70.352,"GoalBlock{x=20,y=4,z=72}",21,7,MovementDiagonal,259,103,103,,
7555,0,Husk,T3/87,MOVING,7.865,4.000,70.150,"GoalBlock{x=20,y=4,z=72}",21,7,MovementDiagonal,259,103,103,,
7556,0,Husk,T3/87,MOVING,8.061,4.000,69.949,"GoalBlock{x=20,y=4,z=72}",21,7,MovementDiagonal,259,103,103,,
7557,0,Husk,T3/87,MOVING,8.257,4.000,69.748,"GoalBlock{x=20,y=4,z=72}",21,8,MovementDiagonal,259,103,103,,
7558,0,Husk,T3/87,MOVING,8.454,4.000,69.549,"GoalBlock{x=20,y=4,z=72}",21,8,MovementDiagonal,259,103,103,,
7559,0,Husk,T3/87,MOVING,8.652,4.000,69.349,"GoalBlock{x=20,y=4,z=72}",21,8,MovementDiagonal,259,103,103,,
7560,0,Husk,T3/87,MOVING,8.850,4.000,69.151,"GoalBlock{x=20,y=4,z=72}",21,8,MovementDiagonal,259,103,103,,
7561,0,Husk,T3/87,MOVING,9.048,4.000,68.952,"GoalBlock{x=20,y=4,z=72}",21,8,MovementDiagonal,259,103,103,,
7562,0,Husk,T3/87,MOVING,9.278,4.000,68.805,"GoalBlock{x=20,y=4,z=72}",21,9,MovementTraverse,259,103,103,,
7563,0,Husk,T3/87,MOVING,9.527,4.000,68.695,"GoalBlock{x=20,y=4,z=72}",21,9,MovementTraverse,259,103,103,,
7564,0,Husk,T3/87,MOVING,9.788,4.000,68.609,"GoalBlock{x=20,y=4,z=72}",21,9,MovementTraverse,259,103,103,,
7565,0,Husk,T3/87,MOVING,10.056,4.000,68.543,"GoalBlock{x=20,y=4,z=72}",21,9,MovementTraverse,259,103,103,,
7566,0,Husk,T3/87,MOVING,10.330,4.000,68.503,"GoalBlock{x=20,y=4,z=72}",21,10,MovementTraverse,259,103,103,,
7567,0,Husk,T3/87,MOVING,10.607,4.000,68.481,"GoalBlock{x=20,y=4,z=72}",21,10,MovementTraverse,259,103,103,,
7568,0,Husk,T3/87,MOVING,10.886,4.000,68.472,"GoalBlock{x=20,y=4,z=72}",21,10,MovementTraverse,259,103,103,,
7569,0,Husk,T3/87,MOVING,11.165,4.000,68.473,"GoalBlock{x=20,y=4,z=72}",21,10,MovementTraverse,259,103,103,,
7570,0,Husk,T3/87,MOVING,11.445,4.000,68.475,"GoalBlock{x=20,y=4,z=72}",21,11,MovementTraverse,259,103,103,,
7571,0,Husk,T3/87,MOVING,11.725,4.000,68.478,"GoalBlock{x=20,y=4,z=72}",21,11,MovementTraverse,259,103,103,,
7572,0,Husk,T3/87,MOVING,12.005,4.000,68.482,"GoalBlock{x=20,y=4,z=72}",21,11,MovementTraverse,259,103,103,,
7573,0,Husk,T3/87,MOVING,12.286,4.000,68.483,"GoalBlock{x=20,y=4,z=72}",21,12,MovementTraverse,259,103,103,,
7574,0,Husk,T3/87,MOVING,12.566,4.000,68.485,"GoalBlock{x=20,y=4,z=72}",21,12,MovementTraverse,259,103,103,,
7575,0,Husk,T3/87,MOVING,12.847,4.000,68.487,"GoalBlock{x=20,y=4,z=72}",21,12,MovementTraverse,259,103,103,,
7576,0,Husk,T3/87,MOVING,13.127,4.000,68.490,"GoalBlock{x=20,y=4,z=72}",21,12,MovementTraverse,259,103,103,,
7577,0,Husk,T3/87,MOVING,13.408,4.000,68.491,"GoalBlock{x=20,y=4,z=72}",21,13,MovementTraverse,259,103,103,,
7578,0,Husk,T3/87,MOVING,13.689,4.000,68.492,"GoalBlock{x=20,y=4,z=72}",21,13,MovementTraverse,259,103,103,,
7579,0,Husk,T3/87,MOVING,13.969,4.000,68.493,"GoalBlock{x=20,y=4,z=72}",21,13,MovementTraverse,259,103,103,,
7580,0,Husk,T3/87,MOVING,14.250,4.000,68.495,"GoalBlock{x=20,y=4,z=72}",21,13,MovementTraverse,259,103,103,,
7581,0,Husk,T3/87,MOVING,14.530,4.000,68.495,"GoalBlock{x=20,y=4,z=72}",21,14,MovementTraverse,259,103,103,,
7582,0,Husk,T3/87,MOVING,14.811,4.000,68.496,"GoalBlock{x=20,y=4,z=72}",21,14,MovementTraverse,259,103,103,,
7583,0,Husk,T3/87,MOVING,15.092,4.000,68.497,"GoalBlock{x=20,y=4,z=72}",21,14,MovementTraverse,259,103,103,,
7584,0,Husk,T3/87,MOVING,15.372,4.000,68.497,"GoalBlock{x=20,y=4,z=72}",21,15,MovementTraverse,259,103,103,,
7585,0,Husk,T3/87,MOVING,15.653,4.000,68.497,"GoalBlock{x=20,y=4,z=72}",21,15,MovementTraverse,259,103,103,,
7586,0,Husk,T3/87,MOVING,15.933,4.000,68.498,"GoalBlock{x=20,y=4,z=72}",21,15,MovementTraverse,259,103,103,,
7587,0,Husk,T3/87,MOVING,16.214,4.000,68.498,"GoalBlock{x=20,y=4,z=72}",21,15,MovementTraverse,259,103,103,,
7588,0,Husk,T3/87,MOVING,16.477,4.000,68.562,"GoalBlock{x=20,y=4,z=72}",21,16,MovementDiagonal,259,103,103,,
7589,0,Husk,T3/87,MOVING,16.715,4.000,68.683,"GoalBlock{x=20,y=4,z=72}",21,16,MovementDiagonal,259,103,103,,
7590,0,Husk,T3/87,MOVING,16.933,4.000,68.841,"GoalBlock{x=20,y=4,z=72}",21,16,MovementDiagonal,259,103,103,,
7591,0,Husk,T3/87,MOVING,17.135,4.000,69.024,"GoalBlock{x=20,y=4,z=72}",21,16,MovementDiagonal,259,103,103,,
7592,0,Husk,T3/87,MOVING,17.332,4.000,69.218,"GoalBlock{x=20,y=4,z=72}",21,17,MovementDiagonal,259,103,103,,
7593,0,Husk,T3/87,MOVING,17.525,4.000,69.417,"GoalBlock{x=20,y=4,z=72}",21,17,MovementDiagonal,259,103,103,,
7594,0,Husk,T3/87,MOVING,17.716,4.000,69.621,"GoalBlock{x=20,y=4,z=72}",21,17,MovementDiagonal,259,103,103,,
7595,0,Husk,T3/87,MOVING,17.905,4.000,69.827,"GoalBlock{x=20,y=4,z=72}",21,17,MovementDiagonal,259,103,103,,
7596,0,Husk,T3/87,MOVING,18.093,4.000,70.035,"GoalBlock{x=20,y=4,z=72}",21,17,MovementDiagonal,259,103,103,,
7597,0,Husk,T3/87,MOVING,18.283,4.000,70.241,"GoalBlock{x=20,y=4,z=72}",21,18,MovementDiagonal,259,103,103,,
7598,0,Husk,T3/87,MOVING,18.476,4.000,70.445,"GoalBlock{x=20,y=4,z=72}",21,18,MovementDiagonal,259,103,103,,
7599,0,Husk,T3/87,MOVING,18.670,4.000,70.647,"GoalBlock{x=20,y=4,z=72}",21,18,MovementDiagonal,259,103,103,,
7600,0,Husk,T3/87,MOVING,18.865,4.000,70.849,"GoalBlock{x=20,y=4,z=72}",21,18,MovementDiagonal,259,103,103,,
7601,0,Husk,T3/87,MOVING,19.060,4.000,71.051,"GoalBlock{x=20,y=4,z=72}",21,18,MovementDiagonal,259,103,103,,
7602,0,Husk,T3/87,MOVING,19.256,4.000,71.251,"GoalBlock{x=20,y=4,z=72}",21,19,MovementDiagonal,259,103,103,,
7603,0,Husk,T3/87,MOVING,19.453,4.000,71.451,"GoalBlock{x=20,y=4,z=72}",21,19,MovementDiagonal,259,103,103,,
7604,0,Husk,T3/87,MOVING,19.651,4.000,71.650,"GoalBlock{x=20,y=4,z=72}",21,19,MovementDiagonal,259,103,103,,
7605,0,Husk,T3/87,MOVING,19.849,4.000,71.849,"GoalBlock{x=20,y=4,z=72}",21,19,MovementDiagonal,259,103,103,,
7606,0,Husk,T3/87,MOVING,20.047,4.000,72.048,"GoalBlock{x=20,y=4,z=72}",21,19,MovementDiagonal,259,103,103,,
7607,0,Husk,T3/87,ARRIVED,20.155,4.000,72.156,,-1,-1,,259,103,103,,CANCELED
7608,0,Husk,T3/88,ARRIVED,20.500,4.000,84.500,,-1,-1,,259,103,103,,CANCELED|CANCELED
7609,0,Husk,T3/88,ARRIVED,20.500,4.000,84.500,,-1,-1,,259,103,103,,
7610,0,Husk,T3/88,ARRIVED,20.500,4.000,84.500,,-1,-1,,259,103,103,,
7611,0,Husk,T3/88,ARRIVED,20.500,4.000,84.500,,-1,-1,,259,103,103,,
7612,0,Husk,T3/88,ARRIVED,20.500,4.000,84.500,,-1,-1,,259,103,103,,
7613,0,Husk,T3/88,ARRIVED,20.500,4.000,84.500,,-1,-1,,259,103,103,,
7614,0,Husk,T3/88,ARRIVED,20.500,4.000,84.500,,-1,-1,,259,103,103,,
7615,0,Husk,T3/88,ARRIVED,20.500,4.000,84.500,,-1,-1,,259,103,103,,
7616,0,Husk,T3/88,ARRIVED,20.500,4.000,84.500,,-1,-1,,259,103,103,,
7617,0,Husk,T3/88,ARRIVED,20.500,4.000,84.500,,-1,-1,,259,103,103,,
7618,0,Husk,T3/88,SEARCHING,20.500,4.000,84.500,"GoalBlock{x=8,y=4,z=84}",-1,-1,,259,104,104,,CALC_STARTED
7619,0,Husk,T3/88,MOVING,20.610,4.000,84.436,"GoalBlock{x=8,y=4,z=84}",13,0,MovementTraverse,104,104,104,,CALC_FINISHED_NOW_EXECUTING
7620,0,Husk,T3/88,MOVING,20.734,4.000,84.291,"GoalBlock{x=8,y=4,z=84}",13,0,MovementTraverse,104,104,104,,
7621,0,Husk,T3/88,MOVING,20.802,4.000,84.085,"GoalBlock{x=8,y=4,z=84}",13,0,MovementTraverse,104,104,104,,
7622,0,Husk,T3/88,MOVING,20.775,4.000,83.861,"GoalBlock{x=8,y=4,z=84}",13,0,MovementTraverse,104,104,104,,
7623,0,Husk,T3/88,MOVING,20.650,4.000,83.676,"GoalBlock{x=8,y=4,z=84}",13,0,MovementTraverse,104,104,104,,
7624,0,Husk,T3/88,MOVING,20.455,4.000,83.575,"GoalBlock{x=8,y=4,z=84}",13,0,MovementTraverse,104,104,104,,
7625,0,Husk,T3/88,MOVING,20.238,4.000,83.583,"GoalBlock{x=8,y=4,z=84}",13,0,MovementTraverse,104,104,104,,
7626,0,Husk,T3/88,MOVING,20.039,4.000,83.687,"GoalBlock{x=8,y=4,z=84}",13,0,MovementTraverse,104,104,104,,
7627,0,Husk,T3/88,MOVING,19.860,4.000,83.850,"GoalBlock{x=8,y=4,z=84}",13,0,MovementTraverse,104,104,104,,
7628,0,Husk,T3/88,MOVING,19.701,4.000,84.050,"GoalBlock{x=8,y=4,z=84}",13,0,MovementTraverse,104,104,104,,
7629,0,Husk,T3/88,MOVING,19.505,4.000,84.225,"GoalBlock{x=8,y=4,z=84}",13,1,MovementTraverse,104,104,104,,
7630,0,Husk,T3/88,MOVING,19.275,4.000,84.354,"GoalBlock{x=8,y=4,z=84}",13,1,MovementTraverse,104,104,104,,
7631,0,Husk,T3/88,MOVING,19.024,4.000,84.448,"GoalBlock{x=8,y=4,z=84}",13,1,MovementTraverse,104,104,104,,
7632,0,Husk,T3/88,MOVING,18.760,4.000,84.512,"GoalBlock{x=8,y=4,z=84}",13,1,MovementTraverse,104,104,104,,
7633,0,Husk,T3/88,MOVING,18.489,4.000,84.546,"GoalBlock{x=8,y=4,z=84}",13,2,MovementTraverse,104,104,104,,
7634,0,Husk,T3/88,MOVING,18.214,4.000,84.558,"GoalBlock{x=8,y=4,z=84}",13,2,MovementTraverse,104,104,104,,
7635,0,Husk,T3/88,MOVING,17.936,4.000,84.555,"GoalBlock{x=8,y=4,z=84}",13,2,MovementTraverse,104,104,104,,
7636,0,Husk,T3/88,MOVING,17.657,4.000,84.550,"GoalBlock{x=8,y=4,z=84}",13,3,MovementTraverse,104,104,104,,
7637,0,Husk,T3/88,MOVING,17.378,4.000,84.544,"GoalBlock{x=8,y=4,z=84}",13,3,MovementTraverse,104,104,104,,
7638,0,Husk,T3/88,MOVING,17.098,4.000,84.538,"GoalBlock{x=8,y=4,z=84}",13,3,MovementTraverse,104,104,104,,
7639,0,Husk,T3/88,MOVING,16.818,4.000,84.526,"GoalBlock{x=8,y=4,z=84}",13,3,MovementTraverse,104,104,104,,
7640,0,Husk,T3/88,MOVING,16.538,4.000,84.517,"GoalBlock{x=8,y=4,z=84}",13,4,MovementTraverse,104,104,104,,
7641,0,Husk,T3/88,MOVING,16.258,4.000,84.510,"GoalBlock{x=8,y=4,z=84}",13,4,MovementTraverse,104,104,104,,
7642,0,Husk,T3/88,MOVING,15.977,4.000,84.505,"GoalBlock{x=8,y=4,z=84}",13,4,MovementTraverse,104,104,104,,
7643,0,Husk,T3/88,MOVING,15.697,4.000,84.501,"GoalBlock{x=8,y=4,z=84}",13,5,MovementTraverse,104,104,104,,
7644,0,Husk,T3/88,MOVING,15.416,4.000,84.501,"GoalBlock{x=8,y=4,z=84}",13,5,MovementTraverse,104,104,104,,
7645,0,Husk,T3/88,MOVING,15.135,4.000,84.501,"GoalBlock{x=8,y=4,z=84}",13,5,MovementTraverse,104,104,104,,
7646,0,Husk,T3/88,MOVING,14.855,4.000,84.501,"GoalBlock{x=8,y=4,z=84}",13,5,MovementTraverse,104,104,104,,
7647,0,Husk,T3/88,MOVING,14.574,4.000,84.501,"GoalBlock{x=8,y=4,z=84}",13,6,MovementTraverse,104,104,104,,
7648,0,Husk,T3/88,MOVING,14.294,4.000,84.501,"GoalBlock{x=8,y=4,z=84}",13,6,MovementTraverse,104,104,104,,
7649,0,Husk,T3/88,MOVING,14.013,4.000,84.501,"GoalBlock{x=8,y=4,z=84}",13,6,MovementTraverse,104,104,104,,
7650,0,Husk,T3/88,MOVING,13.732,4.000,84.500,"GoalBlock{x=8,y=4,z=84}",13,6,MovementTraverse,104,104,104,,
7651,0,Husk,T3/88,MOVING,13.452,4.000,84.500,"GoalBlock{x=8,y=4,z=84}",13,7,MovementTraverse,104,104,104,,
7652,0,Husk,T3/88,MOVING,13.171,4.000,84.500,"GoalBlock{x=8,y=4,z=84}",13,7,MovementTraverse,104,104,104,,
7653,0,Husk,T3/88,MOVING,12.890,4.000,84.500,"GoalBlock{x=8,y=4,z=84}",13,7,MovementTraverse,104,104,104,,
7654,0,Husk,T3/88,MOVING,12.610,4.000,84.500,"GoalBlock{x=8,y=4,z=84}",13,8,MovementTraverse,104,104,104,,
7655,0,Husk,T3/88,MOVING,12.329,4.000,84.500,"GoalBlock{x=8,y=4,z=84}",13,8,MovementTraverse,104,104,104,,
7656,0,Husk,T3/88,MOVING,12.049,4.000,84.500,"GoalBlock{x=8,y=4,z=84}",13,8,MovementTraverse,104,104,104,,
7657,0,Husk,T3/88,MOVING,11.768,4.000,84.500,"GoalBlock{x=8,y=4,z=84}",13,8,MovementTraverse,104,104,104,,
7658,0,Husk,T3/88,MOVING,11.487,4.000,84.500,"GoalBlock{x=8,y=4,z=84}",13,9,MovementTraverse,104,104,104,,
7659,0,Husk,T3/88,MOVING,11.207,4.000,84.500,"GoalBlock{x=8,y=4,z=84}",13,9,MovementTraverse,104,104,104,,
7660,0,Husk,T3/88,MOVING,10.926,4.000,84.500,"GoalBlock{x=8,y=4,z=84}",13,9,MovementTraverse,104,104,104,,
7661,0,Husk,T3/88,MOVING,10.646,4.000,84.500,"GoalBlock{x=8,y=4,z=84}",13,10,MovementTraverse,104,104,104,,
7662,0,Husk,T3/88,MOVING,10.365,4.000,84.500,"GoalBlock{x=8,y=4,z=84}",13,10,MovementTraverse,104,104,104,,
7663,0,Husk,T3/88,MOVING,10.084,4.000,84.500,"GoalBlock{x=8,y=4,z=84}",13,10,MovementTraverse,104,104,104,,
7664,0,Husk,T3/88,MOVING,9.804,4.000,84.500,"GoalBlock{x=8,y=4,z=84}",13,10,MovementTraverse,104,104,104,,
7665,0,Husk,T3/88,MOVING,9.523,4.000,84.500,"GoalBlock{x=8,y=4,z=84}",13,11,MovementTraverse,104,104,104,,
7666,0,Husk,T3/88,MOVING,9.242,4.000,84.500,"GoalBlock{x=8,y=4,z=84}",13,11,MovementTraverse,104,104,104,,
7667,0,Husk,T3/88,MOVING,8.962,4.000,84.500,"GoalBlock{x=8,y=4,z=84}",13,11,MovementTraverse,104,104,104,,
7668,0,Husk,T3/88,ARRIVED,8.809,4.000,84.500,,-1,-1,,104,104,104,,CANCELED
7669,0,Husk,T3/89,ARRIVED,0.500,4.000,96.500,,-1,-1,,104,104,104,,CANCELED|CANCELED
7670,0,Husk,T3/89,ARRIVED,0.500,4.000,96.500,,-1,-1,,104,104,104,,
7671,0,Husk,T3/89,ARRIVED,0.500,4.000,96.500,,-1,-1,,104,104,104,,
7672,0,Husk,T3/89,ARRIVED,0.500,4.000,96.500,,-1,-1,,104,104,104,,
7673,0,Husk,T3/89,ARRIVED,0.500,4.000,96.500,,-1,-1,,104,104,104,,
7674,0,Husk,T3/89,ARRIVED,0.500,4.000,96.500,,-1,-1,,104,104,104,,
7675,0,Husk,T3/89,ARRIVED,0.500,4.000,96.500,,-1,-1,,104,104,104,,
7676,0,Husk,T3/89,ARRIVED,0.500,4.000,96.500,,-1,-1,,104,104,104,,
7677,0,Husk,T3/89,ARRIVED,0.500,4.000,96.500,,-1,-1,,104,104,104,,
7678,0,Husk,T3/89,ARRIVED,0.500,4.000,96.500,,-1,-1,,104,104,104,,
7679,0,Husk,T3/89,SEARCHING,0.500,4.000,96.500,"GoalBlock{x=10,y=4,z=94}",-1,-1,,104,105,105,,CALC_STARTED
7680,0,Husk,T3/89,MOVING,0.610,4.000,96.436,"GoalBlock{x=10,y=4,z=94}",13,0,MovementDiagonal,248,105,105,,CALC_FINISHED_NOW_EXECUTING
7681,0,Husk,T3/89,MOVING,0.758,4.000,96.309,"GoalBlock{x=10,y=4,z=94}",13,0,MovementDiagonal,248,105,105,,
7682,0,Husk,T3/89,MOVING,0.925,4.000,96.146,"GoalBlock{x=10,y=4,z=94}",13,0,MovementDiagonal,248,105,105,,
7683,0,Husk,T3/89,MOVING,1.101,4.000,95.962,"GoalBlock{x=10,y=4,z=94}",13,0,MovementDiagonal,248,105,105,,
7684,0,Husk,T3/89,MOVING,1.285,4.000,95.769,"GoalBlock{x=10,y=4,z=94}",13,1,MovementDiagonal,248,105,105,,
7685,0,Husk,T3/89,MOVING,1.474,4.000,95.572,"GoalBlock{x=10,y=4,z=94}",13,1,MovementDiagonal,248,105,105,,
7686,0,Husk,T3/89,MOVING,1.665,4.000,95.372,"GoalBlock{x=10,y=4,z=94}",13,1,MovementDiagonal,248,105,105,,
7687,0,Husk,T3/89,MOVING,1.857,4.000,95.171,"GoalBlock{x=10,y=4,z=94}",13,1,MovementDiagonal,248,105,105,,
7688,0,Husk,T3/89,MOVING,2.051,4.000,94.969,"GoalBlock{x=10,y=4,z=94}",13,1,MovementDiagonal,248,105,105,,
7689,0,Husk,T3/89,MOVING,2.246,4.000,94.768,"GoalBlock{x=10,y=4,z=94}",13,2,MovementDiagonal,248,105,105,,
7690,0,Husk,T3/89,MOVING,2.442,4.000,94.568,"GoalBlock{x=10,y=4,z=94}",13,2,MovementDiagonal,248,105,105,,
7691,0,Husk,T3/89,MOVING,2.638,4.000,94.368,"GoalBlock{x=10,y=4,z=94}",13,2,MovementDiagonal,248,105,105,,
7692,0,Husk,T3/89,MOVING,2.835,4.000,94.169,"GoalBlock{x=10,y=4,z=94}",13,2,MovementDiagonal,248,105,105,,
7693,0,Husk,T3/89,MOVING,3.033,4.000,93.969,"GoalBlock{x=10,y=4,z=94}",13,2,MovementDiagonal,248,105,105,,
7694,0,Husk,T3/89,MOVING,3.231,4.000,93.770,"GoalBlock{x=10,y=4,z=94}",13,3,MovementDiagonal,248,105,105,,
7695,0,Husk,T3/89,MOVING,3.429,4.000,93.572,"GoalBlock{x=10,y=4,z=94}",13,3,MovementDiagonal,248,105,105,,
7696,0,Husk,T3/89,MOVING,3.627,4.000,93.373,"GoalBlock{x=10,y=4,z=94}",13,3,MovementDiagonal,248,105,105,,
7697,0,Husk,T3/89,MOVING,3.825,4.000,93.174,"GoalBlock{x=10,y=4,z=94}",13,3,MovementDiagonal,248,105,105,,
7698,0,Husk,T3/89,MOVING,4.024,4.000,92.976,"GoalBlock{x=10,y=4,z=94}",13,3,MovementDiagonal,248,105,105,,
7699,0,Husk,T3/89,MOVING,4.171,4.000,92.746,"GoalBlock{x=10,y=4,z=94}",13,4,MovementTraverse,248,105,105,,
7700,0,Husk,T3/89,MOVING,4.284,4.000,92.498,"GoalBlock{x=10,y=4,z=94}",13,4,MovementTraverse,248,105,105,,
7701,0,Husk,T3/89,MOVING,4.373,4.000,92.238,"GoalBlock{x=10,y=4,z=94}",13,4,MovementTraverse,248,105,105,,
7702,0,Husk,T3/89,MOVING,4.443,4.000,91.970,"GoalBlock{x=10,y=4,z=94}",13,4,MovementTraverse,248,105,105,,
7703,0,Husk,T3/89,MOVING,4.486,4.000,91.697,"GoalBlock{x=10,y=4,z=94}",13,5,MovementTraverse,248,105,105,,
7704,0,Husk,T3/89,MOVING,4.511,4.000,91.420,"GoalBlock{x=10,y=4,z=94}",13,5,MovementTraverse,248,105,105,,
7705,0,Husk,T3/89,MOVING,4.523,4.000,91.141,"GoalBlock{x=10,y=4,z=94}",13,5,MovementTraverse,248,105,105,,
7706,0,Husk,T3/89,MOVING,4.525,4.000,90.862,"GoalBlock{x=10,y=4,z=94}",13,5,MovementTraverse,248,105,105,,
7707,0,Husk,T3/89,MOVING,4.585,4.000,90.597,"GoalBlock{x=10,y=4,z=94}",13,6,MovementTraverse,248,105,105,,
7708,0,Husk,T3/89,MOVING,4.725,4.000,90.385,"GoalBlock{x=10,y=4,z=94}",13,6,MovementTraverse,248,105,105,,
7709,0,Husk,T3/89,MOVING,4.930,4.000,90.264,"GoalBlock{x=10,y=4,z=94}",13,6,MovementTraverse,248,105,105,,
7710,0,Husk,T3/89,MOVING,5.159,4.000,90.247,"GoalBlock{x=10,y=4,z=94}",13,6,MovementTraverse,248,105,105,,
7711,0,Husk,T3/89,MOVING,5.409,4.000,90.261,"GoalBlock{x=10,y=4,z=94}",13,7,MovementTraverse,248,105,105,,
7712,0,Husk,T3/89,MOVING,5.670,4.000,90.296,"GoalBlock{x=10,y=4,z=94}",13,7,MovementTraverse,248,105,105,,
7713,0,Husk,T3/89,MOVING,5.936,4.000,90.346,"GoalBlock{x=10,y=4,z=94}",13,7,MovementTraverse,248,105,105,,
7714,0,Husk,T3/89,MOVING,6.205,4.000,90.406,"GoalBlock{x=10,y=4,z=94}",13,7,MovementTraverse,248,105,105,,
7715,0,Husk,T3/89,MOVING,6.448,4.000,90.522,"GoalBlock{x=10,y=4,z=94}",13,8,MovementDiagonal,248,105,105,,
7716,0,Husk,T3/89,MOVING,6.675,4.000,90.671,"GoalBlock{x=10,y=4,z=94}",13,8,MovementDiagonal,248,105,105,,
7717,0,Husk,T3/89,MOVING,6.888,4.000,90.843,"GoalBlock{x=10,y=4,z=94}",13,8,MovementDiagonal,248,105,105,,
7718,0,Husk,T3/89,MOVING,7.092,4.000,91.031,"GoalBlock{x=10,y=4,z=94}",13,8,MovementDiagonal,248,105,105,,
7719,0,Husk,T3/89,MOVING,7.291,4.000,91.225,"GoalBlock{x=10,y=4,z=94}",13,9,MovementDiagonal,248,105,105,,
7720,0,Husk,T3/89,MOVING,7.487,4.000,91.423,"GoalBlock{x=10,y=4,z=94}",13,9,MovementDiagonal,248,105,105,,
7721,0,Husk,T3/89,MOVING,7.682,4.000,91.624,"GoalBlock{x=10,y=4,z=94}",13,9,MovementDiagonal,248,105,105,,
7722,0,Husk,T3/89,MOVING,7.875,4.000,91.827,"GoalBlock{x=10,y=4,z=94}",13,9,MovementDiagonal,248,105,105,,
7723,0,Husk,T3/89,MOVING,8.067,4.000,92.031,"GoalBlock{x=10,y=4,z=94}",13,9,MovementDiagonal,248,105,105,,
7724,0,Husk,T3/89,MOVING,8.261,4.000,92.234,"GoalBlock{x=10,y=4,z=94}",13,10,MovementDiagonal,248,105,105,,
7725,0,Husk,T3/89,MOVING,8.456,4.000,92.436,"GoalBlock{x=10,y=4,z=94}",13,10,MovementDiagonal,248,105,105,,
7726,0,Husk,T3/89,MOVING,8.652,4.000,92.637,"GoalBlock{x=10,y=4,z=94}",13,10,MovementDiagonal,248,105,105,,
7727,0,Husk,T3/89,MOVING,8.848,4.000,92.837,"GoalBlock{x=10,y=4,z=94}",13,10,MovementDiagonal,248,105,105,,
7728,0,Husk,T3/89,MOVING,9.044,4.000,93.038,"GoalBlock{x=10,y=4,z=94}",13,10,MovementDiagonal,248,105,105,,
7729,0,Husk,T3/89,MOVING,9.241,4.000,93.237,"GoalBlock{x=10,y=4,z=94}",13,11,MovementDiagonal,248,105,105,,
7730,0,Husk,T3/89,MOVING,9.439,4.000,93.437,"GoalBlock{x=10,y=4,z=94}",13,11,MovementDiagonal,248,105,105,,
7731,0,Husk,T3/89,MOVING,9.637,4.000,93.636,"GoalBlock{x=10,y=4,z=94}",13,11,MovementDiagonal,248,105,105,,
7732,0,Husk,T3/89,MOVING,9.835,4.000,93.834,"GoalBlock{x=10,y=4,z=94}",13,11,MovementDiagonal,248,105,105,,
7733,0,Husk,T3/89,MOVING,10.033,4.000,94.033,"GoalBlock{x=10,y=4,z=94}",13,11,MovementDiagonal,248,105,105,,
7734,0,Husk,T3/89,ARRIVED,10.141,4.000,94.142,,-1,-1,,248,105,105,,CANCELED
7735,0,Husk,T3/90,ARRIVED,0.500,4.000,108.500,,-1,-1,,248,105,105,,CANCELED|CANCELED
7736,0,Husk,T3/90,ARRIVED,0.500,4.000,108.500,,-1,-1,,248,105,105,,
7737,0,Husk,T3/90,ARRIVED,0.500,4.000,108.500,,-1,-1,,248,105,105,,
7738,0,Husk,T3/90,ARRIVED,0.500,4.000,108.500,,-1,-1,,248,105,105,,
7739,0,Husk,T3/90,ARRIVED,0.500,4.000,108.500,,-1,-1,,248,105,105,,
7740,0,Husk,T3/90,ARRIVED,0.500,4.000,108.500,,-1,-1,,248,105,105,,
7741,0,Husk,T3/90,ARRIVED,0.500,4.000,108.500,,-1,-1,,248,105,105,,
7742,0,Husk,T3/90,ARRIVED,0.500,4.000,108.500,,-1,-1,,248,105,105,,
7743,0,Husk,T3/90,ARRIVED,0.500,4.000,108.500,,-1,-1,,248,105,105,,
7744,0,Husk,T3/90,ARRIVED,0.500,4.000,108.500,,-1,-1,,248,105,105,,
7745,0,Husk,T3/90,SEARCHING,0.500,4.000,108.500,"GoalBlock{x=15,y=4,z=108}",-1,-1,,248,106,106,,CALC_STARTED
7746,0,Husk,T3/90,MOVING,0.627,4.000,108.500,"GoalBlock{x=15,y=4,z=108}",14,0,MovementTraverse,5058,107,107,,CALC_FINISHED_NOW_EXECUTING|NEXT_SEGMENT_CALC_STARTED
7747,0,Husk,T3/90,MOVING,0.824,4.000,108.500,"GoalBlock{x=15,y=4,z=108}",14,0,MovementTraverse,5219,107,107,,NEXT_CALC_FAILED
7748,0,Husk,T3/90,MOVING,1.059,4.000,108.500,"GoalBlock{x=15,y=4,z=108}",14,0,MovementTraverse,5219,107,107,,
7749,0,Husk,T3/90,MOVING,1.315,4.000,108.500,"GoalBlock{x=15,y=4,z=108}",14,1,MovementTraverse,5219,107,107,,
7750,0,Husk,T3/90,MOVING,1.582,4.000,108.500,"GoalBlock{x=15,y=4,z=108}",14,1,MovementTraverse,5219,107,107,,
7751,0,Husk,T3/90,MOVING,1.855,4.000,108.500,"GoalBlock{x=15,y=4,z=108}",14,1,MovementTraverse,5219,107,107,,
7752,0,Husk,T3/90,MOVING,2.132,4.000,108.500,"GoalBlock{x=15,y=4,z=108}",14,1,MovementTraverse,5219,107,107,,
7753,0,Husk,T3/90,MOVING,2.410,4.000,108.500,"GoalBlock{x=15,y=4,z=108}",14,2,MovementTraverse,5219,107,107,,
7754,0,Husk,T3/90,MOVING,2.690,4.000,108.500,"GoalBlock{x=15,y=4,z=108}",14,2,MovementTraverse,5219,107,107,,
7755,0,Husk,T3/90,MOVING,2.969,4.000,108.500,"GoalBlock{x=15,y=4,z=108}",14,2,MovementTraverse,5219,107,107,,
7756,0,Husk,T3/90,MOVING,3.250,4.000,108.500,"GoalBlock{x=15,y=4,z=108}",14,2,MovementTraverse,5219,107,107,,
7757,0,Husk,T3/90,MOVING,3.530,4.000,108.500,"GoalBlock{x=15,y=4,z=108}",14,3,MovementTraverse,5219,107,107,,
7758,0,Husk,T3/90,MOVING,3.811,4.000,108.500,"GoalBlock{x=15,y=4,z=108}",14,3,MovementTraverse,5219,107,107,,
7759,0,Husk,T3/90,MOVING,4.091,4.000,108.500,"GoalBlock{x=15,y=4,z=108}",14,3,MovementTraverse,5219,107,107,,
7760,0,Husk,T3/90,MOVING,4.372,4.000,108.500,"GoalBlock{x=15,y=4,z=108}",14,4,MovementTraverse,5219,107,107,,
7761,0,Husk,T3/90,MOVING,4.652,4.000,108.500,"GoalBlock{x=15,y=4,z=108}",14,4,MovementTraverse,5219,107,107,,
7762,0,Husk,T3/90,MOVING,4.933,4.000,108.500,"GoalBlock{x=15,y=4,z=108}",14,4,MovementTraverse,5219,107,107,,
7763,0,Husk,T3/90,MOVING,5.214,4.000,108.500,"GoalBlock{x=15,y=4,z=108}",14,4,MovementTraverse,5219,107,107,,
7764,0,Husk,T3/90,MOVING,5.494,4.000,108.500,"GoalBlock{x=15,y=4,z=108}",14,5,MovementTraverse,5219,107,107,,
7765,0,Husk,T3/90,MOVING,5.775,4.000,108.500,"GoalBlock{x=15,y=4,z=108}",14,5,MovementTraverse,5219,107,107,,
7766,0,Husk,T3/90,MOVING,6.055,4.000,108.500,"GoalBlock{x=15,y=4,z=108}",14,5,MovementTraverse,5219,107,107,,
7767,0,Husk,T3/90,MOVING,6.336,4.000,108.500,"GoalBlock{x=15,y=4,z=108}",14,6,MovementTraverse,5219,107,107,,
7768,0,Husk,T3/90,MOVING,6.617,4.000,108.500,"GoalBlock{x=15,y=4,z=108}",14,6,MovementTraverse,5219,107,107,,
7769,0,Husk,T3/90,MOVING,6.897,4.000,108.500,"GoalBlock{x=15,y=4,z=108}",14,6,MovementTraverse,5219,107,107,,
7770,0,Husk,T3/90,MOVING,7.178,4.000,108.500,"GoalBlock{x=15,y=4,z=108}",14,6,MovementTraverse,5219,107,107,,
7771,0,Husk,T3/90,MOVING,7.459,4.000,108.500,"GoalBlock{x=15,y=4,z=108}",14,7,MovementTraverse,5219,107,107,,
7772,0,Husk,T3/90,MOVING,7.739,4.000,108.500,"GoalBlock{x=15,y=4,z=108}",14,7,MovementTraverse,5219,107,107,,
7773,0,Husk,T3/90,MOVING,8.020,4.000,108.500,"GoalBlock{x=15,y=4,z=108}",14,7,MovementTraverse,5219,107,107,,
7774,0,Husk,T3/90,MOVING,8.300,4.000,108.500,"GoalBlock{x=15,y=4,z=108}",14,8,MovementTraverse,5219,107,107,,
7775,0,Husk,T3/90,MOVING,8.581,4.000,108.500,"GoalBlock{x=15,y=4,z=108}",14,8,MovementTraverse,5219,107,107,,
7776,0,Husk,T3/90,MOVING,8.862,4.000,108.500,"GoalBlock{x=15,y=4,z=108}",14,8,MovementTraverse,5219,107,107,,
7777,0,Husk,T3/90,MOVING,9.142,4.000,108.500,"GoalBlock{x=15,y=4,z=108}",14,8,MovementTraverse,5219,107,107,,
7778,0,Husk,T3/90,MOVING,9.423,4.000,108.500,"GoalBlock{x=15,y=4,z=108}",14,9,MovementTraverse,5219,107,107,,
7779,0,Husk,T3/90,MOVING,9.703,4.000,108.500,"GoalBlock{x=15,y=4,z=108}",14,9,MovementTraverse,5219,107,107,,
7780,0,Husk,T3/90,MOVING,9.984,4.000,108.500,"GoalBlock{x=15,y=4,z=108}",14,9,MovementTraverse,5219,107,107,,
7781,0,Husk,T3/90,MOVING,10.265,4.000,108.500,"GoalBlock{x=15,y=4,z=108}",14,9,MovementTraverse,5219,107,107,,
7782,0,Husk,T3/90,MOVING,10.545,4.000,108.500,"GoalBlock{x=15,y=4,z=108}",14,10,MovementTraverse,5219,107,107,,
7783,0,Husk,T3/90,MOVING,10.826,4.000,108.500,"GoalBlock{x=15,y=4,z=108}",14,10,MovementTraverse,5219,107,107,,
7784,0,Husk,T3/90,MOVING,11.107,4.000,108.500,"GoalBlock{x=15,y=4,z=108}",14,10,MovementTraverse,5219,107,107,,
7785,0,Husk,T3/90,MOVING,11.387,4.000,108.500,"GoalBlock{x=15,y=4,z=108}",14,11,MovementTraverse,5219,107,107,,
7786,0,Husk,T3/90,MOVING,11.668,4.000,108.500,"GoalBlock{x=15,y=4,z=108}",14,11,MovementTraverse,5219,107,107,,
7787,0,Husk,T3/90,MOVING,11.948,4.000,108.500,"GoalBlock{x=15,y=4,z=108}",14,11,MovementTraverse,5219,107,107,,
7788,0,Husk,T3/90,MOVING,12.229,4.000,108.500,"GoalBlock{x=15,y=4,z=108}",14,11,MovementTraverse,5219,107,107,,
7789,0,Husk,T3/90,MOVING,12.510,4.000,108.500,"GoalBlock{x=15,y=4,z=108}",14,12,MovementTraverse,5219,107,107,,
7790,0,Husk,T3/90,MOVING,12.790,4.000,108.500,"GoalBlock{x=15,y=4,z=108}",14,12,MovementTraverse,5219,107,107,,
7791,0,Husk,T3/90,MOVING,13.071,4.000,108.500,"GoalBlock{x=15,y=4,z=108}",14,12,MovementTraverse,5219,107,107,,
7792,0,Husk,T3/90,SEARCHING,13.224,4.000,108.500,"GoalBlock{x=15,y=4,z=108}",-1,-1,,5219,108,108,,CALC_STARTED
7793,0,Husk,T3/90,FAILED,13.308,4.000,108.500,,-1,-1,,4888,108,108,no_path,CALC_FAILED
7794,0,Husk,T3/90,FAILED,13.353,4.000,108.500,,-1,-1,,4888,108,108,no_path,
7795,0,Husk,T3/91,FAILED,60.500,4.000,0.500,,-1,-1,,4888,108,108,no_path,CANCELED|CANCELED
7796,0,Husk,T3/91,FAILED,60.500,4.000,0.500,,-1,-1,,4888,108,108,no_path,
7797,0,Husk,T3/91,FAILED,60.500,4.000,0.500,,-1,-1,,4888,108,108,no_path,
7798,0,Husk,T3/91,FAILED,60.500,4.000,0.500,,-1,-1,,4888,108,108,no_path,
7799,0,Husk,T3/91,FAILED,60.500,4.000,0.500,,-1,-1,,4888,108,108,no_path,
7800,0,Husk,T3/91,FAILED,60.500,4.000,0.500,,-1,-1,,4888,108,108,no_path,
7801,0,Husk,T3/91,FAILED,60.500,4.000,0.500,,-1,-1,,4888,108,108,no_path,
7802,0,Husk,T3/91,FAILED,60.500,4.000,0.500,,-1,-1,,4888,108,108,no_path,
7803,0,Husk,T3/91,FAILED,60.500,4.000,0.500,,-1,-1,,4888,108,108,no_path,
7804,0,Husk,T3/91,FAILED,60.500,4.000,0.500,,-1,-1,,4888,108,108,no_path,
7805,0,Husk,T3/91,SEARCHING,60.500,4.000,0.500,"GoalBlock{x=80,y=4,z=0}",-1,-1,,4888,109,109,,CALC_STARTED
7806,0,Husk,T3/91,MOVING,60.627,4.000,0.500,"GoalBlock{x=80,y=4,z=0}",21,0,MovementTraverse,140,109,109,,CALC_FINISHED_NOW_EXECUTING
7807,0,Husk,T3/91,MOVING,60.824,4.000,0.500,"GoalBlock{x=80,y=4,z=0}",21,0,MovementTraverse,140,109,109,,
7808,0,Husk,T3/91,MOVING,61.059,4.000,0.500,"GoalBlock{x=80,y=4,z=0}",21,0,MovementTraverse,140,109,109,,
7809,0,Husk,T3/91,MOVING,61.315,4.000,0.500,"GoalBlock{x=80,y=4,z=0}",21,1,MovementTraverse,140,109,109,,
7810,0,Husk,T3/91,MOVING,61.582,4.000,0.500,"GoalBlock{x=80,y=4,z=0}",21,1,MovementTraverse,140,109,109,,
7811,0,Husk,T3/91,MOVING,61.855,4.000,0.500,"GoalBlock{x=80,y=4,z=0}",21,1,MovementTraverse,140,109,109,,
7812,0,Husk,T3/91,MOVING,62.132,4.000,0.500,"GoalBlock{x=80,y=4,z=0}",21,1,MovementTraverse,140,109,109,,
7813,0,Husk,T3/91,MOVING,62.410,4.000,0.500,"GoalBlock{x=80,y=4,z=0}",21,2,MovementTraverse,140,109,109,,
7814,0,Husk,T3/91,MOVING,62.690,4.000,0.500,"GoalBlock{x=80,y=4,z=0}",21,2,MovementTraverse,140,109,109,,
7815,0,Husk,T3/91,MOVING,62.969,4.000,0.500,"GoalBlock{x=80,y=4,z=0}",21,2,MovementTraverse,140,109,109,,
7816,0,Husk,T3/91,MOVING,63.250,4.000,0.500,"GoalBlock{x=80,y=4,z=0}",21,2,MovementTraverse,140,109,109,,
7817,0,Husk,T3/91,MOVING,63.530,4.000,0.500,"GoalBlock{x=80,y=4,z=0}",21,3,MovementTraverse,140,109,109,,
7818,0,Husk,T3/91,MOVING,63.811,4.000,0.500,"GoalBlock{x=80,y=4,z=0}",21,3,MovementTraverse,140,109,109,,
7819,0,Husk,T3/91,MOVING,64.091,4.000,0.500,"GoalBlock{x=80,y=4,z=0}",21,3,MovementTraverse,140,109,109,,
7820,0,Husk,T3/91,MOVING,64.372,4.000,0.500,"GoalBlock{x=80,y=4,z=0}",21,4,MovementTraverse,140,109,109,,
7821,0,Husk,T3/91,MOVING,64.652,4.000,0.500,"GoalBlock{x=80,y=4,z=0}",21,4,MovementTraverse,140,109,109,,
7822,0,Husk,T3/91,MOVING,64.933,4.000,0.500,"GoalBlock{x=80,y=4,z=0}",21,4,MovementTraverse,140,109,109,,
7823,0,Husk,T3/91,MOVING,65.214,4.000,0.500,"GoalBlock{x=80,y=4,z=0}",21,4,MovementTraverse,140,109,109,,
7824,0,Husk,T3/91,MOVING,65.494,4.000,0.500,"GoalBlock{x=80,y=4,z=0}",21,5,MovementTraverse,140,109,109,,
7825,0,Husk,T3/91,MOVING,65.775,4.000,0.500,"GoalBlock{x=80,y=4,z=0}",21,5,MovementTraverse,140,109,109,,
7826,0,Husk,T3/91,MOVING,66.055,4.000,0.500,"GoalBlock{x=80,y=4,z=0}",21,5,MovementTraverse,140,109,109,,
7827,0,Husk,T3/91,MOVING,66.336,4.000,0.500,"GoalBlock{x=80,y=4,z=0}",21,6,MovementTraverse,140,109,109,,
7828,0,Husk,T3/91,MOVING,66.617,4.000,0.500,"GoalBlock{x=80,y=4,z=0}",21,6,MovementTraverse,140,109,109,,
7829,0,Husk,T3/91,MOVING,66.897,4.000,0.500,"GoalBlock{x=80,y=4,z=0}",21,6,MovementTraverse,140,109,109,,
7830,0,Husk,T3/91,MOVING,67.178,4.000,0.500,"GoalBlock{x=80,y=4,z=0}",21,6,MovementTraverse,140,109,109,,
7831,0,Husk,T3/91,MOVING,67.459,4.000,0.500,"GoalBlock{x=80,y=4,z=0}",21,7,MovementTraverse,140,109,109,,
7832,0,Husk,T3/91,MOVING,67.739,4.000,0.500,"GoalBlock{x=80,y=4,z=0}",21,7,MovementTraverse,140,109,109,,
7833,0,Husk,T3/91,MOVING,68.020,4.000,0.500,"GoalBlock{x=80,y=4,z=0}",21,7,MovementTraverse,140,109,109,,
7834,0,Husk,T3/91,MOVING,68.300,4.000,0.500,"GoalBlock{x=80,y=4,z=0}",21,8,MovementTraverse,140,109,109,,
7835,0,Husk,T3/91,MOVING,68.581,4.000,0.500,"GoalBlock{x=80,y=4,z=0}",21,8,MovementTraverse,140,109,109,,
7836,0,Husk,T3/91,MOVING,68.862,4.000,0.500,"GoalBlock{x=80,y=4,z=0}",21,8,MovementTraverse,140,109,109,,
7837,0,Husk,T3/91,MOVING,69.142,4.000,0.500,"GoalBlock{x=80,y=4,z=0}",21,8,MovementTraverse,140,109,109,,
7838,0,Husk,T3/91,MOVING,69.295,4.000,0.500,"GoalBlock{x=80,y=4,z=0}",21,9,MovementTraverse,140,109,109,,
7839,0,Husk,T3/91,MOVING,69.507,4.000,0.500,"GoalBlock{x=80,y=4,z=0}",21,9,MovementTraverse,140,109,109,,
7840,0,Husk,T3/91,MOVING,69.749,4.000,0.500,"GoalBlock{x=80,y=4,z=0}",21,9,MovementTraverse,140,109,109,,
7841,0,Husk,T3/91,MOVING,70.009,4.000,0.500,"GoalBlock{x=80,y=4,z=0}",21,9,MovementTraverse,140,109,109,,
7842,0,Husk,T3/91,MOVING,70.278,4.000,0.500,"GoalBlock{x=80,y=4,z=0}",21,10,MovementTraverse,140,109,109,,
7843,0,Husk,T3/91,MOVING,70.553,4.000,0.500,"GoalBlock{x=80,y=4,z=0}",21,10,MovementTraverse,140,109,109,,
7844,0,Husk,T3/91,MOVING,70.830,4.000,0.500,"GoalBlock{x=80,y=4,z=0}",21,10,MovementTraverse,140,109,109,,
7845,0,Husk,T3/91,MOVING,71.109,4.000,0.500,"GoalBlock{x=80,y=4,z=0}",21,10,MovementTraverse,140,109,109,,
7846,0,Husk,T3/91,MOVING,71.388,4.000,0.500,"GoalBlock{x=80,y=4,z=0}",21,11,MovementTraverse,140,109,109,,
7847,0,Husk,T3/91,MOVING,71.668,4.000,0.500,"GoalBlock{x=80,y=4,z=0}",21,11,MovementTraverse,140,109,109,,
7848,0,Husk,T3/91,MOVING,71.949,4.000,0.500,"GoalBlock{x=80,y=4,z=0}",21,11,MovementTraverse,140,109,109,,
7849,0,Husk,T3/91,MOVING,72.229,4.000,0.500,"GoalBlock{x=80,y=4,z=0}",21,11,MovementTraverse,140,109,109,,
7850,0,Husk,T3/91,MOVING,72.510,4.000,0.500,"GoalBlock{x=80,y=4,z=0}",21,12,MovementTraverse,140,109,109,,
7851,0,Husk,T3/91,MOVING,72.790,4.000,0.500,"GoalBlock{x=80,y=4,z=0}",21,12,MovementTraverse,140,109,109,,
7852,0,Husk,T3/91,MOVING,73.071,4.000,0.500,"GoalBlock{x=80,y=4,z=0}",21,12,MovementTraverse,140,109,109,,
7853,0,Husk,T3/91,MOVING,73.352,4.000,0.500,"GoalBlock{x=80,y=4,z=0}",21,13,MovementTraverse,140,109,109,,
7854,0,Husk,T3/91,MOVING,73.632,4.000,0.500,"GoalBlock{x=80,y=4,z=0}",21,13,MovementTraverse,140,109,109,,
7855,0,Husk,T3/91,MOVING,73.913,4.000,0.500,"GoalBlock{x=80,y=4,z=0}",21,13,MovementTraverse,140,109,109,,
7856,0,Husk,T3/91,MOVING,74.193,4.000,0.500,"GoalBlock{x=80,y=4,z=0}",21,13,MovementTraverse,140,109,109,,
7857,0,Husk,T3/91,MOVING,74.474,4.000,0.500,"GoalBlock{x=80,y=4,z=0}",21,14,MovementTraverse,140,109,109,,
7858,0,Husk,T3/91,MOVING,74.755,4.000,0.500,"GoalBlock{x=80,y=4,z=0}",21,14,MovementTraverse,140,109,109,,
7859,0,Husk,T3/91,MOVING,75.035,4.000,0.500,"GoalBlock{x=80,y=4,z=0}",21,14,MovementTraverse,140,109,109,,
7860,0,Husk,T3/91,MOVING,75.316,4.000,0.500,"GoalBlock{x=80,y=4,z=0}",21,15,MovementTraverse,140,109,109,,
7861,0,Husk,T3/91,MOVING,75.596,4.000,0.500,"GoalBlock{x=80,y=4,z=0}",21,15,MovementTraverse,140,109,109,,
7862,0,Husk,T3/91,MOVING,75.877,4.000,0.500,"GoalBlock{x=80,y=4,z=0}",21,15,MovementTraverse,140,109,109,,
7863,0,Husk,T3/91,MOVING,76.158,4.000,0.500,"GoalBlock{x=80,y=4,z=0}",21,15,MovementTraverse,140,109,109,,
7864,0,Husk,T3/91,MOVING,76.438,4.000,0.500,"GoalBlock{x=80,y=4,z=0}",21,16,MovementTraverse,140,109,109,,
7865,0,Husk,T3/91,MOVING,76.719,4.000,0.500,"GoalBlock{x=80,y=4,z=0}",21,16,MovementTraverse,140,109,109,,
7866,0,Husk,T3/91,MOVING,77.000,4.000,0.500,"GoalBlock{x=80,y=4,z=0}",21,16,MovementTraverse,140,109,109,,
7867,0,Husk,T3/91,MOVING,77.280,4.000,0.500,"GoalBlock{x=80,y=4,z=0}",21,16,MovementTraverse,140,109,109,,
7868,0,Husk,T3/91,MOVING,77.561,4.000,0.500,"GoalBlock{x=80,y=4,z=0}",21,17,MovementTraverse,140,109,109,,
7869,0,Husk,T3/91,MOVING,77.841,4.000,0.500,"GoalBlock{x=80,y=4,z=0}",21,17,MovementTraverse,140,109,109,,
7870,0,Husk,T3/91,MOVING,78.122,4.000,0.500,"GoalBlock{x=80,y=4,z=0}",21,17,MovementTraverse,140,109,109,,
7871,0,Husk,T3/91,MOVING,78.403,4.000,0.500,"GoalBlock{x=80,y=4,z=0}",21,18,MovementTraverse,140,109,109,,
7872,0,Husk,T3/91,MOVING,78.683,4.000,0.500,"GoalBlock{x=80,y=4,z=0}",21,18,MovementTraverse,140,109,109,,
7873,0,Husk,T3/91,MOVING,78.964,4.000,0.500,"GoalBlock{x=80,y=4,z=0}",21,18,MovementTraverse,140,109,109,,
7874,0,Husk,T3/91,MOVING,79.244,4.000,0.500,"GoalBlock{x=80,y=4,z=0}",21,18,MovementTraverse,140,109,109,,
7875,0,Husk,T3/91,MOVING,79.525,4.000,0.500,"GoalBlock{x=80,y=4,z=0}",21,19,MovementTraverse,140,109,109,,
7876,0,Husk,T3/91,MOVING,79.806,4.000,0.500,"GoalBlock{x=80,y=4,z=0}",21,19,MovementTraverse,140,109,109,,
7877,0,Husk,T3/91,MOVING,80.086,4.000,0.500,"GoalBlock{x=80,y=4,z=0}",21,19,MovementTraverse,140,109,109,,
7878,0,Husk,T3/91,ARRIVED,80.240,4.000,0.500,,-1,-1,,140,109,109,,CANCELED
7879,0,Husk,T3/92,ARRIVED,60.500,4.000,12.500,,-1,-1,,140,109,109,,CANCELED|CANCELED
7880,0,Husk,T3/92,ARRIVED,60.500,4.000,12.500,,-1,-1,,140,109,109,,
7881,0,Husk,T3/92,ARRIVED,60.500,4.000,12.500,,-1,-1,,140,109,109,,
7882,0,Husk,T3/92,ARRIVED,60.500,4.000,12.500,,-1,-1,,140,109,109,,
7883,0,Husk,T3/92,ARRIVED,60.500,4.000,12.500,,-1,-1,,140,109,109,,
7884,0,Husk,T3/92,ARRIVED,60.500,4.000,12.500,,-1,-1,,140,109,109,,
7885,0,Husk,T3/92,ARRIVED,60.500,4.000,12.500,,-1,-1,,140,109,109,,
7886,0,Husk,T3/92,ARRIVED,60.500,4.000,12.500,,-1,-1,,140,109,109,,
7887,0,Husk,T3/92,ARRIVED,60.500,4.000,12.500,,-1,-1,,140,109,109,,
7888,0,Husk,T3/92,ARRIVED,60.500,4.000,12.500,,-1,-1,,140,109,109,,
7889,0,Husk,T3/92,SEARCHING,60.500,4.000,12.500,"GoalBlock{x=80,y=4,z=12}",-1,-1,,140,110,110,,CALC_STARTED
7890,0,Husk,T3/92,MOVING,60.627,4.000,12.500,"GoalBlock{x=80,y=4,z=12}",10,0,MovementTraverse,376,111,111,,CALC_FINISHED_NOW_EXECUTING|NEXT_SEGMENT_CALC_STARTED
7891,0,Husk,T3/92,MOVING,60.824,4.000,12.500,"GoalBlock{x=80,y=4,z=12}",10,0,MovementTraverse,373,111,111,,NEXT_CALC_FAILED
7892,0,Husk,T3/92,MOVING,61.059,4.000,12.500,"GoalBlock{x=80,y=4,z=12}",10,0,MovementTraverse,373,111,111,,
7893,0,Husk,T3/92,MOVING,61.315,4.000,12.500,"GoalBlock{x=80,y=4,z=12}",10,1,MovementTraverse,373,111,111,,
7894,0,Husk,T3/92,MOVING,61.582,4.000,12.500,"GoalBlock{x=80,y=4,z=12}",10,1,MovementTraverse,373,111,111,,
7895,0,Husk,T3/92,MOVING,61.855,4.000,12.500,"GoalBlock{x=80,y=4,z=12}",10,1,MovementTraverse,373,111,111,,
7896,0,Husk,T3/92,MOVING,62.132,4.000,12.500,"GoalBlock{x=80,y=4,z=12}",10,1,MovementTraverse,373,111,111,,
7897,0,Husk,T3/92,MOVING,62.410,4.000,12.500,"GoalBlock{x=80,y=4,z=12}",10,2,MovementTraverse,373,111,111,,
7898,0,Husk,T3/92,MOVING,62.690,4.000,12.500,"GoalBlock{x=80,y=4,z=12}",10,2,MovementTraverse,373,111,111,,
7899,0,Husk,T3/92,MOVING,62.969,4.000,12.500,"GoalBlock{x=80,y=4,z=12}",10,2,MovementTraverse,373,111,111,,
7900,0,Husk,T3/92,MOVING,63.250,4.000,12.500,"GoalBlock{x=80,y=4,z=12}",10,2,MovementTraverse,373,111,111,,
7901,0,Husk,T3/92,MOVING,63.530,4.000,12.500,"GoalBlock{x=80,y=4,z=12}",10,3,MovementTraverse,373,111,111,,
7902,0,Husk,T3/92,MOVING,63.811,4.000,12.500,"GoalBlock{x=80,y=4,z=12}",10,3,MovementTraverse,373,111,111,,
7903,0,Husk,T3/92,MOVING,64.091,4.000,12.500,"GoalBlock{x=80,y=4,z=12}",10,3,MovementTraverse,373,111,111,,
7904,0,Husk,T3/92,MOVING,64.372,4.000,12.500,"GoalBlock{x=80,y=4,z=12}",10,4,MovementTraverse,373,111,111,,
7905,0,Husk,T3/92,MOVING,64.652,4.000,12.500,"GoalBlock{x=80,y=4,z=12}",10,4,MovementTraverse,373,111,111,,
7906,0,Husk,T3/92,MOVING,64.933,4.000,12.500,"GoalBlock{x=80,y=4,z=12}",10,4,MovementTraverse,373,111,111,,
7907,0,Husk,T3/92,MOVING,65.214,4.000,12.500,"GoalBlock{x=80,y=4,z=12}",10,4,MovementTraverse,373,111,111,,
7908,0,Husk,T3/92,MOVING,65.494,4.000,12.500,"GoalBlock{x=80,y=4,z=12}",10,5,MovementTraverse,373,111,111,,
7909,0,Husk,T3/92,MOVING,65.775,4.000,12.500,"GoalBlock{x=80,y=4,z=12}",10,5,MovementTraverse,373,111,111,,
7910,0,Husk,T3/92,MOVING,66.055,4.000,12.500,"GoalBlock{x=80,y=4,z=12}",10,5,MovementTraverse,373,111,111,,
7911,0,Husk,T3/92,MOVING,66.336,4.000,12.500,"GoalBlock{x=80,y=4,z=12}",10,6,MovementTraverse,373,111,111,,
7912,0,Husk,T3/92,MOVING,66.617,4.000,12.500,"GoalBlock{x=80,y=4,z=12}",10,6,MovementTraverse,373,111,111,,
7913,0,Husk,T3/92,MOVING,66.897,4.000,12.500,"GoalBlock{x=80,y=4,z=12}",10,6,MovementTraverse,373,111,111,,
7914,0,Husk,T3/92,MOVING,67.178,4.000,12.500,"GoalBlock{x=80,y=4,z=12}",10,6,MovementTraverse,373,111,111,,
7915,0,Husk,T3/92,MOVING,67.459,4.000,12.500,"GoalBlock{x=80,y=4,z=12}",10,7,MovementTraverse,373,111,111,,
7916,0,Husk,T3/92,MOVING,67.739,4.000,12.500,"GoalBlock{x=80,y=4,z=12}",10,7,MovementTraverse,373,111,111,,
7917,0,Husk,T3/92,MOVING,68.020,4.000,12.500,"GoalBlock{x=80,y=4,z=12}",10,7,MovementTraverse,373,111,111,,
7918,0,Husk,T3/92,MOVING,68.300,4.000,12.500,"GoalBlock{x=80,y=4,z=12}",10,8,MovementTraverse,373,111,111,,
7919,0,Husk,T3/92,MOVING,68.581,4.000,12.500,"GoalBlock{x=80,y=4,z=12}",10,8,MovementTraverse,373,111,111,,
7920,0,Husk,T3/92,MOVING,68.862,4.000,12.500,"GoalBlock{x=80,y=4,z=12}",10,8,MovementTraverse,373,111,111,,
7921,0,Husk,T3/92,MOVING,69.142,4.000,12.500,"GoalBlock{x=80,y=4,z=12}",10,8,MovementTraverse,373,111,111,,
7922,0,Husk,T3/92,SEARCHING,69.295,4.000,12.500,"GoalBlock{x=80,y=4,z=12}",-1,-1,,373,112,112,,CALC_STARTED
7923,0,Husk,T3/92,FAILED,69.379,4.000,12.500,,-1,-1,,358,112,112,no_path,CALC_FAILED
7924,0,Husk,T3/92,FAILED,69.425,4.000,12.500,,-1,-1,,358,112,112,no_path,
7925,0,Husk,T3/93,FAILED,60.500,4.000,24.500,,-1,-1,,358,112,112,no_path,CANCELED|CANCELED
7926,0,Husk,T3/93,FAILED,60.500,4.000,24.500,,-1,-1,,358,112,112,no_path,
7927,0,Husk,T3/93,FAILED,60.500,4.000,24.500,,-1,-1,,358,112,112,no_path,
7928,0,Husk,T3/93,FAILED,60.500,4.000,24.500,,-1,-1,,358,112,112,no_path,
7929,0,Husk,T3/93,FAILED,60.500,4.000,24.500,,-1,-1,,358,112,112,no_path,
7930,0,Husk,T3/93,FAILED,60.500,4.000,24.500,,-1,-1,,358,112,112,no_path,
7931,0,Husk,T3/93,FAILED,60.500,4.000,24.500,,-1,-1,,358,112,112,no_path,
7932,0,Husk,T3/93,FAILED,60.500,4.000,24.500,,-1,-1,,358,112,112,no_path,
7933,0,Husk,T3/93,FAILED,60.500,4.000,24.500,,-1,-1,,358,112,112,no_path,
7934,0,Husk,T3/93,FAILED,60.500,4.000,24.500,,-1,-1,,358,112,112,no_path,
7935,0,Husk,T3/93,SEARCHING,60.500,4.000,24.500,"GoalBlock{x=80,y=4,z=24}",-1,-1,,358,113,113,,CALC_STARTED
7936,0,Husk,T3/93,MOVING,60.627,4.000,24.500,"GoalBlock{x=80,y=4,z=24}",21,0,MovementTraverse,128,113,113,,CALC_FINISHED_NOW_EXECUTING
7937,0,Husk,T3/93,MOVING,60.824,4.000,24.500,"GoalBlock{x=80,y=4,z=24}",21,0,MovementTraverse,128,113,113,,
7938,0,Husk,T3/93,MOVING,61.059,4.000,24.500,"GoalBlock{x=80,y=4,z=24}",21,0,MovementTraverse,128,113,113,,
7939,0,Husk,T3/93,MOVING,61.315,4.000,24.500,"GoalBlock{x=80,y=4,z=24}",21,1,MovementTraverse,128,113,113,,
7940,0,Husk,T3/93,MOVING,61.582,4.000,24.500,"GoalBlock{x=80,y=4,z=24}",21,1,MovementTraverse,128,113,113,,
7941,0,Husk,T3/93,MOVING,61.855,4.000,24.500,"GoalBlock{x=80,y=4,z=24}",21,1,MovementTraverse,128,113,113,,
7942,0,Husk,T3/93,MOVING,62.132,4.000,24.500,"GoalBlock{x=80,y=4,z=24}",21,1,MovementTraverse,128,113,113,,
7943,0,Husk,T3/93,MOVING,62.410,4.000,24.500,"GoalBlock{x=80,y=4,z=24}",21,2,MovementTraverse,128,113,113,,
7944,0,Husk,T3/93,MOVING,62.690,4.000,24.500,"GoalBlock{x=80,y=4,z=24}",21,2,MovementTraverse,128,113,113,,
7945,0,Husk,T3/93,MOVING,62.969,4.000,24.500,"GoalBlock{x=80,y=4,z=24}",21,2,MovementTraverse,128,113,113,,
7946,0,Husk,T3/93,MOVING,63.250,4.000,24.500,"GoalBlock{x=80,y=4,z=24}",21,2,MovementTraverse,128,113,113,,
7947,0,Husk,T3/93,MOVING,63.530,4.000,24.500,"GoalBlock{x=80,y=4,z=24}",21,3,MovementTraverse,128,113,113,,
7948,0,Husk,T3/93,MOVING,63.811,4.000,24.500,"GoalBlock{x=80,y=4,z=24}",21,3,MovementTraverse,128,113,113,,
7949,0,Husk,T3/93,MOVING,64.091,4.000,24.500,"GoalBlock{x=80,y=4,z=24}",21,3,MovementTraverse,128,113,113,,
7950,0,Husk,T3/93,MOVING,64.372,4.000,24.500,"GoalBlock{x=80,y=4,z=24}",21,4,MovementTraverse,128,113,113,,
7951,0,Husk,T3/93,MOVING,64.652,4.000,24.500,"GoalBlock{x=80,y=4,z=24}",21,4,MovementTraverse,128,113,113,,
7952,0,Husk,T3/93,MOVING,64.933,4.000,24.500,"GoalBlock{x=80,y=4,z=24}",21,4,MovementTraverse,128,113,113,,
7953,0,Husk,T3/93,MOVING,65.214,4.000,24.500,"GoalBlock{x=80,y=4,z=24}",21,4,MovementTraverse,128,113,113,,
7954,0,Husk,T3/93,MOVING,65.494,4.000,24.500,"GoalBlock{x=80,y=4,z=24}",21,5,MovementTraverse,128,113,113,,
7955,0,Husk,T3/93,MOVING,65.775,4.000,24.500,"GoalBlock{x=80,y=4,z=24}",21,5,MovementTraverse,128,113,113,,
7956,0,Husk,T3/93,MOVING,66.055,4.000,24.500,"GoalBlock{x=80,y=4,z=24}",21,5,MovementTraverse,128,113,113,,
7957,0,Husk,T3/93,MOVING,66.336,4.000,24.500,"GoalBlock{x=80,y=4,z=24}",21,6,MovementTraverse,128,113,113,,
7958,0,Husk,T3/93,MOVING,66.617,4.000,24.500,"GoalBlock{x=80,y=4,z=24}",21,6,MovementTraverse,128,113,113,,
7959,0,Husk,T3/93,MOVING,66.897,4.000,24.500,"GoalBlock{x=80,y=4,z=24}",21,6,MovementTraverse,128,113,113,,
7960,0,Husk,T3/93,MOVING,67.178,4.000,24.500,"GoalBlock{x=80,y=4,z=24}",21,6,MovementTraverse,128,113,113,,
7961,0,Husk,T3/93,MOVING,67.459,4.000,24.500,"GoalBlock{x=80,y=4,z=24}",21,7,MovementTraverse,128,113,113,,
7962,0,Husk,T3/93,MOVING,67.739,4.000,24.500,"GoalBlock{x=80,y=4,z=24}",21,7,MovementTraverse,128,113,113,,
7963,0,Husk,T3/93,MOVING,68.020,4.000,24.500,"GoalBlock{x=80,y=4,z=24}",21,7,MovementTraverse,128,113,113,,
7964,0,Husk,T3/93,MOVING,68.300,4.000,24.500,"GoalBlock{x=80,y=4,z=24}",21,8,MovementTraverse,128,113,113,,
7965,0,Husk,T3/93,MOVING,68.581,4.000,24.500,"GoalBlock{x=80,y=4,z=24}",21,8,MovementTraverse,128,113,113,,
7966,0,Husk,T3/93,MOVING,68.862,4.000,24.500,"GoalBlock{x=80,y=4,z=24}",21,8,MovementTraverse,128,113,113,,
7967,0,Husk,T3/93,MOVING,69.142,4.000,24.500,"GoalBlock{x=80,y=4,z=24}",21,8,MovementTraverse,128,113,113,,
7968,0,Husk,T3/93,MOVING,69.295,4.000,24.500,"GoalBlock{x=80,y=4,z=24}",21,9,MovementTraverse,128,113,113,,
7969,0,Husk,T3/93,MOVING,69.507,4.000,24.500,"GoalBlock{x=80,y=4,z=24}",21,9,MovementTraverse,128,113,113,,
7970,0,Husk,T3/93,MOVING,69.749,4.000,24.500,"GoalBlock{x=80,y=4,z=24}",21,9,MovementTraverse,128,113,113,,
7971,0,Husk,T3/93,MOVING,70.009,4.000,24.500,"GoalBlock{x=80,y=4,z=24}",21,9,MovementTraverse,128,113,113,,
7972,0,Husk,T3/93,MOVING,70.278,4.000,24.500,"GoalBlock{x=80,y=4,z=24}",21,10,MovementTraverse,128,113,113,,
7973,0,Husk,T3/93,MOVING,70.553,4.000,24.500,"GoalBlock{x=80,y=4,z=24}",21,10,MovementTraverse,128,113,113,,
7974,0,Husk,T3/93,MOVING,70.830,4.000,24.500,"GoalBlock{x=80,y=4,z=24}",21,10,MovementTraverse,128,113,113,,
7975,0,Husk,T3/93,MOVING,71.109,4.000,24.500,"GoalBlock{x=80,y=4,z=24}",21,10,MovementTraverse,128,113,113,,
7976,0,Husk,T3/93,MOVING,71.388,4.000,24.500,"GoalBlock{x=80,y=4,z=24}",21,11,MovementTraverse,128,113,113,,
7977,0,Husk,T3/93,MOVING,71.668,4.000,24.500,"GoalBlock{x=80,y=4,z=24}",21,11,MovementTraverse,128,113,113,,
7978,0,Husk,T3/93,MOVING,71.949,4.000,24.500,"GoalBlock{x=80,y=4,z=24}",21,11,MovementTraverse,128,113,113,,
7979,0,Husk,T3/93,MOVING,72.229,4.000,24.500,"GoalBlock{x=80,y=4,z=24}",21,11,MovementTraverse,128,113,113,,
7980,0,Husk,T3/93,MOVING,72.510,4.000,24.500,"GoalBlock{x=80,y=4,z=24}",21,12,MovementTraverse,128,113,113,,
7981,0,Husk,T3/93,MOVING,72.790,4.000,24.500,"GoalBlock{x=80,y=4,z=24}",21,12,MovementTraverse,128,113,113,,
7982,0,Husk,T3/93,MOVING,73.071,4.000,24.500,"GoalBlock{x=80,y=4,z=24}",21,12,MovementTraverse,128,113,113,,
7983,0,Husk,T3/93,MOVING,73.352,4.000,24.500,"GoalBlock{x=80,y=4,z=24}",21,13,MovementTraverse,128,113,113,,
7984,0,Husk,T3/93,MOVING,73.632,4.000,24.500,"GoalBlock{x=80,y=4,z=24}",21,13,MovementTraverse,128,113,113,,
7985,0,Husk,T3/93,MOVING,73.913,4.000,24.500,"GoalBlock{x=80,y=4,z=24}",21,13,MovementTraverse,128,113,113,,
7986,0,Husk,T3/93,MOVING,74.193,4.000,24.500,"GoalBlock{x=80,y=4,z=24}",21,13,MovementTraverse,128,113,113,,
7987,0,Husk,T3/93,MOVING,74.474,4.000,24.500,"GoalBlock{x=80,y=4,z=24}",21,14,MovementTraverse,128,113,113,,
7988,0,Husk,T3/93,MOVING,74.755,4.000,24.500,"GoalBlock{x=80,y=4,z=24}",21,14,MovementTraverse,128,113,113,,
7989,0,Husk,T3/93,MOVING,75.035,4.000,24.500,"GoalBlock{x=80,y=4,z=24}",21,14,MovementTraverse,128,113,113,,
7990,0,Husk,T3/93,MOVING,75.316,4.000,24.500,"GoalBlock{x=80,y=4,z=24}",21,15,MovementTraverse,128,113,113,,
7991,0,Husk,T3/93,MOVING,75.596,4.000,24.500,"GoalBlock{x=80,y=4,z=24}",21,15,MovementTraverse,128,113,113,,
7992,0,Husk,T3/93,MOVING,75.877,4.000,24.500,"GoalBlock{x=80,y=4,z=24}",21,15,MovementTraverse,128,113,113,,
7993,0,Husk,T3/93,MOVING,76.158,4.000,24.500,"GoalBlock{x=80,y=4,z=24}",21,15,MovementTraverse,128,113,113,,
7994,0,Husk,T3/93,MOVING,76.438,4.000,24.500,"GoalBlock{x=80,y=4,z=24}",21,16,MovementTraverse,128,113,113,,
7995,0,Husk,T3/93,MOVING,76.719,4.000,24.500,"GoalBlock{x=80,y=4,z=24}",21,16,MovementTraverse,128,113,113,,
7996,0,Husk,T3/93,MOVING,77.000,4.000,24.500,"GoalBlock{x=80,y=4,z=24}",21,16,MovementTraverse,128,113,113,,
7997,0,Husk,T3/93,MOVING,77.280,4.000,24.500,"GoalBlock{x=80,y=4,z=24}",21,16,MovementTraverse,128,113,113,,
7998,0,Husk,T3/93,MOVING,77.561,4.000,24.500,"GoalBlock{x=80,y=4,z=24}",21,17,MovementTraverse,128,113,113,,
7999,0,Husk,T3/93,MOVING,77.841,4.000,24.500,"GoalBlock{x=80,y=4,z=24}",21,17,MovementTraverse,128,113,113,,
8000,0,Husk,T3/93,MOVING,78.122,4.000,24.500,"GoalBlock{x=80,y=4,z=24}",21,17,MovementTraverse,128,113,113,,
8001,0,Husk,T3/93,MOVING,78.403,4.000,24.500,"GoalBlock{x=80,y=4,z=24}",21,18,MovementTraverse,128,113,113,,
8002,0,Husk,T3/93,MOVING,78.683,4.000,24.500,"GoalBlock{x=80,y=4,z=24}",21,18,MovementTraverse,128,113,113,,
8003,0,Husk,T3/93,MOVING,78.964,4.000,24.500,"GoalBlock{x=80,y=4,z=24}",21,18,MovementTraverse,128,113,113,,
8004,0,Husk,T3/93,MOVING,79.244,4.000,24.500,"GoalBlock{x=80,y=4,z=24}",21,18,MovementTraverse,128,113,113,,
8005,0,Husk,T3/93,MOVING,79.525,4.000,24.500,"GoalBlock{x=80,y=4,z=24}",21,19,MovementTraverse,128,113,113,,
8006,0,Husk,T3/93,MOVING,79.806,4.000,24.500,"GoalBlock{x=80,y=4,z=24}",21,19,MovementTraverse,128,113,113,,
8007,0,Husk,T3/93,MOVING,80.086,4.000,24.500,"GoalBlock{x=80,y=4,z=24}",21,19,MovementTraverse,128,113,113,,
8008,0,Husk,T3/93,ARRIVED,80.240,4.000,24.500,,-1,-1,,128,113,113,,CANCELED
8009,0,Husk,T3/94,ARRIVED,60.500,4.000,36.500,,-1,-1,,128,113,113,,CANCELED|CANCELED
8010,0,Husk,T3/94,ARRIVED,60.500,4.000,36.500,,-1,-1,,128,113,113,,
8011,0,Husk,T3/94,ARRIVED,60.500,4.000,36.500,,-1,-1,,128,113,113,,
8012,0,Husk,T3/94,ARRIVED,60.500,4.000,36.500,,-1,-1,,128,113,113,,
8013,0,Husk,T3/94,ARRIVED,60.500,4.000,36.500,,-1,-1,,128,113,113,,
8014,0,Husk,T3/94,ARRIVED,60.500,4.000,36.500,,-1,-1,,128,113,113,,
8015,0,Husk,T3/94,ARRIVED,60.500,4.000,36.500,,-1,-1,,128,113,113,,
8016,0,Husk,T3/94,ARRIVED,60.500,4.000,36.500,,-1,-1,,128,113,113,,
8017,0,Husk,T3/94,ARRIVED,60.500,4.000,36.500,,-1,-1,,128,113,113,,
8018,0,Husk,T3/94,ARRIVED,60.500,4.000,36.500,,-1,-1,,128,113,113,,
8019,0,Husk,T3/94,SEARCHING,60.500,4.000,36.500,"GoalBlock{x=75,y=9,z=36}",-1,-1,,128,114,114,,CALC_STARTED
8020,0,Husk,T3/94,MOVING,60.627,4.000,36.500,"GoalBlock{x=75,y=9,z=36}",20,0,MovementTraverse,278,114,114,,CALC_FINISHED_NOW_EXECUTING
8021,0,Husk,T3/94,MOVING,60.824,4.000,36.500,"GoalBlock{x=75,y=9,z=36}",20,0,MovementTraverse,278,114,114,,
8022,0,Husk,T3/94,MOVING,61.059,4.000,36.500,"GoalBlock{x=75,y=9,z=36}",20,0,MovementTraverse,278,114,114,,
8023,0,Husk,T3/94,MOVING,61.315,4.000,36.500,"GoalBlock{x=75,y=9,z=36}",20,1,MovementTraverse,278,114,114,,
8024,0,Husk,T3/94,MOVING,61.582,4.000,36.500,"GoalBlock{x=75,y=9,z=36}",20,1,MovementTraverse,278,114,114,,
8025,0,Husk,T3/94,MOVING,61.855,4.000,36.500,"GoalBlock{x=75,y=9,z=36}",20,1,MovementTraverse,278,114,114,,
8026,0,Husk,T3/94,MOVING,62.132,4.000,36.500,"GoalBlock{x=75,y=9,z=36}",20,1,MovementTraverse,278,114,114,,
8027,0,Husk,T3/94,MOVING,62.410,4.000,36.500,"GoalBlock{x=75,y=9,z=36}",20,2,MovementTraverse,278,114,114,,
8028,0,Husk,T3/94,MOVING,62.690,4.000,36.500,"GoalBlock{x=75,y=9,z=36}",20,2,MovementTraverse,278,114,114,,
8029,0,Husk,T3/94,MOVING,62.969,4.000,36.500,"GoalBlock{x=75,y=9,z=36}",20,2,MovementTraverse,278,114,114,,
8030,0,Husk,T3/94,MOVING,63.250,4.000,36.500,"GoalBlock{x=75,y=9,z=36}",20,2,MovementTraverse,278,114,114,,
8031,0,Husk,T3/94,MOVING,63.530,4.000,36.500,"GoalBlock{x=75,y=9,z=36}",20,3,MovementTraverse,278,114,114,,
8032,0,Husk,T3/94,MOVING,63.811,4.000,36.500,"GoalBlock{x=75,y=9,z=36}",20,3,MovementTraverse,278,114,114,,
8033,0,Husk,T3/94,MOVING,64.091,4.000,36.500,"GoalBlock{x=75,y=9,z=36}",20,3,MovementTraverse,278,114,114,,
8034,0,Husk,T3/94,MOVING,64.372,4.000,36.500,"GoalBlock{x=75,y=9,z=36}",20,4,MovementTraverse,278,114,114,,
8035,0,Husk,T3/94,MOVING,64.652,4.000,36.500,"GoalBlock{x=75,y=9,z=36}",20,4,MovementTraverse,278,114,114,,
8036,0,Husk,T3/94,MOVING,64.933,4.000,36.500,"GoalBlock{x=75,y=9,z=36}",20,4,MovementTraverse,278,114,114,,
8037,0,Husk,T3/94,MOVING,65.214,4.000,36.500,"GoalBlock{x=75,y=9,z=36}",20,4,MovementTraverse,278,114,114,,
8038,0,Husk,T3/94,MOVING,65.494,4.000,36.500,"GoalBlock{x=75,y=9,z=36}",20,5,MovementTraverse,278,114,114,,
8039,0,Husk,T3/94,MOVING,65.775,4.000,36.500,"GoalBlock{x=75,y=9,z=36}",20,5,MovementTraverse,278,114,114,,
8040,0,Husk,T3/94,MOVING,66.055,4.000,36.500,"GoalBlock{x=75,y=9,z=36}",20,5,MovementTraverse,278,114,114,,
8041,0,Husk,T3/94,MOVING,66.336,4.000,36.500,"GoalBlock{x=75,y=9,z=36}",20,6,MovementTraverse,278,114,114,,
8042,0,Husk,T3/94,MOVING,66.617,4.000,36.500,"GoalBlock{x=75,y=9,z=36}",20,6,MovementTraverse,278,114,114,,
8043,0,Husk,T3/94,MOVING,66.897,4.000,36.500,"GoalBlock{x=75,y=9,z=36}",20,6,MovementTraverse,278,114,114,,
8044,0,Husk,T3/94,MOVING,67.178,4.000,36.500,"GoalBlock{x=75,y=9,z=36}",20,6,MovementTraverse,278,114,114,,
8045,0,Husk,T3/94,MOVING,67.459,4.000,36.500,"GoalBlock{x=75,y=9,z=36}",20,7,MovementTraverse,278,114,114,,
8046,0,Husk,T3/94,MOVING,67.739,4.000,36.500,"GoalBlock{x=75,y=9,z=36}",20,7,MovementTraverse,278,114,114,,
8047,0,Husk,T3/94,MOVING,68.020,4.000,36.500,"GoalBlock{x=75,y=9,z=36}",20,7,MovementTraverse,278,114,114,,
8048,0,Husk,T3/94,MOVING,68.271,4.420,36.500,"GoalBlock{x=75,y=9,z=36}",20,8,MovementAscend,278,114,114,,
8049,0,Husk,T3/94,MOVING,68.428,4.753,36.500,"GoalBlock{x=75,y=9,z=36}",20,8,MovementAscend,278,114,114,,
8050,0,Husk,T3/94,MOVING,68.590,5.001,36.500,"GoalBlock{x=75,y=9,z=36}",20,8,MovementAscend,278,114,114,,
8051,0,Husk,T3/94,MOVING,68.757,5.166,36.500,"GoalBlock{x=75,y=9,z=36}",20,8,MovementAscend,278,114,114,,
8052,0,Husk,T3/94,MOVING,68.929,5.249,36.500,"GoalBlock{x=75,y=9,z=36}",20,8,MovementAscend,278,114,114,,
8053,0,Husk,T3/94,MOVING,69.105,5.252,36.500,"GoalBlock{x=75,y=9,z=36}",20,8,MovementAscend,278,114,114,,
8054,0,Husk,T3/94,MOVING,69.255,5.177,36.500,"GoalBlock{x=75,y=9,z=36}",20,9,MovementPillar,278,114,114,,
8055,0,Husk,T3/94,MOVING,69.397,5.027,36.500,"GoalBlock{x=75,y=9,z=36}",20,9,MovementPillar,278,114,114,,
8056,0,Husk,T3/94,MOVING,69.512,4.877,36.500,"GoalBlock{x=75,y=9,z=36}",20,9,MovementPillar,278,114,114,,
8057,0,Husk,T3/94,MOVING,69.512,4.994,36.500,"GoalBlock{x=75,y=9,z=36}",20,9,MovementPillar,278,114,114,,
8058,0,Husk,T3/94,MOVING,69.512,5.112,36.500,"GoalBlock{x=75,y=9,z=36}",20,9,MovementPillar,278,114,114,,
8059,0,Husk,T3/94,MOVING,69.512,5.230,36.500,"GoalBlock{x=75,y=9,z=36}",20,9,MovementPillar,278,114,114,,
8060,0,Husk,T3/94,MOVING,69.512,5.347,36.500,"GoalBlock{x=75,y=9,z=36}",20,9,MovementPillar,278,114,114,,
8061,0,Husk,T3/94,MOVING,69.512,5.465,36.500,"GoalBlock{x=75,y=9,z=36}",20,9,MovementPillar,278,114,114,,
8062,0,Husk,T3/94,MOVING,69.512,5.582,36.500,"GoalBlock{x=75,y=9,z=36}",20,9,MovementPillar,278,114,114,,
8063,0,Husk,T3/94,MOVING,69.512,5.700,36.500,"GoalBlock{x=75,y=9,z=36}",20,9,MovementPillar,278,114,114,,
8064,0,Husk,T3/94,MOVING,69.512,5.818,36.500,"GoalBlock{x=75,y=9,z=36}",20,9,MovementPillar,278,114,114,,
8065,0,Husk,T3/94,MOVING,69.512,5.935,36.500,"GoalBlock{x=75,y=9,z=36}",20,9,MovementPillar,278,114,114,,
8066,0,Husk,T3/94,MOVING,69.512,6.053,36.500,"GoalBlock{x=75,y=9,z=36}",20,10,MovementPillar,278,114,114,,
8067,0,Husk,T3/94,MOVING,69.512,6.170,36.500,"GoalBlock{x=75,y=9,z=36}",20,10,MovementPillar,278,114,114,,
8068,0,Husk,T3/94,MOVING,69.512,6.288,36.500,"GoalBlock{x=75,y=9,z=36}",20,10,MovementPillar,278,114,114,,
8069,0,Husk,T3/94,MOVING,69.512,6.406,36.500,"GoalBlock{x=75,y=9,z=36}",20,10,MovementPillar,278,114,114,,
8070,0,Husk,T3/94,MOVING,69.512,6.523,36.500,"GoalBlock{x=75,y=9,z=36}",20,10,MovementPillar,278,114,114,,
8071,0,Husk,T3/94,MOVING,69.512,6.641,36.500,"GoalBlock{x=75,y=9,z=36}",20,10,MovementPillar,278,114,114,,
8072,0,Husk,T3/94,MOVING,69.512,6.758,36.500,"GoalBlock{x=75,y=9,z=36}",20,10,MovementPillar,278,114,114,,
8073,0,Husk,T3/94,MOVING,69.512,6.876,36.500,"GoalBlock{x=75,y=9,z=36}",20,10,MovementPillar,278,114,114,,
8074,0,Husk,T3/94,MOVING,69.512,6.994,36.500,"GoalBlock{x=75,y=9,z=36}",20,11,MovementPillar,278,114,114,,
8075,0,Husk,T3/94,MOVING,69.512,7.111,36.500,"GoalBlock{x=75,y=9,z=36}",20,11,MovementPillar,278,114,114,,
8076,0,Husk,T3/94,MOVING,69.512,7.229,36.500,"GoalBlock{x=75,y=9,z=36}",20,11,MovementPillar,278,114,114,,
8077,0,Husk,T3/94,MOVING,69.512,7.346,36.500,"GoalBlock{x=75,y=9,z=36}",20,11,MovementPillar,278,114,114,,
8078,0,Husk,T3/94,MOVING,69.512,7.464,36.500,"GoalBlock{x=75,y=9,z=36}",20,11,MovementPillar,278,114,114,,
8079,0,Husk,T3/94,MOVING,69.512,7.582,36.500,"GoalBlock{x=75,y=9,z=36}",20,11,MovementPillar,278,114,114,,
8080,0,Husk,T3/94,MOVING,69.512,7.699,36.500,"GoalBlock{x=75,y=9,z=36}",20,11,MovementPillar,278,114,114,,
8081,0,Husk,T3/94,MOVING,69.512,7.817,36.500,"GoalBlock{x=75,y=9,z=36}",20,11,MovementPillar,278,114,114,,
8082,0,Husk,T3/94,MOVING,69.512,7.934,36.500,"GoalBlock{x=75,y=9,z=36}",20,11,MovementPillar,278,114,114,,
8083,0,Husk,T3/94,MOVING,69.512,8.052,36.500,"GoalBlock{x=75,y=9,z=36}",20,12,MovementPillar,278,114,114,,
8084,0,Husk,T3/94,MOVING,69.512,8.170,36.500,"GoalBlock{x=75,y=9,z=36}",20,12,MovementPillar,278,114,114,,
8085,0,Husk,T3/94,MOVING,69.512,8.287,36.500,"GoalBlock{x=75,y=9,z=36}",20,12,MovementPillar,278,114,114,,
8086,0,Husk,T3/94,MOVING,69.512,8.405,36.500,"GoalBlock{x=75,y=9,z=36}",20,12,MovementPillar,278,114,114,,
8087,0,Husk,T3/94,MOVING,69.512,8.522,36.500,"GoalBlock{x=75,y=9,z=36}",20,12,MovementPillar,278,114,114,,
8088,0,Husk,T3/94,MOVING,69.512,8.640,36.500,"GoalBlock{x=75,y=9,z=36}",20,12,MovementPillar,278,114,114,,
8089,0,Husk,T3/94,MOVING,69.512,8.758,36.500,"GoalBlock{x=75,y=9,z=36}",20,12,MovementPillar,278,114,114,,
8090,0,Husk,T3/94,MOVING,69.512,8.875,36.500,"GoalBlock{x=75,y=9,z=36}",20,12,MovementPillar,278,114,114,,
8091,0,Husk,T3/94,MOVING,69.512,8.993,36.500,"GoalBlock{x=75,y=9,z=36}",20,13,MovementTraverse,278,114,114,,
8092,0,Husk,T3/94,MOVING,69.538,9.110,36.500,"GoalBlock{x=75,y=9,z=36}",20,13,MovementTraverse,278,114,114,,
8093,0,Husk,T3/94,MOVING,69.587,9.147,36.500,"GoalBlock{x=75,y=9,z=36}",20,13,MovementTraverse,278,114,114,,
8094,0,Husk,T3/94,MOVING,69.656,9.105,36.500,"GoalBlock{x=75,y=9,z=36}",20,13,MovementTraverse,278,114,114,,
8095,0,Husk,T3/94,MOVING,69.745,9.000,36.500,"GoalBlock{x=75,y=9,z=36}",20,13,MovementTraverse,278,114,114,,
8096,0,Husk,T3/94,MOVING,69.954,9.000,36.500,"GoalBlock{x=75,y=9,z=36}",20,13,MovementTraverse,278,114,114,,
8097,0,Husk,T3/94,MOVING,70.195,9.000,36.500,"GoalBlock{x=75,y=9,z=36}",20,13,MovementTraverse,278,114,114,,
8098,0,Husk,T3/94,MOVING,70.454,9.000,36.500,"GoalBlock{x=75,y=9,z=36}",20,14,MovementTraverse,278,114,114,,
8099,0,Husk,T3/94,MOVING,70.723,9.000,36.500,"GoalBlock{x=75,y=9,z=36}",20,14,MovementTraverse,278,114,114,,
8100,0,Husk,T3/94,MOVING,70.997,9.000,36.500,"GoalBlock{x=75,y=9,z=36}",20,14,MovementTraverse,278,114,114,,
8101,0,Husk,T3/94,MOVING,71.274,9.000,36.500,"GoalBlock{x=75,y=9,z=36}",20,14,MovementTraverse,278,114,114,,
8102,0,Husk,T3/94,MOVING,71.553,9.000,36.500,"GoalBlock{x=75,y=9,z=36}",20,15,MovementTraverse,278,114,114,,
8103,0,Husk,T3/94,MOVING,71.832,9.000,36.500,"GoalBlock{x=75,y=9,z=36}",20,15,MovementTraverse,278,114,114,,
8104,0,Husk,T3/94,MOVING,72.112,9.000,36.500,"GoalBlock{x=75,y=9,z=36}",20,15,MovementTraverse,278,114,114,,
8105,0,Husk,T3/94,MOVING,72.393,9.000,36.500,"GoalBlock{x=75,y=9,z=36}",20,16,MovementTraverse,278,114,114,,
8106,0,Husk,T3/94,MOVING,72.673,9.000,36.500,"GoalBlock{x=75,y=9,z=36}",20,16,MovementTraverse,278,114,114,,
8107,0,Husk,T3/94,MOVING,72.954,9.000,36.500,"GoalBlock{x=75,y=9,z=36}",20,16,MovementTraverse,278,114,114,,
8108,0,Husk,T3/94,MOVING,73.234,9.000,36.500,"GoalBlock{x=75,y=9,z=36}",20,16,MovementTraverse,278,114,114,,
8109,0,Husk,T3/94,MOVING,73.515,9.000,36.500,"GoalBlock{x=75,y=9,z=36}",20,17,MovementTraverse,278,114,114,,
8110,0,Husk,T3/94,MOVING,73.795,9.000,36.500,"GoalBlock{x=75,y=9,z=36}",20,17,MovementTraverse,278,114,114,,
8111,0,Husk,T3/94,MOVING,74.076,9.000,36.500,"GoalBlock{x=75,y=9,z=36}",20,17,MovementTraverse,278,114,114,,
8112,0,Husk,T3/94,MOVING,74.357,9.000,36.500,"GoalBlock{x=75,y=9,z=36}",20,18,MovementTraverse,278,114,114,,
8113,0,Husk,T3/94,MOVING,74.637,9.000,36.500,"GoalBlock{x=75,y=9,z=36}",20,18,MovementTraverse,278,114,114,,
8114,0,Husk,T3/94,MOVING,74.918,9.000,36.500,"GoalBlock{x=75,y=9,z=36}",20,18,MovementTraverse,278,114,114,,
8115,0,Husk,T3/94,MOVING,75.199,9.000,36.500,"GoalBlock{x=75,y=9,z=36}",20,18,MovementTraverse,278,114,114,,
8116,0,Husk,T3/94,ARRIVED,75.352,9.000,36.500,,-1,-1,,278,114,114,,CANCELED
8117,0,Husk,T3/95,ARRIVED,60.500,9.000,48.500,,-1,-1,,278,114,114,,CANCELED|CANCELED
8118,0,Husk,T3/95,ARRIVED,60.500,9.000,48.500,,-1,-1,,278,114,114,,
8119,0,Husk,T3/95,ARRIVED,60.500,9.000,48.500,,-1,-1,,278,114,114,,
8120,0,Husk,T3/95,ARRIVED,60.500,9.000,48.500,,-1,-1,,278,114,114,,
8121,0,Husk,T3/95,ARRIVED,60.500,9.000,48.500,,-1,-1,,278,114,114,,
8122,0,Husk,T3/95,ARRIVED,60.500,9.000,48.500,,-1,-1,,278,114,114,,
8123,0,Husk,T3/95,ARRIVED,60.500,9.000,48.500,,-1,-1,,278,114,114,,
8124,0,Husk,T3/95,ARRIVED,60.500,9.000,48.500,,-1,-1,,278,114,114,,
8125,0,Husk,T3/95,ARRIVED,60.500,9.000,48.500,,-1,-1,,278,114,114,,
8126,0,Husk,T3/95,ARRIVED,60.500,9.000,48.500,,-1,-1,,278,114,114,,
8127,0,Husk,T3/95,SEARCHING,60.500,9.000,48.500,"GoalBlock{x=80,y=4,z=48}",-1,-1,,278,115,115,,CALC_STARTED
8128,0,Husk,T3/95,MOVING,60.627,9.000,48.500,"GoalBlock{x=80,y=4,z=48}",26,0,MovementTraverse,237,115,115,,CALC_FINISHED_NOW_EXECUTING
8129,0,Husk,T3/95,MOVING,60.824,9.000,48.500,"GoalBlock{x=80,y=4,z=48}",26,0,MovementTraverse,237,115,115,,
8130,0,Husk,T3/95,MOVING,61.059,9.000,48.500,"GoalBlock{x=80,y=4,z=48}",26,0,MovementTraverse,237,115,115,,
8131,0,Husk,T3/95,MOVING,61.315,9.000,48.500,"GoalBlock{x=80,y=4,z=48}",26,1,MovementTraverse,237,115,115,,
8132,0,Husk,T3/95,MOVING,61.582,9.000,48.500,"GoalBlock{x=80,y=4,z=48}",26,1,MovementTraverse,237,115,115,,
8133,0,Husk,T3/95,MOVING,61.855,9.000,48.500,"GoalBlock{x=80,y=4,z=48}",26,1,MovementTraverse,237,115,115,,
8134,0,Husk,T3/95,MOVING,62.132,9.000,48.500,"GoalBlock{x=80,y=4,z=48}",26,1,MovementTraverse,237,115,115,,
8135,0,Husk,T3/95,MOVING,62.410,9.000,48.500,"GoalBlock{x=80,y=4,z=48}",26,2,MovementTraverse,237,115,115,,
8136,0,Husk,T3/95,MOVING,62.690,9.000,48.500,"GoalBlock{x=80,y=4,z=48}",26,2,MovementTraverse,237,115,115,,
8137,0,Husk,T3/95,MOVING,62.969,9.000,48.500,"GoalBlock{x=80,y=4,z=48}",26,2,MovementTraverse,237,115,115,,
8138,0,Husk,T3/95,MOVING,63.250,9.000,48.500,"GoalBlock{x=80,y=4,z=48}",26,2,MovementTraverse,237,115,115,,
8139,0,Husk,T3/95,MOVING,63.530,9.000,48.500,"GoalBlock{x=80,y=4,z=48}",26,3,MovementTraverse,237,115,115,,
8140,0,Husk,T3/95,MOVING,63.811,9.000,48.500,"GoalBlock{x=80,y=4,z=48}",26,3,MovementTraverse,237,115,115,,
8141,0,Husk,T3/95,MOVING,64.091,9.000,48.500,"GoalBlock{x=80,y=4,z=48}",26,3,MovementTraverse,237,115,115,,
8142,0,Husk,T3/95,MOVING,64.372,9.000,48.500,"GoalBlock{x=80,y=4,z=48}",26,4,MovementTraverse,237,115,115,,
8143,0,Husk,T3/95,MOVING,64.652,9.000,48.500,"GoalBlock{x=80,y=4,z=48}",26,4,MovementTraverse,237,115,115,,
8144,0,Husk,T3/95,MOVING,64.933,9.000,48.500,"GoalBlock{x=80,y=4,z=48}",26,4,MovementTraverse,237,115,115,,
8145,0,Husk,T3/95,MOVING,65.214,9.000,48.500,"GoalBlock{x=80,y=4,z=48}",26,4,MovementTraverse,237,115,115,,
8146,0,Husk,T3/95,MOVING,65.494,9.000,48.500,"GoalBlock{x=80,y=4,z=48}",26,5,MovementTraverse,237,115,115,,
8147,0,Husk,T3/95,MOVING,65.775,9.000,48.500,"GoalBlock{x=80,y=4,z=48}",26,5,MovementTraverse,237,115,115,,
8148,0,Husk,T3/95,MOVING,66.055,9.000,48.500,"GoalBlock{x=80,y=4,z=48}",26,5,MovementTraverse,237,115,115,,
8149,0,Husk,T3/95,MOVING,66.336,9.000,48.500,"GoalBlock{x=80,y=4,z=48}",26,6,MovementTraverse,237,115,115,,
8150,0,Husk,T3/95,MOVING,66.617,9.000,48.500,"GoalBlock{x=80,y=4,z=48}",26,6,MovementTraverse,237,115,115,,
8151,0,Husk,T3/95,MOVING,66.897,9.000,48.500,"GoalBlock{x=80,y=4,z=48}",26,6,MovementTraverse,237,115,115,,
8152,0,Husk,T3/95,MOVING,67.178,9.000,48.500,"GoalBlock{x=80,y=4,z=48}",26,6,MovementTraverse,237,115,115,,
8153,0,Husk,T3/95,MOVING,67.459,9.000,48.500,"GoalBlock{x=80,y=4,z=48}",26,7,MovementTraverse,237,115,115,,
8154,0,Husk,T3/95,MOVING,67.739,9.000,48.500,"GoalBlock{x=80,y=4,z=48}",26,7,MovementTraverse,237,115,115,,
8155,0,Husk,T3/95,MOVING,68.020,9.000,48.500,"GoalBlock{x=80,y=4,z=48}",26,7,MovementTraverse,237,115,115,,
8156,0,Husk,T3/95,MOVING,68.300,9.000,48.500,"GoalBlock{x=80,y=4,z=48}",26,8,MovementTraverse,237,115,115,,
8157,0,Husk,T3/95,MOVING,68.581,9.000,48.500,"GoalBlock{x=80,y=4,z=48}",26,8,MovementTraverse,237,115,115,,
8158,0,Husk,T3/95,MOVING,68.862,9.000,48.500,"GoalBlock{x=80,y=4,z=48}",26,8,MovementTraverse,237,115,115,,
8159,0,Husk,T3/95,MOVING,69.142,9.000,48.500,"GoalBlock{x=80,y=4,z=48}",26,8,MovementTraverse,237,115,115,,
8160,0,Husk,T3/95,MOVING,69.393,9.000,48.500,"GoalBlock{x=80,y=4,z=48}",26,9,MovementDownward,237,115,115,,
8161,0,Husk,T3/95,MOVING,69.531,9.000,48.500,"GoalBlock{x=80,y=4,z=48}",26,9,MovementDownward,237,115,115,,
8162,0,Husk,T3/95,MOVING,69.606,8.922,48.500,"GoalBlock{x=80,y=4,z=48}",26,9,MovementDownward,237,115,115,,
8163,0,Husk,T3/95,MOVING,69.646,8.772,48.500,"GoalBlock{x=80,y=4,z=48}",26,9,MovementDownward,237,115,115,,
8164,0,Husk,T3/95,MOVING,69.684,8.622,48.500,"GoalBlock{x=80,y=4,z=48}",26,10,MovementDownward,237,115,115,,
8165,0,Husk,T3/95,MOVING,69.717,8.472,48.500,"GoalBlock{x=80,y=4,z=48}",26,10,MovementDownward,237,115,115,,
8166,0,Husk,T3/95,MOVING,69.765,8.322,48.490,"GoalBlock{x=80,y=4,z=48}",26,10,MovementDownward,237,115,115,,
8167,0,Husk,T3/95,MOVING,69.819,8.172,48.464,"GoalBlock{x=80,y=4,z=48}",26,10,MovementDownward,237,115,115,,
8168,0,Husk,T3/95,MOVING,69.867,8.022,48.421,"GoalBlock{x=80,y=4,z=48}",26,10,MovementDownward,237,115,115,,
8169,0,Husk,T3/95,MOVING,69.901,7.872,48.365,"GoalBlock{x=80,y=4,z=48}",26,10,MovementDownward,237,115,115,,
8170,0,Husk,T3/95,MOVING,69.916,7.722,48.304,"GoalBlock{x=80,y=4,z=48}",26,11,MovementDownward,237,115,115,,
8171,0,Husk,T3/95,MOVING,69.909,7.572,48.248,"GoalBlock{x=80,y=4,z=48}",26,11,MovementDownward,237,115,115,,
8172,0,Husk,T3/95,MOVING,69.886,7.422,48.208,"GoalBlock{x=80,y=4,z=48}",26,11,MovementDownward,237,115,115,,
8173,0,Husk,T3/95,MOVING,69.849,7.272,48.182,"GoalBlock{x=80,y=4,z=48}",26,11,MovementDownward,237,115,115,,
8174,0,Husk,T3/95,MOVING,69.802,7.122,48.173,"GoalBlock{x=80,y=4,z=48}",26,11,MovementDownward,237,115,115,,
8175,0,Husk,T3/95,MOVING,69.745,6.972,48.178,"GoalBlock{x=80,y=4,z=48}",26,11,MovementDownward,237,115,115,,
8176,0,Husk,T3/95,MOVING,69.681,6.822,48.199,"GoalBlock{x=80,y=4,z=48}",26,11,MovementDownward,237,115,115,,
8177,0,Husk,T3/95,MOVING,69.614,6.672,48.234,"GoalBlock{x=80,y=4,z=48}",26,12,MovementDownward,237,115,115,,
8178,0,Husk,T3/95,MOVING,69.544,6.522,48.285,"GoalBlock{x=80,y=4,z=48}",26,12,MovementDownward,237,115,115,,
8179,0,Husk,T3/95,MOVING,69.488,6.372,48.350,"GoalBlock{x=80,y=4,z=48}",26,12,MovementDownward,237,115,115,,
8180,0,Husk,T3/95,MOVING,69.488,6.489,48.409,"GoalBlock{x=80,y=4,z=48}",26,12,MovementDownward,237,115,115,,
8181,0,Husk,T3/95,MOVING,69.488,6.526,48.463,"GoalBlock{x=80,y=4,z=48}",26,12,MovementDownward,237,115,115,,
8182,0,Husk,T3/95,MOVING,69.488,6.484,48.512,"GoalBlock{x=80,y=4,z=48}",26,12,MovementDownward,237,115,115,,
8183,0,Husk,T3/95,MOVING,69.488,6.364,48.557,"GoalBlock{x=80,y=4,z=48}",26,12,MovementDownward,237,115,115,,
8184,0,Husk,T3/95,MOVING,69.488,6.214,48.597,"GoalBlock{x=80,y=4,z=48}",26,12,MovementDownward,237,115,115,,
8185,0,Husk,T3/95,MOVING,69.488,6.064,48.634,"GoalBlock{x=80,y=4,z=48}",26,12,MovementDownward,237,115,115,,
8186,0,Husk,T3/95,MOVING,69.488,5.914,48.668,"GoalBlock{x=80,y=4,z=48}",26,12,MovementDownward,237,115,115,,
8187,0,Husk,T3/95,MOVING,69.488,5.764,48.713,"GoalBlock{x=80,y=4,z=48}",26,12,MovementDownward,237,115,115,,
8188,0,Husk,T3/95,MOVING,69.488,5.882,48.760,"GoalBlock{x=80,y=4,z=48}",26,13,MovementDownward,237,115,115,,
8189,0,Husk,T3/95,MOVING,69.488,5.999,48.799,"GoalBlock{x=80,y=4,z=48}",26,12,MovementDownward,237,115,115,,
8190,0,Husk,T3/95,MOVING,69.488,6.117,48.822,"GoalBlock{x=80,y=4,z=48}",26,12,MovementDownward,237,115,115,,
8191,0,Husk,T3/95,MOVING,69.488,6.234,48.824,"GoalBlock{x=80,y=4,z=48}",26,12,MovementDownward,237,115,115,,
8192,0,Husk,T3/95,MOVING,69.488,6.352,48.805,"GoalBlock{x=80,y=4,z=48}",26,12,MovementDownward,237,115,115,,
8193,0,Husk,T3/95,MOVING,69.489,6.389,48.767,"GoalBlock{x=80,y=4,z=48}",26,12,MovementDownward,237,115,115,,
8194,0,Husk,T3/95,MOVING,69.490,6.346,48.714,"GoalBlock{x=80,y=4,z=48}",26,12,MovementDownward,237,115,115,,
8195,0,Husk,T3/95,MOVING,69.491,6.227,48.645,"GoalBlock{x=80,y=4,z=48}",26,12,MovementDownward,237,115,115,,
8196,0,Husk,T3/95,MOVING,69.491,6.077,48.583,"GoalBlock{x=80,y=4,z=48}",26,12,MovementDownward,237,115,115,,
8197,0,Husk,T3/95,MOVING,69.491,5.927,48.526,"GoalBlock{x=80,y=4,z=48}",26,12,MovementDownward,237,115,115,,
8198,0,Husk,T3/95,MOVING,69.491,5.777,48.475,"GoalBlock{x=80,y=4,z=48}",26,12,MovementDownward,237,115,115,,
8199,0,Husk,T3/95,MOVING,69.491,5.627,48.428,"GoalBlock{x=80,y=4,z=48}",26,13,MovementDownward,237,115,115,,
8200,0,Husk,T3/95,MOVING,69.491,5.477,48.385,"GoalBlock{x=80,y=4,z=48}",26,13,MovementDownward,237,115,115,,
8201,0,Husk,T3/95,MOVING,69.491,5.327,48.346,"GoalBlock{x=80,y=4,z=48}",26,13,MovementDownward,237,115,115,,
8202,0,Husk,T3/95,MOVING,69.491,5.177,48.311,"GoalBlock{x=80,y=4,z=48}",26,13,MovementDownward,237,115,115,,
8203,0,Husk,T3/95,MOVING,69.491,5.027,48.279,"GoalBlock{x=80,y=4,z=48}",26,13,MovementDownward,237,115,115,,
8204,0,Husk,T3/95,MOVING,69.501,4.877,48.233,"GoalBlock{x=80,y=4,z=48}",26,13,MovementDownward,237,115,115,,
8205,0,Husk,T3/95,MOVING,69.528,4.727,48.183,"GoalBlock{x=80,y=4,z=48}",26,13,MovementDownward,237,115,115,,
8206,0,Husk,T3/95,MOVING,69.553,4.577,48.137,"GoalBlock{x=80,y=4,z=48}",26,14,MovementTraverse,237,115,115,,
8207,0,Husk,T3/95,MOVING,69.575,4.427,48.095,"GoalBlock{x=80,y=4,z=48}",26,14,MovementTraverse,237,115,115,,
8208,0,Husk,T3/95,MOVING,69.596,4.277,48.056,"GoalBlock{x=80,y=4,z=48}",26,14,MovementTraverse,237,115,115,,
8209,0,Husk,T3/95,MOVING,69.614,4.127,48.022,"GoalBlock{x=80,y=4,z=48}",26,14,MovementTraverse,237,115,115,,
8210,0,Husk,T3/95,MOVING,69.631,4.000,47.990,"GoalBlock{x=80,y=4,z=48}",26,14,MovementTraverse,237,115,115,,
8211,0,Husk,T3/95,MOVING,69.757,4.000,48.026,"GoalBlock{x=80,y=4,z=48}",26,14,MovementTraverse,237,115,115,,
8212,0,Husk,T3/95,MOVING,69.907,4.000,48.114,"GoalBlock{x=80,y=4,z=48}",26,14,MovementTraverse,237,115,115,,
8213,0,Husk,T3/95,MOVING,70.057,4.000,48.231,"GoalBlock{x=80,y=4,z=48}",26,14,MovementTraverse,237,115,115,,
8214,0,Husk,T3/95,MOVING,70.264,4.000,48.319,"GoalBlock{x=80,y=4,z=48}",26,15,MovementTraverse,237,115,115,,
8215,0,Husk,T3/95,MOVING,70.503,4.000,48.385,"GoalBlock{x=80,y=4,z=48}",26,15,MovementTraverse,237,115,115,,
8216,0,Husk,T3/95,MOVING,70.760,4.000,48.436,"GoalBlock{x=80,y=4,z=48}",26,15,MovementTraverse,237,115,115,,
8217,0,Husk,T3/95,MOVING,71.027,4.000,48.475,"GoalBlock{x=80,y=4,z=48}",26,15,MovementTraverse,237,115,115,,
8218,0,Husk,T3/95,MOVING,71.301,4.000,48.498,"GoalBlock{x=80,y=4,z=48}",26,16,MovementTraverse,237,115,115,,
8219,0,Husk,T3/95,MOVING,71.577,4.000,48.511,"GoalBlock{x=80,y=4,z=48}",26,16,MovementTraverse,237,115,115,,
8220,0,Husk,T3/95,MOVING,71.856,4.000,48.516,"GoalBlock{x=80,y=4,z=48}",26,16,MovementTraverse,237,115,115,,
8221,0,Husk,T3/95,MOVING,72.135,4.000,48.516,"GoalBlock{x=80,y=4,z=48}",26,16,MovementTraverse,237,115,115,,
8222,0,Husk,T3/95,MOVING,72.415,4.000,48.515,"GoalBlock{x=80,y=4,z=48}",26,17,MovementTraverse,237,115,115,,
8223,0,Husk,T3/95,MOVING,72.695,4.000,48.513,"GoalBlock{x=80,y=4,z=48}",26,17,MovementTraverse,237,115,115,,
8224,0,Husk,T3/95,MOVING,72.976,4.000,48.511,"GoalBlock{x=80,y=4,z=48}",26,17,MovementTraverse,237,115,115,,
8225,0,Husk,T3/95,MOVING,73.256,4.000,48.508,"GoalBlock{x=80,y=4,z=48}",26,17,MovementTraverse,237,115,115,,
8226,0,Husk,T3/95,MOVING,73.537,4.000,48.507,"GoalBlock{x=80,y=4,z=48}",26,18,MovementTraverse,237,115,115,,
8227,0,Husk,T3/95,MOVING,73.817,4.000,48.506,"GoalBlock{x=80,y=4,z=48}",26,18,MovementTraverse,237,115,115,,
8228,0,Husk,T3/95,MOVING,74.098,4.000,48.505,"GoalBlock{x=80,y=4,z=48}",26,18,MovementTraverse,237,115,115,,
8229,0,Husk,T3/95,MOVING,74.378,4.000,48.505,"GoalBlock{x=80,y=4,z=48}",26,19,MovementTraverse,237,115,115,,
8230,0,Husk,T3/95,MOVING,74.659,4.000,48.504,"GoalBlock{x=80,y=4,z=48}",26,19,MovementTraverse,237,115,115,,
8231,0,Husk,T3/95,MOVING,74.940,4.000,48.504,"GoalBlock{x=80,y=4,z=48}",26,19,MovementTraverse,237,115,115,,
8232,0,Husk,T3/95,MOVING,75.220,4.000,48.503,"GoalBlock{x=80,y=4,z=48}",26,19,MovementTraverse,237,115,115,,
8233,0,Husk,T3/95,MOVING,75.501,4.000,48.503,"GoalBlock{x=80,y=4,z=48}",26,20,MovementTraverse,237,115,115,,
8234,0,Husk,T3/95,MOVING,75.781,4.000,48.502,"GoalBlock{x=80,y=4,z=48}",26,20,MovementTraverse,237,115,115,,
8235,0,Husk,T3/95,MOVING,76.062,4.000,48.502,"GoalBlock{x=80,y=4,z=48}",26,20,MovementTraverse,237,115,115,,
8236,0,Husk,T3/95,MOVING,76.343,4.000,48.502,"GoalBlock{x=80,y=4,z=48}",26,21,MovementTraverse,237,115,115,,
8237,0,Husk,T3/95,MOVING,76.623,4.000,48.502,"GoalBlock{x=80,y=4,z=48}",26,21,MovementTraverse,237,115,115,,
8238,0,Husk,T3/95,MOVING,76.904,4.000,48.501,"GoalBlock{x=80,y=4,z=48}",26,21,MovementTraverse,237,115,115,,
8239,0,Husk,T3/95,MOVING,77.185,4.000,48.501,"GoalBlock{x=80,y=4,z=48}",26,21,MovementTraverse,237,115,115,,
8240,0,Husk,T3/95,MOVING,77.465,4.000,48.501,"GoalBlock{x=80,y=4,z=48}",26,22,MovementTraverse,237,115,115,,
8241,0,Husk,T3/95,MOVING,77.746,4.000,48.501,"GoalBlock{x=80,y=4,z=48}",26,22,MovementTraverse,237,115,115,,
8242,0,Husk,T3/95,MOVING,78.026,4.000,48.501,"GoalBlock{x=80,y=4,z=48}",26,22,MovementTraverse,237,115,115,,
8243,0,Husk,T3/95,MOVING,78.307,4.000,48.501,"GoalBlock{x=80,y=4,z=48}",26,23,MovementTraverse,237,115,115,,
8244,0,Husk,T3/95,MOVING,78.588,4.000,48.501,"GoalBlock{x=80,y=4,z=48}",26,23,MovementTraverse,237,115,115,,
8245,0,Husk,T3/95,MOVING,78.868,4.000,48.501,"GoalBlock{x=80,y=4,z=48}",26,23,MovementTraverse,237,115,115,,
8246,0,Husk,T3/95,MOVING,79.149,4.000,48.500,"GoalBlock{x=80,y=4,z=48}",26,23,MovementTraverse,237,115,115,,
8247,0,Husk,T3/95,MOVING,79.429,4.000,48.500,"GoalBlock{x=80,y=4,z=48}",26,24,MovementTraverse,237,115,115,,
8248,0,Husk,T3/95,MOVING,79.710,4.000,48.500,"GoalBlock{x=80,y=4,z=48}",26,24,MovementTraverse,237,115,115,,
8249,0,Husk,T3/95,MOVING,79.991,4.000,48.500,"GoalBlock{x=80,y=4,z=48}",26,24,MovementTraverse,237,115,115,,
8250,0,Husk,T3/95,MOVING,80.271,4.000,48.500,"GoalBlock{x=80,y=4,z=48}",26,24,MovementTraverse,237,115,115,,
8251,0,Husk,T3/95,ARRIVED,80.425,4.000,48.500,,-1,-1,,237,115,115,,CANCELED
8252,0,Husk,T3/96,ARRIVED,60.500,4.000,60.500,,-1,-1,,237,115,115,,CANCELED|CANCELED
8253,0,Husk,T3/96,ARRIVED,60.500,4.000,60.500,,-1,-1,,237,115,115,,
8254,0,Husk,T3/96,ARRIVED,60.500,4.000,60.500,,-1,-1,,237,115,115,,
8255,0,Husk,T3/96,ARRIVED,60.500,4.000,60.500,,-1,-1,,237,115,115,,
8256,0,Husk,T3/96,ARRIVED,60.500,4.000,60.500,,-1,-1,,237,115,115,,
8257,0,Husk,T3/96,ARRIVED,60.500,4.000,60.500,,-1,-1,,237,115,115,,
8258,0,Husk,T3/96,ARRIVED,60.500,4.000,60.500,,-1,-1,,237,115,115,,
8259,0,Husk,T3/96,ARRIVED,60.500,4.000,60.500,,-1,-1,,237,115,115,,
8260,0,Husk,T3/96,ARRIVED,60.500,4.000,60.500,,-1,-1,,237,115,115,,
8261,0,Husk,T3/96,ARRIVED,60.500,4.000,60.500,,-1,-1,,237,115,115,,
8262,0,Husk,T3/96,SEARCHING,60.500,4.000,60.500,"GoalBlock{x=80,y=4,z=60}",-1,-1,,237,116,116,,CALC_STARTED
8263,0,Husk,T3/96,MOVING,60.627,4.000,60.500,"GoalBlock{x=80,y=4,z=60}",21,0,MovementTraverse,395,116,116,,CALC_FINISHED_NOW_EXECUTING
8264,0,Husk,T3/96,MOVING,60.824,4.000,60.500,"GoalBlock{x=80,y=4,z=60}",21,0,MovementTraverse,395,116,116,,
8265,0,Husk,T3/96,MOVING,61.059,4.000,60.500,"GoalBlock{x=80,y=4,z=60}",21,0,MovementTraverse,395,116,116,,
8266,0,Husk,T3/96,MOVING,61.315,4.000,60.500,"GoalBlock{x=80,y=4,z=60}",21,1,MovementTraverse,395,116,116,,
8267,0,Husk,T3/96,MOVING,61.582,4.000,60.500,"GoalBlock{x=80,y=4,z=60}",21,1,MovementTraverse,395,116,116,,
8268,0,Husk,T3/96,MOVING,61.855,4.000,60.500,"GoalBlock{x=80,y=4,z=60}",21,1,MovementTraverse,395,116,116,,
8269,0,Husk,T3/96,MOVING,62.132,4.000,60.500,"GoalBlock{x=80,y=4,z=60}",21,1,MovementTraverse,395,116,116,,
8270,0,Husk,T3/96,MOVING,62.410,4.000,60.500,"GoalBlock{x=80,y=4,z=60}",21,2,MovementTraverse,395,116,116,,
8271,0,Husk,T3/96,MOVING,62.690,4.000,60.500,"GoalBlock{x=80,y=4,z=60}",21,2,MovementTraverse,395,116,116,,
8272,0,Husk,T3/96,MOVING,62.969,4.000,60.500,"GoalBlock{x=80,y=4,z=60}",21,2,MovementTraverse,395,116,116,,
8273,0,Husk,T3/96,MOVING,63.250,4.000,60.500,"GoalBlock{x=80,y=4,z=60}",21,2,MovementTraverse,395,116,116,,
8274,0,Husk,T3/96,MOVING,63.530,4.000,60.500,"GoalBlock{x=80,y=4,z=60}",21,3,MovementTraverse,395,116,116,,
8275,0,Husk,T3/96,MOVING,63.811,4.000,60.500,"GoalBlock{x=80,y=4,z=60}",21,3,MovementTraverse,395,116,116,,
8276,0,Husk,T3/96,MOVING,64.091,4.000,60.500,"GoalBlock{x=80,y=4,z=60}",21,3,MovementTraverse,395,116,116,,
8277,0,Husk,T3/96,MOVING,64.372,4.000,60.500,"GoalBlock{x=80,y=4,z=60}",21,4,MovementTraverse,395,116,116,,
8278,0,Husk,T3/96,MOVING,64.652,4.000,60.500,"GoalBlock{x=80,y=4,z=60}",21,4,MovementTraverse,395,116,116,,
8279,0,Husk,T3/96,MOVING,64.933,4.000,60.500,"GoalBlock{x=80,y=4,z=60}",21,4,MovementTraverse,395,116,116,,
8280,0,Husk,T3/96,MOVING,65.214,4.000,60.500,"GoalBlock{x=80,y=4,z=60}",21,4,MovementTraverse,395,116,116,,
8281,0,Husk,T3/96,MOVING,65.494,4.000,60.500,"GoalBlock{x=80,y=4,z=60}",21,5,MovementTraverse,395,116,116,,
8282,0,Husk,T3/96,MOVING,65.775,4.000,60.500,"GoalBlock{x=80,y=4,z=60}",21,5,MovementTraverse,395,116,116,,
8283,0,Husk,T3/96,MOVING,66.055,4.000,60.500,"GoalBlock{x=80,y=4,z=60}",21,5,MovementTraverse,395,116,116,,
8284,0,Husk,T3/96,MOVING,66.336,4.000,60.500,"GoalBlock{x=80,y=4,z=60}",21,6,MovementTraverse,395,116,116,,
8285,0,Husk,T3/96,MOVING,66.617,4.000,60.500,"GoalBlock{x=80,y=4,z=60}",21,6,MovementTraverse,395,116,116,,
8286,0,Husk,T3/96,MOVING,66.897,4.000,60.500,"GoalBlock{x=80,y=4,z=60}",21,6,MovementTraverse,395,116,116,,
8287,0,Husk,T3/96,MOVING,67.178,4.000,60.500,"GoalBlock{x=80,y=4,z=60}",21,6,MovementTraverse,395,116,116,,
8288,0,Husk,T3/96,MOVING,67.429,4.000,60.500,"GoalBlock{x=80,y=4,z=60}",21,7,MovementDescend,395,116,116,,
8289,0,Husk,T3/96,MOVING,67.664,4.000,60.500,"GoalBlock{x=80,y=4,z=60}",21,7,MovementDescend,395,116,116,,
8290,0,Husk,T3/96,MOVING,67.891,4.000,60.500,"GoalBlock{x=80,y=4,z=60}",21,7,MovementDescend,395,116,116,,
8291,0,Husk,T3/96,MOVING,68.112,4.000,60.500,"GoalBlock{x=80,y=4,z=60}",21,7,MovementDescend,395,116,116,,
8292,0,Husk,T3/96,MOVING,68.331,4.000,60.500,"GoalBlock{x=80,y=4,z=60}",21,7,MovementDescend,395,116,116,,
8293,0,Husk,T3/96,MOVING,68.536,3.922,60.451,"GoalBlock{x=80,y=4,z=60}",21,7,MovementDescend,395,116,116,,
8294,0,Husk,T3/96,MOVING,68.657,3.766,60.407,"GoalBlock{x=80,y=4,z=60}",21,7,MovementDescend,395,116,116,,
8295,0,Husk,T3/96,MOVING,68.790,3.536,60.355,"GoalBlock{x=80,y=4,z=60}",21,8,MovementTraverse,395,116,116,,
8296,0,Husk,T3/96,MOVING,68.930,3.272,60.307,"GoalBlock{x=80,y=4,z=60}",21,8,MovementTraverse,395,116,116,,
8297,0,Husk,T3/96,MOVING,69.061,3.080,60.275,"GoalBlock{x=80,y=4,z=60}",21,8,MovementTraverse,395,116,116,,
8298,0,Husk,T3/96,MOVING,69.185,3.000,60.252,"GoalBlock{x=80,y=4,z=60}",21,9,MovementTraverse,395,116,116,,
8299,0,Husk,T3/96,MOVING,69.303,3.020,60.238,"GoalBlock{x=80,y=4,z=60}",21,9,MovementTraverse,395,116,116,,
8300,0,Husk,T3/96,MOVING,69.417,3.056,60.231,"GoalBlock{x=80,y=4,z=60}",21,9,MovementTraverse,395,116,116,,
8301,0,Husk,T3/96,MOVING,69.527,3.105,60.230,"GoalBlock{x=80,y=4,z=60}",21,9,MovementTraverse,395,116,116,,
8302,0,Husk,T3/96,MOVING,69.634,3.164,60.235,"GoalBlock{x=80,y=4,z=60}",21,9,MovementTraverse,395,116,116,,
8303,0,Husk,T3/96,MOVING,69.739,3.231,60.245,"GoalBlock{x=80,y=4,z=60}",21,9,MovementTraverse,395,116,116,,
8304,0,Husk,T3/96,MOVING,69.841,3.305,60.259,"GoalBlock{x=80,y=4,z=60}",21,9,MovementTraverse,395,116,116,,
8305,0,Husk,T3/96,MOVING,69.941,3.384,60.277,"GoalBlock{x=80,y=4,z=60}",21,9,MovementTraverse,395,116,116,,
8306,0,Husk,T3/96,MOVING,70.039,3.467,60.299,"GoalBlock{x=80,y=4,z=60}",21,9,MovementTraverse,395,116,116,,
8307,0,Husk,T3/96,MOVING,70.137,3.554,60.319,"GoalBlock{x=80,y=4,z=60}",21,10,MovementTraverse,395,116,116,,
8308,0,Husk,T3/96,MOVING,70.235,3.643,60.337,"GoalBlock{x=80,y=4,z=60}",21,10,MovementTraverse,395,116,116,,
8309,0,Husk,T3/96,MOVING,70.338,3.694,60.356,"GoalBlock{x=80,y=4,z=60}",21,10,MovementTraverse,395,116,116,,
8310,0,Husk,T3/96,MOVING,70.458,3.666,60.375,"GoalBlock{x=80,y=4,z=60}",21,10,MovementTraverse,395,116,116,,
8311,0,Husk,T3/96,MOVING,70.592,3.560,60.396,"GoalBlock{x=80,y=4,z=60}",21,10,MovementTraverse,395,116,116,,
8312,0,Husk,T3/96,MOVING,70.733,3.418,60.417,"GoalBlock{x=80,y=4,z=60}",21,10,MovementTraverse,395,116,116,,
8313,0,Husk,T3/96,MOVING,70.866,3.325,60.436,"GoalBlock{x=80,y=4,z=60}",21,10,MovementTraverse,395,116,116,,
8314,0,Husk,T3/96,MOVING,70.992,3.270,60.454,"GoalBlock{x=80,y=4,z=60}",21,10,MovementTraverse,395,116,116,,
8315,0,Husk,T3/96,MOVING,71.112,3.246,60.469,"GoalBlock{x=80,y=4,z=60}",21,10,MovementTraverse,395,116,116,,
8316,0,Husk,T3/96,MOVING,71.227,3.247,60.482,"GoalBlock{x=80,y=4,z=60}",21,11,MovementTraverse,395,116,116,,
8317,0,Husk,T3/96,MOVING,71.339,3.267,60.493,"GoalBlock{x=80,y=4,z=60}",21,11,MovementTraverse,395,116,116,,
8318,0,Husk,T3/96,MOVING,71.449,3.304,60.501,"GoalBlock{x=80,y=4,z=60}",21,11,MovementTraverse,395,116,116,,
8319,0,Husk,T3/96,MOVING,71.556,3.353,60.508,"GoalBlock{x=80,y=4,z=60}",21,11,MovementTraverse,395,116,116,,
8320,0,Husk,T3/96,MOVING,71.661,3.412,60.513,"GoalBlock{x=80,y=4,z=60}",21,11,MovementTraverse,395,116,116,,
8321,0,Husk,T3/96,MOVING,71.765,3.480,60.517,"GoalBlock{x=80,y=4,z=60}",21,11,MovementTraverse,395,116,116,,
8322,0,Husk,T3/96,MOVING,71.867,3.554,60.520,"GoalBlock{x=80,y=4,z=60}",21,11,MovementTraverse,395,116,116,,
8323,0,Husk,T3/96,MOVING,71.969,3.633,60.519,"GoalBlock{x=80,y=4,z=60}",21,11,MovementTraverse,395,116,116,,
8324,0,Husk,T3/96,MOVING,72.076,3.676,60.519,"GoalBlock{x=80,y=4,z=60}",21,11,MovementTraverse,395,116,116,,
8325,0,Husk,T3/96,MOVING,72.192,3.640,60.518,"GoalBlock{x=80,y=4,z=60}",21,12,MovementAscend,395,116,116,,
8326,0,Husk,T3/96,MOVING,72.318,3.527,60.518,"GoalBlock{x=80,y=4,z=60}",21,12,MovementAscend,395,116,116,,
8327,0,Husk,T3/96,MOVING,72.452,3.377,60.518,"GoalBlock{x=80,y=4,z=60}",21,12,MovementAscend,395,116,116,,
8328,0,Husk,T3/96,MOVING,72.579,3.277,60.517,"GoalBlock{x=80,y=4,z=60}",21,12,MovementAscend,395,116,116,,
8329,0,Husk,T3/96,MOVING,72.700,3.218,60.517,"GoalBlock{x=80,y=4,z=60}",21,12,MovementAscend,395,116,116,,
8330,0,Husk,T3/96,MOVING,72.700,3.190,60.517,"GoalBlock{x=80,y=4,z=60}",21,12,MovementAscend,395,116,116,,
8331,0,Husk,T3/96,MOVING,72.700,3.187,60.516,"GoalBlock{x=80,y=4,z=60}",21,12,MovementAscend,395,116,116,,
8332,0,Husk,T3/96,MOVING,72.700,3.206,60.516,"GoalBlock{x=80,y=4,z=60}",21,12,MovementAscend,395,116,116,,
8333,0,Husk,T3/96,MOVING,72.700,3.240,60.515,"GoalBlock{x=80,y=4,z=60}",21,12,MovementAscend,395,116,116,,
8334,0,Husk,T3/96,MOVING,72.700,3.288,60.515,"GoalBlock{x=80,y=4,z=60}",21,12,MovementAscend,395,116,116,,
8335,0,Husk,T3/96,MOVING,72.700,3.346,60.515,"GoalBlock{x=80,y=4,z=60}",21,12,MovementAscend,395,116,116,,
8336,0,Husk,T3/96,MOVING,72.700,3.412,60.514,"GoalBlock{x=80,y=4,z=60}",21,12,MovementAscend,395,116,116,,
8337,0,Husk,T3/96,MOVING,72.700,3.486,60.514,"GoalBlock{x=80,y=4,z=60}",21,12,MovementAscend,395,116,116,,
8338,0,Husk,T3/96,MOVING,72.700,3.826,60.514,"GoalBlock{x=80,y=4,z=60}",21,12,MovementAscend,395,116,116,,
8339,0,Husk,T3/96,MOVING,72.720,4.126,60.513,"GoalBlock{x=80,y=4,z=60}",21,12,MovementAscend,395,116,116,,
8340,0,Husk,T3/96,MOVING,72.757,4.341,60.513,"GoalBlock{x=80,y=4,z=60}",21,12,MovementAscend,395,116,116,,
8341,0,Husk,T3/96,MOVING,72.811,4.474,60.513,"GoalBlock{x=80,y=4,z=60}",21,12,MovementAscend,395,116,116,,
8342,0,Husk,T3/96,MOVING,72.879,4.526,60.512,"GoalBlock{x=80,y=4,z=60}",21,12,MovementAscend,395,116,116,,
8343,0,Husk,T3/96,MOVING,72.961,4.498,60.512,"GoalBlock{x=80,y=4,z=60}",21,12,MovementAscend,395,116,116,,
8344,0,Husk,T3/96,MOVING,73.055,4.393,60.511,"GoalBlock{x=80,y=4,z=60}",21,12,MovementAscend,395,116,116,,
8345,0,Husk,T3/96,MOVING,73.166,4.211,60.511,"GoalBlock{x=80,y=4,z=60}",21,13,MovementTraverse,395,116,116,,
8346,0,Husk,T3/96,MOVING,73.293,4.000,60.511,"GoalBlock{x=80,y=4,z=60}",21,13,MovementTraverse,395,116,116,,
8347,0,Husk,T3/96,MOVING,73.535,4.000,60.510,"GoalBlock{x=80,y=4,z=60}",21,13,MovementTraverse,395,116,116,,
8348,0,Husk,T3/96,MOVING,73.795,4.000,60.509,"GoalBlock{x=80,y=4,z=60}",21,13,MovementTraverse,395,116,116,,
8349,0,Husk,T3/96,MOVING,74.064,4.000,60.507,"GoalBlock{x=80,y=4,z=60}",21,13,MovementTraverse,395,116,116,,
8350,0,Husk,T3/96,MOVING,74.339,4.000,60.506,"GoalBlock{x=80,y=4,z=60}",21,14,MovementTraverse,395,116,116,,
8351,0,Husk,T3/96,MOVING,74.616,4.000,60.506,"GoalBlock{x=80,y=4,z=60}",21,14,MovementTraverse,395,116,116,,
8352,0,Husk,T3/96,MOVING,74.895,4.000,60.505,"GoalBlock{x=80,y=4,z=60}",21,14,MovementTraverse,395,116,116,,
8353,0,Husk,T3/96,MOVING,75.174,4.000,60.504,"GoalBlock{x=80,y=4,z=60}",21,14,MovementTraverse,395,116,116,,
8354,0,Husk,T3/96,MOVING,75.455,4.000,60.504,"GoalBlock{x=80,y=4,z=60}",21,15,MovementTraverse,395,116,116,,
8355,0,Husk,T3/96,MOVING,75.735,4.000,60.503,"GoalBlock{x=80,y=4,z=60}",21,15,MovementTraverse,395,116,116,,
8356,0,Husk,T3/96,MOVING,76.015,4.000,60.503,"GoalBlock{x=80,y=4,z=60}",21,15,MovementTraverse,395,116,116,,
8357,0,Husk,T3/96,MOVING,76.296,4.000,60.502,"GoalBlock{x=80,y=4,z=60}",21,16,MovementTraverse,395,116,116,,
8358,0,Husk,T3/96,MOVING,76.576,4.000,60.502,"GoalBlock{x=80,y=4,z=60}",21,16,MovementTraverse,395,116,116,,
8359,0,Husk,T3/96,MOVING,76.857,4.000,60.502,"GoalBlock{x=80,y=4,z=60}",21,16,MovementTraverse,395,116,116,,
8360,0,Husk,T3/96,MOVING,77.138,4.000,60.501,"GoalBlock{x=80,y=4,z=60}",21,16,MovementTraverse,395,116,116,,
8361,0,Husk,T3/96,MOVING,77.418,4.000,60.501,"GoalBlock{x=80,y=4,z=60}",21,17,MovementTraverse,395,116,116,,
8362,0,Husk,T3/96,MOVING,77.699,4.000,60.501,"GoalBlock{x=80,y=4,z=60}",21,17,MovementTraverse,395,116,116,,
8363,0,Husk,T3/96,MOVING,77.979,4.000,60.501,"GoalBlock{x=80,y=4,z=60}",21,17,MovementTraverse,395,116,116,,
8364,0,Husk,T3/96,MOVING,78.260,4.000,60.501,"GoalBlock{x=80,y=4,z=60}",21,17,MovementTraverse,395,116,116,,
8365,0,Husk,T3/96,MOVING,78.541,4.000,60.501,"GoalBlock{x=80,y=4,z=60}",21,18,MovementTraverse,395,116,116,,
8366,0,Husk,T3/96,MOVING,78.821,4.000,60.501,"GoalBlock{x=80,y=4,z=60}",21,18,MovementTraverse,395,116,116,,
8367,0,Husk,T3/96,MOVING,79.102,4.000,60.501,"GoalBlock{x=80,y=4,z=60}",21,18,MovementTraverse,395,116,116,,
8368,0,Husk,T3/96,MOVING,79.382,4.000,60.500,"GoalBlock{x=80,y=4,z=60}",21,19,MovementTraverse,395,116,116,,
8369,0,Husk,T3/96,MOVING,79.663,4.000,60.500,"GoalBlock{x=80,y=4,z=60}",21,19,MovementTraverse,395,116,116,,
8370,0,Husk,T3/96,MOVING,79.944,4.000,60.500,"GoalBlock{x=80,y=4,z=60}",21,19,MovementTraverse,395,116,116,,
8371,0,Husk,T3/96,MOVING,80.224,4.000,60.500,"GoalBlock{x=80,y=4,z=60}",21,19,MovementTraverse,395,116,116,,
8372,0,Husk,T3/96,ARRIVED,80.378,4.000,60.500,,-1,-1,,395,116,116,,CANCELED
8373,0,Husk,T3/97,ARRIVED,60.500,4.000,72.500,,-1,-1,,395,116,116,,CANCELED|CANCELED
8374,0,Husk,T3/97,ARRIVED,60.500,4.000,72.500,,-1,-1,,395,116,116,,
8375,0,Husk,T3/97,ARRIVED,60.500,4.000,72.500,,-1,-1,,395,116,116,,
8376,0,Husk,T3/97,ARRIVED,60.500,4.000,72.500,,-1,-1,,395,116,116,,
8377,0,Husk,T3/97,ARRIVED,60.500,4.000,72.500,,-1,-1,,395,116,116,,
8378,0,Husk,T3/97,ARRIVED,60.500,4.000,72.500,,-1,-1,,395,116,116,,
8379,0,Husk,T3/97,ARRIVED,60.500,4.000,72.500,,-1,-1,,395,116,116,,
8380,0,Husk,T3/97,ARRIVED,60.500,4.000,72.500,,-1,-1,,395,116,116,,
8381,0,Husk,T3/97,ARRIVED,60.500,4.000,72.500,,-1,-1,,395,116,116,,
8382,0,Husk,T3/97,ARRIVED,60.500,4.000,72.500,,-1,-1,,395,116,116,,
8383,0,Husk,T3/97,SEARCHING,60.500,4.000,72.500,"GoalBlock{x=80,y=4,z=72}",-1,-1,,395,117,117,,CALC_STARTED
8384,0,Husk,T3/97,MOVING,60.627,4.000,72.500,"GoalBlock{x=80,y=4,z=72}",21,0,MovementTraverse,535,117,117,,CALC_FINISHED_NOW_EXECUTING
8385,0,Husk,T3/97,MOVING,60.824,4.000,72.500,"GoalBlock{x=80,y=4,z=72}",21,0,MovementTraverse,535,117,117,,
8386,0,Husk,T3/97,MOVING,61.059,4.000,72.500,"GoalBlock{x=80,y=4,z=72}",21,0,MovementTraverse,535,117,117,,
8387,0,Husk,T3/97,MOVING,61.315,4.000,72.500,"GoalBlock{x=80,y=4,z=72}",21,1,MovementTraverse,535,117,117,,
8388,0,Husk,T3/97,MOVING,61.582,4.000,72.500,"GoalBlock{x=80,y=4,z=72}",21,1,MovementTraverse,535,117,117,,
8389,0,Husk,T3/97,MOVING,61.855,4.000,72.500,"GoalBlock{x=80,y=4,z=72}",21,1,MovementTraverse,535,117,117,,
8390,0,Husk,T3/97,MOVING,62.132,4.000,72.500,"GoalBlock{x=80,y=4,z=72}",21,1,MovementTraverse,535,117,117,,
8391,0,Husk,T3/97,MOVING,62.410,4.000,72.500,"GoalBlock{x=80,y=4,z=72}",21,2,MovementTraverse,535,117,117,,
8392,0,Husk,T3/97,MOVING,62.690,4.000,72.500,"GoalBlock{x=80,y=4,z=72}",21,2,MovementTraverse,535,117,117,,
8393,0,Husk,T3/97,MOVING,62.969,4.000,72.500,"GoalBlock{x=80,y=4,z=72}",21,2,MovementTraverse,535,117,117,,
8394,0,Husk,T3/97,MOVING,63.250,4.000,72.500,"GoalBlock{x=80,y=4,z=72}",21,2,MovementTraverse,535,117,117,,
8395,0,Husk,T3/97,MOVING,63.530,4.000,72.500,"GoalBlock{x=80,y=4,z=72}",21,3,MovementTraverse,535,117,117,,
8396,0,Husk,T3/97,MOVING,63.811,4.000,72.500,"GoalBlock{x=80,y=4,z=72}",21,3,MovementTraverse,535,117,117,,
8397,0,Husk,T3/97,MOVING,64.091,4.000,72.500,"GoalBlock{x=80,y=4,z=72}",21,3,MovementTraverse,535,117,117,,
8398,0,Husk,T3/97,MOVING,64.372,4.000,72.500,"GoalBlock{x=80,y=4,z=72}",21,4,MovementTraverse,535,117,117,,
8399,0,Husk,T3/97,MOVING,64.652,4.000,72.500,"GoalBlock{x=80,y=4,z=72}",21,4,MovementTraverse,535,117,117,,
8400,0,Husk,T3/97,MOVING,64.933,4.000,72.500,"GoalBlock{x=80,y=4,z=72}",21,4,MovementTraverse,535,117,117,,
8401,0,Husk,T3/97,MOVING,65.214,4.000,72.500,"GoalBlock{x=80,y=4,z=72}",21,4,MovementTraverse,535,117,117,,
8402,0,Husk,T3/97,MOVING,65.494,4.000,72.500,"GoalBlock{x=80,y=4,z=72}",21,5,MovementTraverse,535,117,117,,
8403,0,Husk,T3/97,MOVING,65.775,4.000,72.500,"GoalBlock{x=80,y=4,z=72}",21,5,MovementTraverse,535,117,117,,
8404,0,Husk,T3/97,MOVING,66.055,4.000,72.500,"GoalBlock{x=80,y=4,z=72}",21,5,MovementTraverse,535,117,117,,
8405,0,Husk,T3/97,MOVING,66.336,4.000,72.500,"GoalBlock{x=80,y=4,z=72}",21,6,MovementTraverse,535,117,117,,
8406,0,Husk,T3/97,MOVING,66.617,4.000,72.500,"GoalBlock{x=80,y=4,z=72}",21,6,MovementTraverse,535,117,117,,
8407,0,Husk,T3/97,MOVING,66.897,4.000,72.500,"GoalBlock{x=80,y=4,z=72}",21,6,MovementTraverse,535,117,117,,
8408,0,Husk,T3/97,MOVING,67.178,4.000,72.500,"GoalBlock{x=80,y=4,z=72}",21,6,MovementTraverse,535,117,117,,
8409,0,Husk,T3/97,MOVING,67.429,4.000,72.500,"GoalBlock{x=80,y=4,z=72}",21,7,MovementDescend,535,117,117,,
8410,0,Husk,T3/97,MOVING,67.664,4.000,72.500,"GoalBlock{x=80,y=4,z=72}",21,7,MovementDescend,535,117,117,,
8411,0,Husk,T3/97,MOVING,67.891,4.000,72.500,"GoalBlock{x=80,y=4,z=72}",21,7,MovementDescend,535,117,117,,
8412,0,Husk,T3/97,MOVING,68.112,4.000,72.500,"GoalBlock{x=80,y=4,z=72}",21,7,MovementDescend,535,117,117,,
8413,0,Husk,T3/97,MOVING,68.331,4.000,72.500,"GoalBlock{x=80,y=4,z=72}",21,7,MovementDescend,535,117,117,,
8414,0,Husk,T3/97,MOVING,68.536,3.922,72.451,"GoalBlock{x=80,y=4,z=72}",21,7,MovementDescend,535,117,117,,
8415,0,Husk,T3/97,MOVING,68.657,3.766,72.407,"GoalBlock{x=80,y=4,z=72}",21,7,MovementDescend,535,117,117,,
8416,0,Husk,T3/97,MOVING,68.790,3.536,72.355,"GoalBlock{x=80,y=4,z=72}",21,8,MovementTraverse,535,117,117,,
8417,0,Husk,T3/97,MOVING,68.930,3.272,72.307,"GoalBlock{x=80,y=4,z=72}",21,8,MovementTraverse,535,117,117,,
8418,0,Husk,T3/97,MOVING,69.061,3.080,72.275,"GoalBlock{x=80,y=4,z=72}",21,8,MovementTraverse,535,117,117,,
8419,0,Husk,T3/97,MOVING,69.185,2.947,72.252,"GoalBlock{x=80,y=4,z=72}",21,9,MovementTraverse,535,117,117,,
8420,0,Husk,T3/97,MOVING,69.303,2.860,72.238,"GoalBlock{x=80,y=4,z=72}",21,9,MovementTraverse,535,117,117,,
8421,0,Husk,T3/97,MOVING,69.398,2.811,72.227,"GoalBlock{x=80,y=4,z=72}",21,9,MovementTraverse,535,117,117,,
8422,0,Husk,T3/97,MOVING,69.474,2.792,72.217,"GoalBlock{x=80,y=4,z=72}",21,9,MovementTraverse,535,117,117,,
8423,0,Husk,T3/97,MOVING,69.534,2.796,72.210,"GoalBlock{x=80,y=4,z=72}",21,9,MovementTraverse,535,117,117,,
8424,0,Husk,T3/97,MOVING,69.583,2.820,72.204,"GoalBlock{x=80,y=4,z=72}",21,9,MovementTraverse,535,117,117,,
8425,0,Husk,T3/97,MOVING,69.622,2.860,72.199,"GoalBlock{x=80,y=4,z=72}",21,9,MovementTraverse,535,117,117,,
8426,0,Husk,T3/97,MOVING,69.653,2.912,72.196,"GoalBlock{x=80,y=4,z=72}",21,9,MovementTraverse,535,117,117,,
8427,0,Husk,T3/97,MOVING,69.696,2.973,72.199,"GoalBlock{x=80,y=4,z=72}",21,9,MovementTraverse,535,117,117,,
8428,0,Husk,T3/97,MOVING,69.749,3.043,72.206,"GoalBlock{x=80,y=4,z=72}",21,9,MovementTraverse,535,117,117,,
8429,0,Husk,T3/97,MOVING,69.810,3.118,72.219,"GoalBlock{x=80,y=4,z=72}",21,9,MovementTraverse,535,117,117,,
8430,0,Husk,T3/97,MOVING,69.876,3.199,72.236,"GoalBlock{x=80,y=4,z=72}",21,9,MovementTraverse,535,117,117,,
8431,0,Husk,T3/97,MOVING,69.948,3.283,72.258,"GoalBlock{x=80,y=4,z=72}",21,9,MovementTraverse,535,117,117,,
8432,0,Husk,T3/97,MOVING,70.023,3.370,72.283,"GoalBlock{x=80,y=4,z=72}",21,9,MovementTraverse,535,117,117,,
8433,0,Husk,T3/97,MOVING,70.102,3.460,72.306,"GoalBlock{x=80,y=4,z=72}",21,10,MovementTraverse,535,117,117,,
8434,0,Husk,T3/97,MOVING,70.185,3.552,72.327,"GoalBlock{x=80,y=4,z=72}",21,10,MovementTraverse,535,117,117,,
8435,0,Husk,T3/97,MOVING,70.271,3.646,72.346,"GoalBlock{x=80,y=4,z=72}",21,10,MovementTraverse,535,117,117,,
8436,0,Husk,T3/97,MOVING,70.365,3.700,72.365,"GoalBlock{x=80,y=4,z=72}",21,10,MovementTraverse,535,117,117,,
8437,0,Husk,T3/97,MOVING,70.476,3.676,72.385,"GoalBlock{x=80,y=4,z=72}",21,10,MovementTraverse,535,117,117,,
8438,0,Husk,T3/97,MOVING,70.602,3.573,72.406,"GoalBlock{x=80,y=4,z=72}",21,10,MovementTraverse,535,117,117,,
8439,0,Husk,T3/97,MOVING,70.736,3.434,72.427,"GoalBlock{x=80,y=4,z=72}",21,10,MovementTraverse,535,117,117,,
8440,0,Husk,T3/97,MOVING,70.863,3.343,72.446,"GoalBlock{x=80,y=4,z=72}",21,10,MovementTraverse,535,117,117,,
8441,0,Husk,T3/97,MOVING,70.984,3.290,72.463,"GoalBlock{x=80,y=4,z=72}",21,10,MovementTraverse,535,117,117,,
8442,0,Husk,T3/97,MOVING,71.100,3.268,72.478,"GoalBlock{x=80,y=4,z=72}",21,10,MovementTraverse,535,117,117,,
8443,0,Husk,T3/97,MOVING,71.213,3.270,72.490,"GoalBlock{x=80,y=4,z=72}",21,11,MovementTraverse,535,117,117,,
8444,0,Husk,T3/97,MOVING,71.323,3.292,72.500,"GoalBlock{x=80,y=4,z=72}",21,11,MovementTraverse,535,117,117,,
8445,0,Husk,T3/97,MOVING,71.430,3.332,72.508,"GoalBlock{x=80,y=4,z=72}",21,11,MovementTraverse,535,117,117,,
8446,0,Husk,T3/97,MOVING,71.536,3.384,72.514,"GoalBlock{x=80,y=4,z=72}",21,11,MovementTraverse,535,117,117,,
8447,0,Husk,T3/97,MOVING,71.640,3.445,72.518,"GoalBlock{x=80,y=4,z=72}",21,11,MovementTraverse,535,117,117,,
8448,0,Husk,T3/97,MOVING,71.743,3.515,72.522,"GoalBlock{x=80,y=4,z=72}",21,11,MovementTraverse,535,117,117,,
8449,0,Husk,T3/97,MOVING,71.845,3.590,72.521,"GoalBlock{x=80,y=4,z=72}",21,11,MovementTraverse,535,117,117,,
8450,0,Husk,T3/97,MOVING,71.946,3.671,72.520,"GoalBlock{x=80,y=4,z=72}",21,11,MovementTraverse,535,117,117,,
8451,0,Husk,T3/97,MOVING,72.052,3.715,72.520,"GoalBlock{x=80,y=4,z=72}",21,11,MovementTraverse,535,117,117,,
8452,0,Husk,T3/97,MOVING,72.174,3.680,72.519,"GoalBlock{x=80,y=4,z=72}",21,12,MovementTraverse,535,117,117,,
8453,0,Husk,T3/97,MOVING,72.311,3.567,72.519,"GoalBlock{x=80,y=4,z=72}",21,12,MovementTraverse,535,117,117,,
8454,0,Husk,T3/97,MOVING,72.455,3.418,72.519,"GoalBlock{x=80,y=4,z=72}",21,12,MovementTraverse,535,117,117,,
8455,0,Husk,T3/97,MOVING,72.590,3.319,72.518,"GoalBlock{x=80,y=4,z=72}",21,12,MovementTraverse,535,117,117,,
8456,0,Husk,T3/97,MOVING,72.717,3.260,72.518,"GoalBlock{x=80,y=4,z=72}",21,12,MovementTraverse,535,117,117,,
8457,0,Husk,T3/97,MOVING,72.839,3.232,72.517,"GoalBlock{x=80,y=4,z=72}",21,12,MovementTraverse,535,117,117,,
8458,0,Husk,T3/97,MOVING,72.955,3.231,72.517,"GoalBlock{x=80,y=4,z=72}",21,12,MovementTraverse,535,117,117,,
8459,0,Husk,T3/97,MOVING,73.069,3.249,72.516,"GoalBlock{x=80,y=4,z=72}",21,12,MovementTraverse,535,117,117,,
8460,0,Husk,T3/97,MOVING,73.179,3.284,72.516,"GoalBlock{x=80,y=4,z=72}",21,13,MovementTraverse,535,117,117,,
8461,0,Husk,T3/97,MOVING,73.286,3.332,72.516,"GoalBlock{x=80,y=4,z=72}",21,13,MovementTraverse,535,117,117,,
8462,0,Husk,T3/97,MOVING,73.392,3.390,72.516,"GoalBlock{x=80,y=4,z=72}",21,13,MovementTraverse,535,117,117,,
8463,0,Husk,T3/97,MOVING,73.496,3.456,72.515,"GoalBlock{x=80,y=4,z=72}",21,13,MovementTraverse,535,117,117,,
8464,0,Husk,T3/97,MOVING,73.599,3.530,72.515,"GoalBlock{x=80,y=4,z=72}",21,13,MovementTraverse,535,117,117,,
8465,0,Husk,T3/97,MOVING,73.701,3.608,72.515,"GoalBlock{x=80,y=4,z=72}",21,13,MovementTraverse,535,117,117,,
8466,0,Husk,T3/97,MOVING,73.808,3.651,72.514,"GoalBlock{x=80,y=4,z=72}",21,13,MovementTraverse,535,117,117,,
8467,0,Husk,T3/97,MOVING,73.931,3.615,72.514,"GoalBlock{x=80,y=4,z=72}",21,13,MovementTraverse,535,117,117,,
8468,0,Husk,T3/97,MOVING,74.068,3.501,72.513,"GoalBlock{x=80,y=4,z=72}",21,13,MovementTraverse,535,117,117,,
8469,0,Husk,T3/97,MOVING,74.213,3.351,72.513,"GoalBlock{x=80,y=4,z=72}",21,14,MovementAscend,535,117,117,,
8470,0,Husk,T3/97,MOVING,74.348,3.251,72.513,"GoalBlock{x=80,y=4,z=72}",21,14,MovementAscend,535,117,117,,
8471,0,Husk,T3/97,MOVING,74.476,3.190,72.512,"GoalBlock{x=80,y=4,z=72}",21,14,MovementAscend,535,117,117,,
8472,0,Husk,T3/97,MOVING,74.597,3.162,72.512,"GoalBlock{x=80,y=4,z=72}",21,14,MovementAscend,535,117,117,,
8473,0,Husk,T3/97,MOVING,74.700,3.160,72.512,"GoalBlock{x=80,y=4,z=72}",21,14,MovementAscend,535,117,117,,
8474,0,Husk,T3/97,MOVING,74.700,3.178,72.512,"GoalBlock{x=80,y=4,z=72}",21,14,MovementAscend,535,117,117,,
8475,0,Husk,T3/97,MOVING,74.700,3.212,72.511,"GoalBlock{x=80,y=4,z=72}",21,14,MovementAscend,535,117,117,,
8476,0,Husk,T3/97,MOVING,74.700,3.260,72.511,"GoalBlock{x=80,y=4,z=72}",21,14,MovementAscend,535,117,117,,
8477,0,Husk,T3/97,MOVING,74.700,3.318,72.511,"GoalBlock{x=80,y=4,z=72}",21,14,MovementAscend,535,117,117,,
8478,0,Husk,T3/97,MOVING,74.700,3.384,72.511,"GoalBlock{x=80,y=4,z=72}",21,14,MovementAscend,535,117,117,,
8479,0,Husk,T3/97,MOVING,74.700,3.457,72.510,"GoalBlock{x=80,y=4,z=72}",21,14,MovementAscend,535,117,117,,
8480,0,Husk,T3/97,MOVING,74.700,3.797,72.510,"GoalBlock{x=80,y=4,z=72}",21,14,MovementAscend,535,117,117,,
8481,0,Husk,T3/97,MOVING,74.720,4.097,72.510,"GoalBlock{x=80,y=4,z=72}",21,14,MovementAscend,535,117,117,,
8482,0,Husk,T3/97,MOVING,74.757,4.313,72.510,"GoalBlock{x=80,y=4,z=72}",21,14,MovementAscend,535,117,117,,
8483,0,Husk,T3/97,MOVING,74.811,4.446,72.509,"GoalBlock{x=80,y=4,z=72}",21,14,MovementAscend,535,117,117,,
8484,0,Husk,T3/97,MOVING,74.879,4.498,72.509,"GoalBlock{x=80,y=4,z=72}",21,14,MovementAscend,535,117,117,,
8485,0,Husk,T3/97,MOVING,74.961,4.470,72.509,"GoalBlock{x=80,y=4,z=72}",21,14,MovementAscend,535,117,117,,
8486,0,Husk,T3/97,MOVING,75.055,4.365,72.508,"GoalBlock{x=80,y=4,z=72}",21,14,MovementAscend,535,117,117,,
8487,0,Husk,T3/97,MOVING,75.166,4.183,72.508,"GoalBlock{x=80,y=4,z=72}",21,15,MovementTraverse,535,117,117,,
8488,0,Husk,T3/97,MOVING,75.293,4.000,72.508,"GoalBlock{x=80,y=4,z=72}",21,15,MovementTraverse,535,117,117,,
8489,0,Husk,T3/97,MOVING,75.535,4.000,72.507,"GoalBlock{x=80,y=4,z=72}",21,15,MovementTraverse,535,117,117,,
8490,0,Husk,T3/97,MOVING,75.795,4.000,72.506,"GoalBlock{x=80,y=4,z=72}",21,15,MovementTraverse,535,117,117,,
8491,0,Husk,T3/97,MOVING,76.065,4.000,72.505,"GoalBlock{x=80,y=4,z=72}",21,15,MovementTraverse,535,117,117,,
8492,0,Husk,T3/97,MOVING,76.339,4.000,72.505,"GoalBlock{x=80,y=4,z=72}",21,16,MovementTraverse,535,117,117,,
8493,0,Husk,T3/97,MOVING,76.616,4.000,72.504,"GoalBlock{x=80,y=4,z=72}",21,16,MovementTraverse,535,117,117,,
8494,0,Husk,T3/97,MOVING,76.895,4.000,72.504,"GoalBlock{x=80,y=4,z=72}",21,16,MovementTraverse,535,117,117,,
8495,0,Husk,T3/97,MOVING,77.175,4.000,72.503,"GoalBlock{x=80,y=4,z=72}",21,16,MovementTraverse,535,117,117,,
8496,0,Husk,T3/97,MOVING,77.455,4.000,72.503,"GoalBlock{x=80,y=4,z=72}",21,17,MovementTraverse,535,117,117,,
8497,0,Husk,T3/97,MOVING,77.735,4.000,72.502,"GoalBlock{x=80,y=4,z=72}",21,17,MovementTraverse,535,117,117,,
8498,0,Husk,T3/97,MOVING,78.015,4.000,72.502,"GoalBlock{x=80,y=4,z=72}",21,17,MovementTraverse,535,117,117,,
8499,0,Husk,T3/97,MOVING,78.296,4.000,72.502,"GoalBlock{x=80,y=4,z=72}",21,18,MovementTraverse,535,117,117,,
8500,0,Husk,T3/97,MOVING,78.576,4.000,72.502,"GoalBlock{x=80,y=4,z=72}",21,18,MovementTraverse,535,117,117,,
8501,0,Husk,T3/97,MOVING,78.857,4.000,72.501,"GoalBlock{x=80,y=4,z=72}",21,18,MovementTraverse,535,117,117,,
8502,0,Husk,T3/97,MOVING,79.138,4.000,72.501,"GoalBlock{x=80,y=4,z=72}",21,18,MovementTraverse,535,117,117,,
8503,0,Husk,T3/97,MOVING,79.418,4.000,72.501,"GoalBlock{x=80,y=4,z=72}",21,19,MovementTraverse,535,117,117,,
8504,0,Husk,T3/97,MOVING,79.699,4.000,72.501,"GoalBlock{x=80,y=4,z=72}",21,19,MovementTraverse,535,117,117,,
8505,0,Husk,T3/97,MOVING,79.979,4.000,72.501,"GoalBlock{x=80,y=4,z=72}",21,19,MovementTraverse,535,117,117,,
8506,0,Husk,T3/97,MOVING,80.260,4.000,72.501,"GoalBlock{x=80,y=4,z=72}",21,19,MovementTraverse,535,117,117,,
8507,0,Husk,T3/97,ARRIVED,80.413,4.000,72.501,,-1,-1,,535,117,117,,CANCELED
8508,0,Husk,T3/98,ARRIVED,60.500,4.000,84.500,,-1,-1,,535,117,117,,CANCELED|CANCELED
8509,0,Husk,T3/98,ARRIVED,60.500,4.000,84.500,,-1,-1,,535,117,117,,
8510,0,Husk,T3/98,ARRIVED,60.500,4.000,84.500,,-1,-1,,535,117,117,,
8511,0,Husk,T3/98,ARRIVED,60.500,4.000,84.500,,-1,-1,,535,117,117,,
8512,0,Husk,T3/98,ARRIVED,60.500,4.000,84.500,,-1,-1,,535,117,117,,
8513,0,Husk,T3/98,ARRIVED,60.500,4.000,84.500,,-1,-1,,535,117,117,,
8514,0,Husk,T3/98,ARRIVED,60.500,4.000,84.500,,-1,-1,,535,117,117,,
8515,0,Husk,T3/98,ARRIVED,60.500,4.000,84.500,,-1,-1,,535,117,117,,
8516,0,Husk,T3/98,ARRIVED,60.500,4.000,84.500,,-1,-1,,535,117,117,,
8517,0,Husk,T3/98,ARRIVED,60.500,4.000,84.500,,-1,-1,,535,117,117,,
8518,0,Husk,T3/98,SEARCHING,60.500,4.000,84.500,"GoalBlock{x=80,y=4,z=84}",-1,-1,,535,118,118,,CALC_STARTED
8519,0,Husk,T3/98,MOVING,60.627,4.000,84.500,"GoalBlock{x=80,y=4,z=84}",21,0,MovementTraverse,293,118,118,,CALC_FINISHED_NOW_EXECUTING
8520,0,Husk,T3/98,MOVING,60.824,4.000,84.500,"GoalBlock{x=80,y=4,z=84}",21,0,MovementTraverse,293,118,118,,
8521,0,Husk,T3/98,MOVING,61.059,4.000,84.500,"GoalBlock{x=80,y=4,z=84}",21,0,MovementTraverse,293,118,118,,
8522,0,Husk,T3/98,MOVING,61.315,4.000,84.500,"GoalBlock{x=80,y=4,z=84}",21,1,MovementTraverse,293,118,118,,
8523,0,Husk,T3/98,MOVING,61.582,4.000,84.500,"GoalBlock{x=80,y=4,z=84}",21,1,MovementTraverse,293,118,118,,
8524,0,Husk,T3/98,MOVING,61.855,4.000,84.500,"GoalBlock{x=80,y=4,z=84}",21,1,MovementTraverse,293,118,118,,
8525,0,Husk,T3/98,MOVING,62.132,4.000,84.500,"GoalBlock{x=80,y=4,z=84}",21,1,MovementTraverse,293,118,118,,
8526,0,Husk,T3/98,MOVING,62.410,4.000,84.500,"GoalBlock{x=80,y=4,z=84}",21,2,MovementTraverse,293,118,118,,
8527,0,Husk,T3/98,MOVING,62.690,4.000,84.500,"GoalBlock{x=80,y=4,z=84}",21,2,MovementTraverse,293,118,118,,
8528,0,Husk,T3/98,MOVING,62.969,4.000,84.500,"GoalBlock{x=80,y=4,z=84}",21,2,MovementTraverse,293,118,118,,
8529,0,Husk,T3/98,MOVING,63.250,4.000,84.500,"GoalBlock{x=80,y=4,z=84}",21,2,MovementTraverse,293,118,118,,
8530,0,Husk,T3/98,MOVING,63.530,4.000,84.500,"GoalBlock{x=80,y=4,z=84}",21,3,MovementTraverse,293,118,118,,
8531,0,Husk,T3/98,MOVING,63.811,4.000,84.500,"GoalBlock{x=80,y=4,z=84}",21,3,MovementTraverse,293,118,118,,
8532,0,Husk,T3/98,MOVING,64.091,4.000,84.500,"GoalBlock{x=80,y=4,z=84}",21,3,MovementTraverse,293,118,118,,
8533,0,Husk,T3/98,MOVING,64.372,4.000,84.500,"GoalBlock{x=80,y=4,z=84}",21,4,MovementTraverse,293,118,118,,
8534,0,Husk,T3/98,MOVING,64.652,4.000,84.500,"GoalBlock{x=80,y=4,z=84}",21,4,MovementTraverse,293,118,118,,
8535,0,Husk,T3/98,MOVING,64.933,4.000,84.500,"GoalBlock{x=80,y=4,z=84}",21,4,MovementTraverse,293,118,118,,
8536,0,Husk,T3/98,MOVING,65.214,4.000,84.500,"GoalBlock{x=80,y=4,z=84}",21,4,MovementTraverse,293,118,118,,
8537,0,Husk,T3/98,MOVING,65.477,4.000,84.564,"GoalBlock{x=80,y=4,z=84}",21,5,MovementDiagonal,293,118,118,,
8538,0,Husk,T3/98,MOVING,65.715,4.000,84.684,"GoalBlock{x=80,y=4,z=84}",21,5,MovementDiagonal,293,118,118,,
8539,0,Husk,T3/98,MOVING,65.933,4.000,84.842,"GoalBlock{x=80,y=4,z=84}",21,5,MovementDiagonal,293,118,118,,
8540,0,Husk,T3/98,MOVING,66.136,4.000,85.025,"GoalBlock{x=80,y=4,z=84}",21,5,MovementDiagonal,293,118,118,,
8541,0,Husk,T3/98,MOVING,66.333,4.000,85.218,"GoalBlock{x=80,y=4,z=84}",21,6,MovementDiagonal,293,118,118,,
8542,0,Husk,T3/98,MOVING,66.526,4.000,85.418,"GoalBlock{x=80,y=4,z=84}",21,6,MovementDiagonal,293,118,118,,
8543,0,Husk,T3/98,MOVING,66.717,4.000,85.622,"GoalBlock{x=80,y=4,z=84}",21,6,MovementDiagonal,293,118,118,,
8544,0,Husk,T3/98,MOVING,66.906,4.000,85.828,"GoalBlock{x=80,y=4,z=84}",21,6,MovementDiagonal,293,118,118,,
8545,0,Husk,T3/98,MOVING,67.093,4.000,86.036,"GoalBlock{x=80,y=4,z=84}",21,6,MovementDiagonal,293,118,118,,
8546,0,Husk,T3/98,MOVING,67.284,4.000,86.241,"GoalBlock{x=80,y=4,z=84}",21,7,MovementDiagonal,293,118,118,,
8547,0,Husk,T3/98,MOVING,67.476,4.000,86.445,"GoalBlock{x=80,y=4,z=84}",21,7,MovementDiagonal,293,118,118,,
8548,0,Husk,T3/98,MOVING,67.670,4.000,86.648,"GoalBlock{x=80,y=4,z=84}",21,7,MovementDiagonal,293,118,118,,
8549,0,Husk,T3/98,MOVING,67.865,4.000,86.850,"GoalBlock{x=80,y=4,z=84}",21,7,MovementDiagonal,293,118,118,,
8550,0,Husk,T3/98,MOVING,68.060,4.000,87.051,"GoalBlock{x=80,y=4,z=84}",21,7,MovementDiagonal,293,118,118,,
8551,0,Husk,T3/98,MOVING,68.257,4.000,87.252,"GoalBlock{x=80,y=4,z=84}",21,8,MovementDiagonal,293,118,118,,
8552,0,Husk,T3/98,MOVING,68.454,4.000,87.451,"GoalBlock{x=80,y=4,z=84}",21,8,MovementDiagonal,293,118,118,,
8553,0,Husk,T3/98,MOVING,68.652,4.000,87.650,"GoalBlock{x=80,y=4,z=84}",21,8,MovementDiagonal,293,118,118,,
8554,0,Husk,T3/98,MOVING,68.850,4.000,87.849,"GoalBlock{x=80,y=4,z=84}",21,8,MovementDiagonal,293,118,118,,
8555,0,Husk,T3/98,MOVING,69.048,4.000,88.048,"GoalBlock{x=80,y=4,z=84}",21,8,MovementDiagonal,293,118,118,,
8556,0,Husk,T3/98,MOVING,69.277,4.000,88.194,"GoalBlock{x=80,y=4,z=84}",21,9,MovementTraverse,293,118,118,,
8557,0,Husk,T3/98,MOVING,69.527,4.000,88.305,"GoalBlock{x=80,y=4,z=84}",21,9,MovementTraverse,293,118,118,,
8558,0,Husk,T3/98,MOVING,69.787,4.000,88.391,"GoalBlock{x=80,y=4,z=84}",21,9,MovementTraverse,293,118,118,,
8559,0,Husk,T3/98,MOVING,70.056,4.000,88.457,"GoalBlock{x=80,y=4,z=84}",21,9,MovementTraverse,293,118,118,,
8560,0,Husk,T3/98,MOVING,70.330,4.000,88.497,"GoalBlock{x=80,y=4,z=84}",21,10,MovementTraverse,293,118,118,,
8561,0,Husk,T3/98,MOVING,70.607,4.000,88.519,"GoalBlock{x=80,y=4,z=84}",21,10,MovementTraverse,293,118,118,,
8562,0,Husk,T3/98,MOVING,70.885,4.000,88.528,"GoalBlock{x=80,y=4,z=84}",21,10,MovementTraverse,293,118,118,,
8563,0,Husk,T3/98,MOVING,71.165,4.000,88.527,"GoalBlock{x=80,y=4,z=84}",21,10,MovementTraverse,293,118,118,,
8564,0,Husk,T3/98,MOVING,71.445,4.000,88.525,"GoalBlock{x=80,y=4,z=84}",21,11,MovementTraverse,293,118,118,,
8565,0,Husk,T3/98,MOVING,71.725,4.000,88.522,"GoalBlock{x=80,y=4,z=84}",21,11,MovementTraverse,293,118,118,,
8566,0,Husk,T3/98,MOVING,72.005,4.000,88.518,"GoalBlock{x=80,y=4,z=84}",21,11,MovementTraverse,293,118,118,,
8567,0,Husk,T3/98,MOVING,72.286,4.000,88.517,"GoalBlock{x=80,y=4,z=84}",21,12,MovementTraverse,293,118,118,,
8568,0,Husk,T3/98,MOVING,72.566,4.000,88.515,"GoalBlock{x=80,y=4,z=84}",21,12,MovementTraverse,293,118,118,,
8569,0,Husk,T3/98,MOVING,72.847,4.000,88.513,"GoalBlock{x=80,y=4,z=84}",21,12,MovementTraverse,293,118,118,,
8570,0,Husk,T3/98,MOVING,73.127,4.000,88.510,"GoalBlock{x=80,y=4,z=84}",21,12,MovementTraverse,293,118,118,,
8571,0,Husk,T3/98,MOVING,73.408,4.000,88.509,"GoalBlock{x=80,y=4,z=84}",21,13,MovementTraverse,293,118,118,,
8572,0,Husk,T3/98,MOVING,73.688,4.000,88.508,"GoalBlock{x=80,y=4,z=84}",21,13,MovementTraverse,293,118,118,,
8573,0,Husk,T3/98,MOVING,73.969,4.000,88.507,"GoalBlock{x=80,y=4,z=84}",21,13,MovementTraverse,293,118,118,,
8574,0,Husk,T3/98,MOVING,74.249,4.000,88.505,"GoalBlock{x=80,y=4,z=84}",21,13,MovementTraverse,293,118,118,,
8575,0,Husk,T3/98,MOVING,74.530,4.000,88.505,"GoalBlock{x=80,y=4,z=84}",21,14,MovementTraverse,293,118,118,,
8576,0,Husk,T3/98,MOVING,74.811,4.000,88.504,"GoalBlock{x=80,y=4,z=84}",21,14,MovementTraverse,293,118,118,,
8577,0,Husk,T3/98,MOVING,75.091,4.000,88.503,"GoalBlock{x=80,y=4,z=84}",21,14,MovementTraverse,293,118,118,,
8578,0,Husk,T3/98,MOVING,75.372,4.000,88.503,"GoalBlock{x=80,y=4,z=84}",21,15,MovementTraverse,293,118,118,,
8579,0,Husk,T3/98,MOVING,75.653,4.000,88.503,"GoalBlock{x=80,y=4,z=84}",21,15,MovementTraverse,293,118,118,,
8580,0,Husk,T3/98,MOVING,75.933,4.000,88.502,"GoalBlock{x=80,y=4,z=84}",21,15,MovementTraverse,293,118,118,,
8581,0,Husk,T3/98,MOVING,76.214,4.000,88.502,"GoalBlock{x=80,y=4,z=84}",21,15,MovementTraverse,293,118,118,,
8582,0,Husk,T3/98,MOVING,76.477,4.000,88.438,"GoalBlock{x=80,y=4,z=84}",21,16,MovementDiagonal,293,118,118,,
8583,0,Husk,T3/98,MOVING,76.715,4.000,88.317,"GoalBlock{x=80,y=4,z=84}",21,16,MovementDiagonal,293,118,118,,
8584,0,Husk,T3/98,MOVING,76.933,4.000,88.159,"GoalBlock{x=80,y=4,z=84}",21,16,MovementDiagonal,293,118,118,,
8585,0,Husk,T3/98,MOVING,77.135,4.000,87.976,"GoalBlock{x=80,y=4,z=84}",21,16,MovementDiagonal,293,118,118,,
8586,0,Husk,T3/98,MOVING,77.332,4.000,87.783,"GoalBlock{x=80,y=4,z=84}",21,17,MovementDiagonal,293,118,118,,
8587,0,Husk,T3/98,MOVING,77.525,4.000,87.583,"GoalBlock{x=80,y=4,z=84}",21,17,MovementDiagonal,293,118,118,,
8588,0,Husk,T3/98,MOVING,77.716,4.000,87.379,"GoalBlock{x=80,y=4,z=84}",21,17,MovementDiagonal,293,118,118,,
8589,0,Husk,T3/98,MOVING,77.905,4.000,87.173,"GoalBlock{x=80,y=4,z=84}",21,17,MovementDiagonal,293,118,118,,
8590,0,Husk,T3/98,MOVING,78.093,4.000,86.965,"GoalBlock{x=80,y=4,z=84}",21,17,MovementDiagonal,293,118,118,,
8591,0,Husk,T3/98,MOVING,78.283,4.000,86.759,"GoalBlock{x=80,y=4,z=84}",21,18,MovementDiagonal,293,118,118,,
8592,0,Husk,T3/98,MOVING,78.476,4.000,86.555,"GoalBlock{x=80,y=4,z=84}",21,18,MovementDiagonal,293,118,118,,
8593,0,Husk,T3/98,MOVING,78.670,4.000,86.353,"GoalBlock{x=80,y=4,z=84}",21,18,MovementDiagonal,293,118,118,,
8594,0,Husk,T3/98,MOVING,78.865,4.000,86.151,"GoalBlock{x=80,y=4,z=84}",21,18,MovementDiagonal,293,118,118,,
8595,0,Husk,T3/98,MOVING,79.060,4.000,85.949,"GoalBlock{x=80,y=4,z=84}",21,18,MovementDiagonal,293,118,118,,
8596,0,Husk,T3/98,MOVING,79.256,4.000,85.749,"GoalBlock{x=80,y=4,z=84}",21,19,MovementDiagonal,293,118,118,,
8597,0,Husk,T3/98,MOVING,79.454,4.000,85.549,"GoalBlock{x=80,y=4,z=84}",21,19,MovementDiagonal,293,118,118,,
8598,0,Husk,T3/98,MOVING,79.651,4.000,85.350,"GoalBlock{x=80,y=4,z=84}",21,19,MovementDiagonal,293,118,118,,
8599,0,Husk,T3/98,MOVING,79.849,4.000,85.151,"GoalBlock{x=80,y=4,z=84}",21,19,MovementDiagonal,293,118,118,,
8600,0,Husk,T3/98,MOVING,80.047,4.000,84.952,"GoalBlock{x=80,y=4,z=84}",21,19,MovementDiagonal,293,118,118,,
8601,0,Husk,T3/98,ARRIVED,80.155,4.000,84.844,,-1,-1,,293,118,118,,CANCELED
8602,0,Husk,T3/99,ARRIVED,60.500,4.000,96.500,,-1,-1,,293,118,118,,CANCELED|CANCELED
8603,0,Husk,T3/99,ARRIVED,60.500,4.000,96.500,,-1,-1,,293,118,118,,
8604,0,Husk,T3/99,ARRIVED,60.500,4.000,96.500,,-1,-1,,293,118,118,,
8605,0,Husk,T3/99,ARRIVED,60.500,4.000,96.500,,-1,-1,,293,118,118,,
8606,0,Husk,T3/99,ARRIVED,60.500,4.000,96.500,,-1,-1,,293,118,118,,
8607,0,Husk,T3/99,ARRIVED,60.500,4.000,96.500,,-1,-1,,293,118,118,,
8608,0,Husk,T3/99,ARRIVED,60.500,4.000,96.500,,-1,-1,,293,118,118,,
8609,0,Husk,T3/99,ARRIVED,60.500,4.000,96.500,,-1,-1,,293,118,118,,
8610,0,Husk,T3/99,ARRIVED,60.500,4.000,96.500,,-1,-1,,293,118,118,,
8611,0,Husk,T3/99,ARRIVED,60.500,4.000,96.500,,-1,-1,,293,118,118,,
8612,0,Husk,T3/99,SEARCHING,60.500,4.000,96.500,"GoalBlock{x=80,y=4,z=96}",-1,-1,,293,119,119,,CALC_STARTED
8613,0,Husk,T3/99,MOVING,60.627,4.000,96.500,"GoalBlock{x=80,y=4,z=96}",21,0,MovementTraverse,221,119,119,,CALC_FINISHED_NOW_EXECUTING
8614,0,Husk,T3/99,MOVING,60.824,4.000,96.500,"GoalBlock{x=80,y=4,z=96}",21,0,MovementTraverse,221,119,119,,
8615,0,Husk,T3/99,MOVING,61.059,4.000,96.500,"GoalBlock{x=80,y=4,z=96}",21,0,MovementTraverse,221,119,119,,
8616,0,Husk,T3/99,MOVING,61.315,4.000,96.500,"GoalBlock{x=80,y=4,z=96}",21,1,MovementTraverse,221,119,119,,
8617,0,Husk,T3/99,MOVING,61.582,4.000,96.500,"GoalBlock{x=80,y=4,z=96}",21,1,MovementTraverse,221,119,119,,
8618,0,Husk,T3/99,MOVING,61.855,4.000,96.500,"GoalBlock{x=80,y=4,z=96}",21,1,MovementTraverse,221,119,119,,
8619,0,Husk,T3/99,MOVING,62.132,4.000,96.500,"GoalBlock{x=80,y=4,z=96}",21,1,MovementTraverse,221,119,119,,
8620,0,Husk,T3/99,MOVING,62.410,4.000,96.500,"GoalBlock{x=80,y=4,z=96}",21,2,MovementTraverse,221,119,119,,
8621,0,Husk,T3/99,MOVING,62.690,4.000,96.500,"GoalBlock{x=80,y=4,z=96}",21,2,MovementTraverse,221,119,119,,
8622,0,Husk,T3/99,MOVING,62.969,4.000,96.500,"GoalBlock{x=80,y=4,z=96}",21,2,MovementTraverse,221,119,119,,
8623,0,Husk,T3/99,MOVING,63.250,4.000,96.500,"GoalBlock{x=80,y=4,z=96}",21,2,MovementTraverse,221,119,119,,
8624,0,Husk,T3/99,MOVING,63.530,4.000,96.500,"GoalBlock{x=80,y=4,z=96}",21,3,MovementTraverse,221,119,119,,
8625,0,Husk,T3/99,MOVING,63.811,4.000,96.500,"GoalBlock{x=80,y=4,z=96}",21,3,MovementTraverse,221,119,119,,
8626,0,Husk,T3/99,MOVING,64.091,4.000,96.500,"GoalBlock{x=80,y=4,z=96}",21,3,MovementTraverse,221,119,119,,
8627,0,Husk,T3/99,MOVING,64.372,4.000,96.500,"GoalBlock{x=80,y=4,z=96}",21,4,MovementTraverse,221,119,119,,
8628,0,Husk,T3/99,MOVING,64.652,4.000,96.500,"GoalBlock{x=80,y=4,z=96}",21,4,MovementTraverse,221,119,119,,
8629,0,Husk,T3/99,MOVING,64.933,4.000,96.500,"GoalBlock{x=80,y=4,z=96}",21,4,MovementTraverse,221,119,119,,
8630,0,Husk,T3/99,MOVING,65.214,4.000,96.500,"GoalBlock{x=80,y=4,z=96}",21,4,MovementTraverse,221,119,119,,
8631,0,Husk,T3/99,MOVING,65.494,4.000,96.500,"GoalBlock{x=80,y=4,z=96}",21,5,MovementTraverse,221,119,119,,
8632,0,Husk,T3/99,MOVING,65.775,4.000,96.500,"GoalBlock{x=80,y=4,z=96}",21,5,MovementTraverse,221,119,119,,
8633,0,Husk,T3/99,MOVING,66.055,4.000,96.500,"GoalBlock{x=80,y=4,z=96}",21,5,MovementTraverse,221,119,119,,
8634,0,Husk,T3/99,MOVING,66.336,4.000,96.500,"GoalBlock{x=80,y=4,z=96}",21,6,MovementTraverse,221,119,119,,
8635,0,Husk,T3/99,MOVING,66.617,4.000,96.500,"GoalBlock{x=80,y=4,z=96}",21,6,MovementTraverse,221,119,119,,
8636,0,Husk,T3/99,MOVING,66.897,4.000,96.500,"GoalBlock{x=80,y=4,z=96}",21,6,MovementTraverse,221,119,119,,
8637,0,Husk,T3/99,MOVING,67.178,4.000,96.500,"GoalBlock{x=80,y=4,z=96}",21,6,MovementTraverse,221,119,119,,
8638,0,Husk,T3/99,MOVING,67.459,4.000,96.500,"GoalBlock{x=80,y=4,z=96}",21,7,MovementTraverse,221,119,119,,
8639,0,Husk,T3/99,MOVING,67.739,4.000,96.500,"GoalBlock{x=80,y=4,z=96}",21,7,MovementTraverse,221,119,119,,
8640,0,Husk,T3/99,MOVING,68.020,4.000,96.500,"GoalBlock{x=80,y=4,z=96}",21,7,MovementTraverse,221,119,119,,
8641,0,Husk,T3/99,MOVING,68.283,4.000,96.564,"GoalBlock{x=80,y=4,z=96}",21,8,MovementDiagonal,221,119,119,,
8642,0,Husk,T3/99,MOVING,68.528,4.000,96.676,"GoalBlock{x=80,y=4,z=96}",21,8,MovementDiagonal,221,119,119,,
8643,0,Husk,T3/99,MOVING,68.759,4.000,96.820,"GoalBlock{x=80,y=4,z=96}",21,8,MovementDiagonal,221,119,119,,
8644,0,Husk,T3/99,MOVING,68.979,4.000,96.985,"GoalBlock{x=80,y=4,z=96}",21,8,MovementDiagonal,221,119,119,,
8645,0,Husk,T3/99,MOVING,69.190,4.000,97.164,"GoalBlock{x=80,y=4,z=96}",21,8,MovementDiagonal,221,119,119,,
8646,0,Husk,T3/99,MOVING,69.428,4.000,97.294,"GoalBlock{x=80,y=4,z=96}",21,9,MovementTraverse,221,119,119,,
8647,0,Husk,T3/99,MOVING,69.683,4.000,97.390,"GoalBlock{x=80,y=4,z=96}",21,9,MovementTraverse,221,119,119,,
8648,0,Husk,T3/99,MOVING,69.949,4.000,97.459,"GoalBlock{x=80,y=4,z=96}",21,9,MovementTraverse,221,119,119,,
8649,0,Husk,T3/99,MOVING,70.221,4.000,97.506,"GoalBlock{x=80,y=4,z=96}",21,9,MovementTraverse,221,119,119,,
8650,0,Husk,T3/99,MOVING,70.497,4.000,97.531,"GoalBlock{x=80,y=4,z=96}",21,10,MovementTraverse,221,119,119,,
8651,0,Husk,T3/99,MOVING,70.775,4.000,97.541,"GoalBlock{x=80,y=4,z=96}",21,10,MovementTraverse,221,119,119,,
8652,0,Husk,T3/99,MOVING,71.054,4.000,97.539,"GoalBlock{x=80,y=4,z=96}",21,10,MovementTraverse,221,119,119,,
8653,0,Husk,T3/99,MOVING,71.333,4.000,97.536,"GoalBlock{x=80,y=4,z=96}",21,11,MovementTraverse,221,119,119,,
8654,0,Husk,T3/99,MOVING,71.613,4.000,97.532,"GoalBlock{x=80,y=4,z=96}",21,11,MovementTraverse,221,119,119,,
8655,0,Husk,T3/99,MOVING,71.894,4.000,97.527,"GoalBlock{x=80,y=4,z=96}",21,11,MovementTraverse,221,119,119,,
8656,0,Husk,T3/99,MOVING,72.174,4.000,97.521,"GoalBlock{x=80,y=4,z=96}",21,11,MovementTraverse,221,119,119,,
8657,0,Husk,T3/99,MOVING,72.454,4.000,97.516,"GoalBlock{x=80,y=4,z=96}",21,12,MovementTraverse,221,119,119,,
8658,0,Husk,T3/99,MOVING,72.735,4.000,97.514,"GoalBlock{x=80,y=4,z=96}",21,12,MovementTraverse,221,119,119,,
8659,0,Husk,T3/99,MOVING,73.015,4.000,97.512,"GoalBlock{x=80,y=4,z=96}",21,12,MovementTraverse,221,119,119,,
8660,0,Husk,T3/99,MOVING,73.296,4.000,97.511,"GoalBlock{x=80,y=4,z=96}",21,13,MovementTraverse,221,119,119,,
8661,0,Husk,T3/99,MOVING,73.576,4.000,97.510,"GoalBlock{x=80,y=4,z=96}",21,13,MovementTraverse,221,119,119,,
8662,0,Husk,T3/99,MOVING,73.857,4.000,97.508,"GoalBlock{x=80,y=4,z=96}",21,13,MovementTraverse,221,119,119,,
8663,0,Husk,T3/99,MOVING,74.138,4.000,97.507,"GoalBlock{x=80,y=4,z=96}",21,13,MovementTraverse,221,119,119,,
8664,0,Husk,T3/99,MOVING,74.418,4.000,97.506,"GoalBlock{x=80,y=4,z=96}",21,14,MovementTraverse,221,119,119,,
8665,0,Husk,T3/99,MOVING,74.699,4.000,97.505,"GoalBlock{x=80,y=4,z=96}",21,14,MovementTraverse,221,119,119,,
8666,0,Husk,T3/99,MOVING,74.979,4.000,97.505,"GoalBlock{x=80,y=4,z=96}",21,14,MovementTraverse,221,119,119,,
8667,0,Husk,T3/99,MOVING,75.260,4.000,97.503,"GoalBlock{x=80,y=4,z=96}",21,14,MovementTraverse,221,119,119,,
8668,0,Husk,T3/99,MOVING,75.541,4.000,97.503,"GoalBlock{x=80,y=4,z=96}",21,15,MovementTraverse,221,119,119,,
8669,0,Husk,T3/99,MOVING,75.821,4.000,97.503,"GoalBlock{x=80,y=4,z=96}",21,15,MovementTraverse,221,119,119,,
8670,0,Husk,T3/99,MOVING,76.102,4.000,97.502,"GoalBlock{x=80,y=4,z=96}",21,15,MovementTraverse,221,119,119,,
8671,0,Husk,T3/99,MOVING,76.382,4.000,97.502,"GoalBlock{x=80,y=4,z=96}",21,16,MovementTraverse,221,119,119,,
8672,0,Husk,T3/99,MOVING,76.663,4.000,97.502,"GoalBlock{x=80,y=4,z=96}",21,16,MovementTraverse,221,119,119,,
8673,0,Husk,T3/99,MOVING,76.944,4.000,97.502,"GoalBlock{x=80,y=4,z=96}",21,16,MovementTraverse,221,119,119,,
8674,0,Husk,T3/99,MOVING,77.224,4.000,97.501,"GoalBlock{x=80,y=4,z=96}",21,16,MovementTraverse,221,119,119,,
8675,0,Husk,T3/99,MOVING,77.505,4.000,97.501,"GoalBlock{x=80,y=4,z=96}",21,17,MovementTraverse,221,119,119,,
8676,0,Husk,T3/99,MOVING,77.786,4.000,97.501,"GoalBlock{x=80,y=4,z=96}",21,17,MovementTraverse,221,119,119,,
8677,0,Husk,T3/99,MOVING,78.066,4.000,97.501,"GoalBlock{x=80,y=4,z=96}",21,17,MovementTraverse,221,119,119,,
8678,0,Husk,T3/99,MOVING,78.347,4.000,97.501,"GoalBlock{x=80,y=4,z=96}",21,18,MovementTraverse,221,119,119,,
8679,0,Husk,T3/99,MOVING,78.627,4.000,97.501,"GoalBlock{x=80,y=4,z=96}",21,18,MovementTraverse,221,119,119,,
8680,0,Husk,T3/99,MOVING,78.908,4.000,97.501,"GoalBlock{x=80,y=4,z=96}",21,18,MovementTraverse,221,119,119,,
8681,0,Husk,T3/99,MOVING,79.189,4.000,97.500,"GoalBlock{x=80,y=4,z=96}",21,18,MovementTraverse,221,119,119,,
8682,0,Husk,T3/99,MOVING,79.452,4.000,97.437,"GoalBlock{x=80,y=4,z=96}",21,19,MovementDiagonal,221,119,119,,
8683,0,Husk,T3/99,MOVING,79.691,4.000,97.317,"GoalBlock{x=80,y=4,z=96}",21,19,MovementDiagonal,221,119,119,,
8684,0,Husk,T3/99,MOVING,79.911,4.000,97.161,"GoalBlock{x=80,y=4,z=96}",21,19,MovementDiagonal,221,119,119,,
8685,0,Husk,T3/99,MOVING,80.116,4.000,96.981,"GoalBlock{x=80,y=4,z=96}",21,19,MovementDiagonal,221,119,119,,
8686,0,Husk,T3/99,ARRIVED,80.228,4.000,96.882,,-1,-1,,221,119,119,,CANCELED
8687,0,Husk,T3/100,ARRIVED,60.500,14.000,108.500,,-1,-1,,221,119,119,,CANCELED|CANCELED
8688,0,Husk,T3/100,ARRIVED,60.500,14.000,108.500,,-1,-1,,221,119,119,,
8689,0,Husk,T3/100,ARRIVED,60.500,14.000,108.500,,-1,-1,,221,119,119,,
8690,0,Husk,T3/100,ARRIVED,60.500,14.000,108.500,,-1,-1,,221,119,119,,
8691,0,Husk,T3/100,ARRIVED,60.500,14.000,108.500,,-1,-1,,221,119,119,,
8692,0,Husk,T3/100,ARRIVED,60.500,14.000,108.500,,-1,-1,,221,119,119,,
8693,0,Husk,T3/100,ARRIVED,60.500,14.000,108.500,,-1,-1,,221,119,119,,
8694,0,Husk,T3/100,ARRIVED,60.500,14.000,108.500,,-1,-1,,221,119,119,,
8695,0,Husk,T3/100,ARRIVED,60.500,14.000,108.500,,-1,-1,,221,119,119,,
8696,0,Husk,T3/100,ARRIVED,60.500,14.000,108.500,,-1,-1,,221,119,119,,
8697,0,Husk,T3/100,SEARCHING,60.500,14.000,108.500,"GoalBlock{x=75,y=4,z=108}",-1,-1,,221,120,120,,CALC_STARTED
8698,0,Husk,T3/100,MOVING,60.627,14.000,108.500,"GoalBlock{x=75,y=4,z=108}",16,0,MovementTraverse,401,120,120,,CALC_FINISHED_NOW_EXECUTING
8699,0,Husk,T3/100,MOVING,60.824,14.000,108.500,"GoalBlock{x=75,y=4,z=108}",16,0,MovementTraverse,401,120,120,,
8700,0,Husk,T3/100,MOVING,61.059,14.000,108.500,"GoalBlock{x=75,y=4,z=108}",16,0,MovementTraverse,401,120,120,,
8701,0,Husk,T3/100,MOVING,61.315,14.000,108.500,"GoalBlock{x=75,y=4,z=108}",16,1,MovementTraverse,401,120,120,,
8702,0,Husk,T3/100,MOVING,61.582,14.000,108.500,"GoalBlock{x=75,y=4,z=108}",16,1,MovementTraverse,401,120,120,,
8703,0,Husk,T3/100,MOVING,61.855,14.000,108.500,"GoalBlock{x=75,y=4,z=108}",16,1,MovementTraverse,401,120,120,,
8704,0,Husk,T3/100,MOVING,62.132,14.000,108.500,"GoalBlock{x=75,y=4,z=108}",16,1,MovementTraverse,401,120,120,,
8705,0,Husk,T3/100,MOVING,62.410,14.000,108.500,"GoalBlock{x=75,y=4,z=108}",16,2,MovementTraverse,401,120,120,,
8706,0,Husk,T3/100,MOVING,62.690,14.000,108.500,"GoalBlock{x=75,y=4,z=108}",16,2,MovementTraverse,401,120,120,,
8707,0,Husk,T3/100,MOVING,62.969,14.000,108.500,"GoalBlock{x=75,y=4,z=108}",16,2,MovementTraverse,401,120,120,,
8708,0,Husk,T3/100,MOVING,63.250,14.000,108.500,"GoalBlock{x=75,y=4,z=108}",16,2,MovementTraverse,401,120,120,,
8709,0,Husk,T3/100,MOVING,63.501,14.000,108.500,"GoalBlock{x=75,y=4,z=108}",16,3,MovementFall,401,120,120,,
8710,0,Husk,T3/100,MOVING,63.736,14.000,108.500,"GoalBlock{x=75,y=4,z=108}",16,3,MovementFall,401,120,120,,
8711,0,Husk,T3/100,MOVING,63.962,14.000,108.500,"GoalBlock{x=75,y=4,z=108}",16,3,MovementFall,401,120,120,,
8712,0,Husk,T3/100,MOVING,64.184,14.000,108.500,"GoalBlock{x=75,y=4,z=108}",16,3,MovementFall,401,120,120,,
8713,0,Husk,T3/100,MOVING,64.403,14.000,108.500,"GoalBlock{x=75,y=4,z=108}",16,3,MovementFall,401,120,120,,
8714,0,Husk,T3/100,MOVING,64.522,13.922,108.500,"GoalBlock{x=75,y=4,z=108}",16,3,MovementFall,401,120,120,,
8715,0,Husk,T3/100,MOVING,64.588,13.766,108.500,"GoalBlock{x=75,y=4,z=108}",16,3,MovementFall,401,120,120,,
8716,0,Husk,T3/100,MOVING,64.647,13.536,108.480,"GoalBlock{x=75,y=4,z=108}",16,3,MovementFall,401,120,120,,
8717,0,Husk,T3/100,MOVING,64.691,13.232,108.446,"GoalBlock{x=75,y=4,z=108}",16,3,MovementFall,401,120,120,,
8718,0,Husk,T3/100,MOVING,64.715,12.855,108.404,"GoalBlock{x=75,y=4,z=108}",16,3,MovementFall,401,120,120,,
8719,0,Husk,T3/100,MOVING,64.730,12.407,108.366,"GoalBlock{x=75,y=4,z=108}",16,3,MovementFall,401,120,120,,
8720,0,Husk,T3/100,MOVING,64.738,11.890,108.334,"GoalBlock{x=75,y=4,z=108}",16,3,MovementFall,401,120,120,,
8721,0,Husk,T3/100,MOVING,64.741,11.305,108.307,"GoalBlock{x=75,y=4,z=108}",16,3,MovementFall,401,120,120,,
8722,0,Husk,T3/100,MOVING,64.735,10.654,108.285,"GoalBlock{x=75,y=4,z=108}",16,3,MovementFall,401,120,120,,
8723,0,Husk,T3/100,MOVING,64.726,9.937,108.269,"GoalBlock{x=75,y=4,z=108}",16,3,MovementFall,401,120,120,,
8724,0,Husk,T3/100,MOVING,64.712,9.156,108.257,"GoalBlock{x=75,y=4,z=108}",16,3,MovementFall,401,120,120,,
8725,0,Husk,T3/100,MOVING,64.695,8.312,108.249,"GoalBlock{x=75,y=4,z=108}",16,3,MovementFall,401,120,120,,
8726,0,Husk,T3/100,MOVING,64.674,7.406,108.246,"GoalBlock{x=75,y=4,z=108}",16,3,MovementFall,401,120,120,,
8727,0,Husk,T3/100,MOVING,64.651,6.440,108.250,"GoalBlock{x=75,y=4,z=108}",16,3,MovementFall,401,120,120,,
8728,0,Husk,T3/100,MOVING,64.626,5.416,108.257,"GoalBlock{x=75,y=4,z=108}",16,3,MovementFall,401,120,120,,
8729,0,Husk,T3/100,MOVING,64.598,4.333,108.268,"GoalBlock{x=75,y=4,z=108}",16,3,MovementFall,401,120,120,,
8730,0,Husk,T3/100,MOVING,64.570,3.193,108.282,"GoalBlock{x=75,y=4,z=108}",16,3,MovementFall,401,120,120,,
8731,0,Husk,T3/100,MOVING,64.539,2.038,108.299,"GoalBlock{x=75,y=4,z=108}",16,3,MovementFall,401,120,120,,
8732,0,Husk,T3/100,MOVING,64.511,2.000,108.318,"GoalBlock{x=75,y=4,z=108}",16,3,MovementFall,401,120,120,,
8733,0,Husk,T3/100,MOVING,64.477,2.020,108.348,"GoalBlock{x=75,y=4,z=108}",16,3,MovementFall,401,120,120,,
8734,0,Husk,T3/100,MOVING,64.439,2.056,108.388,"GoalBlock{x=75,y=4,z=108}",16,3,MovementFall,401,120,120,,
8735,0,Husk,T3/100,MOVING,64.409,2.105,108.421,"GoalBlock{x=75,y=4,z=108}",16,3,MovementFall,401,120,120,,
8736,0,Husk,T3/100,MOVING,64.377,2.164,108.465,"GoalBlock{x=75,y=4,z=108}",16,3,MovementFall,401,120,120,,
8737,0,Husk,T3/100,MOVING,64.350,2.231,108.520,"GoalBlock{x=75,y=4,z=108}",16,3,MovementFall,401,120,120,,
8738,0,Husk,T3/100,MOVING,64.338,2.305,108.581,"GoalBlock{x=75,y=4,z=108}",16,3,MovementFall,401,120,120,,
8739,0,Husk,T3/100,MOVING,64.345,2.384,108.640,"GoalBlock{x=75,y=4,z=108}",16,3,MovementFall,401,120,120,,
8740,0,Husk,T3/100,MOVING,64.370,2.467,108.689,"GoalBlock{x=75,y=4,z=108}",16,3,MovementFall,401,120,120,,
8741,0,Husk,T3/100,MOVING,64.407,2.554,108.719,"GoalBlock{x=75,y=4,z=108}",16,3,MovementFall,401,120,120,,
8742,0,Husk,T3/100,MOVING,64.447,2.643,108.726,"GoalBlock{x=75,y=4,z=108}",16,3,MovementFall,401,120,120,,
8743,0,Husk,T3/100,MOVING,64.481,2.734,108.712,"GoalBlock{x=75,y=4,z=108}",16,3,MovementFall,401,120,120,,
8744,0,Husk,T3/100,MOVING,64.498,2.827,108.683,"GoalBlock{x=75,y=4,z=108}",16,3,MovementFall,401,120,120,,
8745,0,Husk,T3/100,MOVING,64.502,2.922,108.644,"GoalBlock{x=75,y=4,z=108}",16,3,MovementFall,401,120,120,,
8746,0,Husk,T3/100,MOVING,64.500,3.018,108.594,"GoalBlock{x=75,y=4,z=108}",16,4,MovementTraverse,401,120,120,,
8747,0,Husk,T3/100,MOVING,64.509,3.114,108.535,"GoalBlock{x=75,y=4,z=108}",16,4,MovementTraverse,401,120,120,,
8748,0,Husk,T3/100,MOVING,64.532,3.211,108.478,"GoalBlock{x=75,y=4,z=108}",16,4,MovementTraverse,401,120,120,,
8749,0,Husk,T3/100,MOVING,64.570,3.309,108.430,"GoalBlock{x=75,y=4,z=108}",16,4,MovementTraverse,401,120,120,,
8750,0,Husk,T3/100,MOVING,64.620,3.407,108.394,"GoalBlock{x=75,y=4,z=108}",16,4,MovementTraverse,401,120,120,,
8751,0,Husk,T3/100,MOVING,64.680,3.506,108.367,"GoalBlock{x=75,y=4,z=108}",16,4,MovementTraverse,401,120,120,,
8752,0,Husk,T3/100,MOVING,64.747,3.605,108.349,"GoalBlock{x=75,y=4,z=108}",16,4,MovementTraverse,401,120,120,,
8753,0,Husk,T3/100,MOVING,64.825,3.664,108.339,"GoalBlock{x=75,y=4,z=108}",16,4,MovementTraverse,401,120,120,,
8754,0,Husk,T3/100,MOVING,64.921,3.643,108.336,"GoalBlock{x=75,y=4,z=108}",16,4,MovementTraverse,401,120,120,,
8755,0,Husk,T3/100,MOVING,65.034,3.545,108.343,"GoalBlock{x=75,y=4,z=108}",16,4,MovementTraverse,401,120,120,,
8756,0,Husk,T3/100,MOVING,65.155,3.410,108.352,"GoalBlock{x=75,y=4,z=108}",16,5,MovementTraverse,401,120,120,,
8757,0,Husk,T3/100,MOVING,65.272,3.322,108.360,"GoalBlock{x=75,y=4,z=108}",16,5,MovementTraverse,401,120,120,,
8758,0,Husk,T3/100,MOVING,65.384,3.271,108.370,"GoalBlock{x=75,y=4,z=108}",16,5,MovementTraverse,401,120,120,,
8759,0,Husk,T3/100,MOVING,65.494,3.251,108.380,"GoalBlock{x=75,y=4,z=108}",16,5,MovementTraverse,401,120,120,,
8760,0,Husk,T3/100,MOVING,65.601,3.255,108.390,"GoalBlock{x=75,y=4,z=108}",16,5,MovementTraverse,401,120,120,,
8761,0,Husk,T3/100,MOVING,65.707,3.278,108.400,"GoalBlock{x=75,y=4,z=108}",16,5,MovementTraverse,401,120,120,,
8762,0,Husk,T3/100,MOVING,65.810,3.318,108.411,"GoalBlock{x=75,y=4,z=108}",16,5,MovementTraverse,401,120,120,,
8763,0,Husk,T3/100,MOVING,65.913,3.370,108.422,"GoalBlock{x=75,y=4,z=108}",16,5,MovementTraverse,401,120,120,,
8764,0,Husk,T3/100,MOVING,66.014,3.432,108.434,"GoalBlock{x=75,y=4,z=108}",16,5,MovementTraverse,401,120,120,,
8765,0,Husk,T3/100,MOVING,66.115,3.501,108.444,"GoalBlock{x=75,y=4,z=108}",16,6,MovementTraverse,401,120,120,,
8766,0,Husk,T3/100,MOVING,66.215,3.576,108.453,"GoalBlock{x=75,y=4,z=108}",16,6,MovementTraverse,401,120,120,,
8767,0,Husk,T3/100,MOVING,66.314,3.657,108.460,"GoalBlock{x=75,y=4,z=108}",16,6,MovementTraverse,401,120,120,,
8768,0,Husk,T3/100,MOVING,66.420,3.701,108.468,"GoalBlock{x=75,y=4,z=108}",16,6,MovementTraverse,401,120,120,,
8769,0,Husk,T3/100,MOVING,66.541,3.666,108.475,"GoalBlock{x=75,y=4,z=108}",16,6,MovementTraverse,401,120,120,,
8770,0,Husk,T3/100,MOVING,66.677,3.553,108.482,"GoalBlock{x=75,y=4,z=108}",16,6,MovementTraverse,401,120,120,,
8771,0,Husk,T3/100,MOVING,66.820,3.404,108.489,"GoalBlock{x=75,y=4,z=108}",16,6,MovementTraverse,401,120,120,,
8772,0,Husk,T3/100,MOVING,66.954,3.305,108.495,"GoalBlock{x=75,y=4,z=108}",16,6,MovementTraverse,401,120,120,,
8773,0,Husk,T3/100,MOVING,67.081,3.246,108.500,"GoalBlock{x=75,y=4,z=108}",16,6,MovementTraverse,401,120,120,,
8774,0,Husk,T3/100,MOVING,67.202,3.219,108.504,"GoalBlock{x=75,y=4,z=108}",16,7,MovementTraverse,401,120,120,,
8775,0,Husk,T3/100,MOVING,67.318,3.217,108.507,"GoalBlock{x=75,y=4,z=108}",16,7,MovementTraverse,401,120,120,,
8776,0,Husk,T3/100,MOVING,67.431,3.235,108.507,"GoalBlock{x=75,y=4,z=108}",16,7,MovementTraverse,401,120,120,,
8777,0,Husk,T3/100,MOVING,67.541,3.270,108.507,"GoalBlock{x=75,y=4,z=108}",16,7,MovementTraverse,401,120,120,,
8778,0,Husk,T3/100,MOVING,67.648,3.318,108.507,"GoalBlock{x=75,y=4,z=108}",16,7,MovementTraverse,401,120,120,,
8779,0,Husk,T3/100,MOVING,67.754,3.376,108.506,"GoalBlock{x=75,y=4,z=108}",16,7,MovementTraverse,401,120,120,,
8780,0,Husk,T3/100,MOVING,67.858,3.442,108.506,"GoalBlock{x=75,y=4,z=108}",16,7,MovementTraverse,401,120,120,,
8781,0,Husk,T3/100,MOVING,67.961,3.516,108.506,"GoalBlock{x=75,y=4,z=108}",16,7,MovementTraverse,401,120,120,,
8782,0,Husk,T3/100,MOVING,68.063,3.594,108.506,"GoalBlock{x=75,y=4,z=108}",16,7,MovementTraverse,401,120,120,,
8783,0,Husk,T3/100,MOVING,68.164,3.677,108.506,"GoalBlock{x=75,y=4,z=108}",16,8,MovementAscend,401,120,120,,
8784,0,Husk,T3/100,MOVING,68.264,3.724,108.506,"GoalBlock{x=75,y=4,z=108}",16,8,MovementAscend,401,120,120,,
8785,0,Husk,T3/100,MOVING,68.375,3.691,108.506,"GoalBlock{x=75,y=4,z=108}",16,8,MovementAscend,401,120,120,,
8786,0,Husk,T3/100,MOVING,68.496,3.580,108.506,"GoalBlock{x=75,y=4,z=108}",16,8,MovementAscend,401,120,120,,
8787,0,Husk,T3/100,MOVING,68.625,3.433,108.505,"GoalBlock{x=75,y=4,z=108}",16,8,MovementAscend,401,120,120,,
8788,0,Husk,T3/100,MOVING,68.700,3.335,108.505,"GoalBlock{x=75,y=4,z=108}",16,8,MovementAscend,401,120,120,,
8789,0,Husk,T3/100,MOVING,68.700,3.277,108.505,"GoalBlock{x=75,y=4,z=108}",16,8,MovementAscend,401,120,120,,
8790,0,Husk,T3/100,MOVING,68.700,3.251,108.505,"GoalBlock{x=75,y=4,z=108}",16,8,MovementAscend,401,120,120,,
8791,0,Husk,T3/100,MOVING,68.700,3.250,108.505,"GoalBlock{x=75,y=4,z=108}",16,8,MovementAscend,401,120,120,,
8792,0,Husk,T3/100,MOVING,68.700,3.269,108.505,"GoalBlock{x=75,y=4,z=108}",16,8,MovementAscend,401,120,120,,
8793,0,Husk,T3/100,MOVING,68.700,3.304,108.505,"GoalBlock{x=75,y=4,z=108}",16,8,MovementAscend,401,120,120,,
8794,0,Husk,T3/100,MOVING,68.700,3.352,108.505,"GoalBlock{x=75,y=4,z=108}",16,8,MovementAscend,401,120,120,,
8795,0,Husk,T3/100,MOVING,68.700,3.411,108.504,"GoalBlock{x=75,y=4,z=108}",16,8,MovementAscend,401,120,120,,
8796,0,Husk,T3/100,MOVING,68.700,3.478,108.504,"GoalBlock{x=75,y=4,z=108}",16,8,MovementAscend,401,120,120,,
8797,0,Husk,T3/100,MOVING,68.700,3.818,108.504,"GoalBlock{x=75,y=4,z=108}",16,8,MovementAscend,401,120,120,,
8798,0,Husk,T3/100,MOVING,68.720,4.118,108.504,"GoalBlock{x=75,y=4,z=108}",16,8,MovementAscend,401,120,120,,
8799,0,Husk,T3/100,MOVING,68.757,4.333,108.504,"GoalBlock{x=75,y=4,z=108}",16,8,MovementAscend,401,120,120,,
8800,0,Husk,T3/100,MOVING,68.811,4.466,108.504,"GoalBlock{x=75,y=4,z=108}",16,8,MovementAscend,401,120,120,,
8801,0,Husk,T3/100,MOVING,68.879,4.518,108.504,"GoalBlock{x=75,y=4,z=108}",16,8,MovementAscend,401,120,120,,
8802,0,Husk,T3/100,MOVING,68.961,4.490,108.504,"GoalBlock{x=75,y=4,z=108}",16,8,MovementAscend,401,120,120,,
8803,0,Husk,T3/100,MOVING,69.055,4.385,108.504,"GoalBlock{x=75,y=4,z=108}",16,8,MovementAscend,401,120,120,,
8804,0,Husk,T3/100,MOVING,69.166,4.203,108.503,"GoalBlock{x=75,y=4,z=108}",16,9,MovementTraverse,401,120,120,,
8805,0,Husk,T3/100,MOVING,69.293,4.000,108.503,"GoalBlock{x=75,y=4,z=108}",16,9,MovementTraverse,401,120,120,,
8806,0,Husk,T3/100,MOVING,69.535,4.000,108.503,"GoalBlock{x=75,y=4,z=108}",16,9,MovementTraverse,401,120,120,,
8807,0,Husk,T3/100,MOVING,69.795,4.000,108.503,"GoalBlock{x=75,y=4,z=108}",16,9,MovementTraverse,401,120,120,,
8808,0,Husk,T3/100,MOVING,70.065,4.000,108.502,"GoalBlock{x=75,y=4,z=108}",16,9,MovementTraverse,401,120,120,,
8809,0,Husk,T3/100,MOVING,70.339,4.000,108.502,"GoalBlock{x=75,y=4,z=108}",16,10,MovementTraverse,401,120,120,,
8810,0,Husk,T3/100,MOVING,70.616,4.000,108.502,"GoalBlock{x=75,y=4,z=108}",16,10,MovementTraverse,401,120,120,,
8811,0,Husk,T3/100,MOVING,70.895,4.000,108.502,"GoalBlock{x=75,y=4,z=108}",16,10,MovementTraverse,401,120,120,,
8812,0,Husk,T3/100,MOVING,71.175,4.000,108.501,"GoalBlock{x=75,y=4,z=108}",16,10,MovementTraverse,401,120,120,,
8813,0,Husk,T3/100,MOVING,71.455,4.000,108.501,"GoalBlock{x=75,y=4,z=108}",16,11,MovementTraverse,401,120,120,,
8814,0,Husk,T3/100,MOVING,71.735,4.000,108.501,"GoalBlock{x=75,y=4,z=108}",16,11,MovementTraverse,401,120,120,,
8815,0,Husk,T3/100,MOVING,72.015,4.000,108.501,"GoalBlock{x=75,y=4,z=108}",16,11,MovementTraverse,401,120,120,,
8816,0,Husk,T3/100,MOVING,72.296,4.000,108.501,"GoalBlock{x=75,y=4,z=108}",16,12,MovementTraverse,401,120,120,,
8817,0,Husk,T3/100,MOVING,72.577,4.000,108.501,"GoalBlock{x=75,y=4,z=108}",16,12,MovementTraverse,401,120,120,,
8818,0,Husk,T3/100,MOVING,72.857,4.000,108.501,"GoalBlock{x=75,y=4,z=108}",16,12,MovementTraverse,401,120,120,,
8819,0,Husk,T3/100,MOVING,73.138,4.000,108.500,"GoalBlock{x=75,y=4,z=108}",16,12,MovementTraverse,401,120,120,,
8820,0,Husk,T3/100,MOVING,73.418,4.000,108.500,"GoalBlock{x=75,y=4,z=108}",16,13,MovementTraverse,401,120,120,,
8821,0,Husk,T3/100,MOVING,73.699,4.000,108.500,"GoalBlock{x=75,y=4,z=108}",16,13,MovementTraverse,401,120,120,,
8822,0,Husk,T3/100,MOVING,73.980,4.000,108.500,"GoalBlock{x=75,y=4,z=108}",16,13,MovementTraverse,401,120,120,,
8823,0,Husk,T3/100,MOVING,74.260,4.000,108.500,"GoalBlock{x=75,y=4,z=108}",16,13,MovementTraverse,401,120,120,,
8824,0,Husk,T3/100,MOVING,74.541,4.000,108.500,"GoalBlock{x=75,y=4,z=108}",16,14,MovementTraverse,401,120,120,,
8825,0,Husk,T3/100,MOVING,74.821,4.000,108.500,"GoalBlock{x=75,y=4,z=108}",16,14,MovementTraverse,401,120,120,,
8826,0,Husk,T3/100,MOVING,75.102,4.000,108.500,"GoalBlock{x=75,y=4,z=108}",16,14,MovementTraverse,401,120,120,,
8827,0,Husk,T3/100,ARRIVED,75.255,4.000,108.500,,-1,-1,,401,120,120,,CANCELED
