world_tick,entity_id,entity,tag,state,x,y,z,goal,path_len,path_pos,movement,search_us,searches,replans,fail_reason,events
109,0,Husk,T3/1,IDLE,0.500,4.000,0.500,,-1,-1,,-1,0,0,,
110,0,Husk,T3/1,IDLE,0.500,4.000,0.500,,-1,-1,,-1,0,0,,CANCELED
111,0,Husk,T3/1,IDLE,0.500,4.000,0.500,,-1,-1,,-1,0,0,,
112,0,Husk,T3/1,IDLE,0.500,4.000,0.500,,-1,-1,,-1,0,0,,
113,0,Husk,T3/1,IDLE,0.500,4.000,0.500,,-1,-1,,-1,0,0,,
114,0,Husk,T3/1,IDLE,0.500,4.000,0.500,,-1,-1,,-1,0,0,,
115,0,Husk,T3/1,IDLE,0.500,4.000,0.500,,-1,-1,,-1,0,0,,
116,0,Husk,T3/1,IDLE,0.500,4.000,0.500,,-1,-1,,-1,0,0,,
117,0,Husk,T3/1,IDLE,0.500,4.000,0.500,,-1,-1,,-1,0,0,,
118,0,Husk,T3/1,IDLE,0.500,4.000,0.500,,-1,-1,,-1,0,0,,
119,0,Husk,T3/1,SEARCHING,0.500,4.000,0.500,"GoalBlock{x=30,y=4,z=0}",-1,-1,,-1,1,1,,CALC_STARTED
120,0,Husk,T3/1,SEARCHING,0.500,4.000,0.500,"GoalBlock{x=30,y=4,z=0}",-1,-1,,-1,1,1,,
121,0,Husk,T3/1,MOVING,0.627,4.000,0.500,"GoalBlock{x=30,y=4,z=0}",31,0,MovementTraverse,62172,1,1,,CALC_FINISHED_NOW_EXECUTING
122,0,Husk,T3/1,MOVING,0.824,4.000,0.500,"GoalBlock{x=30,y=4,z=0}",31,0,MovementTraverse,62172,1,1,,
123,0,Husk,T3/1,MOVING,1.059,4.000,0.500,"GoalBlock{x=30,y=4,z=0}",31,0,MovementTraverse,62172,1,1,,
124,0,Husk,T3/1,MOVING,1.315,4.000,0.500,"GoalBlock{x=30,y=4,z=0}",31,1,MovementTraverse,62172,1,1,,
125,0,Husk,T3/1,MOVING,1.582,4.000,0.500,"GoalBlock{x=30,y=4,z=0}",31,1,MovementTraverse,62172,1,1,,
126,0,Husk,T3/1,MOVING,1.855,4.000,0.500,"GoalBlock{x=30,y=4,z=0}",31,1,MovementTraverse,62172,1,1,,
127,0,Husk,T3/1,MOVING,2.132,4.000,0.500,"GoalBlock{x=30,y=4,z=0}",31,1,MovementTraverse,62172,1,1,,
128,0,Husk,T3/1,MOVING,2.410,4.000,0.500,"GoalBlock{x=30,y=4,z=0}",31,2,MovementTraverse,62172,1,1,,
129,0,Husk,T3/1,MOVING,2.690,4.000,0.500,"GoalBlock{x=30,y=4,z=0}",31,2,MovementTraverse,62172,1,1,,
130,0,Husk,T3/1,MOVING,2.969,4.000,0.500,"GoalBlock{x=30,y=4,z=0}",31,2,MovementTraverse,62172,1,1,,
131,0,Husk,T3/1,MOVING,3.250,4.000,0.500,"GoalBlock{x=30,y=4,z=0}",31,2,MovementTraverse,62172,1,1,,
132,0,Husk,T3/1,MOVING,3.530,4.000,0.500,"GoalBlock{x=30,y=4,z=0}",31,3,MovementTraverse,62172,1,1,,
133,0,Husk,T3/1,MOVING,3.811,4.000,0.500,"GoalBlock{x=30,y=4,z=0}",31,3,MovementTraverse,62172,1,1,,
134,0,Husk,T3/1,MOVING,4.091,4.000,0.500,"GoalBlock{x=30,y=4,z=0}",31,3,MovementTraverse,62172,1,1,,
135,0,Husk,T3/1,MOVING,4.372,4.000,0.500,"GoalBlock{x=30,y=4,z=0}",31,4,MovementTraverse,62172,1,1,,
136,0,Husk,T3/1,MOVING,4.652,4.000,0.500,"GoalBlock{x=30,y=4,z=0}",31,4,MovementTraverse,62172,1,1,,
137,0,Husk,T3/1,MOVING,4.933,4.000,0.500,"GoalBlock{x=30,y=4,z=0}",31,4,MovementTraverse,62172,1,1,,
138,0,Husk,T3/1,MOVING,5.214,4.000,0.500,"GoalBlock{x=30,y=4,z=0}",31,4,MovementTraverse,62172,1,1,,
139,0,Husk,T3/1,MOVING,5.494,4.000,0.500,"GoalBlock{x=30,y=4,z=0}",31,5,MovementTraverse,62172,1,1,,
140,0,Husk,T3/1,MOVING,5.775,4.000,0.500,"GoalBlock{x=30,y=4,z=0}",31,5,MovementTraverse,62172,1,1,,
141,0,Husk,T3/1,MOVING,6.055,4.000,0.500,"GoalBlock{x=30,y=4,z=0}",31,5,MovementTraverse,62172,1,1,,
142,0,Husk,T3/1,MOVING,6.336,4.000,0.500,"GoalBlock{x=30,y=4,z=0}",31,6,MovementTraverse,62172,1,1,,
143,0,Husk,T3/1,MOVING,6.617,4.000,0.500,"GoalBlock{x=30,y=4,z=0}",31,6,MovementTraverse,62172,1,1,,
144,0,Husk,T3/1,MOVING,6.897,4.000,0.500,"GoalBlock{x=30,y=4,z=0}",31,6,MovementTraverse,62172,1,1,,
145,0,Husk,T3/1,MOVING,7.178,4.000,0.500,"GoalBlock{x=30,y=4,z=0}",31,6,MovementTraverse,62172,1,1,,
146,0,Husk,T3/1,MOVING,7.459,4.000,0.500,"GoalBlock{x=30,y=4,z=0}",31,7,MovementTraverse,62172,1,1,,
147,0,Husk,T3/1,MOVING,7.739,4.000,0.500,"GoalBlock{x=30,y=4,z=0}",31,7,MovementTraverse,62172,1,1,,
148,0,Husk,T3/1,MOVING,8.020,4.000,0.500,"GoalBlock{x=30,y=4,z=0}",31,7,MovementTraverse,62172,1,1,,
149,0,Husk,T3/1,MOVING,8.300,4.000,0.500,"GoalBlock{x=30,y=4,z=0}",31,8,MovementTraverse,62172,1,1,,
150,0,Husk,T3/1,MOVING,8.581,4.000,0.500,"GoalBlock{x=30,y=4,z=0}",31,8,MovementTraverse,62172,1,1,,
151,0,Husk,T3/1,MOVING,8.862,4.000,0.500,"GoalBlock{x=30,y=4,z=0}",31,8,MovementTraverse,62172,1,1,,
152,0,Husk,T3/1,MOVING,9.142,4.000,0.500,"GoalBlock{x=30,y=4,z=0}",31,8,MovementTraverse,62172,1,1,,
153,0,Husk,T3/1,MOVING,9.423,4.000,0.500,"GoalBlock{x=30,y=4,z=0}",31,9,MovementTraverse,62172,1,1,,
154,0,Husk,T3/1,MOVING,9.703,4.000,0.500,"GoalBlock{x=30,y=4,z=0}",31,9,MovementTraverse,62172,1,1,,
155,0,Husk,T3/1,MOVING,9.984,4.000,0.500,"GoalBlock{x=30,y=4,z=0}",31,9,MovementTraverse,62172,1,1,,
156,0,Husk,T3/1,MOVING,10.265,4.000,0.500,"GoalBlock{x=30,y=4,z=0}",31,9,MovementTraverse,62172,1,1,,
157,0,Husk,T3/1,MOVING,10.545,4.000,0.500,"GoalBlock{x=30,y=4,z=0}",31,10,MovementTraverse,62172,1,1,,
158,0,Husk,T3/1,MOVING,10.826,4.000,0.500,"GoalBlock{x=30,y=4,z=0}",31,10,MovementTraverse,62172,1,1,,
159,0,Husk,T3/1,MOVING,11.107,4.000,0.500,"GoalBlock{x=30,y=4,z=0}",31,10,MovementTraverse,62172,1,1,,
160,0,Husk,T3/1,MOVING,11.387,4.000,0.500,"GoalBlock{x=30,y=4,z=0}",31,11,MovementTraverse,62172,1,1,,
161,0,Husk,T3/1,MOVING,11.668,4.000,0.500,"GoalBlock{x=30,y=4,z=0}",31,11,MovementTraverse,62172,1,1,,
162,0,Husk,T3/1,MOVING,11.948,4.000,0.500,"GoalBlock{x=30,y=4,z=0}",31,11,MovementTraverse,62172,1,1,,
163,0,Husk,T3/1,MOVING,12.229,4.000,0.500,"GoalBlock{x=30,y=4,z=0}",31,11,MovementTraverse,62172,1,1,,
164,0,Husk,T3/1,MOVING,12.510,4.000,0.500,"GoalBlock{x=30,y=4,z=0}",31,12,MovementTraverse,62172,1,1,,
165,0,Husk,T3/1,MOVING,12.790,4.000,0.500,"GoalBlock{x=30,y=4,z=0}",31,12,MovementTraverse,62172,1,1,,
166,0,Husk,T3/1,MOVING,13.071,4.000,0.500,"GoalBlock{x=30,y=4,z=0}",31,12,MovementTraverse,62172,1,1,,
167,0,Husk,T3/1,MOVING,13.352,4.000,0.500,"GoalBlock{x=30,y=4,z=0}",31,13,MovementTraverse,62172,1,1,,
168,0,Husk,T3/1,MOVING,13.632,4.000,0.500,"GoalBlock{x=30,y=4,z=0}",31,13,MovementTraverse,62172,1,1,,
169,0,Husk,T3/1,MOVING,13.913,4.000,0.500,"GoalBlock{x=30,y=4,z=0}",31,13,MovementTraverse,62172,1,1,,
170,0,Husk,T3/1,MOVING,14.193,4.000,0.500,"GoalBlock{x=30,y=4,z=0}",31,13,MovementTraverse,62172,1,1,,
171,0,Husk,T3/1,MOVING,14.474,4.000,0.500,"GoalBlock{x=30,y=4,z=0}",31,14,MovementTraverse,62172,1,1,,
172,0,Husk,T3/1,MOVING,14.755,4.000,0.500,"GoalBlock{x=30,y=4,z=0}",31,14,MovementTraverse,62172,1,1,,
173,0,Husk,T3/1,MOVING,15.035,4.000,0.500,"GoalBlock{x=30,y=4,z=0}",31,14,MovementTraverse,62172,1,1,,
174,0,Husk,T3/1,MOVING,15.316,4.000,0.500,"GoalBlock{x=30,y=4,z=0}",31,15,MovementTraverse,62172,1,1,,
175,0,Husk,T3/1,MOVING,15.596,4.000,0.500,"GoalBlock{x=30,y=4,z=0}",31,15,MovementTraverse,62172,1,1,,
176,0,Husk,T3/1,MOVING,15.877,4.000,0.500,"GoalBlock{x=30,y=4,z=0}",31,15,MovementTraverse,62172,1,1,,
177,0,Husk,T3/1,MOVING,16.158,4.000,0.500,"GoalBlock{x=30,y=4,z=0}",31,15,MovementTraverse,62172,1,1,,
178,0,Husk,T3/1,MOVING,16.438,4.000,0.500,"GoalBlock{x=30,y=4,z=0}",31,16,MovementTraverse,62172,1,1,,
179,0,Husk,T3/1,MOVING,16.719,4.000,0.500,"GoalBlock{x=30,y=4,z=0}",31,16,MovementTraverse,62172,1,1,,
180,0,Husk,T3/1,MOVING,17.000,4.000,0.500,"GoalBlock{x=30,y=4,z=0}",31,16,MovementTraverse,62172,1,1,,
181,0,Husk,T3/1,MOVING,17.280,4.000,0.500,"GoalBlock{x=30,y=4,z=0}",31,16,MovementTraverse,62172,1,1,,
182,0,Husk,T3/1,MOVING,17.561,4.000,0.500,"GoalBlock{x=30,y=4,z=0}",31,17,MovementTraverse,62172,1,1,,
183,0,Husk,T3/1,MOVING,17.841,4.000,0.500,"GoalBlock{x=30,y=4,z=0}",31,17,MovementTraverse,62172,1,1,,
184,0,Husk,T3/1,MOVING,18.122,4.000,0.500,"GoalBlock{x=30,y=4,z=0}",31,17,MovementTraverse,62172,1,1,,
185,0,Husk,T3/1,MOVING,18.403,4.000,0.500,"GoalBlock{x=30,y=4,z=0}",31,18,MovementTraverse,62172,1,1,,
186,0,Husk,T3/1,MOVING,18.683,4.000,0.500,"GoalBlock{x=30,y=4,z=0}",31,18,MovementTraverse,62172,1,1,,
187,0,Husk,T3/1,MOVING,18.964,4.000,0.500,"GoalBlock{x=30,y=4,z=0}",31,18,MovementTraverse,62172,1,1,,
188,0,Husk,T3/1,MOVING,19.244,4.000,0.500,"GoalBlock{x=30,y=4,z=0}",31,18,MovementTraverse,62172,1,1,,
189,0,Husk,T3/1,MOVING,19.525,4.000,0.500,"GoalBlock{x=30,y=4,z=0}",31,19,MovementTraverse,62172,1,1,,
190,0,Husk,T3/1,MOVING,19.806,4.000,0.500,"GoalBlock{x=30,y=4,z=0}",31,19,MovementTraverse,62172,1,1,,
191,0,Husk,T3/1,MOVING,20.086,4.000,0.500,"GoalBlock{x=30,y=4,z=0}",31,19,MovementTraverse,62172,1,1,,
192,0,Husk,T3/1,MOVING,20.367,4.000,0.500,"GoalBlock{x=30,y=4,z=0}",31,20,MovementTraverse,62172,1,1,,
193,0,Husk,T3/1,MOVING,20.648,4.000,0.500,"GoalBlock{x=30,y=4,z=0}",31,20,MovementTraverse,62172,1,1,,
194,0,Husk,T3/1,MOVING,20.928,4.000,0.500,"GoalBlock{x=30,y=4,z=0}",31,20,MovementTraverse,62172,1,1,,
195,0,Husk,T3/1,MOVING,21.209,4.000,0.500,"GoalBlock{x=30,y=4,z=0}",31,20,MovementTraverse,62172,1,1,,
196,0,Husk,T3/1,MOVING,21.489,4.000,0.500,"GoalBlock{x=30,y=4,z=0}",31,21,MovementTraverse,62172,1,1,,
197,0,Husk,T3/1,MOVING,21.770,4.000,0.500,"GoalBlock{x=30,y=4,z=0}",31,21,MovementTraverse,62172,1,1,,
198,0,Husk,T3/1,MOVING,22.051,4.000,0.500,"GoalBlock{x=30,y=4,z=0}",31,21,MovementTraverse,62172,1,1,,
199,0,Husk,T3/1,MOVING,22.331,4.000,0.500,"GoalBlock{x=30,y=4,z=0}",31,22,MovementTraverse,62172,1,1,,
200,0,Husk,T3/1,MOVING,22.612,4.000,0.500,"GoalBlock{x=30,y=4,z=0}",31,22,MovementTraverse,62172,1,1,,
201,0,Husk,T3/1,MOVING,22.892,4.000,0.500,"GoalBlock{x=30,y=4,z=0}",31,22,MovementTraverse,62172,1,1,,
202,0,Husk,T3/1,MOVING,23.173,4.000,0.500,"GoalBlock{x=30,y=4,z=0}",31,22,MovementTraverse,62172,1,1,,
203,0,Husk,T3/1,MOVING,23.454,4.000,0.500,"GoalBlock{x=30,y=4,z=0}",31,23,MovementTraverse,62172,1,1,,
204,0,Husk,T3/1,MOVING,23.734,4.000,0.500,"GoalBlock{x=30,y=4,z=0}",31,23,MovementTraverse,62172,1,1,,
205,0,Husk,T3/1,MOVING,24.015,4.000,0.500,"GoalBlock{x=30,y=4,z=0}",31,23,MovementTraverse,62172,1,1,,
206,0,Husk,T3/1,MOVING,24.296,4.000,0.500,"GoalBlock{x=30,y=4,z=0}",31,24,MovementTraverse,62172,1,1,,
207,0,Husk,T3/1,MOVING,24.576,4.000,0.500,"GoalBlock{x=30,y=4,z=0}",31,24,MovementTraverse,62172,1,1,,
208,0,Husk,T3/1,MOVING,24.857,4.000,0.500,"GoalBlock{x=30,y=4,z=0}",31,24,MovementTraverse,62172,1,1,,
209,0,Husk,T3/1,MOVING,25.137,4.000,0.500,"GoalBlock{x=30,y=4,z=0}",31,24,MovementTraverse,62172,1,1,,
210,0,Husk,T3/1,MOVING,25.418,4.000,0.500,"GoalBlock{x=30,y=4,z=0}",31,25,MovementTraverse,62172,1,1,,
211,0,Husk,T3/1,MOVING,25.699,4.000,0.500,"GoalBlock{x=30,y=4,z=0}",31,25,MovementTraverse,62172,1,1,,
212,0,Husk,T3/1,MOVING,25.979,4.000,0.500,"GoalBlock{x=30,y=4,z=0}",31,25,MovementTraverse,62172,1,1,,
213,0,Husk,T3/1,MOVING,26.260,4.000,0.500,"GoalBlock{x=30,y=4,z=0}",31,25,MovementTraverse,62172,1,1,,
214,0,Husk,T3/1,MOVING,26.540,4.000,0.500,"GoalBlock{x=30,y=4,z=0}",31,26,MovementTraverse,62172,1,1,,
215,0,Husk,T3/1,MOVING,26.821,4.000,0.500,"GoalBlock{x=30,y=4,z=0}",31,26,MovementTraverse,62172,1,1,,
216,0,Husk,T3/1,MOVING,27.102,4.000,0.500,"GoalBlock{x=30,y=4,z=0}",31,26,MovementTraverse,62172,1,1,,
217,0,Husk,T3/1,MOVING,27.382,4.000,0.500,"GoalBlock{x=30,y=4,z=0}",31,27,MovementTraverse,62172,1,1,,
218,0,Husk,T3/1,MOVING,27.663,4.000,0.500,"GoalBlock{x=30,y=4,z=0}",31,27,MovementTraverse,62172,1,1,,
219,0,Husk,T3/1,MOVING,27.944,4.000,0.500,"GoalBlock{x=30,y=4,z=0}",31,27,MovementTraverse,62172,1,1,,
220,0,Husk,T3/1,MOVING,28.224,4.000,0.500,"GoalBlock{x=30,y=4,z=0}",31,27,MovementTraverse,62172,1,1,,
221,0,Husk,T3/1,MOVING,28.505,4.000,0.500,"GoalBlock{x=30,y=4,z=0}",31,28,MovementTraverse,62172,1,1,,
222,0,Husk,T3/1,MOVING,28.785,4.000,0.500,"GoalBlock{x=30,y=4,z=0}",31,28,MovementTraverse,62172,1,1,,
223,0,Husk,T3/1,MOVING,29.066,4.000,0.500,"GoalBlock{x=30,y=4,z=0}",31,28,MovementTraverse,62172,1,1,,
224,0,Husk,T3/1,MOVING,29.347,4.000,0.500,"GoalBlock{x=30,y=4,z=0}",31,29,MovementTraverse,62172,1,1,,
225,0,Husk,T3/1,MOVING,29.627,4.000,0.500,"GoalBlock{x=30,y=4,z=0}",31,29,MovementTraverse,62172,1,1,,
226,0,Husk,T3/1,MOVING,29.908,4.000,0.500,"GoalBlock{x=30,y=4,z=0}",31,29,MovementTraverse,62172,1,1,,
227,0,Husk,T3/1,MOVING,30.189,4.000,0.500,"GoalBlock{x=30,y=4,z=0}",31,29,MovementTraverse,62172,1,1,,
228,0,Husk,T3/1,ARRIVED,30.342,4.000,0.500,,-1,-1,,62172,1,1,,CANCELED
229,0,Husk,T3/2,ARRIVED,0.500,4.000,12.500,,-1,-1,,62172,1,1,,CANCELED|CANCELED
230,0,Husk,T3/2,ARRIVED,0.500,4.000,12.500,,-1,-1,,62172,1,1,,
231,0,Husk,T3/2,ARRIVED,0.500,4.000,12.500,,-1,-1,,62172,1,1,,
232,0,Husk,T3/2,ARRIVED,0.500,4.000,12.500,,-1,-1,,62172,1,1,,
233,0,Husk,T3/2,ARRIVED,0.500,4.000,12.500,,-1,-1,,62172,1,1,,
234,0,Husk,T3/2,ARRIVED,0.500,4.000,12.500,,-1,-1,,62172,1,1,,
235,0,Husk,T3/2,ARRIVED,0.500,4.000,12.500,,-1,-1,,62172,1,1,,
236,0,Husk,T3/2,ARRIVED,0.500,4.000,12.500,,-1,-1,,62172,1,1,,
237,0,Husk,T3/2,ARRIVED,0.500,4.000,12.500,,-1,-1,,62172,1,1,,
238,0,Husk,T3/2,ARRIVED,0.500,4.000,12.500,,-1,-1,,62172,1,1,,
239,0,Husk,T3/2,SEARCHING,0.500,4.000,12.500,"GoalBlock{x=20,y=4,z=12}",-1,-1,,62172,2,2,,CALC_STARTED
240,0,Husk,T3/2,MOVING,0.627,4.000,12.500,"GoalBlock{x=20,y=4,z=12}",21,0,MovementTraverse,3182,2,2,,CALC_FINISHED_NOW_EXECUTING
241,0,Husk,T3/2,MOVING,0.824,4.000,12.500,"GoalBlock{x=20,y=4,z=12}",21,0,MovementTraverse,3182,2,2,,
242,0,Husk,T3/2,MOVING,1.059,4.000,12.500,"GoalBlock{x=20,y=4,z=12}",21,0,MovementTraverse,3182,2,2,,
243,0,Husk,T3/2,MOVING,1.315,4.000,12.500,"GoalBlock{x=20,y=4,z=12}",21,1,MovementTraverse,3182,2,2,,
244,0,Husk,T3/2,MOVING,1.582,4.000,12.500,"GoalBlock{x=20,y=4,z=12}",21,1,MovementTraverse,3182,2,2,,
245,0,Husk,T3/2,MOVING,1.855,4.000,12.500,"GoalBlock{x=20,y=4,z=12}",21,1,MovementTraverse,3182,2,2,,
246,0,Husk,T3/2,MOVING,2.132,4.000,12.500,"GoalBlock{x=20,y=4,z=12}",21,1,MovementTraverse,3182,2,2,,
247,0,Husk,T3/2,MOVING,2.410,4.000,12.500,"GoalBlock{x=20,y=4,z=12}",21,2,MovementTraverse,3182,2,2,,
248,0,Husk,T3/2,MOVING,2.690,4.000,12.500,"GoalBlock{x=20,y=4,z=12}",21,2,MovementTraverse,3182,2,2,,
249,0,Husk,T3/2,MOVING,2.969,4.000,12.500,"GoalBlock{x=20,y=4,z=12}",21,2,MovementTraverse,3182,2,2,,
250,0,Husk,T3/2,MOVING,3.250,4.000,12.500,"GoalBlock{x=20,y=4,z=12}",21,2,MovementTraverse,3182,2,2,,
251,0,Husk,T3/2,MOVING,3.530,4.000,12.500,"GoalBlock{x=20,y=4,z=12}",21,3,MovementTraverse,3182,2,2,,
252,0,Husk,T3/2,MOVING,3.811,4.000,12.500,"GoalBlock{x=20,y=4,z=12}",21,3,MovementTraverse,3182,2,2,,
253,0,Husk,T3/2,MOVING,4.091,4.000,12.500,"GoalBlock{x=20,y=4,z=12}",21,3,MovementTraverse,3182,2,2,,
254,0,Husk,T3/2,MOVING,4.372,4.000,12.500,"GoalBlock{x=20,y=4,z=12}",21,4,MovementTraverse,3182,2,2,,
255,0,Husk,T3/2,MOVING,4.652,4.000,12.500,"GoalBlock{x=20,y=4,z=12}",21,4,MovementTraverse,3182,2,2,,
256,0,Husk,T3/2,MOVING,4.933,4.000,12.500,"GoalBlock{x=20,y=4,z=12}",21,4,MovementTraverse,3182,2,2,,
257,0,Husk,T3/2,MOVING,5.214,4.000,12.500,"GoalBlock{x=20,y=4,z=12}",21,4,MovementTraverse,3182,2,2,,
258,0,Husk,T3/2,MOVING,5.494,4.000,12.500,"GoalBlock{x=20,y=4,z=12}",21,5,MovementTraverse,3182,2,2,,
259,0,Husk,T3/2,MOVING,5.775,4.000,12.500,"GoalBlock{x=20,y=4,z=12}",21,5,MovementTraverse,3182,2,2,,
260,0,Husk,T3/2,MOVING,6.055,4.000,12.500,"GoalBlock{x=20,y=4,z=12}",21,5,MovementTraverse,3182,2,2,,
261,0,Husk,T3/2,MOVING,6.319,4.000,12.564,"GoalBlock{x=20,y=4,z=12}",21,6,MovementDiagonal,3182,2,2,,
262,0,Husk,T3/2,MOVING,6.563,4.000,12.678,"GoalBlock{x=20,y=4,z=12}",21,6,MovementDiagonal,3182,2,2,,
263,0,Husk,T3/2,MOVING,6.792,4.000,12.824,"GoalBlock{x=20,y=4,z=12}",21,6,MovementDiagonal,3182,2,2,,
264,0,Husk,T3/2,MOVING,7.009,4.000,12.992,"GoalBlock{x=20,y=4,z=12}",21,6,MovementDiagonal,3182,2,2,,
265,0,Husk,T3/2,MOVING,7.216,4.000,13.175,"GoalBlock{x=20,y=4,z=12}",21,6,MovementDiagonal,3182,2,2,,
266,0,Husk,T3/2,MOVING,7.417,4.000,13.366,"GoalBlock{x=20,y=4,z=12}",21,7,MovementDiagonal,3182,2,2,,
267,0,Husk,T3/2,MOVING,7.616,4.000,13.563,"GoalBlock{x=20,y=4,z=12}",21,7,MovementDiagonal,3182,2,2,,
268,0,Husk,T3/2,MOVING,7.811,4.000,13.763,"GoalBlock{x=20,y=4,z=12}",21,7,MovementDiagonal,3182,2,2,,
269,0,Husk,T3/2,MOVING,8.005,4.000,13.965,"GoalBlock{x=20,y=4,z=12}",21,7,MovementDiagonal,3182,2,2,,
270,0,Husk,T3/2,MOVING,8.197,4.000,14.169,"GoalBlock{x=20,y=4,z=12}",21,7,MovementDiagonal,3182,2,2,,
271,0,Husk,T3/2,MOVING,8.392,4.000,14.372,"GoalBlock{x=20,y=4,z=12}",21,8,MovementDiagonal,3182,2,2,,
272,0,Husk,T3/2,MOVING,8.587,4.000,14.573,"GoalBlock{x=20,y=4,z=12}",21,8,MovementDiagonal,3182,2,2,,
273,0,Husk,T3/2,MOVING,8.783,4.000,14.774,"GoalBlock{x=20,y=4,z=12}",21,8,MovementDiagonal,3182,2,2,,
274,0,Husk,T3/2,MOVING,8.979,4.000,14.974,"GoalBlock{x=20,y=4,z=12}",21,8,MovementDiagonal,3182,2,2,,
275,0,Husk,T3/2,MOVING,9.176,4.000,15.174,"GoalBlock{x=20,y=4,z=12}",21,8,MovementDiagonal,3182,2,2,,
276,0,Husk,T3/2,MOVING,9.407,4.000,15.317,"GoalBlock{x=20,y=4,z=12}",21,9,MovementTraverse,3182,2,2,,
277,0,Husk,T3/2,MOVING,9.658,4.000,15.416,"GoalBlock{x=20,y=4,z=12}",21,9,MovementTraverse,3182,2,2,,
278,0,Husk,T3/2,MOVING,9.922,4.000,15.482,"GoalBlock{x=20,y=4,z=12}",21,9,MovementTraverse,3182,2,2,,
279,0,Husk,T3/2,MOVING,10.194,4.000,15.523,"GoalBlock{x=20,y=4,z=12}",21,9,MovementTraverse,3182,2,2,,
280,0,Husk,T3/2,MOVING,10.469,4.000,15.543,"GoalBlock{x=20,y=4,z=12}",21,10,MovementTraverse,3182,2,2,,
281,0,Husk,T3/2,MOVING,10.747,4.000,15.548,"GoalBlock{x=20,y=4,z=12}",21,10,MovementTraverse,3182,2,2,,
282,0,Husk,T3/2,MOVING,11.026,4.000,15.543,"GoalBlock{x=20,y=4,z=12}",21,10,MovementTraverse,3182,2,2,,
283,0,Husk,T3/2,MOVING,11.306,4.000,15.539,"GoalBlock{x=20,y=4,z=12}",21,11,MovementTraverse,3182,2,2,,
284,0,Husk,T3/2,MOVING,11.586,4.000,15.535,"GoalBlock{x=20,y=4,z=12}",21,11,MovementTraverse,3182,2,2,,
285,0,Husk,T3/2,MOVING,11.866,4.000,15.530,"GoalBlock{x=20,y=4,z=12}",21,11,MovementTraverse,3182,2,2,,
286,0,Husk,T3/2,MOVING,12.146,4.000,15.524,"GoalBlock{x=20,y=4,z=12}",21,11,MovementTraverse,3182,2,2,,
287,0,Husk,T3/2,MOVING,12.426,4.000,15.519,"GoalBlock{x=20,y=4,z=12}",21,12,MovementTraverse,3182,2,2,,
288,0,Husk,T3/2,MOVING,12.707,4.000,15.513,"GoalBlock{x=20,y=4,z=12}",21,12,MovementTraverse,3182,2,2,,
289,0,Husk,T3/2,MOVING,12.987,4.000,15.511,"GoalBlock{x=20,y=4,z=12}",21,12,MovementTraverse,3182,2,2,,
290,0,Husk,T3/2,MOVING,13.268,4.000,15.508,"GoalBlock{x=20,y=4,z=12}",21,12,MovementTraverse,3182,2,2,,
291,0,Husk,T3/2,MOVING,13.548,4.000,15.508,"GoalBlock{x=20,y=4,z=12}",21,13,MovementTraverse,3182,2,2,,
292,0,Husk,T3/2,MOVING,13.829,4.000,15.507,"GoalBlock{x=20,y=4,z=12}",21,13,MovementTraverse,3182,2,2,,
293,0,Husk,T3/2,MOVING,14.110,4.000,15.505,"GoalBlock{x=20,y=4,z=12}",21,13,MovementTraverse,3182,2,2,,
294,0,Husk,T3/2,MOVING,14.390,4.000,15.505,"GoalBlock{x=20,y=4,z=12}",21,14,MovementTraverse,3182,2,2,,
295,0,Husk,T3/2,MOVING,14.671,4.000,15.504,"GoalBlock{x=20,y=4,z=12}",21,14,MovementTraverse,3182,2,2,,
296,0,Husk,T3/2,MOVING,14.951,4.000,15.504,"GoalBlock{x=20,y=4,z=12}",21,14,MovementTraverse,3182,2,2,,
297,0,Husk,T3/2,MOVING,15.232,4.000,15.503,"GoalBlock{x=20,y=4,z=12}",21,14,MovementTraverse,3182,2,2,,
298,0,Husk,T3/2,MOVING,15.513,4.000,15.503,"GoalBlock{x=20,y=4,z=12}",21,15,MovementTraverse,3182,2,2,,
299,0,Husk,T3/2,MOVING,15.793,4.000,15.502,"GoalBlock{x=20,y=4,z=12}",21,15,MovementTraverse,3182,2,2,,
300,0,Husk,T3/2,MOVING,16.074,4.000,15.502,"GoalBlock{x=20,y=4,z=12}",21,15,MovementTraverse,3182,2,2,,
301,0,Husk,T3/2,MOVING,16.354,4.000,15.502,"GoalBlock{x=20,y=4,z=12}",21,16,MovementTraverse,3182,2,2,,
302,0,Husk,T3/2,MOVING,16.635,4.000,15.501,"GoalBlock{x=20,y=4,z=12}",21,16,MovementTraverse,3182,2,2,,
303,0,Husk,T3/2,MOVING,16.916,4.000,15.501,"GoalBlock{x=20,y=4,z=12}",21,16,MovementTraverse,3182,2,2,,
304,0,Husk,T3/2,MOVING,17.196,4.000,15.501,"GoalBlock{x=20,y=4,z=12}",21,16,MovementTraverse,3182,2,2,,
305,0,Husk,T3/2,MOVING,17.460,4.000,15.437,"GoalBlock{x=20,y=4,z=12}",21,17,MovementDiagonal,3182,2,2,,
306,0,Husk,T3/2,MOVING,17.698,4.000,15.317,"GoalBlock{x=20,y=4,z=12}",21,17,MovementDiagonal,3182,2,2,,
307,0,Husk,T3/2,MOVING,17.918,4.000,15.160,"GoalBlock{x=20,y=4,z=12}",21,17,MovementDiagonal,3182,2,2,,
308,0,Husk,T3/2,MOVING,18.122,4.000,14.979,"GoalBlock{x=20,y=4,z=12}",21,17,MovementDiagonal,3182,2,2,,
309,0,Husk,T3/2,MOVING,18.320,4.000,14.787,"GoalBlock{x=20,y=4,z=12}",21,18,MovementDiagonal,3182,2,2,,
310,0,Husk,T3/2,MOVING,18.514,4.000,14.589,"GoalBlock{x=20,y=4,z=12}",21,18,MovementDiagonal,3182,2,2,,
311,0,Husk,T3/2,MOVING,18.706,4.000,14.386,"GoalBlock{x=20,y=4,z=12}",21,18,MovementDiagonal,3182,2,2,,
312,0,Husk,T3/2,MOVING,18.896,4.000,14.180,"GoalBlock{x=20,y=4,z=12}",21,18,MovementDiagonal,3182,2,2,,
313,0,Husk,T3/2,MOVING,19.084,4.000,13.972,"GoalBlock{x=20,y=4,z=12}",21,18,MovementDiagonal,3182,2,2,,
314,0,Husk,T3/2,MOVING,19.275,4.000,13.767,"GoalBlock{x=20,y=4,z=12}",21,19,MovementDiagonal,3182,2,2,,
315,0,Husk,T3/2,MOVING,19.468,4.000,13.564,"GoalBlock{x=20,y=4,z=12}",21,19,MovementDiagonal,3182,2,2,,
316,0,Husk,T3/2,MOVING,19.662,4.000,13.361,"GoalBlock{x=20,y=4,z=12}",21,19,MovementDiagonal,3182,2,2,,
317,0,Husk,T3/2,MOVING,19.857,4.000,13.159,"GoalBlock{x=20,y=4,z=12}",21,19,MovementDiagonal,3182,2,2,,
318,0,Husk,T3/2,MOVING,20.052,4.000,12.958,"GoalBlock{x=20,y=4,z=12}",21,19,MovementDiagonal,3182,2,2,,
319,0,Husk,T3/2,ARRIVED,20.159,4.000,12.848,,-1,-1,,3182,2,2,,CANCELED
320,0,Husk,T3/3,ARRIVED,0.500,4.000,24.500,,-1,-1,,3182,2,2,,CANCELED|CANCELED
321,0,Husk,T3/3,ARRIVED,0.500,4.000,24.500,,-1,-1,,3182,2,2,,
322,0,Husk,T3/3,ARRIVED,0.500,4.000,24.500,,-1,-1,,3182,2,2,,
323,0,Husk,T3/3,ARRIVED,0.500,4.000,24.500,,-1,-1,,3182,2,2,,
324,0,Husk,T3/3,ARRIVED,0.500,4.000,24.500,,-1,-1,,3182,2,2,,
325,0,Husk,T3/3,ARRIVED,0.500,4.000,24.500,,-1,-1,,3182,2,2,,
326,0,Husk,T3/3,ARRIVED,0.500,4.000,24.500,,-1,-1,,3182,2,2,,
327,0,Husk,T3/3,ARRIVED,0.500,4.000,24.500,,-1,-1,,3182,2,2,,
328,0,Husk,T3/3,ARRIVED,0.500,4.000,24.500,,-1,-1,,3182,2,2,,
329,0,Husk,T3/3,ARRIVED,0.500,4.000,24.500,,-1,-1,,3182,2,2,,
330,0,Husk,T3/3,SEARCHING,0.500,4.000,24.500,"GoalBlock{x=15,y=7,z=24}",-1,-1,,3182,3,3,,CALC_STARTED
331,0,Husk,T3/3,MOVING,0.627,4.000,24.500,"GoalBlock{x=15,y=7,z=24}",16,0,MovementTraverse,817,3,3,,CALC_FINISHED_NOW_EXECUTING
332,0,Husk,T3/3,MOVING,0.824,4.000,24.500,"GoalBlock{x=15,y=7,z=24}",16,0,MovementTraverse,817,3,3,,
333,0,Husk,T3/3,MOVING,1.059,4.000,24.500,"GoalBlock{x=15,y=7,z=24}",16,0,MovementTraverse,817,3,3,,
334,0,Husk,T3/3,MOVING,1.315,4.000,24.500,"GoalBlock{x=15,y=7,z=24}",16,1,MovementTraverse,817,3,3,,
335,0,Husk,T3/3,MOVING,1.582,4.000,24.500,"GoalBlock{x=15,y=7,z=24}",16,1,MovementTraverse,817,3,3,,
336,0,Husk,T3/3,MOVING,1.855,4.000,24.500,"GoalBlock{x=15,y=7,z=24}",16,1,MovementTraverse,817,3,3,,
337,0,Husk,T3/3,MOVING,2.132,4.000,24.500,"GoalBlock{x=15,y=7,z=24}",16,1,MovementTraverse,817,3,3,,
338,0,Husk,T3/3,MOVING,2.410,4.000,24.500,"GoalBlock{x=15,y=7,z=24}",16,2,MovementTraverse,817,3,3,,
339,0,Husk,T3/3,MOVING,2.690,4.000,24.500,"GoalBlock{x=15,y=7,z=24}",16,2,MovementTraverse,817,3,3,,
340,0,Husk,T3/3,MOVING,2.969,4.000,24.500,"GoalBlock{x=15,y=7,z=24}",16,2,MovementTraverse,817,3,3,,
341,0,Husk,T3/3,MOVING,3.250,4.000,24.500,"GoalBlock{x=15,y=7,z=24}",16,2,MovementTraverse,817,3,3,,
342,0,Husk,T3/3,MOVING,3.530,4.000,24.500,"GoalBlock{x=15,y=7,z=24}",16,3,MovementTraverse,817,3,3,,
343,0,Husk,T3/3,MOVING,3.811,4.000,24.500,"GoalBlock{x=15,y=7,z=24}",16,3,MovementTraverse,817,3,3,,
344,0,Husk,T3/3,MOVING,4.091,4.000,24.500,"GoalBlock{x=15,y=7,z=24}",16,3,MovementTraverse,817,3,3,,
345,0,Husk,T3/3,MOVING,4.342,4.420,24.500,"GoalBlock{x=15,y=7,z=24}",16,4,MovementAscend,817,3,3,,
346,0,Husk,T3/3,MOVING,4.499,4.753,24.500,"GoalBlock{x=15,y=7,z=24}",16,4,MovementAscend,817,3,3,,
347,0,Husk,T3/3,MOVING,4.661,5.001,24.500,"GoalBlock{x=15,y=7,z=24}",16,4,MovementAscend,817,3,3,,
348,0,Husk,T3/3,MOVING,4.829,5.166,24.500,"GoalBlock{x=15,y=7,z=24}",16,4,MovementAscend,817,3,3,,
349,0,Husk,T3/3,MOVING,5.000,5.249,24.500,"GoalBlock{x=15,y=7,z=24}",16,4,MovementAscend,817,3,3,,
350,0,Husk,T3/3,MOVING,5.182,5.252,24.500,"GoalBlock{x=15,y=7,z=24}",16,5,MovementTraverse,817,3,3,,
351,0,Husk,T3/3,MOVING,5.373,5.177,24.500,"GoalBlock{x=15,y=7,z=24}",16,5,MovementTraverse,817,3,3,,
352,0,Husk,T3/3,MOVING,5.572,5.024,24.500,"GoalBlock{x=15,y=7,z=24}",16,5,MovementTraverse,817,3,3,,
353,0,Husk,T3/3,MOVING,5.779,5.000,24.500,"GoalBlock{x=15,y=7,z=24}",16,5,MovementTraverse,817,3,3,,
354,0,Husk,T3/3,MOVING,6.095,5.000,24.500,"GoalBlock{x=15,y=7,z=24}",16,5,MovementTraverse,817,3,3,,
355,0,Husk,T3/3,MOVING,6.394,5.000,24.500,"GoalBlock{x=15,y=7,z=24}",16,6,MovementTraverse,817,3,3,,
356,0,Husk,T3/3,MOVING,6.685,5.000,24.500,"GoalBlock{x=15,y=7,z=24}",16,6,MovementTraverse,817,3,3,,
357,0,Husk,T3/3,MOVING,6.972,5.000,24.500,"GoalBlock{x=15,y=7,z=24}",16,6,MovementTraverse,817,3,3,,
358,0,Husk,T3/3,MOVING,7.255,5.000,24.500,"GoalBlock{x=15,y=7,z=24}",16,6,MovementTraverse,817,3,3,,
359,0,Husk,T3/3,MOVING,7.508,5.420,24.500,"GoalBlock{x=15,y=7,z=24}",16,7,MovementAscend,817,3,3,,
360,0,Husk,T3/3,MOVING,7.666,5.753,24.500,"GoalBlock{x=15,y=7,z=24}",16,7,MovementAscend,817,3,3,,
361,0,Husk,T3/3,MOVING,7.829,6.001,24.500,"GoalBlock{x=15,y=7,z=24}",16,7,MovementAscend,817,3,3,,
362,0,Husk,T3/3,MOVING,7.997,6.166,24.500,"GoalBlock{x=15,y=7,z=24}",16,7,MovementAscend,817,3,3,,
363,0,Husk,T3/3,MOVING,8.170,6.249,24.500,"GoalBlock{x=15,y=7,z=24}",16,7,MovementAscend,817,3,3,,
364,0,Husk,T3/3,MOVING,8.352,6.252,24.500,"GoalBlock{x=15,y=7,z=24}",16,8,MovementTraverse,817,3,3,,
365,0,Husk,T3/3,MOVING,8.544,6.177,24.500,"GoalBlock{x=15,y=7,z=24}",16,8,MovementTraverse,817,3,3,,
366,0,Husk,T3/3,MOVING,8.743,6.024,24.500,"GoalBlock{x=15,y=7,z=24}",16,8,MovementTraverse,817,3,3,,
367,0,Husk,T3/3,MOVING,8.951,6.000,24.500,"GoalBlock{x=15,y=7,z=24}",16,8,MovementTraverse,817,3,3,,
368,0,Husk,T3/3,MOVING,9.267,6.000,24.500,"GoalBlock{x=15,y=7,z=24}",16,8,MovementTraverse,817,3,3,,
369,0,Husk,T3/3,MOVING,9.567,6.000,24.500,"GoalBlock{x=15,y=7,z=24}",16,9,MovementTraverse,817,3,3,,
370,0,Husk,T3/3,MOVING,9.858,6.000,24.500,"GoalBlock{x=15,y=7,z=24}",16,9,MovementTraverse,817,3,3,,
371,0,Husk,T3/3,MOVING,10.144,6.000,24.500,"GoalBlock{x=15,y=7,z=24}",16,9,MovementTraverse,817,3,3,,
372,0,Husk,T3/3,MOVING,10.399,6.420,24.500,"GoalBlock{x=15,y=7,z=24}",16,10,MovementAscend,817,3,3,,
373,0,Husk,T3/3,MOVING,10.557,6.753,24.500,"GoalBlock{x=15,y=7,z=24}",16,10,MovementAscend,817,3,3,,
374,0,Husk,T3/3,MOVING,10.721,7.001,24.500,"GoalBlock{x=15,y=7,z=24}",16,10,MovementAscend,817,3,3,,
375,0,Husk,T3/3,MOVING,10.889,7.166,24.500,"GoalBlock{x=15,y=7,z=24}",16,10,MovementAscend,817,3,3,,
376,0,Husk,T3/3,MOVING,11.063,7.249,24.500,"GoalBlock{x=15,y=7,z=24}",16,10,MovementAscend,817,3,3,,
377,0,Husk,T3/3,MOVING,11.246,7.252,24.500,"GoalBlock{x=15,y=7,z=24}",16,11,MovementTraverse,817,3,3,,
378,0,Husk,T3/3,MOVING,11.438,7.177,24.500,"GoalBlock{x=15,y=7,z=24}",16,11,MovementTraverse,817,3,3,,
379,0,Husk,T3/3,MOVING,11.638,7.024,24.500,"GoalBlock{x=15,y=7,z=24}",16,11,MovementTraverse,817,3,3,,
380,0,Husk,T3/3,MOVING,11.845,7.000,24.500,"GoalBlock{x=15,y=7,z=24}",16,11,MovementTraverse,817,3,3,,
381,0,Husk,T3/3,MOVING,12.162,7.000,24.500,"GoalBlock{x=15,y=7,z=24}",16,11,MovementTraverse,817,3,3,,
382,0,Husk,T3/3,MOVING,12.462,7.000,24.500,"GoalBlock{x=15,y=7,z=24}",16,12,MovementTraverse,817,3,3,,
383,0,Husk,T3/3,MOVING,12.753,7.000,24.500,"GoalBlock{x=15,y=7,z=24}",16,12,MovementTraverse,817,3,3,,
384,0,Husk,T3/3,MOVING,13.040,7.000,24.500,"GoalBlock{x=15,y=7,z=24}",16,12,MovementTraverse,817,3,3,,
385,0,Husk,T3/3,MOVING,13.323,7.000,24.500,"GoalBlock{x=15,y=7,z=24}",16,13,MovementTraverse,817,3,3,,
386,0,Husk,T3/3,MOVING,13.606,7.000,24.500,"GoalBlock{x=15,y=7,z=24}",16,13,MovementTraverse,817,3,3,,
387,0,Husk,T3/3,MOVING,13.887,7.000,24.500,"GoalBlock{x=15,y=7,z=24}",16,13,MovementTraverse,817,3,3,,
388,0,Husk,T3/3,MOVING,14.169,7.000,24.500,"GoalBlock{x=15,y=7,z=24}",16,13,MovementTraverse,817,3,3,,
389,0,Husk,T3/3,MOVING,14.449,7.000,24.500,"GoalBlock{x=15,y=7,z=24}",16,14,MovementTraverse,817,3,3,,
390,0,Husk,T3/3,MOVING,14.730,7.000,24.500,"GoalBlock{x=15,y=7,z=24}",16,14,MovementTraverse,817,3,3,,
391,0,Husk,T3/3,MOVING,15.011,7.000,24.500,"GoalBlock{x=15,y=7,z=24}",16,14,MovementTraverse,817,3,3,,
392,0,Husk,T3/3,ARRIVED,15.164,7.000,24.500,,-1,-1,,817,3,3,,CANCELED
393,0,Husk,T3/4,ARRIVED,3.500,8.000,36.500,,-1,-1,,817,3,3,,CANCELED|CANCELED
394,0,Husk,T3/4,ARRIVED,3.500,8.000,36.500,,-1,-1,,817,3,3,,
395,0,Husk,T3/4,ARRIVED,3.500,8.000,36.500,,-1,-1,,817,3,3,,
396,0,Husk,T3/4,ARRIVED,3.500,8.000,36.500,,-1,-1,,817,3,3,,
397,0,Husk,T3/4,ARRIVED,3.500,8.000,36.500,,-1,-1,,817,3,3,,
398,0,Husk,T3/4,ARRIVED,3.500,8.000,36.500,,-1,-1,,817,3,3,,
399,0,Husk,T3/4,ARRIVED,3.500,8.000,36.500,,-1,-1,,817,3,3,,
400,0,Husk,T3/4,ARRIVED,3.500,8.000,36.500,,-1,-1,,817,3,3,,
401,0,Husk,T3/4,ARRIVED,3.500,8.000,36.500,,-1,-1,,817,3,3,,
402,0,Husk,T3/4,ARRIVED,3.500,8.000,36.500,,-1,-1,,817,3,3,,
403,0,Husk,T3/4,SEARCHING,3.500,8.000,36.500,"GoalBlock{x=12,y=4,z=36}",-1,-1,,817,4,4,,CALC_STARTED
404,0,Husk,T3/4,MOVING,3.627,8.000,36.500,"GoalBlock{x=12,y=4,z=36}",11,0,MovementTraverse,933,4,4,,CALC_FINISHED_NOW_EXECUTING
405,0,Husk,T3/4,MOVING,3.824,8.000,36.500,"GoalBlock{x=12,y=4,z=36}",11,0,MovementTraverse,933,4,4,,
406,0,Husk,T3/4,MOVING,4.059,8.000,36.500,"GoalBlock{x=12,y=4,z=36}",11,0,MovementTraverse,933,4,4,,
407,0,Husk,T3/4,MOVING,4.298,8.000,36.436,"GoalBlock{x=12,y=4,z=36}",11,1,MovementDiagonal,933,4,4,,
408,0,Husk,T3/4,MOVING,4.529,8.000,36.323,"GoalBlock{x=12,y=4,z=36}",11,1,MovementDiagonal,933,4,4,,
409,0,Husk,T3/4,MOVING,4.752,8.000,36.179,"GoalBlock{x=12,y=4,z=36}",11,1,MovementDiagonal,933,4,4,,
410,0,Husk,T3/4,MOVING,4.968,8.000,36.015,"GoalBlock{x=12,y=4,z=36}",11,1,MovementDiagonal,933,4,4,,
411,0,Husk,T3/4,MOVING,5.178,8.000,35.837,"GoalBlock{x=12,y=4,z=36}",11,1,MovementDiagonal,933,4,4,,
412,0,Husk,T3/4,MOVING,5.382,8.000,35.649,"GoalBlock{x=12,y=4,z=36}",11,2,MovementDiagonal,933,4,4,,
413,0,Husk,T3/4,MOVING,5.582,8.000,35.455,"GoalBlock{x=12,y=4,z=36}",11,2,MovementDiagonal,933,4,4,,
414,0,Husk,T3/4,MOVING,5.780,8.000,35.257,"GoalBlock{x=12,y=4,z=36}",11,2,MovementDiagonal,933,4,4,,
415,0,Husk,T3/4,MOVING,5.975,8.000,35.057,"GoalBlock{x=12,y=4,z=36}",11,2,MovementDiagonal,933,4,4,,
416,0,Husk,T3/4,MOVING,6.170,8.000,34.855,"GoalBlock{x=12,y=4,z=36}",11,2,MovementDiagonal,933,4,4,,
417,0,Husk,T3/4,MOVING,6.301,8.000,34.650,"GoalBlock{x=12,y=4,z=36}",11,3,MovementFall,933,4,4,,
418,0,Husk,T3/4,MOVING,6.392,8.000,34.442,"GoalBlock{x=12,y=4,z=36}",11,3,MovementFall,933,4,4,,
419,0,Husk,T3/4,MOVING,6.454,8.000,34.231,"GoalBlock{x=12,y=4,z=36}",11,3,MovementFall,933,4,4,,
420,0,Husk,T3/4,MOVING,6.495,8.000,34.018,"GoalBlock{x=12,y=4,z=36}",11,3,MovementFall,933,4,4,,
421,0,Husk,T3/4,MOVING,6.519,8.000,33.804,"GoalBlock{x=12,y=4,z=36}",11,3,MovementFall,933,4,4,,
422,0,Husk,T3/4,MOVING,6.522,7.922,33.590,"GoalBlock{x=12,y=4,z=36}",11,3,MovementFall,933,4,4,,
423,0,Husk,T3/4,MOVING,6.522,7.766,33.472,"GoalBlock{x=12,y=4,z=36}",11,3,MovementFall,933,4,4,,
424,0,Husk,T3/4,MOVING,6.504,7.536,33.358,"GoalBlock{x=12,y=4,z=36}",11,3,MovementFall,933,4,4,,
425,0,Husk,T3/4,MOVING,6.468,7.232,33.256,"GoalBlock{x=12,y=4,z=36}",11,3,MovementFall,933,4,4,,
426,0,Husk,T3/4,MOVING,6.420,6.855,33.175,"GoalBlock{x=12,y=4,z=36}",11,3,MovementFall,933,4,4,,
427,0,Husk,T3/4,MOVING,6.373,6.407,33.106,"GoalBlock{x=12,y=4,z=36}",11,3,MovementFall,933,4,4,,
428,0,Husk,T3/4,MOVING,6.332,6.000,33.049,"GoalBlock{x=12,y=4,z=36}",11,3,MovementFall,933,4,4,,
429,0,Husk,T3/4,MOVING,6.351,6.000,33.077,"GoalBlock{x=12,y=4,z=36}",11,4,MovementFall,933,4,4,,
430,0,Husk,T3/4,MOVING,6.452,6.000,33.132,"GoalBlock{x=12,y=4,z=36}",11,4,MovementFall,933,4,4,,
431,0,Husk,T3/4,MOVING,6.598,6.000,33.198,"GoalBlock{x=12,y=4,z=36}",11,4,MovementFall,933,4,4,,
432,0,Husk,T3/4,MOVING,6.769,6.000,33.270,"GoalBlock{x=12,y=4,z=36}",11,4,MovementFall,933,4,4,,
433,0,Husk,T3/4,MOVING,6.954,6.000,33.344,"GoalBlock{x=12,y=4,z=36}",11,4,MovementFall,933,4,4,,
434,0,Husk,T3/4,MOVING,7.147,6.000,33.418,"GoalBlock{x=12,y=4,z=36}",11,4,MovementFall,933,4,4,,
435,0,Husk,T3/4,MOVING,7.344,5.922,33.492,"GoalBlock{x=12,y=4,z=36}",11,4,MovementFall,933,4,4,,
436,0,Husk,T3/4,MOVING,7.452,5.766,33.532,"GoalBlock{x=12,y=4,z=36}",11,4,MovementFall,933,4,4,,
437,0,Husk,T3/4,MOVING,7.550,5.536,33.569,"GoalBlock{x=12,y=4,z=36}",11,4,MovementFall,933,4,4,,
438,0,Husk,T3/4,MOVING,7.653,5.232,33.588,"GoalBlock{x=12,y=4,z=36}",11,4,MovementFall,933,4,4,,
439,0,Husk,T3/4,MOVING,7.752,4.855,33.587,"GoalBlock{x=12,y=4,z=36}",11,4,MovementFall,933,4,4,,
440,0,Husk,T3/4,MOVING,7.841,4.407,33.581,"GoalBlock{x=12,y=4,z=36}",11,4,MovementFall,933,4,4,,
441,0,Husk,T3/4,MOVING,7.917,4.000,33.572,"GoalBlock{x=12,y=4,z=36}",11,4,MovementFall,933,4,4,,
442,0,Husk,T3/4,MOVING,7.953,4.000,33.441,"GoalBlock{x=12,y=4,z=36}",11,5,MovementTraverse,933,4,4,,
443,0,Husk,T3/4,MOVING,8.005,4.000,33.246,"GoalBlock{x=12,y=4,z=36}",11,5,MovementTraverse,933,4,4,,
444,0,Husk,T3/4,MOVING,8.124,4.000,33.049,"GoalBlock{x=12,y=4,z=36}",11,6,MovementTraverse,933,4,4,,
445,0,Husk,T3/4,MOVING,8.311,4.000,32.908,"GoalBlock{x=12,y=4,z=36}",11,6,MovementTraverse,933,4,4,,
446,0,Husk,T3/4,MOVING,8.537,4.000,32.864,"GoalBlock{x=12,y=4,z=36}",11,6,MovementTraverse,933,4,4,,
447,0,Husk,T3/4,MOVING,8.766,4.000,32.910,"GoalBlock{x=12,y=4,z=36}",11,6,MovementTraverse,933,4,4,,
448,0,Husk,T3/4,MOVING,8.991,4.000,33.015,"GoalBlock{x=12,y=4,z=36}",11,6,MovementTraverse,933,4,4,,
449,0,Husk,T3/4,MOVING,9.206,4.000,33.160,"GoalBlock{x=12,y=4,z=36}",11,6,MovementTraverse,933,4,4,,
450,0,Husk,T3/4,MOVING,9.412,4.000,33.331,"GoalBlock{x=12,y=4,z=36}",11,7,MovementDiagonal,933,4,4,,
451,0,Husk,T3/4,MOVING,9.611,4.000,33.518,"GoalBlock{x=12,y=4,z=36}",11,7,MovementDiagonal,933,4,4,,
452,0,Husk,T3/4,MOVING,9.805,4.000,33.714,"GoalBlock{x=12,y=4,z=36}",11,7,MovementDiagonal,933,4,4,,
453,0,Husk,T3/4,MOVING,9.995,4.000,33.917,"GoalBlock{x=12,y=4,z=36}",11,7,MovementDiagonal,933,4,4,,
454,0,Husk,T3/4,MOVING,10.183,4.000,34.124,"GoalBlock{x=12,y=4,z=36}",11,7,MovementDiagonal,933,4,4,,
455,0,Husk,T3/4,MOVING,10.373,4.000,34.329,"GoalBlock{x=12,y=4,z=36}",11,8,MovementDiagonal,933,4,4,,
456,0,Husk,T3/4,MOVING,10.565,4.000,34.532,"GoalBlock{x=12,y=4,z=36}",11,8,MovementDiagonal,933,4,4,,
457,0,Husk,T3/4,MOVING,10.759,4.000,34.735,"GoalBlock{x=12,y=4,z=36}",11,8,MovementDiagonal,933,4,4,,
458,0,Husk,T3/4,MOVING,10.953,4.000,34.938,"GoalBlock{x=12,y=4,z=36}",11,8,MovementDiagonal,933,4,4,,
459,0,Husk,T3/4,MOVING,11.148,4.000,35.139,"GoalBlock{x=12,y=4,z=36}",11,8,MovementDiagonal,933,4,4,,
460,0,Husk,T3/4,MOVING,11.344,4.000,35.340,"GoalBlock{x=12,y=4,z=36}",11,9,MovementDiagonal,933,4,4,,
461,0,Husk,T3/4,MOVING,11.541,4.000,35.540,"GoalBlock{x=12,y=4,z=36}",11,9,MovementDiagonal,933,4,4,,
462,0,Husk,T3/4,MOVING,11.739,4.000,35.739,"GoalBlock{x=12,y=4,z=36}",11,9,MovementDiagonal,933,4,4,,
463,0,Husk,T3/4,MOVING,11.937,4.000,35.938,"GoalBlock{x=12,y=4,z=36}",11,9,MovementDiagonal,933,4,4,,
464,0,Husk,T3/4,MOVING,12.135,4.000,36.136,"GoalBlock{x=12,y=4,z=36}",11,9,MovementDiagonal,933,4,4,,
465,0,Husk,T3/4,ARRIVED,12.243,4.000,36.245,,-1,-1,,933,4,4,,CANCELED
466,0,Husk,T3/5,ARRIVED,0.500,4.000,48.500,,-1,-1,,933,4,4,,CANCELED|CANCELED
467,0,Husk,T3/5,ARRIVED,0.500,4.000,48.500,,-1,-1,,933,4,4,,
468,0,Husk,T3/5,ARRIVED,0.500,4.000,48.500,,-1,-1,,933,4,4,,
469,0,Husk,T3/5,ARRIVED,0.500,4.000,48.500,,-1,-1,,933,4,4,,
470,0,Husk,T3/5,ARRIVED,0.500,4.000,48.500,,-1,-1,,933,4,4,,
471,0,Husk,T3/5,ARRIVED,0.500,4.000,48.500,,-1,-1,,933,4,4,,
472,0,Husk,T3/5,ARRIVED,0.500,4.000,48.500,,-1,-1,,933,4,4,,
473,0,Husk,T3/5,ARRIVED,0.500,4.000,48.500,,-1,-1,,933,4,4,,
474,0,Husk,T3/5,ARRIVED,0.500,4.000,48.500,,-1,-1,,933,4,4,,
475,0,Husk,T3/5,ARRIVED,0.500,4.000,48.500,,-1,-1,,933,4,4,,
476,0,Husk,T3/5,SEARCHING,0.500,4.000,48.500,"GoalBlock{x=5,y=4,z=53}",-1,-1,,933,5,5,,CALC_STARTED
477,0,Husk,T3/5,MOVING,0.610,4.000,48.564,"GoalBlock{x=5,y=4,z=53}",7,0,MovementTraverse,463,5,5,,CALC_FINISHED_NOW_EXECUTING
478,0,Husk,T3/5,MOVING,0.734,4.000,48.709,"GoalBlock{x=5,y=4,z=53}",7,0,MovementTraverse,463,5,5,,
479,0,Husk,T3/5,MOVING,0.802,4.000,48.915,"GoalBlock{x=5,y=4,z=53}",7,0,MovementTraverse,463,5,5,,
480,0,Husk,T3/5,MOVING,0.780,4.000,49.141,"GoalBlock{x=5,y=4,z=53}",7,0,MovementTraverse,463,5,5,,
481,0,Husk,T3/5,MOVING,0.775,4.000,49.392,"GoalBlock{x=5,y=4,z=53}",7,1,MovementDiagonal,463,5,5,,
482,0,Husk,T3/5,MOVING,0.840,4.000,49.636,"GoalBlock{x=5,y=4,z=53}",7,1,MovementDiagonal,463,5,5,,
483,0,Husk,T3/5,MOVING,0.953,4.000,49.871,"GoalBlock{x=5,y=4,z=53}",7,1,MovementDiagonal,463,5,5,,
484,0,Husk,T3/5,MOVING,1.099,4.000,50.095,"GoalBlock{x=5,y=4,z=53}",7,1,MovementDiagonal,463,5,5,,
485,0,Husk,T3/5,MOVING,1.268,4.000,50.308,"GoalBlock{x=5,y=4,z=53}",7,2,MovementDiagonal,463,5,5,,
486,0,Husk,T3/5,MOVING,1.452,4.000,50.512,"GoalBlock{x=5,y=4,z=53}",7,2,MovementDiagonal,463,5,5,,
487,0,Husk,T3/5,MOVING,1.645,4.000,50.711,"GoalBlock{x=5,y=4,z=53}",7,2,MovementDiagonal,463,5,5,,
488,0,Husk,T3/5,MOVING,1.844,4.000,50.907,"GoalBlock{x=5,y=4,z=53}",7,2,MovementDiagonal,463,5,5,,
489,0,Husk,T3/5,MOVING,2.047,4.000,51.099,"GoalBlock{x=5,y=4,z=53}",7,2,MovementDiagonal,463,5,5,,
490,0,Husk,T3/5,MOVING,2.250,4.000,51.292,"GoalBlock{x=5,y=4,z=53}",7,3,MovementDiagonal,463,5,5,,
491,0,Husk,T3/5,MOVING,2.452,4.000,51.486,"GoalBlock{x=5,y=4,z=53}",7,3,MovementDiagonal,463,5,5,,
492,0,Husk,T3/5,MOVING,2.654,4.000,51.680,"GoalBlock{x=5,y=4,z=53}",7,3,MovementDiagonal,463,5,5,,
493,0,Husk,T3/5,MOVING,2.856,4.000,51.875,"GoalBlock{x=5,y=4,z=53}",7,3,MovementDiagonal,463,5,5,,
494,0,Husk,T3/5,MOVING,3.058,4.000,52.070,"GoalBlock{x=5,y=4,z=53}",7,3,MovementDiagonal,463,5,5,,
495,0,Husk,T3/5,MOVING,3.258,4.000,52.267,"GoalBlock{x=5,y=4,z=53}",7,4,MovementDiagonal,463,5,5,,
496,0,Husk,T3/5,MOVING,3.458,4.000,52.464,"GoalBlock{x=5,y=4,z=53}",7,4,MovementDiagonal,463,5,5,,
497,0,Husk,T3/5,MOVING,3.658,4.000,52.661,"GoalBlock{x=5,y=4,z=53}",7,4,MovementDiagonal,463,5,5,,
498,0,Husk,T3/5,MOVING,3.857,4.000,52.859,"GoalBlock{x=5,y=4,z=53}",7,4,MovementDiagonal,463,5,5,,
499,0,Husk,T3/5,MOVING,4.056,4.000,53.056,"GoalBlock{x=5,y=4,z=53}",7,4,MovementDiagonal,463,5,5,,
500,0,Husk,T3/5,MOVING,4.286,4.000,53.202,"GoalBlock{x=5,y=4,z=53}",7,5,MovementTraverse,463,5,5,,
501,0,Husk,T3/5,MOVING,4.536,4.000,53.312,"GoalBlock{x=5,y=4,z=53}",7,5,MovementTraverse,463,5,5,,
502,0,Husk,T3/5,MOVING,4.797,4.000,53.396,"GoalBlock{x=5,y=4,z=53}",7,5,MovementTraverse,463,5,5,,
503,0,Husk,T3/5,MOVING,5.066,4.000,53.461,"GoalBlock{x=5,y=4,z=53}",7,5,MovementTraverse,463,5,5,,
504,0,Husk,T3/5,ARRIVED,5.212,4.000,53.496,,-1,-1,,463,5,5,,CANCELED
505,0,Husk,T3/6,ARRIVED,0.500,4.000,60.500,,-1,-1,,463,5,5,,CANCELED|CANCELED
506,0,Husk,T3/6,ARRIVED,0.500,4.000,60.500,,-1,-1,,463,5,5,,
507,0,Husk,T3/6,ARRIVED,0.500,4.000,60.500,,-1,-1,,463,5,5,,
508,0,Husk,T3/6,ARRIVED,0.500,4.000,60.500,,-1,-1,,463,5,5,,
509,0,Husk,T3/6,ARRIVED,0.500,4.000,60.500,,-1,-1,,463,5,5,,
510,0,Husk,T3/6,ARRIVED,0.500,4.000,60.500,,-1,-1,,463,5,5,,
511,0,Husk,T3/6,ARRIVED,0.500,4.000,60.500,,-1,-1,,463,5,5,,
512,0,Husk,T3/6,ARRIVED,0.500,4.000,60.500,,-1,-1,,463,5,5,,
513,0,Husk,T3/6,ARRIVED,0.500,4.000,60.500,,-1,-1,,463,5,5,,
514,0,Husk,T3/6,ARRIVED,0.500,4.000,60.500,,-1,-1,,463,5,5,,
515,0,Husk,T3/6,SEARCHING,0.500,4.000,60.500,"GoalBlock{x=11,y=4,z=60}",-1,-1,,463,6,6,,CALC_STARTED
516,0,Husk,T3/6,MOVING,0.627,4.000,60.500,"GoalBlock{x=11,y=4,z=60}",12,0,MovementTraverse,280,6,6,,CALC_FINISHED_NOW_EXECUTING
517,0,Husk,T3/6,MOVING,0.824,4.000,60.500,"GoalBlock{x=11,y=4,z=60}",12,0,MovementTraverse,280,6,6,,
518,0,Husk,T3/6,MOVING,1.059,4.000,60.500,"GoalBlock{x=11,y=4,z=60}",12,0,MovementTraverse,280,6,6,,
519,0,Husk,T3/6,MOVING,1.315,4.000,60.500,"GoalBlock{x=11,y=4,z=60}",12,1,MovementTraverse,280,6,6,,
520,0,Husk,T3/6,MOVING,1.582,4.000,60.500,"GoalBlock{x=11,y=4,z=60}",12,1,MovementTraverse,280,6,6,,
521,0,Husk,T3/6,MOVING,1.855,4.000,60.500,"GoalBlock{x=11,y=4,z=60}",12,1,MovementTraverse,280,6,6,,
522,0,Husk,T3/6,MOVING,2.132,4.000,60.500,"GoalBlock{x=11,y=4,z=60}",12,1,MovementTraverse,280,6,6,,
523,0,Husk,T3/6,MOVING,2.410,4.000,60.500,"GoalBlock{x=11,y=4,z=60}",12,2,MovementTraverse,280,6,6,,
524,0,Husk,T3/6,MOVING,2.690,4.000,60.500,"GoalBlock{x=11,y=4,z=60}",12,2,MovementTraverse,280,6,6,,
525,0,Husk,T3/6,MOVING,2.969,4.000,60.500,"GoalBlock{x=11,y=4,z=60}",12,2,MovementTraverse,280,6,6,,
526,0,Husk,T3/6,MOVING,3.250,4.000,60.500,"GoalBlock{x=11,y=4,z=60}",12,2,MovementTraverse,280,6,6,,
527,0,Husk,T3/6,MOVING,3.530,4.000,60.500,"GoalBlock{x=11,y=4,z=60}",12,3,MovementTraverse,280,6,6,,
528,0,Husk,T3/6,MOVING,3.811,4.000,60.500,"GoalBlock{x=11,y=4,z=60}",12,3,MovementTraverse,280,6,6,,
529,0,Husk,T3/6,MOVING,4.091,4.000,60.500,"GoalBlock{x=11,y=4,z=60}",12,3,MovementTraverse,280,6,6,,
530,0,Husk,T3/6,MOVING,4.372,4.000,60.500,"GoalBlock{x=11,y=4,z=60}",12,4,MovementTraverse,280,6,6,,
531,0,Husk,T3/6,MOVING,4.652,4.000,60.500,"GoalBlock{x=11,y=4,z=60}",12,4,MovementTraverse,280,6,6,,
532,0,Husk,T3/6,MOVING,4.933,4.000,60.500,"GoalBlock{x=11,y=4,z=60}",12,4,MovementTraverse,280,6,6,,
533,0,Husk,T3/6,MOVING,5.214,4.000,60.500,"GoalBlock{x=11,y=4,z=60}",12,4,MovementTraverse,280,6,6,,
534,0,Husk,T3/6,MOVING,5.494,4.000,60.500,"GoalBlock{x=11,y=4,z=60}",12,5,MovementTraverse,280,6,6,,
535,0,Husk,T3/6,MOVING,5.775,4.000,60.500,"GoalBlock{x=11,y=4,z=60}",12,5,MovementTraverse,280,6,6,,
536,0,Husk,T3/6,MOVING,6.055,4.000,60.500,"GoalBlock{x=11,y=4,z=60}",12,5,MovementTraverse,280,6,6,,
537,0,Husk,T3/6,MOVING,6.336,4.000,60.500,"GoalBlock{x=11,y=4,z=60}",12,6,MovementTraverse,280,6,6,,
538,0,Husk,T3/6,MOVING,6.617,4.000,60.500,"GoalBlock{x=11,y=4,z=60}",12,6,MovementTraverse,280,6,6,,
539,0,Husk,T3/6,MOVING,6.897,4.000,60.500,"GoalBlock{x=11,y=4,z=60}",12,6,MovementTraverse,280,6,6,,
540,0,Husk,T3/6,MOVING,7.178,4.000,60.500,"GoalBlock{x=11,y=4,z=60}",12,6,MovementTraverse,280,6,6,,
541,0,Husk,T3/6,MOVING,7.459,4.000,60.500,"GoalBlock{x=11,y=4,z=60}",12,7,MovementTraverse,280,6,6,,
542,0,Husk,T3/6,MOVING,7.739,4.000,60.500,"GoalBlock{x=11,y=4,z=60}",12,7,MovementTraverse,280,6,6,,
543,0,Husk,T3/6,MOVING,8.020,4.000,60.500,"GoalBlock{x=11,y=4,z=60}",12,7,MovementTraverse,280,6,6,,
544,0,Husk,T3/6,MOVING,8.300,4.000,60.500,"GoalBlock{x=11,y=4,z=60}",12,8,MovementTraverse,280,6,6,,
545,0,Husk,T3/6,MOVING,8.581,4.000,60.500,"GoalBlock{x=11,y=4,z=60}",12,8,MovementTraverse,280,6,6,,
546,0,Husk,T3/6,MOVING,8.862,4.000,60.500,"GoalBlock{x=11,y=4,z=60}",12,8,MovementTraverse,280,6,6,,
547,0,Husk,T3/6,MOVING,9.142,4.000,60.500,"GoalBlock{x=11,y=4,z=60}",12,8,MovementTraverse,280,6,6,,
548,0,Husk,T3/6,MOVING,9.423,4.000,60.500,"GoalBlock{x=11,y=4,z=60}",12,9,MovementTraverse,280,6,6,,
549,0,Husk,T3/6,MOVING,9.703,4.000,60.500,"GoalBlock{x=11,y=4,z=60}",12,9,MovementTraverse,280,6,6,,
550,0,Husk,T3/6,MOVING,9.984,4.000,60.500,"GoalBlock{x=11,y=4,z=60}",12,9,MovementTraverse,280,6,6,,
551,0,Husk,T3/6,MOVING,10.265,4.000,60.500,"GoalBlock{x=11,y=4,z=60}",12,9,MovementTraverse,280,6,6,,
552,0,Husk,T3/6,MOVING,10.545,4.000,60.500,"GoalBlock{x=11,y=4,z=60}",12,10,MovementTraverse,280,6,6,,
553,0,Husk,T3/6,MOVING,10.826,4.000,60.500,"GoalBlock{x=11,y=4,z=60}",12,10,MovementTraverse,280,6,6,,
554,0,Husk,T3/6,MOVING,11.107,4.000,60.500,"GoalBlock{x=11,y=4,z=60}",12,10,MovementTraverse,280,6,6,,
555,0,Husk,T3/6,ARRIVED,11.260,4.000,60.500,,-1,-1,,280,6,6,,CANCELED
556,0,Husk,T3/7,ARRIVED,0.500,4.000,72.500,,-1,-1,,280,6,6,,CANCELED|CANCELED
557,0,Husk,T3/7,ARRIVED,0.500,4.000,72.500,,-1,-1,,280,6,6,,
558,0,Husk,T3/7,ARRIVED,0.500,4.000,72.500,,-1,-1,,280,6,6,,
559,0,Husk,T3/7,ARRIVED,0.500,4.000,72.500,,-1,-1,,280,6,6,,
560,0,Husk,T3/7,ARRIVED,0.500,4.000,72.500,,-1,-1,,280,6,6,,
561,0,Husk,T3/7,ARRIVED,0.500,4.000,72.500,,-1,-1,,280,6,6,,
562,0,Husk,T3/7,ARRIVED,0.500,4.000,72.500,,-1,-1,,280,6,6,,
563,0,Husk,T3/7,ARRIVED,0.500,4.000,72.500,,-1,-1,,280,6,6,,
564,0,Husk,T3/7,ARRIVED,0.500,4.000,72.500,,-1,-1,,280,6,6,,
565,0,Husk,T3/7,ARRIVED,0.500,4.000,72.500,,-1,-1,,280,6,6,,
566,0,Husk,T3/7,SEARCHING,0.500,4.000,72.500,"GoalBlock{x=20,y=4,z=72}",-1,-1,,280,7,7,,CALC_STARTED
567,0,Husk,T3/7,MOVING,0.627,4.000,72.500,"GoalBlock{x=20,y=4,z=72}",21,0,MovementTraverse,659,7,7,,CALC_FINISHED_NOW_EXECUTING
568,0,Husk,T3/7,MOVING,0.824,4.000,72.500,"GoalBlock{x=20,y=4,z=72}",21,0,MovementTraverse,659,7,7,,
569,0,Husk,T3/7,MOVING,1.059,4.000,72.500,"GoalBlock{x=20,y=4,z=72}",21,0,MovementTraverse,659,7,7,,
570,0,Husk,T3/7,MOVING,1.315,4.000,72.500,"GoalBlock{x=20,y=4,z=72}",21,1,MovementTraverse,659,7,7,,
571,0,Husk,T3/7,MOVING,1.582,4.000,72.500,"GoalBlock{x=20,y=4,z=72}",21,1,MovementTraverse,659,7,7,,
572,0,Husk,T3/7,MOVING,1.855,4.000,72.500,"GoalBlock{x=20,y=4,z=72}",21,1,MovementTraverse,659,7,7,,
573,0,Husk,T3/7,MOVING,2.132,4.000,72.500,"GoalBlock{x=20,y=4,z=72}",21,1,MovementTraverse,659,7,7,,
574,0,Husk,T3/7,MOVING,2.410,4.000,72.500,"GoalBlock{x=20,y=4,z=72}",21,2,MovementTraverse,659,7,7,,
575,0,Husk,T3/7,MOVING,2.690,4.000,72.500,"GoalBlock{x=20,y=4,z=72}",21,2,MovementTraverse,659,7,7,,
576,0,Husk,T3/7,MOVING,2.969,4.000,72.500,"GoalBlock{x=20,y=4,z=72}",21,2,MovementTraverse,659,7,7,,
577,0,Husk,T3/7,MOVING,3.250,4.000,72.500,"GoalBlock{x=20,y=4,z=72}",21,2,MovementTraverse,659,7,7,,
578,0,Husk,T3/7,MOVING,3.530,4.000,72.500,"GoalBlock{x=20,y=4,z=72}",21,3,MovementTraverse,659,7,7,,
579,0,Husk,T3/7,MOVING,3.811,4.000,72.500,"GoalBlock{x=20,y=4,z=72}",21,3,MovementTraverse,659,7,7,,
580,0,Husk,T3/7,MOVING,4.091,4.000,72.500,"GoalBlock{x=20,y=4,z=72}",21,3,MovementTraverse,659,7,7,,
581,0,Husk,T3/7,MOVING,4.372,4.000,72.500,"GoalBlock{x=20,y=4,z=72}",21,4,MovementTraverse,659,7,7,,
582,0,Husk,T3/7,MOVING,4.652,4.000,72.500,"GoalBlock{x=20,y=4,z=72}",21,4,MovementTraverse,659,7,7,,
583,0,Husk,T3/7,MOVING,4.933,4.000,72.500,"GoalBlock{x=20,y=4,z=72}",21,4,MovementTraverse,659,7,7,,
584,0,Husk,T3/7,MOVING,5.214,4.000,72.500,"GoalBlock{x=20,y=4,z=72}",21,4,MovementTraverse,659,7,7,,
585,0,Husk,T3/7,MOVING,5.494,4.000,72.500,"GoalBlock{x=20,y=4,z=72}",21,5,MovementTraverse,659,7,7,,
586,0,Husk,T3/7,MOVING,5.775,4.000,72.500,"GoalBlock{x=20,y=4,z=72}",21,5,MovementTraverse,659,7,7,,
587,0,Husk,T3/7,MOVING,6.055,4.000,72.500,"GoalBlock{x=20,y=4,z=72}",21,5,MovementTraverse,659,7,7,,
588,0,Husk,T3/7,MOVING,6.336,4.000,72.500,"GoalBlock{x=20,y=4,z=72}",21,6,MovementTraverse,659,7,7,,
589,0,Husk,T3/7,MOVING,6.617,4.000,72.500,"GoalBlock{x=20,y=4,z=72}",21,6,MovementTraverse,659,7,7,,
590,0,Husk,T3/7,MOVING,6.897,4.000,72.500,"GoalBlock{x=20,y=4,z=72}",21,6,MovementTraverse,659,7,7,,
591,0,Husk,T3/7,MOVING,7.178,4.000,72.500,"GoalBlock{x=20,y=4,z=72}",21,6,MovementTraverse,659,7,7,,
592,0,Husk,T3/7,MOVING,7.459,4.000,72.500,"GoalBlock{x=20,y=4,z=72}",21,7,MovementTraverse,659,7,7,,
593,0,Husk,T3/7,MOVING,7.739,4.000,72.500,"GoalBlock{x=20,y=4,z=72}",21,7,MovementTraverse,659,7,7,,
594,0,Husk,T3/7,MOVING,8.020,4.000,72.500,"GoalBlock{x=20,y=4,z=72}",21,7,MovementTraverse,659,7,7,,
595,0,Husk,T3/7,MOVING,8.300,4.000,72.500,"GoalBlock{x=20,y=4,z=72}",21,8,MovementTraverse,659,7,7,,
596,0,Husk,T3/7,MOVING,8.581,4.000,72.500,"GoalBlock{x=20,y=4,z=72}",21,8,MovementTraverse,659,7,7,,
597,0,Husk,T3/7,MOVING,8.862,4.000,72.500,"GoalBlock{x=20,y=4,z=72}",21,8,MovementTraverse,659,7,7,,
598,0,Husk,T3/7,MOVING,9.142,4.000,72.500,"GoalBlock{x=20,y=4,z=72}",21,8,MovementTraverse,659,7,7,,
599,0,Husk,T3/7,MOVING,9.423,4.000,72.500,"GoalBlock{x=20,y=4,z=72}",21,9,MovementTraverse,659,7,7,,
600,0,Husk,T3/7,MOVING,9.703,4.000,72.500,"GoalBlock{x=20,y=4,z=72}",21,9,MovementTraverse,659,7,7,,
601,0,Husk,T3/7,MOVING,9.984,4.000,72.500,"GoalBlock{x=20,y=4,z=72}",21,9,MovementTraverse,659,7,7,,
602,0,Husk,T3/7,MOVING,10.265,4.000,72.500,"GoalBlock{x=20,y=4,z=72}",21,9,MovementTraverse,659,7,7,,
603,0,Husk,T3/7,MOVING,10.545,4.000,72.500,"GoalBlock{x=20,y=4,z=72}",21,10,MovementTraverse,659,7,7,,
604,0,Husk,T3/7,MOVING,10.826,4.000,72.500,"GoalBlock{x=20,y=4,z=72}",21,10,MovementTraverse,659,7,7,,
605,0,Husk,T3/7,MOVING,11.107,4.000,72.500,"GoalBlock{x=20,y=4,z=72}",21,10,MovementTraverse,659,7,7,,
606,0,Husk,T3/7,MOVING,11.387,4.000,72.500,"GoalBlock{x=20,y=4,z=72}",21,11,MovementTraverse,659,7,7,,
607,0,Husk,T3/7,MOVING,11.668,4.000,72.500,"GoalBlock{x=20,y=4,z=72}",21,11,MovementTraverse,659,7,7,,
608,0,Husk,T3/7,MOVING,11.948,4.000,72.500,"GoalBlock{x=20,y=4,z=72}",21,11,MovementTraverse,659,7,7,,
609,0,Husk,T3/7,MOVING,12.229,4.000,72.500,"GoalBlock{x=20,y=4,z=72}",21,11,MovementTraverse,659,7,7,,
610,0,Husk,T3/7,MOVING,12.510,4.000,72.500,"GoalBlock{x=20,y=4,z=72}",21,12,MovementTraverse,659,7,7,,
611,0,Husk,T3/7,MOVING,12.790,4.000,72.500,"GoalBlock{x=20,y=4,z=72}",21,12,MovementTraverse,659,7,7,,
612,0,Husk,T3/7,MOVING,13.071,4.000,72.500,"GoalBlock{x=20,y=4,z=72}",21,12,MovementTraverse,659,7,7,,
613,0,Husk,T3/7,MOVING,13.352,4.000,72.500,"GoalBlock{x=20,y=4,z=72}",21,13,MovementTraverse,659,7,7,,
614,0,Husk,T3/7,MOVING,13.632,4.000,72.500,"GoalBlock{x=20,y=4,z=72}",21,13,MovementTraverse,659,7,7,,
615,0,Husk,T3/7,MOVING,13.913,4.000,72.500,"GoalBlock{x=20,y=4,z=72}",21,13,MovementTraverse,659,7,7,,
616,0,Husk,T3/7,MOVING,14.193,4.000,72.500,"GoalBlock{x=20,y=4,z=72}",21,13,MovementTraverse,659,7,7,,
617,0,Husk,T3/7,MOVING,14.474,4.000,72.500,"GoalBlock{x=20,y=4,z=72}",21,14,MovementTraverse,659,7,7,,
618,0,Husk,T3/7,MOVING,14.755,4.000,72.500,"GoalBlock{x=20,y=4,z=72}",21,14,MovementTraverse,659,7,7,,
619,0,Husk,T3/7,MOVING,15.035,4.000,72.500,"GoalBlock{x=20,y=4,z=72}",21,14,MovementTraverse,659,7,7,,
620,0,Husk,T3/7,MOVING,15.316,4.000,72.500,"GoalBlock{x=20,y=4,z=72}",21,15,MovementTraverse,659,7,7,,
621,0,Husk,T3/7,MOVING,15.596,4.000,72.500,"GoalBlock{x=20,y=4,z=72}",21,15,MovementTraverse,659,7,7,,
622,0,Husk,T3/7,MOVING,15.877,4.000,72.500,"GoalBlock{x=20,y=4,z=72}",21,15,MovementTraverse,659,7,7,,
623,0,Husk,T3/7,MOVING,16.158,4.000,72.500,"GoalBlock{x=20,y=4,z=72}",21,15,MovementTraverse,659,7,7,,
624,0,Husk,T3/7,MOVING,16.438,4.000,72.500,"GoalBlock{x=20,y=4,z=72}",21,16,MovementTraverse,659,7,7,,
625,0,Husk,T3/7,MOVING,16.719,4.000,72.500,"GoalBlock{x=20,y=4,z=72}",21,16,MovementTraverse,659,7,7,,
626,0,Husk,T3/7,MOVING,17.000,4.000,72.500,"GoalBlock{x=20,y=4,z=72}",21,16,MovementTraverse,659,7,7,,
627,0,Husk,T3/7,MOVING,17.280,4.000,72.500,"GoalBlock{x=20,y=4,z=72}",21,16,MovementTraverse,659,7,7,,
628,0,Husk,T3/7,MOVING,17.561,4.000,72.500,"GoalBlock{x=20,y=4,z=72}",21,17,MovementTraverse,659,7,7,,
629,0,Husk,T3/7,MOVING,17.841,4.000,72.500,"GoalBlock{x=20,y=4,z=72}",21,17,MovementTraverse,659,7,7,,
630,0,Husk,T3/7,MOVING,18.122,4.000,72.500,"GoalBlock{x=20,y=4,z=72}",21,17,MovementTraverse,659,7,7,,
631,0,Husk,T3/7,MOVING,18.403,4.000,72.500,"GoalBlock{x=20,y=4,z=72}",21,18,MovementTraverse,659,7,7,,
632,0,Husk,T3/7,MOVING,18.683,4.000,72.500,"GoalBlock{x=20,y=4,z=72}",21,18,MovementTraverse,659,7,7,,
633,0,Husk,T3/7,MOVING,18.964,4.000,72.500,"GoalBlock{x=20,y=4,z=72}",21,18,MovementTraverse,659,7,7,,
634,0,Husk,T3/7,MOVING,19.244,4.000,72.500,"GoalBlock{x=20,y=4,z=72}",21,18,MovementTraverse,659,7,7,,
635,0,Husk,T3/7,MOVING,19.525,4.000,72.500,"GoalBlock{x=20,y=4,z=72}",21,19,MovementTraverse,659,7,7,,
636,0,Husk,T3/7,MOVING,19.806,4.000,72.500,"GoalBlock{x=20,y=4,z=72}",21,19,MovementTraverse,659,7,7,,
637,0,Husk,T3/7,MOVING,20.086,4.000,72.500,"GoalBlock{x=20,y=4,z=72}",21,19,MovementTraverse,659,7,7,,
638,0,Husk,T3/7,ARRIVED,20.240,4.000,72.500,,-1,-1,,659,7,7,,CANCELED
639,0,Husk,T3/8,ARRIVED,20.500,4.000,84.500,,-1,-1,,659,7,7,,CANCELED|CANCELED
640,0,Husk,T3/8,ARRIVED,20.500,4.000,84.500,,-1,-1,,659,7,7,,
641,0,Husk,T3/8,ARRIVED,20.500,4.000,84.500,,-1,-1,,659,7,7,,
642,0,Husk,T3/8,ARRIVED,20.500,4.000,84.500,,-1,-1,,659,7,7,,
643,0,Husk,T3/8,ARRIVED,20.500,4.000,84.500,,-1,-1,,659,7,7,,
644,0,Husk,T3/8,ARRIVED,20.500,4.000,84.500,,-1,-1,,659,7,7,,
645,0,Husk,T3/8,ARRIVED,20.500,4.000,84.500,,-1,-1,,659,7,7,,
646,0,Husk,T3/8,ARRIVED,20.500,4.000,84.500,,-1,-1,,659,7,7,,
647,0,Husk,T3/8,ARRIVED,20.500,4.000,84.500,,-1,-1,,659,7,7,,
648,0,Husk,T3/8,ARRIVED,20.500,4.000,84.500,,-1,-1,,659,7,7,,
649,0,Husk,T3/8,SEARCHING,20.500,4.000,84.500,"GoalBlock{x=8,y=4,z=84}",-1,-1,,659,8,8,,CALC_STARTED
650,0,Husk,T3/8,MOVING,20.610,4.000,84.436,"GoalBlock{x=8,y=4,z=84}",13,0,MovementTraverse,355,8,8,,CALC_FINISHED_NOW_EXECUTING
651,0,Husk,T3/8,MOVING,20.734,4.000,84.291,"GoalBlock{x=8,y=4,z=84}",13,0,MovementTraverse,355,8,8,,
652,0,Husk,T3/8,MOVING,20.802,4.000,84.085,"GoalBlock{x=8,y=4,z=84}",13,0,MovementTraverse,355,8,8,,
653,0,Husk,T3/8,MOVING,20.775,4.000,83.861,"GoalBlock{x=8,y=4,z=84}",13,0,MovementTraverse,355,8,8,,
654,0,Husk,T3/8,MOVING,20.650,4.000,83.676,"GoalBlock{x=8,y=4,z=84}",13,0,MovementTraverse,355,8,8,,
655,0,Husk,T3/8,MOVING,20.455,4.000,83.575,"GoalBlock{x=8,y=4,z=84}",13,0,MovementTraverse,355,8,8,,
656,0,Husk,T3/8,MOVING,20.238,4.000,83.583,"GoalBlock{x=8,y=4,z=84}",13,0,MovementTraverse,355,8,8,,
657,0,Husk,T3/8,MOVING,20.039,4.000,83.687,"GoalBlock{x=8,y=4,z=84}",13,0,MovementTraverse,355,8,8,,
658,0,Husk,T3/8,MOVING,19.860,4.000,83.850,"GoalBlock{x=8,y=4,z=84}",13,0,MovementTraverse,355,8,8,,
659,0,Husk,T3/8,MOVING,19.701,4.000,84.050,"GoalBlock{x=8,y=4,z=84}",13,0,MovementTraverse,355,8,8,,
660,0,Husk,T3/8,MOVING,19.505,4.000,84.225,"GoalBlock{x=8,y=4,z=84}",13,1,MovementTraverse,355,8,8,,
661,0,Husk,T3/8,MOVING,19.275,4.000,84.354,"GoalBlock{x=8,y=4,z=84}",13,1,MovementTraverse,355,8,8,,
662,0,Husk,T3/8,MOVING,19.024,4.000,84.448,"GoalBlock{x=8,y=4,z=84}",13,1,MovementTraverse,355,8,8,,
663,0,Husk,T3/8,MOVING,18.760,4.000,84.512,"GoalBlock{x=8,y=4,z=84}",13,1,MovementTraverse,355,8,8,,
664,0,Husk,T3/8,MOVING,18.489,4.000,84.546,"GoalBlock{x=8,y=4,z=84}",13,2,MovementTraverse,355,8,8,,
665,0,Husk,T3/8,MOVING,18.214,4.000,84.558,"GoalBlock{x=8,y=4,z=84}",13,2,MovementTraverse,355,8,8,,
666,0,Husk,T3/8,MOVING,17.936,4.000,84.555,"GoalBlock{x=8,y=4,z=84}",13,2,MovementTraverse,355,8,8,,
667,0,Husk,T3/8,MOVING,17.657,4.000,84.550,"GoalBlock{x=8,y=4,z=84}",13,3,MovementTraverse,355,8,8,,
668,0,Husk,T3/8,MOVING,17.378,4.000,84.544,"GoalBlock{x=8,y=4,z=84}",13,3,MovementTraverse,355,8,8,,
669,0,Husk,T3/8,MOVING,17.098,4.000,84.538,"GoalBlock{x=8,y=4,z=84}",13,3,MovementTraverse,355,8,8,,
670,0,Husk,T3/8,MOVING,16.818,4.000,84.526,"GoalBlock{x=8,y=4,z=84}",13,3,MovementTraverse,355,8,8,,
671,0,Husk,T3/8,MOVING,16.538,4.000,84.517,"GoalBlock{x=8,y=4,z=84}",13,4,MovementTraverse,355,8,8,,
672,0,Husk,T3/8,MOVING,16.258,4.000,84.510,"GoalBlock{x=8,y=4,z=84}",13,4,MovementTraverse,355,8,8,,
673,0,Husk,T3/8,MOVING,15.977,4.000,84.505,"GoalBlock{x=8,y=4,z=84}",13,4,MovementTraverse,355,8,8,,
674,0,Husk,T3/8,MOVING,15.697,4.000,84.501,"GoalBlock{x=8,y=4,z=84}",13,5,MovementTraverse,355,8,8,,
675,0,Husk,T3/8,MOVING,15.416,4.000,84.501,"GoalBlock{x=8,y=4,z=84}",13,5,MovementTraverse,355,8,8,,
676,0,Husk,T3/8,MOVING,15.135,4.000,84.501,"GoalBlock{x=8,y=4,z=84}",13,5,MovementTraverse,355,8,8,,
677,0,Husk,T3/8,MOVING,14.855,4.000,84.501,"GoalBlock{x=8,y=4,z=84}",13,5,MovementTraverse,355,8,8,,
678,0,Husk,T3/8,MOVING,14.574,4.000,84.501,"GoalBlock{x=8,y=4,z=84}",13,6,MovementTraverse,355,8,8,,
679,0,Husk,T3/8,MOVING,14.294,4.000,84.501,"GoalBlock{x=8,y=4,z=84}",13,6,MovementTraverse,355,8,8,,
680,0,Husk,T3/8,MOVING,14.013,4.000,84.501,"GoalBlock{x=8,y=4,z=84}",13,6,MovementTraverse,355,8,8,,
681,0,Husk,T3/8,MOVING,13.732,4.000,84.500,"GoalBlock{x=8,y=4,z=84}",13,6,MovementTraverse,355,8,8,,
682,0,Husk,T3/8,MOVING,13.452,4.000,84.500,"GoalBlock{x=8,y=4,z=84}",13,7,MovementTraverse,355,8,8,,
683,0,Husk,T3/8,MOVING,13.171,4.000,84.500,"GoalBlock{x=8,y=4,z=84}",13,7,MovementTraverse,355,8,8,,
684,0,Husk,T3/8,MOVING,12.890,4.000,84.500,"GoalBlock{x=8,y=4,z=84}",13,7,MovementTraverse,355,8,8,,
685,0,Husk,T3/8,MOVING,12.610,4.000,84.500,"GoalBlock{x=8,y=4,z=84}",13,8,MovementTraverse,355,8,8,,
686,0,Husk,T3/8,MOVING,12.329,4.000,84.500,"GoalBlock{x=8,y=4,z=84}",13,8,MovementTraverse,355,8,8,,
687,0,Husk,T3/8,MOVING,12.049,4.000,84.500,"GoalBlock{x=8,y=4,z=84}",13,8,MovementTraverse,355,8,8,,
688,0,Husk,T3/8,MOVING,11.768,4.000,84.500,"GoalBlock{x=8,y=4,z=84}",13,8,MovementTraverse,355,8,8,,
689,0,Husk,T3/8,MOVING,11.487,4.000,84.500,"GoalBlock{x=8,y=4,z=84}",13,9,MovementTraverse,355,8,8,,
690,0,Husk,T3/8,MOVING,11.207,4.000,84.500,"GoalBlock{x=8,y=4,z=84}",13,9,MovementTraverse,355,8,8,,
691,0,Husk,T3/8,MOVING,10.926,4.000,84.500,"GoalBlock{x=8,y=4,z=84}",13,9,MovementTraverse,355,8,8,,
692,0,Husk,T3/8,MOVING,10.646,4.000,84.500,"GoalBlock{x=8,y=4,z=84}",13,10,MovementTraverse,355,8,8,,
693,0,Husk,T3/8,MOVING,10.365,4.000,84.500,"GoalBlock{x=8,y=4,z=84}",13,10,MovementTraverse,355,8,8,,
694,0,Husk,T3/8,MOVING,10.084,4.000,84.500,"GoalBlock{x=8,y=4,z=84}",13,10,MovementTraverse,355,8,8,,
695,0,Husk,T3/8,MOVING,9.804,4.000,84.500,"GoalBlock{x=8,y=4,z=84}",13,10,MovementTraverse,355,8,8,,
696,0,Husk,T3/8,MOVING,9.523,4.000,84.500,"GoalBlock{x=8,y=4,z=84}",13,11,MovementTraverse,355,8,8,,
697,0,Husk,T3/8,MOVING,9.242,4.000,84.500,"GoalBlock{x=8,y=4,z=84}",13,11,MovementTraverse,355,8,8,,
698,0,Husk,T3/8,MOVING,8.962,4.000,84.500,"GoalBlock{x=8,y=4,z=84}",13,11,MovementTraverse,355,8,8,,
699,0,Husk,T3/8,ARRIVED,8.809,4.000,84.500,,-1,-1,,355,8,8,,CANCELED
700,0,Husk,T3/9,ARRIVED,0.500,4.000,96.500,,-1,-1,,355,8,8,,CANCELED|CANCELED
701,0,Husk,T3/9,ARRIVED,0.500,4.000,96.500,,-1,-1,,355,8,8,,
702,0,Husk,T3/9,ARRIVED,0.500,4.000,96.500,,-1,-1,,355,8,8,,
703,0,Husk,T3/9,ARRIVED,0.500,4.000,96.500,,-1,-1,,355,8,8,,
704,0,Husk,T3/9,ARRIVED,0.500,4.000,96.500,,-1,-1,,355,8,8,,
705,0,Husk,T3/9,ARRIVED,0.500,4.000,96.500,,-1,-1,,355,8,8,,
706,0,Husk,T3/9,ARRIVED,0.500,4.000,96.500,,-1,-1,,355,8,8,,
707,0,Husk,T3/9,ARRIVED,0.500,4.000,96.500,,-1,-1,,355,8,8,,
708,0,Husk,T3/9,ARRIVED,0.500,4.000,96.500,,-1,-1,,355,8,8,,
709,0,Husk,T3/9,ARRIVED,0.500,4.000,96.500,,-1,-1,,355,8,8,,
710,0,Husk,T3/9,SEARCHING,0.500,4.000,96.500,"GoalBlock{x=10,y=4,z=94}",-1,-1,,355,9,9,,CALC_STARTED
711,0,Husk,T3/9,MOVING,0.610,4.000,96.436,"GoalBlock{x=10,y=4,z=94}",13,0,MovementDiagonal,953,9,9,,CALC_FINISHED_NOW_EXECUTING
712,0,Husk,T3/9,MOVING,0.758,4.000,96.309,"GoalBlock{x=10,y=4,z=94}",13,0,MovementDiagonal,953,9,9,,
713,0,Husk,T3/9,MOVING,0.925,4.000,96.146,"GoalBlock{x=10,y=4,z=94}",13,0,MovementDiagonal,953,9,9,,
714,0,Husk,T3/9,MOVING,1.101,4.000,95.962,"GoalBlock{x=10,y=4,z=94}",13,0,MovementDiagonal,953,9,9,,
715,0,Husk,T3/9,MOVING,1.285,4.000,95.769,"GoalBlock{x=10,y=4,z=94}",13,1,MovementDiagonal,953,9,9,,
716,0,Husk,T3/9,MOVING,1.474,4.000,95.572,"GoalBlock{x=10,y=4,z=94}",13,1,MovementDiagonal,953,9,9,,
717,0,Husk,T3/9,MOVING,1.665,4.000,95.372,"GoalBlock{x=10,y=4,z=94}",13,1,MovementDiagonal,953,9,9,,
718,0,Husk,T3/9,MOVING,1.857,4.000,95.171,"GoalBlock{x=10,y=4,z=94}",13,1,MovementDiagonal,953,9,9,,
719,0,Husk,T3/9,MOVING,2.051,4.000,94.969,"GoalBlock{x=10,y=4,z=94}",13,1,MovementDiagonal,953,9,9,,
720,0,Husk,T3/9,MOVING,2.246,4.000,94.768,"GoalBlock{x=10,y=4,z=94}",13,2,MovementDiagonal,953,9,9,,
721,0,Husk,T3/9,MOVING,2.442,4.000,94.568,"GoalBlock{x=10,y=4,z=94}",13,2,MovementDiagonal,953,9,9,,
722,0,Husk,T3/9,MOVING,2.638,4.000,94.368,"GoalBlock{x=10,y=4,z=94}",13,2,MovementDiagonal,953,9,9,,
723,0,Husk,T3/9,MOVING,2.835,4.000,94.169,"GoalBlock{x=10,y=4,z=94}",13,2,MovementDiagonal,953,9,9,,
724,0,Husk,T3/9,MOVING,3.033,4.000,93.969,"GoalBlock{x=10,y=4,z=94}",13,2,MovementDiagonal,953,9,9,,
725,0,Husk,T3/9,MOVING,3.231,4.000,93.770,"GoalBlock{x=10,y=4,z=94}",13,3,MovementDiagonal,953,9,9,,
726,0,Husk,T3/9,MOVING,3.429,4.000,93.572,"GoalBlock{x=10,y=4,z=94}",13,3,MovementDiagonal,953,9,9,,
727,0,Husk,T3/9,MOVING,3.627,4.000,93.373,"GoalBlock{x=10,y=4,z=94}",13,3,MovementDiagonal,953,9,9,,
728,0,Husk,T3/9,MOVING,3.825,4.000,93.174,"GoalBlock{x=10,y=4,z=94}",13,3,MovementDiagonal,953,9,9,,
729,0,Husk,T3/9,MOVING,4.024,4.000,92.976,"GoalBlock{x=10,y=4,z=94}",13,3,MovementDiagonal,953,9,9,,
730,0,Husk,T3/9,MOVING,4.171,4.000,92.746,"GoalBlock{x=10,y=4,z=94}",13,4,MovementTraverse,953,9,9,,
731,0,Husk,T3/9,MOVING,4.284,4.000,92.498,"GoalBlock{x=10,y=4,z=94}",13,4,MovementTraverse,953,9,9,,
732,0,Husk,T3/9,MOVING,4.373,4.000,92.238,"GoalBlock{x=10,y=4,z=94}",13,4,MovementTraverse,953,9,9,,
733,0,Husk,T3/9,MOVING,4.443,4.000,91.970,"GoalBlock{x=10,y=4,z=94}",13,4,MovementTraverse,953,9,9,,
734,0,Husk,T3/9,MOVING,4.486,4.000,91.697,"GoalBlock{x=10,y=4,z=94}",13,5,MovementTraverse,953,9,9,,
735,0,Husk,T3/9,MOVING,4.511,4.000,91.420,"GoalBlock{x=10,y=4,z=94}",13,5,MovementTraverse,953,9,9,,
736,0,Husk,T3/9,MOVING,4.523,4.000,91.141,"GoalBlock{x=10,y=4,z=94}",13,5,MovementTraverse,953,9,9,,
737,0,Husk,T3/9,MOVING,4.525,4.000,90.862,"GoalBlock{x=10,y=4,z=94}",13,5,MovementTraverse,953,9,9,,
738,0,Husk,T3/9,MOVING,4.585,4.000,90.597,"GoalBlock{x=10,y=4,z=94}",13,6,MovementTraverse,953,9,9,,
739,0,Husk,T3/9,MOVING,4.725,4.000,90.385,"GoalBlock{x=10,y=4,z=94}",13,6,MovementTraverse,953,9,9,,
740,0,Husk,T3/9,MOVING,4.930,4.000,90.264,"GoalBlock{x=10,y=4,z=94}",13,6,MovementTraverse,953,9,9,,
741,0,Husk,T3/9,MOVING,5.159,4.000,90.247,"GoalBlock{x=10,y=4,z=94}",13,6,MovementTraverse,953,9,9,,
742,0,Husk,T3/9,MOVING,5.409,4.000,90.261,"GoalBlock{x=10,y=4,z=94}",13,7,MovementTraverse,953,9,9,,
743,0,Husk,T3/9,MOVING,5.670,4.000,90.296,"GoalBlock{x=10,y=4,z=94}",13,7,MovementTraverse,953,9,9,,
744,0,Husk,T3/9,MOVING,5.936,4.000,90.346,"GoalBlock{x=10,y=4,z=94}",13,7,MovementTraverse,953,9,9,,
745,0,Husk,T3/9,MOVING,6.205,4.000,90.406,"GoalBlock{x=10,y=4,z=94}",13,7,MovementTraverse,953,9,9,,
746,0,Husk,T3/9,MOVING,6.448,4.000,90.522,"GoalBlock{x=10,y=4,z=94}",13,8,MovementDiagonal,953,9,9,,
747,0,Husk,T3/9,MOVING,6.675,4.000,90.671,"GoalBlock{x=10,y=4,z=94}",13,8,MovementDiagonal,953,9,9,,
748,0,Husk,T3/9,MOVING,6.888,4.000,90.843,"GoalBlock{x=10,y=4,z=94}",13,8,MovementDiagonal,953,9,9,,
749,0,Husk,T3/9,MOVING,7.092,4.000,91.031,"GoalBlock{x=10,y=4,z=94}",13,8,MovementDiagonal,953,9,9,,
750,0,Husk,T3/9,MOVING,7.291,4.000,91.225,"GoalBlock{x=10,y=4,z=94}",13,9,MovementDiagonal,953,9,9,,
751,0,Husk,T3/9,MOVING,7.487,4.000,91.423,"GoalBlock{x=10,y=4,z=94}",13,9,MovementDiagonal,953,9,9,,
752,0,Husk,T3/9,MOVING,7.682,4.000,91.624,"GoalBlock{x=10,y=4,z=94}",13,9,MovementDiagonal,953,9,9,,
753,0,Husk,T3/9,MOVING,7.875,4.000,91.827,"GoalBlock{x=10,y=4,z=94}",13,9,MovementDiagonal,953,9,9,,
754,0,Husk,T3/9,MOVING,8.067,4.000,92.031,"GoalBlock{x=10,y=4,z=94}",13,9,MovementDiagonal,953,9,9,,
755,0,Husk,T3/9,MOVING,8.261,4.000,92.234,"GoalBlock{x=10,y=4,z=94}",13,10,MovementDiagonal,953,9,9,,
756,0,Husk,T3/9,MOVING,8.456,4.000,92.436,"GoalBlock{x=10,y=4,z=94}",13,10,MovementDiagonal,953,9,9,,
757,0,Husk,T3/9,MOVING,8.652,4.000,92.637,"GoalBlock{x=10,y=4,z=94}",13,10,MovementDiagonal,953,9,9,,
758,0,Husk,T3/9,MOVING,8.848,4.000,92.837,"GoalBlock{x=10,y=4,z=94}",13,10,MovementDiagonal,953,9,9,,
759,0,Husk,T3/9,MOVING,9.044,4.000,93.038,"GoalBlock{x=10,y=4,z=94}",13,10,MovementDiagonal,953,9,9,,
760,0,Husk,T3/9,MOVING,9.241,4.000,93.237,"GoalBlock{x=10,y=4,z=94}",13,11,MovementDiagonal,953,9,9,,
761,0,Husk,T3/9,MOVING,9.439,4.000,93.437,"GoalBlock{x=10,y=4,z=94}",13,11,MovementDiagonal,953,9,9,,
762,0,Husk,T3/9,MOVING,9.637,4.000,93.636,"GoalBlock{x=10,y=4,z=94}",13,11,MovementDiagonal,953,9,9,,
763,0,Husk,T3/9,MOVING,9.835,4.000,93.834,"GoalBlock{x=10,y=4,z=94}",13,11,MovementDiagonal,953,9,9,,
764,0,Husk,T3/9,MOVING,10.033,4.000,94.033,"GoalBlock{x=10,y=4,z=94}",13,11,MovementDiagonal,953,9,9,,
765,0,Husk,T3/9,ARRIVED,10.141,4.000,94.142,,-1,-1,,953,9,9,,CANCELED
766,0,Husk,T3/10,ARRIVED,0.500,4.000,108.500,,-1,-1,,953,9,9,,CANCELED|CANCELED
767,0,Husk,T3/10,ARRIVED,0.500,4.000,108.500,,-1,-1,,953,9,9,,
768,0,Husk,T3/10,ARRIVED,0.500,4.000,108.500,,-1,-1,,953,9,9,,
769,0,Husk,T3/10,ARRIVED,0.500,4.000,108.500,,-1,-1,,953,9,9,,
770,0,Husk,T3/10,ARRIVED,0.500,4.000,108.500,,-1,-1,,953,9,9,,
771,0,Husk,T3/10,ARRIVED,0.500,4.000,108.500,,-1,-1,,953,9,9,,
772,0,Husk,T3/10,ARRIVED,0.500,4.000,108.500,,-1,-1,,953,9,9,,
773,0,Husk,T3/10,ARRIVED,0.500,4.000,108.500,,-1,-1,,953,9,9,,
774,0,Husk,T3/10,ARRIVED,0.500,4.000,108.500,,-1,-1,,953,9,9,,
775,0,Husk,T3/10,ARRIVED,0.500,4.000,108.500,,-1,-1,,953,9,9,,
776,0,Husk,T3/10,SEARCHING,0.500,4.000,108.500,"GoalBlock{x=15,y=4,z=108}",-1,-1,,953,10,10,,CALC_STARTED
777,0,Husk,T3/10,MOVING,0.627,4.000,108.500,"GoalBlock{x=15,y=4,z=108}",14,0,MovementTraverse,21886,11,11,,CALC_FINISHED_NOW_EXECUTING|NEXT_SEGMENT_CALC_STARTED
778,0,Husk,T3/10,MOVING,0.824,4.000,108.500,"GoalBlock{x=15,y=4,z=108}",14,0,MovementTraverse,21689,11,11,,NEXT_CALC_FAILED
779,0,Husk,T3/10,MOVING,1.059,4.000,108.500,"GoalBlock{x=15,y=4,z=108}",14,0,MovementTraverse,21689,11,11,,
780,0,Husk,T3/10,MOVING,1.315,4.000,108.500,"GoalBlock{x=15,y=4,z=108}",14,1,MovementTraverse,21689,11,11,,
781,0,Husk,T3/10,MOVING,1.582,4.000,108.500,"GoalBlock{x=15,y=4,z=108}",14,1,MovementTraverse,21689,11,11,,
782,0,Husk,T3/10,MOVING,1.855,4.000,108.500,"GoalBlock{x=15,y=4,z=108}",14,1,MovementTraverse,21689,11,11,,
783,0,Husk,T3/10,MOVING,2.132,4.000,108.500,"GoalBlock{x=15,y=4,z=108}",14,1,MovementTraverse,21689,11,11,,
784,0,Husk,T3/10,MOVING,2.410,4.000,108.500,"GoalBlock{x=15,y=4,z=108}",14,2,MovementTraverse,21689,11,11,,
785,0,Husk,T3/10,MOVING,2.690,4.000,108.500,"GoalBlock{x=15,y=4,z=108}",14,2,MovementTraverse,21689,11,11,,
786,0,Husk,T3/10,MOVING,2.969,4.000,108.500,"GoalBlock{x=15,y=4,z=108}",14,2,MovementTraverse,21689,11,11,,
787,0,Husk,T3/10,MOVING,3.250,4.000,108.500,"GoalBlock{x=15,y=4,z=108}",14,2,MovementTraverse,21689,11,11,,
788,0,Husk,T3/10,MOVING,3.530,4.000,108.500,"GoalBlock{x=15,y=4,z=108}",14,3,MovementTraverse,21689,11,11,,
789,0,Husk,T3/10,MOVING,3.811,4.000,108.500,"GoalBlock{x=15,y=4,z=108}",14,3,MovementTraverse,21689,11,11,,
790,0,Husk,T3/10,MOVING,4.091,4.000,108.500,"GoalBlock{x=15,y=4,z=108}",14,3,MovementTraverse,21689,11,11,,
791,0,Husk,T3/10,MOVING,4.372,4.000,108.500,"GoalBlock{x=15,y=4,z=108}",14,4,MovementTraverse,21689,11,11,,
792,0,Husk,T3/10,MOVING,4.652,4.000,108.500,"GoalBlock{x=15,y=4,z=108}",14,4,MovementTraverse,21689,11,11,,
793,0,Husk,T3/10,MOVING,4.933,4.000,108.500,"GoalBlock{x=15,y=4,z=108}",14,4,MovementTraverse,21689,11,11,,
794,0,Husk,T3/10,MOVING,5.214,4.000,108.500,"GoalBlock{x=15,y=4,z=108}",14,4,MovementTraverse,21689,11,11,,
795,0,Husk,T3/10,MOVING,5.494,4.000,108.500,"GoalBlock{x=15,y=4,z=108}",14,5,MovementTraverse,21689,11,11,,
796,0,Husk,T3/10,MOVING,5.775,4.000,108.500,"GoalBlock{x=15,y=4,z=108}",14,5,MovementTraverse,21689,11,11,,
797,0,Husk,T3/10,MOVING,6.055,4.000,108.500,"GoalBlock{x=15,y=4,z=108}",14,5,MovementTraverse,21689,11,11,,
798,0,Husk,T3/10,MOVING,6.336,4.000,108.500,"GoalBlock{x=15,y=4,z=108}",14,6,MovementTraverse,21689,11,11,,
799,0,Husk,T3/10,MOVING,6.617,4.000,108.500,"GoalBlock{x=15,y=4,z=108}",14,6,MovementTraverse,21689,11,11,,
800,0,Husk,T3/10,MOVING,6.897,4.000,108.500,"GoalBlock{x=15,y=4,z=108}",14,6,MovementTraverse,21689,11,11,,
801,0,Husk,T3/10,MOVING,7.178,4.000,108.500,"GoalBlock{x=15,y=4,z=108}",14,6,MovementTraverse,21689,11,11,,
802,0,Husk,T3/10,MOVING,7.459,4.000,108.500,"GoalBlock{x=15,y=4,z=108}",14,7,MovementTraverse,21689,11,11,,
803,0,Husk,T3/10,MOVING,7.739,4.000,108.500,"GoalBlock{x=15,y=4,z=108}",14,7,MovementTraverse,21689,11,11,,
804,0,Husk,T3/10,MOVING,8.020,4.000,108.500,"GoalBlock{x=15,y=4,z=108}",14,7,MovementTraverse,21689,11,11,,
805,0,Husk,T3/10,MOVING,8.300,4.000,108.500,"GoalBlock{x=15,y=4,z=108}",14,8,MovementTraverse,21689,11,11,,
806,0,Husk,T3/10,MOVING,8.581,4.000,108.500,"GoalBlock{x=15,y=4,z=108}",14,8,MovementTraverse,21689,11,11,,
807,0,Husk,T3/10,MOVING,8.862,4.000,108.500,"GoalBlock{x=15,y=4,z=108}",14,8,MovementTraverse,21689,11,11,,
808,0,Husk,T3/10,MOVING,9.142,4.000,108.500,"GoalBlock{x=15,y=4,z=108}",14,8,MovementTraverse,21689,11,11,,
809,0,Husk,T3/10,MOVING,9.423,4.000,108.500,"GoalBlock{x=15,y=4,z=108}",14,9,MovementTraverse,21689,11,11,,
810,0,Husk,T3/10,MOVING,9.703,4.000,108.500,"GoalBlock{x=15,y=4,z=108}",14,9,MovementTraverse,21689,11,11,,
811,0,Husk,T3/10,MOVING,9.984,4.000,108.500,"GoalBlock{x=15,y=4,z=108}",14,9,MovementTraverse,21689,11,11,,
812,0,Husk,T3/10,MOVING,10.265,4.000,108.500,"GoalBlock{x=15,y=4,z=108}",14,9,MovementTraverse,21689,11,11,,
813,0,Husk,T3/10,MOVING,10.545,4.000,108.500,"GoalBlock{x=15,y=4,z=108}",14,10,MovementTraverse,21689,11,11,,
814,0,Husk,T3/10,MOVING,10.826,4.000,108.500,"GoalBlock{x=15,y=4,z=108}",14,10,MovementTraverse,21689,11,11,,
815,0,Husk,T3/10,MOVING,11.107,4.000,108.500,"GoalBlock{x=15,y=4,z=108}",14,10,MovementTraverse,21689,11,11,,
816,0,Husk,T3/10,MOVING,11.387,4.000,108.500,"GoalBlock{x=15,y=4,z=108}",14,11,MovementTraverse,21689,11,11,,
817,0,Husk,T3/10,MOVING,11.668,4.000,108.500,"GoalBlock{x=15,y=4,z=108}",14,11,MovementTraverse,21689,11,11,,
818,0,Husk,T3/10,MOVING,11.948,4.000,108.500,"GoalBlock{x=15,y=4,z=108}",14,11,MovementTraverse,21689,11,11,,
819,0,Husk,T3/10,MOVING,12.229,4.000,108.500,"GoalBlock{x=15,y=4,z=108}",14,11,MovementTraverse,21689,11,11,,
820,0,Husk,T3/10,MOVING,12.510,4.000,108.500,"GoalBlock{x=15,y=4,z=108}",14,12,MovementTraverse,21689,11,11,,
821,0,Husk,T3/10,MOVING,12.790,4.000,108.500,"GoalBlock{x=15,y=4,z=108}",14,12,MovementTraverse,21689,11,11,,
822,0,Husk,T3/10,MOVING,13.071,4.000,108.500,"GoalBlock{x=15,y=4,z=108}",14,12,MovementTraverse,21689,11,11,,
823,0,Husk,T3/10,SEARCHING,13.224,4.000,108.500,"GoalBlock{x=15,y=4,z=108}",-1,-1,,21689,12,12,,CALC_STARTED
824,0,Husk,T3/10,FAILED,13.308,4.000,108.500,,-1,-1,,8177,12,12,no_path,CALC_FAILED
825,0,Husk,T3/10,FAILED,13.353,4.000,108.500,,-1,-1,,8177,12,12,no_path,
826,0,Husk,T3/11,FAILED,60.500,4.000,0.500,,-1,-1,,8177,12,12,no_path,CANCELED|CANCELED
827,0,Husk,T3/11,FAILED,60.500,4.000,0.500,,-1,-1,,8177,12,12,no_path,
828,0,Husk,T3/11,FAILED,60.500,4.000,0.500,,-1,-1,,8177,12,12,no_path,
829,0,Husk,T3/11,FAILED,60.500,4.000,0.500,,-1,-1,,8177,12,12,no_path,
830,0,Husk,T3/11,FAILED,60.500,4.000,0.500,,-1,-1,,8177,12,12,no_path,
831,0,Husk,T3/11,FAILED,60.500,4.000,0.500,,-1,-1,,8177,12,12,no_path,
832,0,Husk,T3/11,FAILED,60.500,4.000,0.500,,-1,-1,,8177,12,12,no_path,
833,0,Husk,T3/11,FAILED,60.500,4.000,0.500,,-1,-1,,8177,12,12,no_path,
834,0,Husk,T3/11,FAILED,60.500,4.000,0.500,,-1,-1,,8177,12,12,no_path,
835,0,Husk,T3/11,FAILED,60.500,4.000,0.500,,-1,-1,,8177,12,12,no_path,
836,0,Husk,T3/11,SEARCHING,60.500,4.000,0.500,"GoalBlock{x=80,y=4,z=0}",-1,-1,,8177,13,13,,CALC_STARTED
837,0,Husk,T3/11,MOVING,60.627,4.000,0.500,"GoalBlock{x=80,y=4,z=0}",21,0,MovementTraverse,400,13,13,,CALC_FINISHED_NOW_EXECUTING
838,0,Husk,T3/11,MOVING,60.824,4.000,0.500,"GoalBlock{x=80,y=4,z=0}",21,0,MovementTraverse,400,13,13,,
839,0,Husk,T3/11,MOVING,61.059,4.000,0.500,"GoalBlock{x=80,y=4,z=0}",21,0,MovementTraverse,400,13,13,,
840,0,Husk,T3/11,MOVING,61.315,4.000,0.500,"GoalBlock{x=80,y=4,z=0}",21,1,MovementTraverse,400,13,13,,
841,0,Husk,T3/11,MOVING,61.582,4.000,0.500,"GoalBlock{x=80,y=4,z=0}",21,1,MovementTraverse,400,13,13,,
842,0,Husk,T3/11,MOVING,61.855,4.000,0.500,"GoalBlock{x=80,y=4,z=0}",21,1,MovementTraverse,400,13,13,,
843,0,Husk,T3/11,MOVING,62.132,4.000,0.500,"GoalBlock{x=80,y=4,z=0}",21,1,MovementTraverse,400,13,13,,
844,0,Husk,T3/11,MOVING,62.410,4.000,0.500,"GoalBlock{x=80,y=4,z=0}",21,2,MovementTraverse,400,13,13,,
845,0,Husk,T3/11,MOVING,62.690,4.000,0.500,"GoalBlock{x=80,y=4,z=0}",21,2,MovementTraverse,400,13,13,,
846,0,Husk,T3/11,MOVING,62.969,4.000,0.500,"GoalBlock{x=80,y=4,z=0}",21,2,MovementTraverse,400,13,13,,
847,0,Husk,T3/11,MOVING,63.250,4.000,0.500,"GoalBlock{x=80,y=4,z=0}",21,2,MovementTraverse,400,13,13,,
848,0,Husk,T3/11,MOVING,63.530,4.000,0.500,"GoalBlock{x=80,y=4,z=0}",21,3,MovementTraverse,400,13,13,,
849,0,Husk,T3/11,MOVING,63.811,4.000,0.500,"GoalBlock{x=80,y=4,z=0}",21,3,MovementTraverse,400,13,13,,
850,0,Husk,T3/11,MOVING,64.091,4.000,0.500,"GoalBlock{x=80,y=4,z=0}",21,3,MovementTraverse,400,13,13,,
851,0,Husk,T3/11,MOVING,64.372,4.000,0.500,"GoalBlock{x=80,y=4,z=0}",21,4,MovementTraverse,400,13,13,,
852,0,Husk,T3/11,MOVING,64.652,4.000,0.500,"GoalBlock{x=80,y=4,z=0}",21,4,MovementTraverse,400,13,13,,
853,0,Husk,T3/11,MOVING,64.933,4.000,0.500,"GoalBlock{x=80,y=4,z=0}",21,4,MovementTraverse,400,13,13,,
854,0,Husk,T3/11,MOVING,65.214,4.000,0.500,"GoalBlock{x=80,y=4,z=0}",21,4,MovementTraverse,400,13,13,,
855,0,Husk,T3/11,MOVING,65.494,4.000,0.500,"GoalBlock{x=80,y=4,z=0}",21,5,MovementTraverse,400,13,13,,
856,0,Husk,T3/11,MOVING,65.775,4.000,0.500,"GoalBlock{x=80,y=4,z=0}",21,5,MovementTraverse,400,13,13,,
857,0,Husk,T3/11,MOVING,66.055,4.000,0.500,"GoalBlock{x=80,y=4,z=0}",21,5,MovementTraverse,400,13,13,,
858,0,Husk,T3/11,MOVING,66.336,4.000,0.500,"GoalBlock{x=80,y=4,z=0}",21,6,MovementTraverse,400,13,13,,
859,0,Husk,T3/11,MOVING,66.617,4.000,0.500,"GoalBlock{x=80,y=4,z=0}",21,6,MovementTraverse,400,13,13,,
860,0,Husk,T3/11,MOVING,66.897,4.000,0.500,"GoalBlock{x=80,y=4,z=0}",21,6,MovementTraverse,400,13,13,,
861,0,Husk,T3/11,MOVING,67.178,4.000,0.500,"GoalBlock{x=80,y=4,z=0}",21,6,MovementTraverse,400,13,13,,
862,0,Husk,T3/11,MOVING,67.459,4.000,0.500,"GoalBlock{x=80,y=4,z=0}",21,7,MovementTraverse,400,13,13,,
863,0,Husk,T3/11,MOVING,67.739,4.000,0.500,"GoalBlock{x=80,y=4,z=0}",21,7,MovementTraverse,400,13,13,,
864,0,Husk,T3/11,MOVING,68.020,4.000,0.500,"GoalBlock{x=80,y=4,z=0}",21,7,MovementTraverse,400,13,13,,
865,0,Husk,T3/11,MOVING,68.300,4.000,0.500,"GoalBlock{x=80,y=4,z=0}",21,8,MovementTraverse,400,13,13,,
866,0,Husk,T3/11,MOVING,68.581,4.000,0.500,"GoalBlock{x=80,y=4,z=0}",21,8,MovementTraverse,400,13,13,,
867,0,Husk,T3/11,MOVING,68.862,4.000,0.500,"GoalBlock{x=80,y=4,z=0}",21,8,MovementTraverse,400,13,13,,
868,0,Husk,T3/11,MOVING,69.142,4.000,0.500,"GoalBlock{x=80,y=4,z=0}",21,8,MovementTraverse,400,13,13,,
869,0,Husk,T3/11,MOVING,69.295,4.000,0.500,"GoalBlock{x=80,y=4,z=0}",21,9,MovementTraverse,400,13,13,,
870,0,Husk,T3/11,MOVING,69.507,4.000,0.500,"GoalBlock{x=80,y=4,z=0}",21,9,MovementTraverse,400,13,13,,
871,0,Husk,T3/11,MOVING,69.749,4.000,0.500,"GoalBlock{x=80,y=4,z=0}",21,9,MovementTraverse,400,13,13,,
872,0,Husk,T3/11,MOVING,70.009,4.000,0.500,"GoalBlock{x=80,y=4,z=0}",21,9,MovementTraverse,400,13,13,,
873,0,Husk,T3/11,MOVING,70.278,4.000,0.500,"GoalBlock{x=80,y=4,z=0}",21,10,MovementTraverse,400,13,13,,
874,0,Husk,T3/11,MOVING,70.553,4.000,0.500,"GoalBlock{x=80,y=4,z=0}",21,10,MovementTraverse,400,13,13,,
875,0,Husk,T3/11,MOVING,70.830,4.000,0.500,"GoalBlock{x=80,y=4,z=0}",21,10,MovementTraverse,400,13,13,,
876,0,Husk,T3/11,MOVING,71.109,4.000,0.500,"GoalBlock{x=80,y=4,z=0}",21,10,MovementTraverse,400,13,13,,
877,0,Husk,T3/11,MOVING,71.388,4.000,0.500,"GoalBlock{x=80,y=4,z=0}",21,11,MovementTraverse,400,13,13,,
878,0,Husk,T3/11,MOVING,71.668,4.000,0.500,"GoalBlock{x=80,y=4,z=0}",21,11,MovementTraverse,400,13,13,,
879,0,Husk,T3/11,MOVING,71.949,4.000,0.500,"GoalBlock{x=80,y=4,z=0}",21,11,MovementTraverse,400,13,13,,
880,0,Husk,T3/11,MOVING,72.229,4.000,0.500,"GoalBlock{x=80,y=4,z=0}",21,11,MovementTraverse,400,13,13,,
881,0,Husk,T3/11,MOVING,72.510,4.000,0.500,"GoalBlock{x=80,y=4,z=0}",21,12,MovementTraverse,400,13,13,,
882,0,Husk,T3/11,MOVING,72.790,4.000,0.500,"GoalBlock{x=80,y=4,z=0}",21,12,MovementTraverse,400,13,13,,
883,0,Husk,T3/11,MOVING,73.071,4.000,0.500,"GoalBlock{x=80,y=4,z=0}",21,12,MovementTraverse,400,13,13,,
884,0,Husk,T3/11,MOVING,73.352,4.000,0.500,"GoalBlock{x=80,y=4,z=0}",21,13,MovementTraverse,400,13,13,,
885,0,Husk,T3/11,MOVING,73.632,4.000,0.500,"GoalBlock{x=80,y=4,z=0}",21,13,MovementTraverse,400,13,13,,
886,0,Husk,T3/11,MOVING,73.913,4.000,0.500,"GoalBlock{x=80,y=4,z=0}",21,13,MovementTraverse,400,13,13,,
887,0,Husk,T3/11,MOVING,74.193,4.000,0.500,"GoalBlock{x=80,y=4,z=0}",21,13,MovementTraverse,400,13,13,,
888,0,Husk,T3/11,MOVING,74.474,4.000,0.500,"GoalBlock{x=80,y=4,z=0}",21,14,MovementTraverse,400,13,13,,
889,0,Husk,T3/11,MOVING,74.755,4.000,0.500,"GoalBlock{x=80,y=4,z=0}",21,14,MovementTraverse,400,13,13,,
890,0,Husk,T3/11,MOVING,75.035,4.000,0.500,"GoalBlock{x=80,y=4,z=0}",21,14,MovementTraverse,400,13,13,,
891,0,Husk,T3/11,MOVING,75.316,4.000,0.500,"GoalBlock{x=80,y=4,z=0}",21,15,MovementTraverse,400,13,13,,
892,0,Husk,T3/11,MOVING,75.596,4.000,0.500,"GoalBlock{x=80,y=4,z=0}",21,15,MovementTraverse,400,13,13,,
893,0,Husk,T3/11,MOVING,75.877,4.000,0.500,"GoalBlock{x=80,y=4,z=0}",21,15,MovementTraverse,400,13,13,,
894,0,Husk,T3/11,MOVING,76.158,4.000,0.500,"GoalBlock{x=80,y=4,z=0}",21,15,MovementTraverse,400,13,13,,
895,0,Husk,T3/11,MOVING,76.438,4.000,0.500,"GoalBlock{x=80,y=4,z=0}",21,16,MovementTraverse,400,13,13,,
896,0,Husk,T3/11,MOVING,76.719,4.000,0.500,"GoalBlock{x=80,y=4,z=0}",21,16,MovementTraverse,400,13,13,,
897,0,Husk,T3/11,MOVING,77.000,4.000,0.500,"GoalBlock{x=80,y=4,z=0}",21,16,MovementTraverse,400,13,13,,
898,0,Husk,T3/11,MOVING,77.280,4.000,0.500,"GoalBlock{x=80,y=4,z=0}",21,16,MovementTraverse,400,13,13,,
899,0,Husk,T3/11,MOVING,77.561,4.000,0.500,"GoalBlock{x=80,y=4,z=0}",21,17,MovementTraverse,400,13,13,,
900,0,Husk,T3/11,MOVING,77.841,4.000,0.500,"GoalBlock{x=80,y=4,z=0}",21,17,MovementTraverse,400,13,13,,
901,0,Husk,T3/11,MOVING,78.122,4.000,0.500,"GoalBlock{x=80,y=4,z=0}",21,17,MovementTraverse,400,13,13,,
902,0,Husk,T3/11,MOVING,78.403,4.000,0.500,"GoalBlock{x=80,y=4,z=0}",21,18,MovementTraverse,400,13,13,,
903,0,Husk,T3/11,MOVING,78.683,4.000,0.500,"GoalBlock{x=80,y=4,z=0}",21,18,MovementTraverse,400,13,13,,
904,0,Husk,T3/11,MOVING,78.964,4.000,0.500,"GoalBlock{x=80,y=4,z=0}",21,18,MovementTraverse,400,13,13,,
905,0,Husk,T3/11,MOVING,79.244,4.000,0.500,"GoalBlock{x=80,y=4,z=0}",21,18,MovementTraverse,400,13,13,,
906,0,Husk,T3/11,MOVING,79.525,4.000,0.500,"GoalBlock{x=80,y=4,z=0}",21,19,MovementTraverse,400,13,13,,
907,0,Husk,T3/11,MOVING,79.806,4.000,0.500,"GoalBlock{x=80,y=4,z=0}",21,19,MovementTraverse,400,13,13,,
908,0,Husk,T3/11,MOVING,80.086,4.000,0.500,"GoalBlock{x=80,y=4,z=0}",21,19,MovementTraverse,400,13,13,,
909,0,Husk,T3/11,ARRIVED,80.240,4.000,0.500,,-1,-1,,400,13,13,,CANCELED
910,0,Husk,T3/12,ARRIVED,60.500,4.000,12.500,,-1,-1,,400,13,13,,CANCELED|CANCELED
911,0,Husk,T3/12,ARRIVED,60.500,4.000,12.500,,-1,-1,,400,13,13,,
912,0,Husk,T3/12,ARRIVED,60.500,4.000,12.500,,-1,-1,,400,13,13,,
913,0,Husk,T3/12,ARRIVED,60.500,4.000,12.500,,-1,-1,,400,13,13,,
914,0,Husk,T3/12,ARRIVED,60.500,4.000,12.500,,-1,-1,,400,13,13,,
915,0,Husk,T3/12,ARRIVED,60.500,4.000,12.500,,-1,-1,,400,13,13,,
916,0,Husk,T3/12,ARRIVED,60.500,4.000,12.500,,-1,-1,,400,13,13,,
917,0,Husk,T3/12,ARRIVED,60.500,4.000,12.500,,-1,-1,,400,13,13,,
918,0,Husk,T3/12,ARRIVED,60.500,4.000,12.500,,-1,-1,,400,13,13,,
919,0,Husk,T3/12,ARRIVED,60.500,4.000,12.500,,-1,-1,,400,13,13,,
920,0,Husk,T3/12,SEARCHING,60.500,4.000,12.500,"GoalBlock{x=80,y=4,z=12}",-1,-1,,400,14,14,,CALC_STARTED
921,0,Husk,T3/12,MOVING,60.627,4.000,12.500,"GoalBlock{x=80,y=4,z=12}",10,0,MovementTraverse,678,15,15,,CALC_FINISHED_NOW_EXECUTING|NEXT_SEGMENT_CALC_STARTED
922,0,Husk,T3/12,MOVING,60.824,4.000,12.500,"GoalBlock{x=80,y=4,z=12}",10,0,MovementTraverse,776,15,15,,NEXT_CALC_FAILED
923,0,Husk,T3/12,MOVING,61.059,4.000,12.500,"GoalBlock{x=80,y=4,z=12}",10,0,MovementTraverse,776,15,15,,
924,0,Husk,T3/12,MOVING,61.315,4.000,12.500,"GoalBlock{x=80,y=4,z=12}",10,1,MovementTraverse,776,15,15,,
925,0,Husk,T3/12,MOVING,61.582,4.000,12.500,"GoalBlock{x=80,y=4,z=12}",10,1,MovementTraverse,776,15,15,,
926,0,Husk,T3/12,MOVING,61.855,4.000,12.500,"GoalBlock{x=80,y=4,z=12}",10,1,MovementTraverse,776,15,15,,
927,0,Husk,T3/12,MOVING,62.132,4.000,12.500,"GoalBlock{x=80,y=4,z=12}",10,1,MovementTraverse,776,15,15,,
928,0,Husk,T3/12,MOVING,62.410,4.000,12.500,"GoalBlock{x=80,y=4,z=12}",10,2,MovementTraverse,776,15,15,,
929,0,Husk,T3/12,MOVING,62.690,4.000,12.500,"GoalBlock{x=80,y=4,z=12}",10,2,MovementTraverse,776,15,15,,
930,0,Husk,T3/12,MOVING,62.969,4.000,12.500,"GoalBlock{x=80,y=4,z=12}",10,2,MovementTraverse,776,15,15,,
931,0,Husk,T3/12,MOVING,63.250,4.000,12.500,"GoalBlock{x=80,y=4,z=12}",10,2,MovementTraverse,776,15,15,,
932,0,Husk,T3/12,MOVING,63.530,4.000,12.500,"GoalBlock{x=80,y=4,z=12}",10,3,MovementTraverse,776,15,15,,
933,0,Husk,T3/12,MOVING,63.811,4.000,12.500,"GoalBlock{x=80,y=4,z=12}",10,3,MovementTraverse,776,15,15,,
934,0,Husk,T3/12,MOVING,64.091,4.000,12.500,"GoalBlock{x=80,y=4,z=12}",10,3,MovementTraverse,776,15,15,,
935,0,Husk,T3/12,MOVING,64.372,4.000,12.500,"GoalBlock{x=80,y=4,z=12}",10,4,MovementTraverse,776,15,15,,
936,0,Husk,T3/12,MOVING,64.652,4.000,12.500,"GoalBlock{x=80,y=4,z=12}",10,4,MovementTraverse,776,15,15,,
937,0,Husk,T3/12,MOVING,64.933,4.000,12.500,"GoalBlock{x=80,y=4,z=12}",10,4,MovementTraverse,776,15,15,,
938,0,Husk,T3/12,MOVING,65.214,4.000,12.500,"GoalBlock{x=80,y=4,z=12}",10,4,MovementTraverse,776,15,15,,
939,0,Husk,T3/12,MOVING,65.494,4.000,12.500,"GoalBlock{x=80,y=4,z=12}",10,5,MovementTraverse,776,15,15,,
940,0,Husk,T3/12,MOVING,65.775,4.000,12.500,"GoalBlock{x=80,y=4,z=12}",10,5,MovementTraverse,776,15,15,,
941,0,Husk,T3/12,MOVING,66.055,4.000,12.500,"GoalBlock{x=80,y=4,z=12}",10,5,MovementTraverse,776,15,15,,
942,0,Husk,T3/12,MOVING,66.336,4.000,12.500,"GoalBlock{x=80,y=4,z=12}",10,6,MovementTraverse,776,15,15,,
943,0,Husk,T3/12,MOVING,66.617,4.000,12.500,"GoalBlock{x=80,y=4,z=12}",10,6,MovementTraverse,776,15,15,,
944,0,Husk,T3/12,MOVING,66.897,4.000,12.500,"GoalBlock{x=80,y=4,z=12}",10,6,MovementTraverse,776,15,15,,
945,0,Husk,T3/12,MOVING,67.178,4.000,12.500,"GoalBlock{x=80,y=4,z=12}",10,6,MovementTraverse,776,15,15,,
946,0,Husk,T3/12,MOVING,67.459,4.000,12.500,"GoalBlock{x=80,y=4,z=12}",10,7,MovementTraverse,776,15,15,,
947,0,Husk,T3/12,MOVING,67.739,4.000,12.500,"GoalBlock{x=80,y=4,z=12}",10,7,MovementTraverse,776,15,15,,
948,0,Husk,T3/12,MOVING,68.020,4.000,12.500,"GoalBlock{x=80,y=4,z=12}",10,7,MovementTraverse,776,15,15,,
949,0,Husk,T3/12,MOVING,68.300,4.000,12.500,"GoalBlock{x=80,y=4,z=12}",10,8,MovementTraverse,776,15,15,,
950,0,Husk,T3/12,MOVING,68.581,4.000,12.500,"GoalBlock{x=80,y=4,z=12}",10,8,MovementTraverse,776,15,15,,
951,0,Husk,T3/12,MOVING,68.862,4.000,12.500,"GoalBlock{x=80,y=4,z=12}",10,8,MovementTraverse,776,15,15,,
952,0,Husk,T3/12,MOVING,69.142,4.000,12.500,"GoalBlock{x=80,y=4,z=12}",10,8,MovementTraverse,776,15,15,,
953,0,Husk,T3/12,SEARCHING,69.295,4.000,12.500,"GoalBlock{x=80,y=4,z=12}",-1,-1,,776,16,16,,CALC_STARTED
954,0,Husk,T3/12,FAILED,69.379,4.000,12.500,,-1,-1,,533,16,16,no_path,CALC_FAILED
955,0,Husk,T3/12,FAILED,69.425,4.000,12.500,,-1,-1,,533,16,16,no_path,
956,0,Husk,T3/13,FAILED,60.500,4.000,24.500,,-1,-1,,533,16,16,no_path,CANCELED|CANCELED
957,0,Husk,T3/13,FAILED,60.500,4.000,24.500,,-1,-1,,533,16,16,no_path,
958,0,Husk,T3/13,FAILED,60.500,4.000,24.500,,-1,-1,,533,16,16,no_path,
959,0,Husk,T3/13,FAILED,60.500,4.000,24.500,,-1,-1,,533,16,16,no_path,
960,0,Husk,T3/13,FAILED,60.500,4.000,24.500,,-1,-1,,533,16,16,no_path,
961,0,Husk,T3/13,FAILED,60.500,4.000,24.500,,-1,-1,,533,16,16,no_path,
962,0,Husk,T3/13,FAILED,60.500,4.000,24.500,,-1,-1,,533,16,16,no_path,
963,0,Husk,T3/13,FAILED,60.500,4.000,24.500,,-1,-1,,533,16,16,no_path,
964,0,Husk,T3/13,FAILED,60.500,4.000,24.500,,-1,-1,,533,16,16,no_path,
965,0,Husk,T3/13,FAILED,60.500,4.000,24.500,,-1,-1,,533,16,16,no_path,
966,0,Husk,T3/13,SEARCHING,60.500,4.000,24.500,"GoalBlock{x=80,y=4,z=24}",-1,-1,,533,17,17,,CALC_STARTED
967,0,Husk,T3/13,MOVING,60.627,4.000,24.500,"GoalBlock{x=80,y=4,z=24}",21,0,MovementTraverse,483,17,17,,CALC_FINISHED_NOW_EXECUTING
968,0,Husk,T3/13,MOVING,60.824,4.000,24.500,"GoalBlock{x=80,y=4,z=24}",21,0,MovementTraverse,483,17,17,,
969,0,Husk,T3/13,MOVING,61.059,4.000,24.500,"GoalBlock{x=80,y=4,z=24}",21,0,MovementTraverse,483,17,17,,
970,0,Husk,T3/13,MOVING,61.315,4.000,24.500,"GoalBlock{x=80,y=4,z=24}",21,1,MovementTraverse,483,17,17,,
971,0,Husk,T3/13,MOVING,61.582,4.000,24.500,"GoalBlock{x=80,y=4,z=24}",21,1,MovementTraverse,483,17,17,,
972,0,Husk,T3/13,MOVING,61.855,4.000,24.500,"GoalBlock{x=80,y=4,z=24}",21,1,MovementTraverse,483,17,17,,
973,0,Husk,T3/13,MOVING,62.132,4.000,24.500,"GoalBlock{x=80,y=4,z=24}",21,1,MovementTraverse,483,17,17,,
974,0,Husk,T3/13,MOVING,62.410,4.000,24.500,"GoalBlock{x=80,y=4,z=24}",21,2,MovementTraverse,483,17,17,,
975,0,Husk,T3/13,MOVING,62.690,4.000,24.500,"GoalBlock{x=80,y=4,z=24}",21,2,MovementTraverse,483,17,17,,
976,0,Husk,T3/13,MOVING,62.969,4.000,24.500,"GoalBlock{x=80,y=4,z=24}",21,2,MovementTraverse,483,17,17,,
977,0,Husk,T3/13,MOVING,63.250,4.000,24.500,"GoalBlock{x=80,y=4,z=24}",21,2,MovementTraverse,483,17,17,,
978,0,Husk,T3/13,MOVING,63.530,4.000,24.500,"GoalBlock{x=80,y=4,z=24}",21,3,MovementTraverse,483,17,17,,
979,0,Husk,T3/13,MOVING,63.811,4.000,24.500,"GoalBlock{x=80,y=4,z=24}",21,3,MovementTraverse,483,17,17,,
980,0,Husk,T3/13,MOVING,64.091,4.000,24.500,"GoalBlock{x=80,y=4,z=24}",21,3,MovementTraverse,483,17,17,,
981,0,Husk,T3/13,MOVING,64.372,4.000,24.500,"GoalBlock{x=80,y=4,z=24}",21,4,MovementTraverse,483,17,17,,
982,0,Husk,T3/13,MOVING,64.652,4.000,24.500,"GoalBlock{x=80,y=4,z=24}",21,4,MovementTraverse,483,17,17,,
983,0,Husk,T3/13,MOVING,64.933,4.000,24.500,"GoalBlock{x=80,y=4,z=24}",21,4,MovementTraverse,483,17,17,,
984,0,Husk,T3/13,MOVING,65.214,4.000,24.500,"GoalBlock{x=80,y=4,z=24}",21,4,MovementTraverse,483,17,17,,
985,0,Husk,T3/13,MOVING,65.494,4.000,24.500,"GoalBlock{x=80,y=4,z=24}",21,5,MovementTraverse,483,17,17,,
986,0,Husk,T3/13,MOVING,65.775,4.000,24.500,"GoalBlock{x=80,y=4,z=24}",21,5,MovementTraverse,483,17,17,,
987,0,Husk,T3/13,MOVING,66.055,4.000,24.500,"GoalBlock{x=80,y=4,z=24}",21,5,MovementTraverse,483,17,17,,
988,0,Husk,T3/13,MOVING,66.336,4.000,24.500,"GoalBlock{x=80,y=4,z=24}",21,6,MovementTraverse,483,17,17,,
989,0,Husk,T3/13,MOVING,66.617,4.000,24.500,"GoalBlock{x=80,y=4,z=24}",21,6,MovementTraverse,483,17,17,,
990,0,Husk,T3/13,MOVING,66.897,4.000,24.500,"GoalBlock{x=80,y=4,z=24}",21,6,MovementTraverse,483,17,17,,
991,0,Husk,T3/13,MOVING,67.178,4.000,24.500,"GoalBlock{x=80,y=4,z=24}",21,6,MovementTraverse,483,17,17,,
992,0,Husk,T3/13,MOVING,67.459,4.000,24.500,"GoalBlock{x=80,y=4,z=24}",21,7,MovementTraverse,483,17,17,,
993,0,Husk,T3/13,MOVING,67.739,4.000,24.500,"GoalBlock{x=80,y=4,z=24}",21,7,MovementTraverse,483,17,17,,
994,0,Husk,T3/13,MOVING,68.020,4.000,24.500,"GoalBlock{x=80,y=4,z=24}",21,7,MovementTraverse,483,17,17,,
995,0,Husk,T3/13,MOVING,68.300,4.000,24.500,"GoalBlock{x=80,y=4,z=24}",21,8,MovementTraverse,483,17,17,,
996,0,Husk,T3/13,MOVING,68.581,4.000,24.500,"GoalBlock{x=80,y=4,z=24}",21,8,MovementTraverse,483,17,17,,
997,0,Husk,T3/13,MOVING,68.862,4.000,24.500,"GoalBlock{x=80,y=4,z=24}",21,8,MovementTraverse,483,17,17,,
998,0,Husk,T3/13,MOVING,69.142,4.000,24.500,"GoalBlock{x=80,y=4,z=24}",21,8,MovementTraverse,483,17,17,,
999,0,Husk,T3/13,MOVING,69.295,4.000,24.500,"GoalBlock{x=80,y=4,z=24}",21,9,MovementTraverse,483,17,17,,
1000,0,Husk,T3/13,MOVING,69.507,4.000,24.500,"GoalBlock{x=80,y=4,z=24}",21,9,MovementTraverse,483,17,17,,
1001,0,Husk,T3/13,MOVING,69.749,4.000,24.500,"GoalBlock{x=80,y=4,z=24}",21,9,MovementTraverse,483,17,17,,
1002,0,Husk,T3/13,MOVING,70.009,4.000,24.500,"GoalBlock{x=80,y=4,z=24}",21,9,MovementTraverse,483,17,17,,
1003,0,Husk,T3/13,MOVING,70.278,4.000,24.500,"GoalBlock{x=80,y=4,z=24}",21,10,MovementTraverse,483,17,17,,
1004,0,Husk,T3/13,MOVING,70.553,4.000,24.500,"GoalBlock{x=80,y=4,z=24}",21,10,MovementTraverse,483,17,17,,
1005,0,Husk,T3/13,MOVING,70.830,4.000,24.500,"GoalBlock{x=80,y=4,z=24}",21,10,MovementTraverse,483,17,17,,
1006,0,Husk,T3/13,MOVING,71.109,4.000,24.500,"GoalBlock{x=80,y=4,z=24}",21,10,MovementTraverse,483,17,17,,
1007,0,Husk,T3/13,MOVING,71.388,4.000,24.500,"GoalBlock{x=80,y=4,z=24}",21,11,MovementTraverse,483,17,17,,
1008,0,Husk,T3/13,MOVING,71.668,4.000,24.500,"GoalBlock{x=80,y=4,z=24}",21,11,MovementTraverse,483,17,17,,
1009,0,Husk,T3/13,MOVING,71.949,4.000,24.500,"GoalBlock{x=80,y=4,z=24}",21,11,MovementTraverse,483,17,17,,
1010,0,Husk,T3/13,MOVING,72.229,4.000,24.500,"GoalBlock{x=80,y=4,z=24}",21,11,MovementTraverse,483,17,17,,
1011,0,Husk,T3/13,MOVING,72.510,4.000,24.500,"GoalBlock{x=80,y=4,z=24}",21,12,MovementTraverse,483,17,17,,
1012,0,Husk,T3/13,MOVING,72.790,4.000,24.500,"GoalBlock{x=80,y=4,z=24}",21,12,MovementTraverse,483,17,17,,
1013,0,Husk,T3/13,MOVING,73.071,4.000,24.500,"GoalBlock{x=80,y=4,z=24}",21,12,MovementTraverse,483,17,17,,
1014,0,Husk,T3/13,MOVING,73.352,4.000,24.500,"GoalBlock{x=80,y=4,z=24}",21,13,MovementTraverse,483,17,17,,
1015,0,Husk,T3/13,MOVING,73.632,4.000,24.500,"GoalBlock{x=80,y=4,z=24}",21,13,MovementTraverse,483,17,17,,
1016,0,Husk,T3/13,MOVING,73.913,4.000,24.500,"GoalBlock{x=80,y=4,z=24}",21,13,MovementTraverse,483,17,17,,
1017,0,Husk,T3/13,MOVING,74.193,4.000,24.500,"GoalBlock{x=80,y=4,z=24}",21,13,MovementTraverse,483,17,17,,
1018,0,Husk,T3/13,MOVING,74.474,4.000,24.500,"GoalBlock{x=80,y=4,z=24}",21,14,MovementTraverse,483,17,17,,
1019,0,Husk,T3/13,MOVING,74.755,4.000,24.500,"GoalBlock{x=80,y=4,z=24}",21,14,MovementTraverse,483,17,17,,
1020,0,Husk,T3/13,MOVING,75.035,4.000,24.500,"GoalBlock{x=80,y=4,z=24}",21,14,MovementTraverse,483,17,17,,
1021,0,Husk,T3/13,MOVING,75.316,4.000,24.500,"GoalBlock{x=80,y=4,z=24}",21,15,MovementTraverse,483,17,17,,
1022,0,Husk,T3/13,MOVING,75.596,4.000,24.500,"GoalBlock{x=80,y=4,z=24}",21,15,MovementTraverse,483,17,17,,
1023,0,Husk,T3/13,MOVING,75.877,4.000,24.500,"GoalBlock{x=80,y=4,z=24}",21,15,MovementTraverse,483,17,17,,
1024,0,Husk,T3/13,MOVING,76.158,4.000,24.500,"GoalBlock{x=80,y=4,z=24}",21,15,MovementTraverse,483,17,17,,
1025,0,Husk,T3/13,MOVING,76.438,4.000,24.500,"GoalBlock{x=80,y=4,z=24}",21,16,MovementTraverse,483,17,17,,
1026,0,Husk,T3/13,MOVING,76.719,4.000,24.500,"GoalBlock{x=80,y=4,z=24}",21,16,MovementTraverse,483,17,17,,
1027,0,Husk,T3/13,MOVING,77.000,4.000,24.500,"GoalBlock{x=80,y=4,z=24}",21,16,MovementTraverse,483,17,17,,
1028,0,Husk,T3/13,MOVING,77.280,4.000,24.500,"GoalBlock{x=80,y=4,z=24}",21,16,MovementTraverse,483,17,17,,
1029,0,Husk,T3/13,MOVING,77.561,4.000,24.500,"GoalBlock{x=80,y=4,z=24}",21,17,MovementTraverse,483,17,17,,
1030,0,Husk,T3/13,MOVING,77.841,4.000,24.500,"GoalBlock{x=80,y=4,z=24}",21,17,MovementTraverse,483,17,17,,
1031,0,Husk,T3/13,MOVING,78.122,4.000,24.500,"GoalBlock{x=80,y=4,z=24}",21,17,MovementTraverse,483,17,17,,
1032,0,Husk,T3/13,MOVING,78.403,4.000,24.500,"GoalBlock{x=80,y=4,z=24}",21,18,MovementTraverse,483,17,17,,
1033,0,Husk,T3/13,MOVING,78.683,4.000,24.500,"GoalBlock{x=80,y=4,z=24}",21,18,MovementTraverse,483,17,17,,
1034,0,Husk,T3/13,MOVING,78.964,4.000,24.500,"GoalBlock{x=80,y=4,z=24}",21,18,MovementTraverse,483,17,17,,
1035,0,Husk,T3/13,MOVING,79.244,4.000,24.500,"GoalBlock{x=80,y=4,z=24}",21,18,MovementTraverse,483,17,17,,
1036,0,Husk,T3/13,MOVING,79.525,4.000,24.500,"GoalBlock{x=80,y=4,z=24}",21,19,MovementTraverse,483,17,17,,
1037,0,Husk,T3/13,MOVING,79.806,4.000,24.500,"GoalBlock{x=80,y=4,z=24}",21,19,MovementTraverse,483,17,17,,
1038,0,Husk,T3/13,MOVING,80.086,4.000,24.500,"GoalBlock{x=80,y=4,z=24}",21,19,MovementTraverse,483,17,17,,
1039,0,Husk,T3/13,ARRIVED,80.240,4.000,24.500,,-1,-1,,483,17,17,,CANCELED
1040,0,Husk,T3/14,ARRIVED,60.500,4.000,36.500,,-1,-1,,483,17,17,,CANCELED|CANCELED
1041,0,Husk,T3/14,ARRIVED,60.500,4.000,36.500,,-1,-1,,483,17,17,,
1042,0,Husk,T3/14,ARRIVED,60.500,4.000,36.500,,-1,-1,,483,17,17,,
1043,0,Husk,T3/14,ARRIVED,60.500,4.000,36.500,,-1,-1,,483,17,17,,
1044,0,Husk,T3/14,ARRIVED,60.500,4.000,36.500,,-1,-1,,483,17,17,,
1045,0,Husk,T3/14,ARRIVED,60.500,4.000,36.500,,-1,-1,,483,17,17,,
1046,0,Husk,T3/14,ARRIVED,60.500,4.000,36.500,,-1,-1,,483,17,17,,
1047,0,Husk,T3/14,ARRIVED,60.500,4.000,36.500,,-1,-1,,483,17,17,,
1048,0,Husk,T3/14,ARRIVED,60.500,4.000,36.500,,-1,-1,,483,17,17,,
1049,0,Husk,T3/14,ARRIVED,60.500,4.000,36.500,,-1,-1,,483,17,17,,
1050,0,Husk,T3/14,SEARCHING,60.500,4.000,36.500,"GoalBlock{x=75,y=9,z=36}",-1,-1,,483,18,18,,CALC_STARTED
1051,0,Husk,T3/14,MOVING,60.627,4.000,36.500,"GoalBlock{x=75,y=9,z=36}",20,0,MovementTraverse,1357,18,18,,CALC_FINISHED_NOW_EXECUTING
1052,0,Husk,T3/14,MOVING,60.824,4.000,36.500,"GoalBlock{x=75,y=9,z=36}",20,0,MovementTraverse,1357,18,18,,
1053,0,Husk,T3/14,MOVING,61.059,4.000,36.500,"GoalBlock{x=75,y=9,z=36}",20,0,MovementTraverse,1357,18,18,,
1054,0,Husk,T3/14,MOVING,61.315,4.000,36.500,"GoalBlock{x=75,y=9,z=36}",20,1,MovementTraverse,1357,18,18,,
1055,0,Husk,T3/14,MOVING,61.582,4.000,36.500,"GoalBlock{x=75,y=9,z=36}",20,1,MovementTraverse,1357,18,18,,
1056,0,Husk,T3/14,MOVING,61.855,4.000,36.500,"GoalBlock{x=75,y=9,z=36}",20,1,MovementTraverse,1357,18,18,,
1057,0,Husk,T3/14,MOVING,62.132,4.000,36.500,"GoalBlock{x=75,y=9,z=36}",20,1,MovementTraverse,1357,18,18,,
1058,0,Husk,T3/14,MOVING,62.410,4.000,36.500,"GoalBlock{x=75,y=9,z=36}",20,2,MovementTraverse,1357,18,18,,
1059,0,Husk,T3/14,MOVING,62.690,4.000,36.500,"GoalBlock{x=75,y=9,z=36}",20,2,MovementTraverse,1357,18,18,,
1060,0,Husk,T3/14,MOVING,62.969,4.000,36.500,"GoalBlock{x=75,y=9,z=36}",20,2,MovementTraverse,1357,18,18,,
1061,0,Husk,T3/14,MOVING,63.250,4.000,36.500,"GoalBlock{x=75,y=9,z=36}",20,2,MovementTraverse,1357,18,18,,
1062,0,Husk,T3/14,MOVING,63.530,4.000,36.500,"GoalBlock{x=75,y=9,z=36}",20,3,MovementTraverse,1357,18,18,,
1063,0,Husk,T3/14,MOVING,63.811,4.000,36.500,"GoalBlock{x=75,y=9,z=36}",20,3,MovementTraverse,1357,18,18,,
1064,0,Husk,T3/14,MOVING,64.091,4.000,36.500,"GoalBlock{x=75,y=9,z=36}",20,3,MovementTraverse,1357,18,18,,
1065,0,Husk,T3/14,MOVING,64.372,4.000,36.500,"GoalBlock{x=75,y=9,z=36}",20,4,MovementTraverse,1357,18,18,,
1066,0,Husk,T3/14,MOVING,64.652,4.000,36.500,"GoalBlock{x=75,y=9,z=36}",20,4,MovementTraverse,1357,18,18,,
1067,0,Husk,T3/14,MOVING,64.933,4.000,36.500,"GoalBlock{x=75,y=9,z=36}",20,4,MovementTraverse,1357,18,18,,
1068,0,Husk,T3/14,MOVING,65.214,4.000,36.500,"GoalBlock{x=75,y=9,z=36}",20,4,MovementTraverse,1357,18,18,,
1069,0,Husk,T3/14,MOVING,65.494,4.000,36.500,"GoalBlock{x=75,y=9,z=36}",20,5,MovementTraverse,1357,18,18,,
1070,0,Husk,T3/14,MOVING,65.775,4.000,36.500,"GoalBlock{x=75,y=9,z=36}",20,5,MovementTraverse,1357,18,18,,
1071,0,Husk,T3/14,MOVING,66.055,4.000,36.500,"GoalBlock{x=75,y=9,z=36}",20,5,MovementTraverse,1357,18,18,,
1072,0,Husk,T3/14,MOVING,66.336,4.000,36.500,"GoalBlock{x=75,y=9,z=36}",20,6,MovementTraverse,1357,18,18,,
1073,0,Husk,T3/14,MOVING,66.617,4.000,36.500,"GoalBlock{x=75,y=9,z=36}",20,6,MovementTraverse,1357,18,18,,
1074,0,Husk,T3/14,MOVING,66.897,4.000,36.500,"GoalBlock{x=75,y=9,z=36}",20,6,MovementTraverse,1357,18,18,,
1075,0,Husk,T3/14,MOVING,67.178,4.000,36.500,"GoalBlock{x=75,y=9,z=36}",20,6,MovementTraverse,1357,18,18,,
1076,0,Husk,T3/14,MOVING,67.459,4.000,36.500,"GoalBlock{x=75,y=9,z=36}",20,7,MovementTraverse,1357,18,18,,
1077,0,Husk,T3/14,MOVING,67.739,4.000,36.500,"GoalBlock{x=75,y=9,z=36}",20,7,MovementTraverse,1357,18,18,,
1078,0,Husk,T3/14,MOVING,68.020,4.000,36.500,"GoalBlock{x=75,y=9,z=36}",20,7,MovementTraverse,1357,18,18,,
1079,0,Husk,T3/14,MOVING,68.271,4.420,36.500,"GoalBlock{x=75,y=9,z=36}",20,8,MovementAscend,1357,18,18,,
1080,0,Husk,T3/14,MOVING,68.428,4.753,36.500,"GoalBlock{x=75,y=9,z=36}",20,8,MovementAscend,1357,18,18,,
1081,0,Husk,T3/14,MOVING,68.590,5.001,36.500,"GoalBlock{x=75,y=9,z=36}",20,8,MovementAscend,1357,18,18,,
1082,0,Husk,T3/14,MOVING,68.757,5.166,36.500,"GoalBlock{x=75,y=9,z=36}",20,8,MovementAscend,1357,18,18,,
1083,0,Husk,T3/14,MOVING,68.929,5.249,36.500,"GoalBlock{x=75,y=9,z=36}",20,8,MovementAscend,1357,18,18,,
1084,0,Husk,T3/14,MOVING,69.105,5.252,36.500,"GoalBlock{x=75,y=9,z=36}",20,8,MovementAscend,1357,18,18,,
1085,0,Husk,T3/14,MOVING,69.255,5.177,36.500,"GoalBlock{x=75,y=9,z=36}",20,9,MovementPillar,1357,18,18,,
1086,0,Husk,T3/14,MOVING,69.397,5.027,36.500,"GoalBlock{x=75,y=9,z=36}",20,9,MovementPillar,1357,18,18,,
1087,0,Husk,T3/14,MOVING,69.533,4.877,36.500,"GoalBlock{x=75,y=9,z=36}",20,9,MovementPillar,1357,18,18,,
1088,0,Husk,T3/14,MOVING,69.662,4.727,36.500,"GoalBlock{x=75,y=9,z=36}",20,9,MovementPillar,1357,18,18,,
1089,0,Husk,T3/14,SEARCHING,69.752,4.577,36.500,"GoalBlock{x=75,y=9,z=36}",-1,-1,,1357,19,19,,CALC_STARTED
1090,0,Husk,T3/14,MOVING,69.752,4.694,36.500,"GoalBlock{x=75,y=9,z=36}",12,0,MovementPillar,399,19,19,,CALC_FINISHED_NOW_EXECUTING
1091,0,Husk,T3/14,MOVING,69.752,4.812,36.500,"GoalBlock{x=75,y=9,z=36}",12,0,MovementPillar,399,19,19,,
1092,0,Husk,T3/14,MOVING,69.752,4.930,36.500,"GoalBlock{x=75,y=9,z=36}",12,0,MovementPillar,399,19,19,,
1093,0,Husk,T3/14,MOVING,69.752,5.047,36.500,"GoalBlock{x=75,y=9,z=36}",12,1,MovementPillar,399,19,19,,
1094,0,Husk,T3/14,MOVING,69.752,5.165,36.500,"GoalBlock{x=75,y=9,z=36}",12,1,MovementPillar,399,19,19,,
1095,0,Husk,T3/14,MOVING,69.752,5.282,36.500,"GoalBlock{x=75,y=9,z=36}",12,1,MovementPillar,399,19,19,,
1096,0,Husk,T3/14,MOVING,69.752,5.400,36.500,"GoalBlock{x=75,y=9,z=36}",12,1,MovementPillar,399,19,19,,
1097,0,Husk,T3/14,MOVING,69.752,5.518,36.500,"GoalBlock{x=75,y=9,z=36}",12,1,MovementPillar,399,19,19,,
1098,0,Husk,T3/14,MOVING,69.752,5.635,36.500,"GoalBlock{x=75,y=9,z=36}",12,1,MovementPillar,399,19,19,,
1099,0,Husk,T3/14,MOVING,69.752,5.753,36.500,"GoalBlock{x=75,y=9,z=36}",12,1,MovementPillar,399,19,19,,
1100,0,Husk,T3/14,MOVING,69.752,5.870,36.500,"GoalBlock{x=75,y=9,z=36}",12,1,MovementPillar,399,19,19,,
1101,0,Husk,T3/14,MOVING,69.752,5.988,36.500,"GoalBlock{x=75,y=9,z=36}",12,1,MovementPillar,399,19,19,,
1102,0,Husk,T3/14,MOVING,69.752,6.106,36.500,"GoalBlock{x=75,y=9,z=36}",12,2,MovementPillar,399,19,19,,
1103,0,Husk,T3/14,MOVING,69.752,6.223,36.500,"GoalBlock{x=75,y=9,z=36}",12,2,MovementPillar,399,19,19,,
1104,0,Husk,T3/14,MOVING,69.752,6.341,36.500,"GoalBlock{x=75,y=9,z=36}",12,2,MovementPillar,399,19,19,,
1105,0,Husk,T3/14,MOVING,69.752,6.458,36.500,"GoalBlock{x=75,y=9,z=36}",12,2,MovementPillar,399,19,19,,
1106,0,Husk,T3/14,MOVING,69.752,6.576,36.500,"GoalBlock{x=75,y=9,z=36}",12,2,MovementPillar,399,19,19,,
1107,0,Husk,T3/14,MOVING,69.752,6.694,36.500,"GoalBlock{x=75,y=9,z=36}",12,2,MovementPillar,399,19,19,,
1108,0,Husk,T3/14,MOVING,69.752,6.811,36.500,"GoalBlock{x=75,y=9,z=36}",12,2,MovementPillar,399,19,19,,
1109,0,Husk,T3/14,MOVING,69.752,6.929,36.500,"GoalBlock{x=75,y=9,z=36}",12,2,MovementPillar,399,19,19,,
1110,0,Husk,T3/14,MOVING,69.752,7.046,36.500,"GoalBlock{x=75,y=9,z=36}",12,3,MovementPillar,399,19,19,,
1111,0,Husk,T3/14,MOVING,69.752,7.164,36.500,"GoalBlock{x=75,y=9,z=36}",12,3,MovementPillar,399,19,19,,
1112,0,Husk,T3/14,MOVING,69.752,7.282,36.500,"GoalBlock{x=75,y=9,z=36}",12,3,MovementPillar,399,19,19,,
1113,0,Husk,T3/14,MOVING,69.752,7.399,36.500,"GoalBlock{x=75,y=9,z=36}",12,3,MovementPillar,399,19,19,,
1114,0,Husk,T3/14,MOVING,69.752,7.517,36.500,"GoalBlock{x=75,y=9,z=36}",12,3,MovementPillar,399,19,19,,
1115,0,Husk,T3/14,MOVING,69.752,7.634,36.500,"GoalBlock{x=75,y=9,z=36}",12,3,MovementPillar,399,19,19,,
1116,0,Husk,T3/14,MOVING,69.752,7.752,36.500,"GoalBlock{x=75,y=9,z=36}",12,3,MovementPillar,399,19,19,,
1117,0,Husk,T3/14,MOVING,69.752,7.870,36.500,"GoalBlock{x=75,y=9,z=36}",12,3,MovementPillar,399,19,19,,
1118,0,Husk,T3/14,MOVING,69.752,7.987,36.500,"GoalBlock{x=75,y=9,z=36}",12,3,MovementPillar,399,19,19,,
1119,0,Husk,T3/14,MOVING,69.752,8.105,36.500,"GoalBlock{x=75,y=9,z=36}",12,4,MovementPillar,399,19,19,,
1120,0,Husk,T3/14,MOVING,69.752,8.222,36.500,"GoalBlock{x=75,y=9,z=36}",12,4,MovementPillar,399,19,19,,
1121,0,Husk,T3/14,MOVING,69.752,8.340,36.500,"GoalBlock{x=75,y=9,z=36}",12,4,MovementPillar,399,19,19,,
1122,0,Husk,T3/14,MOVING,69.752,8.458,36.500,"GoalBlock{x=75,y=9,z=36}",12,4,MovementPillar,399,19,19,,
1123,0,Husk,T3/14,MOVING,69.752,8.575,36.500,"GoalBlock{x=75,y=9,z=36}",12,4,MovementPillar,399,19,19,,
1124,0,Husk,T3/14,MOVING,69.752,8.693,36.500,"GoalBlock{x=75,y=9,z=36}",12,4,MovementPillar,399,19,19,,
1125,0,Husk,T3/14,MOVING,69.752,8.810,36.500,"GoalBlock{x=75,y=9,z=36}",12,4,MovementPillar,399,19,19,,
1126,0,Husk,T3/14,MOVING,69.752,8.928,36.500,"GoalBlock{x=75,y=9,z=36}",12,4,MovementPillar,399,19,19,,
1127,0,Husk,T3/14,MOVING,69.778,9.046,36.500,"GoalBlock{x=75,y=9,z=36}",12,5,MovementTraverse,399,19,19,,
1128,0,Husk,T3/14,MOVING,69.827,9.082,36.500,"GoalBlock{x=75,y=9,z=36}",12,5,MovementTraverse,399,19,19,,
1129,0,Husk,T3/14,MOVING,69.896,9.040,36.500,"GoalBlock{x=75,y=9,z=36}",12,5,MovementTraverse,399,19,19,,
1130,0,Husk,T3/14,MOVING,69.985,9.000,36.500,"GoalBlock{x=75,y=9,z=36}",12,5,MovementTraverse,399,19,19,,
1131,0,Husk,T3/14,MOVING,70.194,9.000,36.500,"GoalBlock{x=75,y=9,z=36}",12,5,MovementTraverse,399,19,19,,
1132,0,Husk,T3/14,MOVING,70.435,9.000,36.500,"GoalBlock{x=75,y=9,z=36}",12,6,MovementTraverse,399,19,19,,
1133,0,Husk,T3/14,MOVING,70.694,9.000,36.500,"GoalBlock{x=75,y=9,z=36}",12,6,MovementTraverse,399,19,19,,
1134,0,Husk,T3/14,MOVING,70.963,9.000,36.500,"GoalBlock{x=75,y=9,z=36}",12,6,MovementTraverse,399,19,19,,
1135,0,Husk,T3/14,MOVING,71.237,9.000,36.500,"GoalBlock{x=75,y=9,z=36}",12,6,MovementTraverse,399,19,19,,
1136,0,Husk,T3/14,MOVING,71.514,9.000,36.500,"GoalBlock{x=75,y=9,z=36}",12,7,MovementTraverse,399,19,19,,
1137,0,Husk,T3/14,MOVING,71.793,9.000,36.500,"GoalBlock{x=75,y=9,z=36}",12,7,MovementTraverse,399,19,19,,
1138,0,Husk,T3/14,MOVING,72.072,9.000,36.500,"GoalBlock{x=75,y=9,z=36}",12,7,MovementTraverse,399,19,19,,
1139,0,Husk,T3/14,MOVING,72.352,9.000,36.500,"GoalBlock{x=75,y=9,z=36}",12,8,MovementTraverse,399,19,19,,
1140,0,Husk,T3/14,MOVING,72.633,9.000,36.500,"GoalBlock{x=75,y=9,z=36}",12,8,MovementTraverse,399,19,19,,
1141,0,Husk,T3/14,MOVING,72.913,9.000,36.500,"GoalBlock{x=75,y=9,z=36}",12,8,MovementTraverse,399,19,19,,
1142,0,Husk,T3/14,MOVING,73.194,9.000,36.500,"GoalBlock{x=75,y=9,z=36}",12,8,MovementTraverse,399,19,19,,
1143,0,Husk,T3/14,MOVING,73.474,9.000,36.500,"GoalBlock{x=75,y=9,z=36}",12,9,MovementTraverse,399,19,19,,
1144,0,Husk,T3/14,MOVING,73.755,9.000,36.500,"GoalBlock{x=75,y=9,z=36}",12,9,MovementTraverse,399,19,19,,
1145,0,Husk,T3/14,MOVING,74.035,9.000,36.500,"GoalBlock{x=75,y=9,z=36}",12,9,MovementTraverse,399,19,19,,
1146,0,Husk,T3/14,MOVING,74.316,9.000,36.500,"GoalBlock{x=75,y=9,z=36}",12,10,MovementTraverse,399,19,19,,
1147,0,Husk,T3/14,MOVING,74.597,9.000,36.500,"GoalBlock{x=75,y=9,z=36}",12,10,MovementTraverse,399,19,19,,
1148,0,Husk,T3/14,MOVING,74.877,9.000,36.500,"GoalBlock{x=75,y=9,z=36}",12,10,MovementTraverse,399,19,19,,
1149,0,Husk,T3/14,MOVING,75.158,9.000,36.500,"GoalBlock{x=75,y=9,z=36}",12,10,MovementTraverse,399,19,19,,
1150,0,Husk,T3/14,ARRIVED,75.311,9.000,36.500,,-1,-1,,399,19,19,,CANCELED
1151,0,Husk,T3/15,ARRIVED,60.500,9.000,48.500,,-1,-1,,399,19,19,,CANCELED|CANCELED
1152,0,Husk,T3/15,ARRIVED,60.500,9.000,48.500,,-1,-1,,399,19,19,,
1153,0,Husk,T3/15,ARRIVED,60.500,9.000,48.500,,-1,-1,,399,19,19,,
1154,0,Husk,T3/15,ARRIVED,60.500,9.000,48.500,,-1,-1,,399,19,19,,
1155,0,Husk,T3/15,ARRIVED,60.500,9.000,48.500,,-1,-1,,399,19,19,,
1156,0,Husk,T3/15,ARRIVED,60.500,9.000,48.500,,-1,-1,,399,19,19,,
1157,0,Husk,T3/15,ARRIVED,60.500,9.000,48.500,,-1,-1,,399,19,19,,
1158,0,Husk,T3/15,ARRIVED,60.500,9.000,48.500,,-1,-1,,399,19,19,,
1159,0,Husk,T3/15,ARRIVED,60.500,9.000,48.500,,-1,-1,,399,19,19,,
1160,0,Husk,T3/15,ARRIVED,60.500,9.000,48.500,,-1,-1,,399,19,19,,
1161,0,Husk,T3/15,SEARCHING,60.500,9.000,48.500,"GoalBlock{x=80,y=4,z=48}",-1,-1,,399,20,20,,CALC_STARTED
1162,0,Husk,T3/15,MOVING,60.627,9.000,48.500,"GoalBlock{x=80,y=4,z=48}",26,0,MovementTraverse,532,20,20,,CALC_FINISHED_NOW_EXECUTING
1163,0,Husk,T3/15,MOVING,60.824,9.000,48.500,"GoalBlock{x=80,y=4,z=48}",26,0,MovementTraverse,532,20,20,,
1164,0,Husk,T3/15,MOVING,61.059,9.000,48.500,"GoalBlock{x=80,y=4,z=48}",26,0,MovementTraverse,532,20,20,,
1165,0,Husk,T3/15,MOVING,61.315,9.000,48.500,"GoalBlock{x=80,y=4,z=48}",26,1,MovementTraverse,532,20,20,,
1166,0,Husk,T3/15,MOVING,61.582,9.000,48.500,"GoalBlock{x=80,y=4,z=48}",26,1,MovementTraverse,532,20,20,,
1167,0,Husk,T3/15,MOVING,61.855,9.000,48.500,"GoalBlock{x=80,y=4,z=48}",26,1,MovementTraverse,532,20,20,,
1168,0,Husk,T3/15,MOVING,62.132,9.000,48.500,"GoalBlock{x=80,y=4,z=48}",26,1,MovementTraverse,532,20,20,,
1169,0,Husk,T3/15,MOVING,62.410,9.000,48.500,"GoalBlock{x=80,y=4,z=48}",26,2,MovementTraverse,532,20,20,,
1170,0,Husk,T3/15,MOVING,62.690,9.000,48.500,"GoalBlock{x=80,y=4,z=48}",26,2,MovementTraverse,532,20,20,,
1171,0,Husk,T3/15,MOVING,62.969,9.000,48.500,"GoalBlock{x=80,y=4,z=48}",26,2,MovementTraverse,532,20,20,,
1172,0,Husk,T3/15,MOVING,63.250,9.000,48.500,"GoalBlock{x=80,y=4,z=48}",26,2,MovementTraverse,532,20,20,,
1173,0,Husk,T3/15,MOVING,63.530,9.000,48.500,"GoalBlock{x=80,y=4,z=48}",26,3,MovementTraverse,532,20,20,,
1174,0,Husk,T3/15,MOVING,63.811,9.000,48.500,"GoalBlock{x=80,y=4,z=48}",26,3,MovementTraverse,532,20,20,,
1175,0,Husk,T3/15,MOVING,64.091,9.000,48.500,"GoalBlock{x=80,y=4,z=48}",26,3,MovementTraverse,532,20,20,,
1176,0,Husk,T3/15,MOVING,64.372,9.000,48.500,"GoalBlock{x=80,y=4,z=48}",26,4,MovementTraverse,532,20,20,,
1177,0,Husk,T3/15,MOVING,64.652,9.000,48.500,"GoalBlock{x=80,y=4,z=48}",26,4,MovementTraverse,532,20,20,,
1178,0,Husk,T3/15,MOVING,64.933,9.000,48.500,"GoalBlock{x=80,y=4,z=48}",26,4,MovementTraverse,532,20,20,,
1179,0,Husk,T3/15,MOVING,65.214,9.000,48.500,"GoalBlock{x=80,y=4,z=48}",26,4,MovementTraverse,532,20,20,,
1180,0,Husk,T3/15,MOVING,65.494,9.000,48.500,"GoalBlock{x=80,y=4,z=48}",26,5,MovementTraverse,532,20,20,,
1181,0,Husk,T3/15,MOVING,65.775,9.000,48.500,"GoalBlock{x=80,y=4,z=48}",26,5,MovementTraverse,532,20,20,,
1182,0,Husk,T3/15,MOVING,66.055,9.000,48.500,"GoalBlock{x=80,y=4,z=48}",26,5,MovementTraverse,532,20,20,,
1183,0,Husk,T3/15,MOVING,66.336,9.000,48.500,"GoalBlock{x=80,y=4,z=48}",26,6,MovementTraverse,532,20,20,,
1184,0,Husk,T3/15,MOVING,66.617,9.000,48.500,"GoalBlock{x=80,y=4,z=48}",26,6,MovementTraverse,532,20,20,,
1185,0,Husk,T3/15,MOVING,66.897,9.000,48.500,"GoalBlock{x=80,y=4,z=48}",26,6,MovementTraverse,532,20,20,,
1186,0,Husk,T3/15,MOVING,67.178,9.000,48.500,"GoalBlock{x=80,y=4,z=48}",26,6,MovementTraverse,532,20,20,,
1187,0,Husk,T3/15,MOVING,67.459,9.000,48.500,"GoalBlock{x=80,y=4,z=48}",26,7,MovementTraverse,532,20,20,,
1188,0,Husk,T3/15,MOVING,67.739,9.000,48.500,"GoalBlock{x=80,y=4,z=48}",26,7,MovementTraverse,532,20,20,,
1189,0,Husk,T3/15,MOVING,68.020,9.000,48.500,"GoalBlock{x=80,y=4,z=48}",26,7,MovementTraverse,532,20,20,,
1190,0,Husk,T3/15,MOVING,68.300,9.000,48.500,"GoalBlock{x=80,y=4,z=48}",26,8,MovementTraverse,532,20,20,,
1191,0,Husk,T3/15,MOVING,68.581,9.000,48.500,"GoalBlock{x=80,y=4,z=48}",26,8,MovementTraverse,532,20,20,,
1192,0,Husk,T3/15,MOVING,68.862,9.000,48.500,"GoalBlock{x=80,y=4,z=48}",26,8,MovementTraverse,532,20,20,,
1193,0,Husk,T3/15,MOVING,69.142,9.000,48.500,"GoalBlock{x=80,y=4,z=48}",26,8,MovementTraverse,532,20,20,,
1194,0,Husk,T3/15,MOVING,69.393,9.000,48.500,"GoalBlock{x=80,y=4,z=48}",26,9,MovementDownward,532,20,20,,
1195,0,Husk,T3/15,MOVING,69.531,8.922,48.500,"GoalBlock{x=80,y=4,z=48}",26,9,MovementDownward,532,20,20,,
1196,0,Husk,T3/15,MOVING,69.606,8.772,48.500,"GoalBlock{x=80,y=4,z=48}",26,9,MovementDownward,532,20,20,,
1197,0,Husk,T3/15,MOVING,69.674,8.622,48.500,"GoalBlock{x=80,y=4,z=48}",26,10,MovementDownward,532,20,20,,
1198,0,Husk,T3/15,MOVING,69.736,8.472,48.500,"GoalBlock{x=80,y=4,z=48}",26,10,MovementDownward,532,20,20,,
1199,0,Husk,T3/15,MOVING,69.809,8.322,48.490,"GoalBlock{x=80,y=4,z=48}",26,10,MovementDownward,532,20,20,,
1200,0,Husk,T3/15,MOVING,69.886,8.172,48.464,"GoalBlock{x=80,y=4,z=48}",26,10,MovementDownward,532,20,20,,
1201,0,Husk,T3/15,MOVING,69.955,8.022,48.421,"GoalBlock{x=80,y=4,z=48}",26,10,MovementDownward,532,20,20,,
1202,0,Husk,T3/15,MOVING,70.009,7.872,48.365,"GoalBlock{x=80,y=4,z=48}",26,10,MovementDownward,532,20,20,,
1203,0,Husk,T3/15,SEARCHING,70.058,7.646,48.314,"GoalBlock{x=80,y=4,z=48}",-1,-1,,532,21,21,,CALC_STARTED
1204,0,Husk,T3/15,MOVING,70.092,7.347,48.250,"GoalBlock{x=80,y=4,z=48}",11,0,MovementFall,340,21,21,,CALC_FINISHED_NOW_EXECUTING
1205,0,Husk,T3/15,MOVING,70.124,6.975,48.173,"GoalBlock{x=80,y=4,z=48}",11,0,MovementFall,340,21,21,,
1206,0,Husk,T3/15,MOVING,70.156,6.533,48.097,"GoalBlock{x=80,y=4,z=48}",11,0,MovementFall,340,21,21,,
1207,0,Husk,T3/15,MOVING,70.189,6.020,48.025,"GoalBlock{x=80,y=4,z=48}",11,0,MovementFall,340,21,21,,
1208,0,Husk,T3/15,MOVING,70.226,5.440,47.960,"GoalBlock{x=80,y=4,z=48}",11,0,MovementFall,340,21,21,,
1209,0,Husk,T3/15,MOVING,70.265,4.793,47.903,"GoalBlock{x=80,y=4,z=48}",11,0,MovementFall,340,21,21,,
1210,0,Husk,T3/15,MOVING,70.305,4.080,47.854,"GoalBlock{x=80,y=4,z=48}",11,0,MovementFall,340,21,21,,
1211,0,Husk,T3/15,MOVING,70.347,4.000,47.813,"GoalBlock{x=80,y=4,z=48}",11,0,MovementFall,340,21,21,,
1212,0,Husk,T3/15,MOVING,70.467,4.000,47.830,"GoalBlock{x=80,y=4,z=48}",11,0,MovementFall,340,21,21,,
1213,0,Husk,T3/15,MOVING,70.611,4.000,47.897,"GoalBlock{x=80,y=4,z=48}",11,0,MovementFall,340,21,21,,
1214,0,Husk,T3/15,MOVING,70.766,4.000,47.994,"GoalBlock{x=80,y=4,z=48}",11,0,MovementFall,340,21,21,,
1215,0,Husk,T3/15,MOVING,70.927,4.000,48.110,"GoalBlock{x=80,y=4,z=48}",11,0,MovementFall,340,21,21,,
1216,0,Husk,T3/15,MOVING,71.088,4.000,48.238,"GoalBlock{x=80,y=4,z=48}",11,0,MovementFall,340,21,21,,
1217,0,Husk,T3/15,MOVING,71.301,4.000,48.332,"GoalBlock{x=80,y=4,z=48}",11,1,MovementTraverse,340,21,21,,
1218,0,Husk,T3/15,MOVING,71.544,4.000,48.401,"GoalBlock{x=80,y=4,z=48}",11,1,MovementTraverse,340,21,21,,
1219,0,Husk,T3/15,MOVING,71.803,4.000,48.451,"GoalBlock{x=80,y=4,z=48}",11,1,MovementTraverse,340,21,21,,
1220,0,Husk,T3/15,MOVING,72.072,4.000,48.488,"GoalBlock{x=80,y=4,z=48}",11,1,MovementTraverse,340,21,21,,
1221,0,Husk,T3/15,MOVING,72.346,4.000,48.509,"GoalBlock{x=80,y=4,z=48}",11,2,MovementTraverse,340,21,21,,
1222,0,Husk,T3/15,MOVING,72.623,4.000,48.520,"GoalBlock{x=80,y=4,z=48}",11,2,MovementTraverse,340,21,21,,
1223,0,Husk,T3/15,MOVING,72.901,4.000,48.523,"GoalBlock{x=80,y=4,z=48}",11,2,MovementTraverse,340,21,21,,
1224,0,Husk,T3/15,MOVING,73.181,4.000,48.518,"GoalBlock{x=80,y=4,z=48}",11,2,MovementTraverse,340,21,21,,
1225,0,Husk,T3/15,MOVING,73.461,4.000,48.516,"GoalBlock{x=80,y=4,z=48}",11,3,MovementTraverse,340,21,21,,
1226,0,Husk,T3/15,MOVING,73.741,4.000,48.514,"GoalBlock{x=80,y=4,z=48}",11,3,MovementTraverse,340,21,21,,
1227,0,Husk,T3/15,MOVING,74.021,4.000,48.512,"GoalBlock{x=80,y=4,z=48}",11,3,MovementTraverse,340,21,21,,
1228,0,Husk,T3/15,MOVING,74.302,4.000,48.511,"GoalBlock{x=80,y=4,z=48}",11,4,MovementTraverse,340,21,21,,
1229,0,Husk,T3/15,MOVING,74.582,4.000,48.510,"GoalBlock{x=80,y=4,z=48}",11,4,MovementTraverse,340,21,21,,
1230,0,Husk,T3/15,MOVING,74.863,4.000,48.508,"GoalBlock{x=80,y=4,z=48}",11,4,MovementTraverse,340,21,21,,
1231,0,Husk,T3/15,MOVING,75.144,4.000,48.507,"GoalBlock{x=80,y=4,z=48}",11,4,MovementTraverse,340,21,21,,
1232,0,Husk,T3/15,MOVING,75.424,4.000,48.506,"GoalBlock{x=80,y=4,z=48}",11,5,MovementTraverse,340,21,21,,
1233,0,Husk,T3/15,MOVING,75.705,4.000,48.505,"GoalBlock{x=80,y=4,z=48}",11,5,MovementTraverse,340,21,21,,
1234,0,Husk,T3/15,MOVING,75.985,4.000,48.504,"GoalBlock{x=80,y=4,z=48}",11,5,MovementTraverse,340,21,21,,
1235,0,Husk,T3/15,MOVING,76.266,4.000,48.503,"GoalBlock{x=80,y=4,z=48}",11,5,MovementTraverse,340,21,21,,
1236,0,Husk,T3/15,MOVING,76.547,4.000,48.503,"GoalBlock{x=80,y=4,z=48}",11,6,MovementTraverse,340,21,21,,
1237,0,Husk,T3/15,MOVING,76.827,4.000,48.503,"GoalBlock{x=80,y=4,z=48}",11,6,MovementTraverse,340,21,21,,
1238,0,Husk,T3/15,MOVING,77.108,4.000,48.502,"GoalBlock{x=80,y=4,z=48}",11,6,MovementTraverse,340,21,21,,
1239,0,Husk,T3/15,MOVING,77.388,4.000,48.502,"GoalBlock{x=80,y=4,z=48}",11,7,MovementTraverse,340,21,21,,
1240,0,Husk,T3/15,MOVING,77.669,4.000,48.502,"GoalBlock{x=80,y=4,z=48}",11,7,MovementTraverse,340,21,21,,
1241,0,Husk,T3/15,MOVING,77.950,4.000,48.501,"GoalBlock{x=80,y=4,z=48}",11,7,MovementTraverse,340,21,21,,
1242,0,Husk,T3/15,MOVING,78.230,4.000,48.501,"GoalBlock{x=80,y=4,z=48}",11,7,MovementTraverse,340,21,21,,
1243,0,Husk,T3/15,MOVING,78.511,4.000,48.501,"GoalBlock{x=80,y=4,z=48}",11,8,MovementTraverse,340,21,21,,
1244,0,Husk,T3/15,MOVING,78.792,4.000,48.501,"GoalBlock{x=80,y=4,z=48}",11,8,MovementTraverse,340,21,21,,
1245,0,Husk,T3/15,MOVING,79.072,4.000,48.501,"GoalBlock{x=80,y=4,z=48}",11,8,MovementTraverse,340,21,21,,
1246,0,Husk,T3/15,MOVING,79.353,4.000,48.501,"GoalBlock{x=80,y=4,z=48}",11,9,MovementTraverse,340,21,21,,
1247,0,Husk,T3/15,MOVING,79.633,4.000,48.501,"GoalBlock{x=80,y=4,z=48}",11,9,MovementTraverse,340,21,21,,
1248,0,Husk,T3/15,MOVING,79.914,4.000,48.501,"GoalBlock{x=80,y=4,z=48}",11,9,MovementTraverse,340,21,21,,
1249,0,Husk,T3/15,MOVING,80.195,4.000,48.500,"GoalBlock{x=80,y=4,z=48}",11,9,MovementTraverse,340,21,21,,
1250,0,Husk,T3/15,ARRIVED,80.348,4.000,48.500,,-1,-1,,340,21,21,,CANCELED
1251,0,Husk,T3/16,ARRIVED,60.500,4.000,60.500,,-1,-1,,340,21,21,,CANCELED|CANCELED
1252,0,Husk,T3/16,ARRIVED,60.500,4.000,60.500,,-1,-1,,340,21,21,,
1253,0,Husk,T3/16,ARRIVED,60.500,4.000,60.500,,-1,-1,,340,21,21,,
1254,0,Husk,T3/16,ARRIVED,60.500,4.000,60.500,,-1,-1,,340,21,21,,
1255,0,Husk,T3/16,ARRIVED,60.500,4.000,60.500,,-1,-1,,340,21,21,,
1256,0,Husk,T3/16,ARRIVED,60.500,4.000,60.500,,-1,-1,,340,21,21,,
1257,0,Husk,T3/16,ARRIVED,60.500,4.000,60.500,,-1,-1,,340,21,21,,
1258,0,Husk,T3/16,ARRIVED,60.500,4.000,60.500,,-1,-1,,340,21,21,,
1259,0,Husk,T3/16,ARRIVED,60.500,4.000,60.500,,-1,-1,,340,21,21,,
1260,0,Husk,T3/16,ARRIVED,60.500,4.000,60.500,,-1,-1,,340,21,21,,
1261,0,Husk,T3/16,SEARCHING,60.500,4.000,60.500,"GoalBlock{x=80,y=4,z=60}",-1,-1,,340,22,22,,CALC_STARTED
1262,0,Husk,T3/16,MOVING,60.627,4.000,60.500,"GoalBlock{x=80,y=4,z=60}",21,0,MovementTraverse,1497,22,22,,CALC_FINISHED_NOW_EXECUTING
1263,0,Husk,T3/16,MOVING,60.824,4.000,60.500,"GoalBlock{x=80,y=4,z=60}",21,0,MovementTraverse,1497,22,22,,
1264,0,Husk,T3/16,MOVING,61.059,4.000,60.500,"GoalBlock{x=80,y=4,z=60}",21,0,MovementTraverse,1497,22,22,,
1265,0,Husk,T3/16,MOVING,61.315,4.000,60.500,"GoalBlock{x=80,y=4,z=60}",21,1,MovementTraverse,1497,22,22,,
1266,0,Husk,T3/16,MOVING,61.582,4.000,60.500,"GoalBlock{x=80,y=4,z=60}",21,1,MovementTraverse,1497,22,22,,
1267,0,Husk,T3/16,MOVING,61.855,4.000,60.500,"GoalBlock{x=80,y=4,z=60}",21,1,MovementTraverse,1497,22,22,,
1268,0,Husk,T3/16,MOVING,62.132,4.000,60.500,"GoalBlock{x=80,y=4,z=60}",21,1,MovementTraverse,1497,22,22,,
1269,0,Husk,T3/16,MOVING,62.410,4.000,60.500,"GoalBlock{x=80,y=4,z=60}",21,2,MovementTraverse,1497,22,22,,
1270,0,Husk,T3/16,MOVING,62.690,4.000,60.500,"GoalBlock{x=80,y=4,z=60}",21,2,MovementTraverse,1497,22,22,,
1271,0,Husk,T3/16,MOVING,62.969,4.000,60.500,"GoalBlock{x=80,y=4,z=60}",21,2,MovementTraverse,1497,22,22,,
1272,0,Husk,T3/16,MOVING,63.250,4.000,60.500,"GoalBlock{x=80,y=4,z=60}",21,2,MovementTraverse,1497,22,22,,
1273,0,Husk,T3/16,MOVING,63.530,4.000,60.500,"GoalBlock{x=80,y=4,z=60}",21,3,MovementTraverse,1497,22,22,,
1274,0,Husk,T3/16,MOVING,63.811,4.000,60.500,"GoalBlock{x=80,y=4,z=60}",21,3,MovementTraverse,1497,22,22,,
1275,0,Husk,T3/16,MOVING,64.091,4.000,60.500,"GoalBlock{x=80,y=4,z=60}",21,3,MovementTraverse,1497,22,22,,
1276,0,Husk,T3/16,MOVING,64.372,4.000,60.500,"GoalBlock{x=80,y=4,z=60}",21,4,MovementTraverse,1497,22,22,,
1277,0,Husk,T3/16,MOVING,64.652,4.000,60.500,"GoalBlock{x=80,y=4,z=60}",21,4,MovementTraverse,1497,22,22,,
1278,0,Husk,T3/16,MOVING,64.933,4.000,60.500,"GoalBlock{x=80,y=4,z=60}",21,4,MovementTraverse,1497,22,22,,
1279,0,Husk,T3/16,MOVING,65.214,4.000,60.500,"GoalBlock{x=80,y=4,z=60}",21,4,MovementTraverse,1497,22,22,,
1280,0,Husk,T3/16,MOVING,65.494,4.000,60.500,"GoalBlock{x=80,y=4,z=60}",21,5,MovementTraverse,1497,22,22,,
1281,0,Husk,T3/16,MOVING,65.775,4.000,60.500,"GoalBlock{x=80,y=4,z=60}",21,5,MovementTraverse,1497,22,22,,
1282,0,Husk,T3/16,MOVING,66.055,4.000,60.500,"GoalBlock{x=80,y=4,z=60}",21,5,MovementTraverse,1497,22,22,,
1283,0,Husk,T3/16,MOVING,66.336,4.000,60.500,"GoalBlock{x=80,y=4,z=60}",21,6,MovementTraverse,1497,22,22,,
1284,0,Husk,T3/16,MOVING,66.617,4.000,60.500,"GoalBlock{x=80,y=4,z=60}",21,6,MovementTraverse,1497,22,22,,
1285,0,Husk,T3/16,MOVING,66.897,4.000,60.500,"GoalBlock{x=80,y=4,z=60}",21,6,MovementTraverse,1497,22,22,,
1286,0,Husk,T3/16,MOVING,67.178,4.000,60.500,"GoalBlock{x=80,y=4,z=60}",21,6,MovementTraverse,1497,22,22,,
1287,0,Husk,T3/16,MOVING,67.429,4.000,60.500,"GoalBlock{x=80,y=4,z=60}",21,7,MovementDescend,1497,22,22,,
1288,0,Husk,T3/16,MOVING,67.664,4.000,60.500,"GoalBlock{x=80,y=4,z=60}",21,7,MovementDescend,1497,22,22,,
1289,0,Husk,T3/16,MOVING,67.891,4.000,60.500,"GoalBlock{x=80,y=4,z=60}",21,7,MovementDescend,1497,22,22,,
1290,0,Husk,T3/16,MOVING,68.112,4.000,60.500,"GoalBlock{x=80,y=4,z=60}",21,7,MovementDescend,1497,22,22,,
1291,0,Husk,T3/16,MOVING,68.253,3.922,60.500,"GoalBlock{x=80,y=4,z=60}",21,7,MovementDescend,1497,22,22,,
1292,0,Husk,T3/16,MOVING,68.385,3.839,60.500,"GoalBlock{x=80,y=4,z=60}",21,7,MovementDescend,1497,22,22,,
1293,0,Husk,T3/16,MOVING,68.510,3.793,60.500,"GoalBlock{x=80,y=4,z=60}",21,8,MovementTraverse,1497,22,22,,
1294,0,Husk,T3/16,MOVING,68.630,3.776,60.500,"GoalBlock{x=80,y=4,z=60}",21,8,MovementTraverse,1497,22,22,,
1295,0,Husk,T3/16,MOVING,68.746,3.782,60.500,"GoalBlock{x=80,y=4,z=60}",21,8,MovementTraverse,1497,22,22,,
1296,0,Husk,T3/16,MOVING,68.857,3.807,60.500,"GoalBlock{x=80,y=4,z=60}",21,8,MovementTraverse,1497,22,22,,
1297,0,Husk,T3/16,MOVING,68.967,3.847,60.500,"GoalBlock{x=80,y=4,z=60}",21,8,MovementTraverse,1497,22,22,,
1298,0,Husk,T3/16,MOVING,69.074,3.899,60.500,"GoalBlock{x=80,y=4,z=60}",21,8,MovementTraverse,1497,22,22,,
1299,0,Husk,T3/16,MOVING,69.159,3.921,60.500,"GoalBlock{x=80,y=4,z=60}",21,8,MovementTraverse,1497,22,22,,
1300,0,Husk,T3/16,MOVING,69.228,3.921,60.500,"GoalBlock{x=80,y=4,z=60}",21,8,MovementTraverse,1497,22,22,,
1301,0,Husk,T3/16,MOVING,69.282,3.901,60.500,"GoalBlock{x=80,y=4,z=60}",21,8,MovementTraverse,1497,22,22,,
1302,0,Husk,T3/16,MOVING,69.326,3.865,60.500,"GoalBlock{x=80,y=4,z=60}",21,8,MovementTraverse,1497,22,22,,
1303,0,Husk,T3/16,MOVING,69.381,3.856,60.500,"GoalBlock{x=80,y=4,z=60}",21,9,MovementTraverse,1497,22,22,,
1304,0,Husk,T3/16,MOVING,69.444,3.869,60.500,"GoalBlock{x=80,y=4,z=60}",21,9,MovementTraverse,1497,22,22,,
1305,0,Husk,T3/16,MOVING,69.514,3.899,60.500,"GoalBlock{x=80,y=4,z=60}",21,9,MovementTraverse,1497,22,22,,
1306,0,Husk,T3/16,MOVING,69.571,3.904,60.500,"GoalBlock{x=80,y=4,z=60}",21,9,MovementTraverse,1497,22,22,,
1307,0,Husk,T3/16,MOVING,69.615,3.887,60.500,"GoalBlock{x=80,y=4,z=60}",21,9,MovementTraverse,1497,22,22,,
1308,0,Husk,T3/16,MOVING,69.651,3.854,60.500,"GoalBlock{x=80,y=4,z=60}",21,9,MovementTraverse,1497,22,22,,
1309,0,Husk,T3/16,MOVING,69.700,3.847,60.500,"GoalBlock{x=80,y=4,z=60}",21,9,MovementTraverse,1497,22,22,,
1310,0,Husk,T3/16,MOVING,69.758,3.862,60.500,"GoalBlock{x=80,y=4,z=60}",21,9,MovementTraverse,1497,22,22,,
1311,0,Husk,T3/16,MOVING,69.824,3.894,60.500,"GoalBlock{x=80,y=4,z=60}",21,9,MovementTraverse,1497,22,22,,
1312,0,Husk,T3/16,MOVING,69.877,3.899,60.500,"GoalBlock{x=80,y=4,z=60}",21,9,MovementTraverse,1497,22,22,,
1313,0,Husk,T3/16,MOVING,69.920,3.884,60.500,"GoalBlock{x=80,y=4,z=60}",21,9,MovementTraverse,1497,22,22,,
1314,0,Husk,T3/16,MOVING,69.954,3.851,60.500,"GoalBlock{x=80,y=4,z=60}",21,9,MovementTraverse,1497,22,22,,
1315,0,Husk,T3/16,MOVING,70.000,3.845,60.500,"GoalBlock{x=80,y=4,z=60}",21,9,MovementTraverse,1497,22,22,,
1316,0,Husk,T3/16,MOVING,70.057,3.860,60.500,"GoalBlock{x=80,y=4,z=60}",21,10,MovementTraverse,1497,22,22,,
1317,0,Husk,T3/16,MOVING,70.123,3.892,60.500,"GoalBlock{x=80,y=4,z=60}",21,10,MovementTraverse,1497,22,22,,
1318,0,Husk,T3/16,MOVING,70.175,3.898,60.500,"GoalBlock{x=80,y=4,z=60}",21,10,MovementTraverse,1497,22,22,,
1319,0,Husk,T3/16,MOVING,70.216,3.883,60.500,"GoalBlock{x=80,y=4,z=60}",21,10,MovementTraverse,1497,22,22,,
1320,0,Husk,T3/16,MOVING,70.250,3.850,60.500,"GoalBlock{x=80,y=4,z=60}",21,10,MovementTraverse,1497,22,22,,
1321,0,Husk,T3/16,MOVING,70.296,3.844,60.500,"GoalBlock{x=80,y=4,z=60}",21,10,MovementTraverse,1497,22,22,,
1322,0,Husk,T3/16,MOVING,70.353,3.860,60.500,"GoalBlock{x=80,y=4,z=60}",21,10,MovementTraverse,1497,22,22,,
1323,0,Husk,T3/16,MOVING,70.418,3.892,60.500,"GoalBlock{x=80,y=4,z=60}",21,10,MovementTraverse,1497,22,22,,
1324,0,Husk,T3/16,MOVING,70.470,3.898,60.500,"GoalBlock{x=80,y=4,z=60}",21,10,MovementTraverse,1497,22,22,,
1325,0,Husk,T3/16,MOVING,70.511,3.882,60.500,"GoalBlock{x=80,y=4,z=60}",21,10,MovementTraverse,1497,22,22,,
1326,0,Husk,T3/16,MOVING,70.544,3.850,60.500,"GoalBlock{x=80,y=4,z=60}",21,10,MovementTraverse,1497,22,22,,
1327,0,Husk,T3/16,MOVING,70.591,3.844,60.500,"GoalBlock{x=80,y=4,z=60}",21,10,MovementTraverse,1497,22,22,,
1328,0,Husk,T3/16,MOVING,70.647,3.860,60.500,"GoalBlock{x=80,y=4,z=60}",21,10,MovementTraverse,1497,22,22,,
1329,0,Husk,T3/16,MOVING,70.712,3.892,60.500,"GoalBlock{x=80,y=4,z=60}",21,10,MovementTraverse,1497,22,22,,
1330,0,Husk,T3/16,MOVING,70.764,3.898,60.500,"GoalBlock{x=80,y=4,z=60}",21,10,MovementTraverse,1497,22,22,,
1331,0,Husk,T3/16,MOVING,70.805,3.882,60.500,"GoalBlock{x=80,y=4,z=60}",21,10,MovementTraverse,1497,22,22,,
1332,0,Husk,T3/16,MOVING,70.839,3.850,60.500,"GoalBlock{x=80,y=4,z=60}",21,10,MovementTraverse,1497,22,22,,
1333,0,Husk,T3/16,MOVING,70.885,3.844,60.500,"GoalBlock{x=80,y=4,z=60}",21,10,MovementTraverse,1497,22,22,,
1334,0,Husk,T3/16,MOVING,70.941,3.860,60.500,"GoalBlock{x=80,y=4,z=60}",21,10,MovementTraverse,1497,22,22,,
1335,0,Husk,T3/16,MOVING,71.006,3.892,60.500,"GoalBlock{x=80,y=4,z=60}",21,10,MovementTraverse,1497,22,22,,
1336,0,Husk,T3/16,MOVING,71.058,3.898,60.500,"GoalBlock{x=80,y=4,z=60}",21,10,MovementTraverse,1497,22,22,,
1337,0,Husk,T3/16,MOVING,71.099,3.882,60.500,"GoalBlock{x=80,y=4,z=60}",21,10,MovementTraverse,1497,22,22,,
1338,0,Husk,T3/16,MOVING,71.133,3.850,60.500,"GoalBlock{x=80,y=4,z=60}",21,10,MovementTraverse,1497,22,22,,
1339,0,Husk,T3/16,MOVING,71.179,3.844,60.500,"GoalBlock{x=80,y=4,z=60}",21,11,MovementTraverse,1497,22,22,,
1340,0,Husk,T3/16,MOVING,71.235,3.860,60.500,"GoalBlock{x=80,y=4,z=60}",21,11,MovementTraverse,1497,22,22,,
1341,0,Husk,T3/16,MOVING,71.300,3.892,60.500,"GoalBlock{x=80,y=4,z=60}",21,11,MovementTraverse,1497,22,22,,
1342,0,Husk,T3/16,MOVING,71.352,3.898,60.500,"GoalBlock{x=80,y=4,z=60}",21,11,MovementTraverse,1497,22,22,,
1343,0,Husk,T3/16,MOVING,71.393,3.882,60.500,"GoalBlock{x=80,y=4,z=60}",21,11,MovementTraverse,1497,22,22,,
1344,0,Husk,T3/16,MOVING,71.427,3.850,60.500,"GoalBlock{x=80,y=4,z=60}",21,11,MovementTraverse,1497,22,22,,
1345,0,Husk,T3/16,MOVING,71.473,3.844,60.500,"GoalBlock{x=80,y=4,z=60}",21,11,MovementTraverse,1497,22,22,,
1346,0,Husk,T3/16,MOVING,71.529,3.860,60.500,"GoalBlock{x=80,y=4,z=60}",21,11,MovementTraverse,1497,22,22,,
1347,0,Husk,T3/16,MOVING,71.594,3.892,60.500,"GoalBlock{x=80,y=4,z=60}",21,11,MovementTraverse,1497,22,22,,
1348,0,Husk,T3/16,MOVING,71.646,3.898,60.500,"GoalBlock{x=80,y=4,z=60}",21,11,MovementTraverse,1497,22,22,,
1349,0,Husk,T3/16,MOVING,71.687,3.882,60.500,"GoalBlock{x=80,y=4,z=60}",21,11,MovementTraverse,1497,22,22,,
1350,0,Husk,T3/16,MOVING,71.721,3.850,60.500,"GoalBlock{x=80,y=4,z=60}",21,11,MovementTraverse,1497,22,22,,
1351,0,Husk,T3/16,MOVING,71.767,3.844,60.500,"GoalBlock{x=80,y=4,z=60}",21,11,MovementTraverse,1497,22,22,,
1352,0,Husk,T3/16,MOVING,71.823,3.860,60.500,"GoalBlock{x=80,y=4,z=60}",21,11,MovementTraverse,1497,22,22,,
1353,0,Husk,T3/16,MOVING,71.888,3.892,60.500,"GoalBlock{x=80,y=4,z=60}",21,11,MovementTraverse,1497,22,22,,
1354,0,Husk,T3/16,MOVING,71.940,3.898,60.500,"GoalBlock{x=80,y=4,z=60}",21,11,MovementTraverse,1497,22,22,,
1355,0,Husk,T3/16,MOVING,71.981,3.882,60.500,"GoalBlock{x=80,y=4,z=60}",21,11,MovementTraverse,1497,22,22,,
1356,0,Husk,T3/16,MOVING,72.015,3.850,60.500,"GoalBlock{x=80,y=4,z=60}",21,11,MovementTraverse,1497,22,22,,
1357,0,Husk,T3/16,MOVING,72.061,3.844,60.500,"GoalBlock{x=80,y=4,z=60}",21,12,MovementAscend,1497,22,22,,
1358,0,Husk,T3/16,MOVING,72.117,3.860,60.500,"GoalBlock{x=80,y=4,z=60}",21,12,MovementAscend,1497,22,22,,
1359,0,Husk,T3/16,MOVING,72.182,3.892,60.500,"GoalBlock{x=80,y=4,z=60}",21,12,MovementAscend,1497,22,22,,
1360,0,Husk,T3/16,MOVING,72.254,3.898,60.500,"GoalBlock{x=80,y=4,z=60}",21,12,MovementAscend,1497,22,22,,
1361,0,Husk,T3/16,MOVING,72.330,3.882,60.500,"GoalBlock{x=80,y=4,z=60}",21,12,MovementAscend,1497,22,22,,
1362,0,Husk,T3/16,MOVING,72.411,3.850,60.500,"GoalBlock{x=80,y=4,z=60}",21,12,MovementAscend,1497,22,22,,
1363,0,Husk,T3/16,MOVING,72.496,3.844,60.500,"GoalBlock{x=80,y=4,z=60}",21,12,MovementAscend,1497,22,22,,
1364,0,Husk,T3/16,MOVING,72.583,3.860,60.500,"GoalBlock{x=80,y=4,z=60}",21,12,MovementAscend,1497,22,22,,
1365,0,Husk,T3/16,MOVING,72.672,3.892,60.500,"GoalBlock{x=80,y=4,z=60}",21,12,MovementAscend,1497,22,22,,
1366,0,Husk,T3/16,MOVING,72.763,3.898,60.500,"GoalBlock{x=80,y=4,z=60}",21,12,MovementAscend,1497,22,22,,
1367,0,Husk,T3/16,MOVING,72.856,3.882,60.500,"GoalBlock{x=80,y=4,z=60}",21,12,MovementAscend,1497,22,22,,
1368,0,Husk,T3/16,MOVING,72.940,3.850,60.500,"GoalBlock{x=80,y=4,z=60}",21,12,MovementAscend,1497,22,22,,
1369,0,Husk,T3/16,MOVING,72.960,4.190,60.500,"GoalBlock{x=80,y=4,z=60}",21,12,MovementAscend,1497,22,22,,
1370,0,Husk,T3/16,MOVING,72.995,4.442,60.500,"GoalBlock{x=80,y=4,z=60}",21,12,MovementAscend,1497,22,22,,
1371,0,Husk,T3/16,MOVING,73.047,4.611,60.500,"GoalBlock{x=80,y=4,z=60}",21,12,MovementAscend,1497,22,22,,
1372,0,Husk,T3/16,MOVING,73.119,4.697,60.500,"GoalBlock{x=80,y=4,z=60}",21,13,MovementTraverse,1497,22,22,,
1373,0,Husk,T3/16,MOVING,73.211,4.704,60.500,"GoalBlock{x=80,y=4,z=60}",21,13,MovementTraverse,1497,22,22,,
1374,0,Husk,T3/16,MOVING,73.319,4.632,60.500,"GoalBlock{x=80,y=4,z=60}",21,13,MovementTraverse,1497,22,22,,
1375,0,Husk,T3/16,MOVING,73.444,4.483,60.500,"GoalBlock{x=80,y=4,z=60}",21,13,MovementTraverse,1497,22,22,,
1376,0,Husk,T3/16,MOVING,73.582,4.259,60.500,"GoalBlock{x=80,y=4,z=60}",21,13,MovementTraverse,1497,22,22,,
1377,0,Husk,T3/16,MOVING,73.734,4.000,60.500,"GoalBlock{x=80,y=4,z=60}",21,13,MovementTraverse,1497,22,22,,
1378,0,Husk,T3/16,MOVING,74.000,4.000,60.500,"GoalBlock{x=80,y=4,z=60}",21,13,MovementTraverse,1497,22,22,,
1379,0,Husk,T3/16,MOVING,74.272,4.000,60.500,"GoalBlock{x=80,y=4,z=60}",21,13,MovementTraverse,1497,22,22,,
1380,0,Husk,T3/16,MOVING,74.548,4.000,60.500,"GoalBlock{x=80,y=4,z=60}",21,14,MovementTraverse,1497,22,22,,
1381,0,Husk,T3/16,MOVING,74.826,4.000,60.500,"GoalBlock{x=80,y=4,z=60}",21,14,MovementTraverse,1497,22,22,,
1382,0,Husk,T3/16,MOVING,75.105,4.000,60.500,"GoalBlock{x=80,y=4,z=60}",21,14,MovementTraverse,1497,22,22,,
1383,0,Husk,T3/16,MOVING,75.385,4.000,60.500,"GoalBlock{x=80,y=4,z=60}",21,15,MovementTraverse,1497,22,22,,
1384,0,Husk,T3/16,MOVING,75.666,4.000,60.500,"GoalBlock{x=80,y=4,z=60}",21,15,MovementTraverse,1497,22,22,,
1385,0,Husk,T3/16,MOVING,75.946,4.000,60.500,"GoalBlock{x=80,y=4,z=60}",21,15,MovementTraverse,1497,22,22,,
1386,0,Husk,T3/16,MOVING,76.226,4.000,60.500,"GoalBlock{x=80,y=4,z=60}",21,15,MovementTraverse,1497,22,22,,
1387,0,Husk,T3/16,MOVING,76.507,4.000,60.500,"GoalBlock{x=80,y=4,z=60}",21,16,MovementTraverse,1497,22,22,,
1388,0,Husk,T3/16,MOVING,76.788,4.000,60.500,"GoalBlock{x=80,y=4,z=60}",21,16,MovementTraverse,1497,22,22,,
1389,0,Husk,T3/16,MOVING,77.068,4.000,60.500,"GoalBlock{x=80,y=4,z=60}",21,16,MovementTraverse,1497,22,22,,
1390,0,Husk,T3/16,MOVING,77.349,4.000,60.500,"GoalBlock{x=80,y=4,z=60}",21,17,MovementTraverse,1497,22,22,,
1391,0,Husk,T3/16,MOVING,77.629,4.000,60.500,"GoalBlock{x=80,y=4,z=60}",21,17,MovementTraverse,1497,22,22,,
1392,0,Husk,T3/16,MOVING,77.910,4.000,60.500,"GoalBlock{x=80,y=4,z=60}",21,17,MovementTraverse,1497,22,22,,
1393,0,Husk,T3/16,MOVING,78.191,4.000,60.500,"GoalBlock{x=80,y=4,z=60}",21,17,MovementTraverse,1497,22,22,,
1394,0,Husk,T3/16,MOVING,78.471,4.000,60.500,"GoalBlock{x=80,y=4,z=60}",21,18,MovementTraverse,1497,22,22,,
1395,0,Husk,T3/16,MOVING,78.752,4.000,60.500,"GoalBlock{x=80,y=4,z=60}",21,18,MovementTraverse,1497,22,22,,
1396,0,Husk,T3/16,MOVING,79.032,4.000,60.500,"GoalBlock{x=80,y=4,z=60}",21,18,MovementTraverse,1497,22,22,,
1397,0,Husk,T3/16,MOVING,79.313,4.000,60.500,"GoalBlock{x=80,y=4,z=60}",21,19,MovementTraverse,1497,22,22,,
1398,0,Husk,T3/16,MOVING,79.594,4.000,60.500,"GoalBlock{x=80,y=4,z=60}",21,19,MovementTraverse,1497,22,22,,
1399,0,Husk,T3/16,MOVING,79.874,4.000,60.500,"GoalBlock{x=80,y=4,z=60}",21,19,MovementTraverse,1497,22,22,,
1400,0,Husk,T3/16,MOVING,80.155,4.000,60.500,"GoalBlock{x=80,y=4,z=60}",21,19,MovementTraverse,1497,22,22,,
1401,0,Husk,T3/16,ARRIVED,80.308,4.000,60.500,,-1,-1,,1497,22,22,,CANCELED
1402,0,Husk,T3/17,ARRIVED,60.500,4.000,72.500,,-1,-1,,1497,22,22,,CANCELED|CANCELED
1403,0,Husk,T3/17,ARRIVED,60.500,4.000,72.500,,-1,-1,,1497,22,22,,
1404,0,Husk,T3/17,ARRIVED,60.500,4.000,72.500,,-1,-1,,1497,22,22,,
1405,0,Husk,T3/17,ARRIVED,60.500,4.000,72.500,,-1,-1,,1497,22,22,,
1406,0,Husk,T3/17,ARRIVED,60.500,4.000,72.500,,-1,-1,,1497,22,22,,
1407,0,Husk,T3/17,ARRIVED,60.500,4.000,72.500,,-1,-1,,1497,22,22,,
1408,0,Husk,T3/17,ARRIVED,60.500,4.000,72.500,,-1,-1,,1497,22,22,,
1409,0,Husk,T3/17,ARRIVED,60.500,4.000,72.500,,-1,-1,,1497,22,22,,
1410,0,Husk,T3/17,ARRIVED,60.500,4.000,72.500,,-1,-1,,1497,22,22,,
1411,0,Husk,T3/17,ARRIVED,60.500,4.000,72.500,,-1,-1,,1497,22,22,,
1412,0,Husk,T3/17,SEARCHING,60.500,4.000,72.500,"GoalBlock{x=80,y=4,z=72}",-1,-1,,1497,23,23,,CALC_STARTED
1413,0,Husk,T3/17,MOVING,60.627,4.000,72.500,"GoalBlock{x=80,y=4,z=72}",21,0,MovementTraverse,1132,23,23,,CALC_FINISHED_NOW_EXECUTING
1414,0,Husk,T3/17,MOVING,60.824,4.000,72.500,"GoalBlock{x=80,y=4,z=72}",21,0,MovementTraverse,1132,23,23,,
1415,0,Husk,T3/17,MOVING,61.059,4.000,72.500,"GoalBlock{x=80,y=4,z=72}",21,0,MovementTraverse,1132,23,23,,
1416,0,Husk,T3/17,MOVING,61.315,4.000,72.500,"GoalBlock{x=80,y=4,z=72}",21,1,MovementTraverse,1132,23,23,,
1417,0,Husk,T3/17,MOVING,61.582,4.000,72.500,"GoalBlock{x=80,y=4,z=72}",21,1,MovementTraverse,1132,23,23,,
1418,0,Husk,T3/17,MOVING,61.855,4.000,72.500,"GoalBlock{x=80,y=4,z=72}",21,1,MovementTraverse,1132,23,23,,
1419,0,Husk,T3/17,MOVING,62.132,4.000,72.500,"GoalBlock{x=80,y=4,z=72}",21,1,MovementTraverse,1132,23,23,,
1420,0,Husk,T3/17,MOVING,62.410,4.000,72.500,"GoalBlock{x=80,y=4,z=72}",21,2,MovementTraverse,1132,23,23,,
1421,0,Husk,T3/17,MOVING,62.690,4.000,72.500,"GoalBlock{x=80,y=4,z=72}",21,2,MovementTraverse,1132,23,23,,
1422,0,Husk,T3/17,MOVING,62.969,4.000,72.500,"GoalBlock{x=80,y=4,z=72}",21,2,MovementTraverse,1132,23,23,,
1423,0,Husk,T3/17,MOVING,63.250,4.000,72.500,"GoalBlock{x=80,y=4,z=72}",21,2,MovementTraverse,1132,23,23,,
1424,0,Husk,T3/17,MOVING,63.530,4.000,72.500,"GoalBlock{x=80,y=4,z=72}",21,3,MovementTraverse,1132,23,23,,
1425,0,Husk,T3/17,MOVING,63.811,4.000,72.500,"GoalBlock{x=80,y=4,z=72}",21,3,MovementTraverse,1132,23,23,,
1426,0,Husk,T3/17,MOVING,64.091,4.000,72.500,"GoalBlock{x=80,y=4,z=72}",21,3,MovementTraverse,1132,23,23,,
1427,0,Husk,T3/17,MOVING,64.372,4.000,72.500,"GoalBlock{x=80,y=4,z=72}",21,4,MovementTraverse,1132,23,23,,
1428,0,Husk,T3/17,MOVING,64.652,4.000,72.500,"GoalBlock{x=80,y=4,z=72}",21,4,MovementTraverse,1132,23,23,,
1429,0,Husk,T3/17,MOVING,64.933,4.000,72.500,"GoalBlock{x=80,y=4,z=72}",21,4,MovementTraverse,1132,23,23,,
1430,0,Husk,T3/17,MOVING,65.214,4.000,72.500,"GoalBlock{x=80,y=4,z=72}",21,4,MovementTraverse,1132,23,23,,
1431,0,Husk,T3/17,MOVING,65.494,4.000,72.500,"GoalBlock{x=80,y=4,z=72}",21,5,MovementTraverse,1132,23,23,,
1432,0,Husk,T3/17,MOVING,65.775,4.000,72.500,"GoalBlock{x=80,y=4,z=72}",21,5,MovementTraverse,1132,23,23,,
1433,0,Husk,T3/17,MOVING,66.055,4.000,72.500,"GoalBlock{x=80,y=4,z=72}",21,5,MovementTraverse,1132,23,23,,
1434,0,Husk,T3/17,MOVING,66.336,4.000,72.500,"GoalBlock{x=80,y=4,z=72}",21,6,MovementTraverse,1132,23,23,,
1435,0,Husk,T3/17,MOVING,66.617,4.000,72.500,"GoalBlock{x=80,y=4,z=72}",21,6,MovementTraverse,1132,23,23,,
1436,0,Husk,T3/17,MOVING,66.897,4.000,72.500,"GoalBlock{x=80,y=4,z=72}",21,6,MovementTraverse,1132,23,23,,
1437,0,Husk,T3/17,MOVING,67.178,4.000,72.500,"GoalBlock{x=80,y=4,z=72}",21,6,MovementTraverse,1132,23,23,,
1438,0,Husk,T3/17,MOVING,67.429,4.000,72.500,"GoalBlock{x=80,y=4,z=72}",21,7,MovementDescend,1132,23,23,,
1439,0,Husk,T3/17,MOVING,67.664,4.000,72.500,"GoalBlock{x=80,y=4,z=72}",21,7,MovementDescend,1132,23,23,,
1440,0,Husk,T3/17,MOVING,67.891,4.000,72.500,"GoalBlock{x=80,y=4,z=72}",21,7,MovementDescend,1132,23,23,,
1441,0,Husk,T3/17,MOVING,68.112,4.000,72.500,"GoalBlock{x=80,y=4,z=72}",21,7,MovementDescend,1132,23,23,,
1442,0,Husk,T3/17,MOVING,68.253,3.922,72.500,"GoalBlock{x=80,y=4,z=72}",21,7,MovementDescend,1132,23,23,,
1443,0,Husk,T3/17,MOVING,68.385,3.839,72.500,"GoalBlock{x=80,y=4,z=72}",21,7,MovementDescend,1132,23,23,,
1444,0,Husk,T3/17,MOVING,68.510,3.793,72.500,"GoalBlock{x=80,y=4,z=72}",21,8,MovementTraverse,1132,23,23,,
1445,0,Husk,T3/17,MOVING,68.630,3.776,72.500,"GoalBlock{x=80,y=4,z=72}",21,8,MovementTraverse,1132,23,23,,
1446,0,Husk,T3/17,MOVING,68.746,3.782,72.500,"GoalBlock{x=80,y=4,z=72}",21,8,MovementTraverse,1132,23,23,,
1447,0,Husk,T3/17,MOVING,68.857,3.807,72.500,"GoalBlock{x=80,y=4,z=72}",21,8,MovementTraverse,1132,23,23,,
1448,0,Husk,T3/17,MOVING,68.967,3.847,72.500,"GoalBlock{x=80,y=4,z=72}",21,8,MovementTraverse,1132,23,23,,
1449,0,Husk,T3/17,MOVING,69.074,3.899,72.500,"GoalBlock{x=80,y=4,z=72}",21,8,MovementTraverse,1132,23,23,,
1450,0,Husk,T3/17,MOVING,69.159,3.921,72.500,"GoalBlock{x=80,y=4,z=72}",21,8,MovementTraverse,1132,23,23,,
1451,0,Husk,T3/17,MOVING,69.228,3.921,72.500,"GoalBlock{x=80,y=4,z=72}",21,8,MovementTraverse,1132,23,23,,
1452,0,Husk,T3/17,MOVING,69.282,3.901,72.500,"GoalBlock{x=80,y=4,z=72}",21,8,MovementTraverse,1132,23,23,,
1453,0,Husk,T3/17,MOVING,69.326,3.865,72.500,"GoalBlock{x=80,y=4,z=72}",21,8,MovementTraverse,1132,23,23,,
1454,0,Husk,T3/17,MOVING,69.381,3.856,72.500,"GoalBlock{x=80,y=4,z=72}",21,9,MovementTraverse,1132,23,23,,
1455,0,Husk,T3/17,MOVING,69.444,3.869,72.500,"GoalBlock{x=80,y=4,z=72}",21,9,MovementTraverse,1132,23,23,,
1456,0,Husk,T3/17,MOVING,69.514,3.899,72.500,"GoalBlock{x=80,y=4,z=72}",21,9,MovementTraverse,1132,23,23,,
1457,0,Husk,T3/17,MOVING,69.571,3.904,72.500,"GoalBlock{x=80,y=4,z=72}",21,9,MovementTraverse,1132,23,23,,
1458,0,Husk,T3/17,MOVING,69.615,3.887,72.500,"GoalBlock{x=80,y=4,z=72}",21,9,MovementTraverse,1132,23,23,,
1459,0,Husk,T3/17,MOVING,69.651,3.854,72.500,"GoalBlock{x=80,y=4,z=72}",21,9,MovementTraverse,1132,23,23,,
1460,0,Husk,T3/17,MOVING,69.700,3.847,72.500,"GoalBlock{x=80,y=4,z=72}",21,9,MovementTraverse,1132,23,23,,
1461,0,Husk,T3/17,MOVING,69.758,3.862,72.500,"GoalBlock{x=80,y=4,z=72}",21,9,MovementTraverse,1132,23,23,,
1462,0,Husk,T3/17,MOVING,69.824,3.894,72.500,"GoalBlock{x=80,y=4,z=72}",21,9,MovementTraverse,1132,23,23,,
1463,0,Husk,T3/17,MOVING,69.877,3.899,72.500,"GoalBlock{x=80,y=4,z=72}",21,9,MovementTraverse,1132,23,23,,
1464,0,Husk,T3/17,MOVING,69.920,3.884,72.500,"GoalBlock{x=80,y=4,z=72}",21,9,MovementTraverse,1132,23,23,,
1465,0,Husk,T3/17,MOVING,69.954,3.851,72.500,"GoalBlock{x=80,y=4,z=72}",21,9,MovementTraverse,1132,23,23,,
1466,0,Husk,T3/17,MOVING,70.000,3.845,72.500,"GoalBlock{x=80,y=4,z=72}",21,9,MovementTraverse,1132,23,23,,
1467,0,Husk,T3/17,MOVING,70.057,3.860,72.500,"GoalBlock{x=80,y=4,z=72}",21,10,MovementTraverse,1132,23,23,,
1468,0,Husk,T3/17,MOVING,70.123,3.892,72.500,"GoalBlock{x=80,y=4,z=72}",21,10,MovementTraverse,1132,23,23,,
1469,0,Husk,T3/17,MOVING,70.175,3.898,72.500,"GoalBlock{x=80,y=4,z=72}",21,10,MovementTraverse,1132,23,23,,
1470,0,Husk,T3/17,MOVING,70.216,3.883,72.500,"GoalBlock{x=80,y=4,z=72}",21,10,MovementTraverse,1132,23,23,,
1471,0,Husk,T3/17,MOVING,70.250,3.850,72.500,"GoalBlock{x=80,y=4,z=72}",21,10,MovementTraverse,1132,23,23,,
1472,0,Husk,T3/17,MOVING,70.296,3.844,72.500,"GoalBlock{x=80,y=4,z=72}",21,10,MovementTraverse,1132,23,23,,
1473,0,Husk,T3/17,MOVING,70.353,3.860,72.500,"GoalBlock{x=80,y=4,z=72}",21,10,MovementTraverse,1132,23,23,,
1474,0,Husk,T3/17,MOVING,70.418,3.892,72.500,"GoalBlock{x=80,y=4,z=72}",21,10,MovementTraverse,1132,23,23,,
1475,0,Husk,T3/17,MOVING,70.470,3.898,72.500,"GoalBlock{x=80,y=4,z=72}",21,10,MovementTraverse,1132,23,23,,
1476,0,Husk,T3/17,MOVING,70.511,3.882,72.500,"GoalBlock{x=80,y=4,z=72}",21,10,MovementTraverse,1132,23,23,,
1477,0,Husk,T3/17,MOVING,70.544,3.850,72.500,"GoalBlock{x=80,y=4,z=72}",21,10,MovementTraverse,1132,23,23,,
1478,0,Husk,T3/17,MOVING,70.591,3.844,72.500,"GoalBlock{x=80,y=4,z=72}",21,10,MovementTraverse,1132,23,23,,
1479,0,Husk,T3/17,MOVING,70.647,3.860,72.500,"GoalBlock{x=80,y=4,z=72}",21,10,MovementTraverse,1132,23,23,,
1480,0,Husk,T3/17,MOVING,70.712,3.892,72.500,"GoalBlock{x=80,y=4,z=72}",21,10,MovementTraverse,1132,23,23,,
1481,0,Husk,T3/17,MOVING,70.764,3.898,72.500,"GoalBlock{x=80,y=4,z=72}",21,10,MovementTraverse,1132,23,23,,
1482,0,Husk,T3/17,MOVING,70.805,3.882,72.500,"GoalBlock{x=80,y=4,z=72}",21,10,MovementTraverse,1132,23,23,,
1483,0,Husk,T3/17,MOVING,70.839,3.850,72.500,"GoalBlock{x=80,y=4,z=72}",21,10,MovementTraverse,1132,23,23,,
1484,0,Husk,T3/17,MOVING,70.885,3.844,72.500,"GoalBlock{x=80,y=4,z=72}",21,10,MovementTraverse,1132,23,23,,
1485,0,Husk,T3/17,MOVING,70.941,3.860,72.500,"GoalBlock{x=80,y=4,z=72}",21,10,MovementTraverse,1132,23,23,,
1486,0,Husk,T3/17,MOVING,71.006,3.892,72.500,"GoalBlock{x=80,y=4,z=72}",21,10,MovementTraverse,1132,23,23,,
1487,0,Husk,T3/17,MOVING,71.058,3.898,72.500,"GoalBlock{x=80,y=4,z=72}",21,10,MovementTraverse,1132,23,23,,
1488,0,Husk,T3/17,MOVING,71.099,3.882,72.500,"GoalBlock{x=80,y=4,z=72}",21,10,MovementTraverse,1132,23,23,,
1489,0,Husk,T3/17,MOVING,71.133,3.850,72.500,"GoalBlock{x=80,y=4,z=72}",21,10,MovementTraverse,1132,23,23,,
1490,0,Husk,T3/17,MOVING,71.179,3.844,72.500,"GoalBlock{x=80,y=4,z=72}",21,11,MovementTraverse,1132,23,23,,
1491,0,Husk,T3/17,MOVING,71.235,3.860,72.500,"GoalBlock{x=80,y=4,z=72}",21,11,MovementTraverse,1132,23,23,,
1492,0,Husk,T3/17,MOVING,71.300,3.892,72.500,"GoalBlock{x=80,y=4,z=72}",21,11,MovementTraverse,1132,23,23,,
1493,0,Husk,T3/17,MOVING,71.352,3.898,72.500,"GoalBlock{x=80,y=4,z=72}",21,11,MovementTraverse,1132,23,23,,
1494,0,Husk,T3/17,MOVING,71.393,3.882,72.500,"GoalBlock{x=80,y=4,z=72}",21,11,MovementTraverse,1132,23,23,,
1495,0,Husk,T3/17,MOVING,71.427,3.850,72.500,"GoalBlock{x=80,y=4,z=72}",21,11,MovementTraverse,1132,23,23,,
1496,0,Husk,T3/17,MOVING,71.473,3.844,72.500,"GoalBlock{x=80,y=4,z=72}",21,11,MovementTraverse,1132,23,23,,
1497,0,Husk,T3/17,MOVING,71.529,3.860,72.500,"GoalBlock{x=80,y=4,z=72}",21,11,MovementTraverse,1132,23,23,,
1498,0,Husk,T3/17,MOVING,71.594,3.892,72.500,"GoalBlock{x=80,y=4,z=72}",21,11,MovementTraverse,1132,23,23,,
1499,0,Husk,T3/17,MOVING,71.646,3.898,72.500,"GoalBlock{x=80,y=4,z=72}",21,11,MovementTraverse,1132,23,23,,
1500,0,Husk,T3/17,MOVING,71.687,3.882,72.500,"GoalBlock{x=80,y=4,z=72}",21,11,MovementTraverse,1132,23,23,,
1501,0,Husk,T3/17,MOVING,71.721,3.850,72.500,"GoalBlock{x=80,y=4,z=72}",21,11,MovementTraverse,1132,23,23,,
1502,0,Husk,T3/17,MOVING,71.767,3.844,72.500,"GoalBlock{x=80,y=4,z=72}",21,11,MovementTraverse,1132,23,23,,
1503,0,Husk,T3/17,MOVING,71.823,3.860,72.500,"GoalBlock{x=80,y=4,z=72}",21,11,MovementTraverse,1132,23,23,,
1504,0,Husk,T3/17,MOVING,71.888,3.892,72.500,"GoalBlock{x=80,y=4,z=72}",21,11,MovementTraverse,1132,23,23,,
1505,0,Husk,T3/17,MOVING,71.940,3.898,72.500,"GoalBlock{x=80,y=4,z=72}",21,11,MovementTraverse,1132,23,23,,
1506,0,Husk,T3/17,MOVING,71.981,3.882,72.500,"GoalBlock{x=80,y=4,z=72}",21,11,MovementTraverse,1132,23,23,,
1507,0,Husk,T3/17,MOVING,72.015,3.850,72.500,"GoalBlock{x=80,y=4,z=72}",21,11,MovementTraverse,1132,23,23,,
1508,0,Husk,T3/17,MOVING,72.061,3.844,72.500,"GoalBlock{x=80,y=4,z=72}",21,12,MovementTraverse,1132,23,23,,
1509,0,Husk,T3/17,MOVING,72.117,3.860,72.500,"GoalBlock{x=80,y=4,z=72}",21,12,MovementTraverse,1132,23,23,,
1510,0,Husk,T3/17,MOVING,72.182,3.892,72.500,"GoalBlock{x=80,y=4,z=72}",21,12,MovementTraverse,1132,23,23,,
1511,0,Husk,T3/17,MOVING,72.234,3.898,72.500,"GoalBlock{x=80,y=4,z=72}",21,12,MovementTraverse,1132,23,23,,
1512,0,Husk,T3/17,MOVING,72.275,3.882,72.500,"GoalBlock{x=80,y=4,z=72}",21,12,MovementTraverse,1132,23,23,,
1513,0,Husk,T3/17,MOVING,72.309,3.850,72.500,"GoalBlock{x=80,y=4,z=72}",21,12,MovementTraverse,1132,23,23,,
1514,0,Husk,T3/17,MOVING,72.355,3.844,72.500,"GoalBlock{x=80,y=4,z=72}",21,12,MovementTraverse,1132,23,23,,
1515,0,Husk,T3/17,MOVING,72.411,3.860,72.500,"GoalBlock{x=80,y=4,z=72}",21,12,MovementTraverse,1132,23,23,,
1516,0,Husk,T3/17,MOVING,72.476,3.892,72.500,"GoalBlock{x=80,y=4,z=72}",21,12,MovementTraverse,1132,23,23,,
1517,0,Husk,T3/17,MOVING,72.528,3.898,72.500,"GoalBlock{x=80,y=4,z=72}",21,12,MovementTraverse,1132,23,23,,
1518,0,Husk,T3/17,MOVING,72.569,3.882,72.500,"GoalBlock{x=80,y=4,z=72}",21,12,MovementTraverse,1132,23,23,,
1519,0,Husk,T3/17,MOVING,72.603,3.850,72.500,"GoalBlock{x=80,y=4,z=72}",21,12,MovementTraverse,1132,23,23,,
1520,0,Husk,T3/17,MOVING,72.649,3.844,72.500,"GoalBlock{x=80,y=4,z=72}",21,12,MovementTraverse,1132,23,23,,
1521,0,Husk,T3/17,MOVING,72.705,3.860,72.500,"GoalBlock{x=80,y=4,z=72}",21,12,MovementTraverse,1132,23,23,,
1522,0,Husk,T3/17,MOVING,72.770,3.892,72.500,"GoalBlock{x=80,y=4,z=72}",21,12,MovementTraverse,1132,23,23,,
1523,0,Husk,T3/17,MOVING,72.822,3.898,72.500,"GoalBlock{x=80,y=4,z=72}",21,12,MovementTraverse,1132,23,23,,
1524,0,Husk,T3/17,MOVING,72.863,3.882,72.500,"GoalBlock{x=80,y=4,z=72}",21,12,MovementTraverse,1132,23,23,,
1525,0,Husk,T3/17,MOVING,72.897,3.850,72.500,"GoalBlock{x=80,y=4,z=72}",21,12,MovementTraverse,1132,23,23,,
1526,0,Husk,T3/17,MOVING,72.943,3.844,72.500,"GoalBlock{x=80,y=4,z=72}",21,12,MovementTraverse,1132,23,23,,
1527,0,Husk,T3/17,MOVING,72.999,3.860,72.500,"GoalBlock{x=80,y=4,z=72}",21,12,MovementTraverse,1132,23,23,,
1528,0,Husk,T3/17,MOVING,73.064,3.892,72.500,"GoalBlock{x=80,y=4,z=72}",21,12,MovementTraverse,1132,23,23,,
1529,0,Husk,T3/17,MOVING,73.116,3.898,72.500,"GoalBlock{x=80,y=4,z=72}",21,12,MovementTraverse,1132,23,23,,
1530,0,Husk,T3/17,MOVING,73.157,3.882,72.500,"GoalBlock{x=80,y=4,z=72}",21,12,MovementTraverse,1132,23,23,,
1531,0,Husk,T3/17,MOVING,73.191,3.850,72.500,"GoalBlock{x=80,y=4,z=72}",21,12,MovementTraverse,1132,23,23,,
1532,0,Husk,T3/17,MOVING,73.237,3.844,72.500,"GoalBlock{x=80,y=4,z=72}",21,13,MovementTraverse,1132,23,23,,
1533,0,Husk,T3/17,MOVING,73.293,3.860,72.500,"GoalBlock{x=80,y=4,z=72}",21,13,MovementTraverse,1132,23,23,,
1534,0,Husk,T3/17,MOVING,73.358,3.892,72.500,"GoalBlock{x=80,y=4,z=72}",21,13,MovementTraverse,1132,23,23,,
1535,0,Husk,T3/17,MOVING,73.410,3.898,72.500,"GoalBlock{x=80,y=4,z=72}",21,13,MovementTraverse,1132,23,23,,
1536,0,Husk,T3/17,MOVING,73.451,3.882,72.500,"GoalBlock{x=80,y=4,z=72}",21,13,MovementTraverse,1132,23,23,,
1537,0,Husk,T3/17,MOVING,73.485,3.850,72.500,"GoalBlock{x=80,y=4,z=72}",21,13,MovementTraverse,1132,23,23,,
1538,0,Husk,T3/17,MOVING,73.531,3.844,72.500,"GoalBlock{x=80,y=4,z=72}",21,13,MovementTraverse,1132,23,23,,
1539,0,Husk,T3/17,MOVING,73.587,3.860,72.500,"GoalBlock{x=80,y=4,z=72}",21,13,MovementTraverse,1132,23,23,,
1540,0,Husk,T3/17,MOVING,73.652,3.892,72.500,"GoalBlock{x=80,y=4,z=72}",21,13,MovementTraverse,1132,23,23,,
1541,0,Husk,T3/17,MOVING,73.704,3.898,72.500,"GoalBlock{x=80,y=4,z=72}",21,13,MovementTraverse,1132,23,23,,
1542,0,Husk,T3/17,MOVING,73.745,3.882,72.500,"GoalBlock{x=80,y=4,z=72}",21,13,MovementTraverse,1132,23,23,,
1543,0,Husk,T3/17,MOVING,73.779,3.850,72.500,"GoalBlock{x=80,y=4,z=72}",21,13,MovementTraverse,1132,23,23,,
1544,0,Husk,T3/17,MOVING,73.825,3.844,72.500,"GoalBlock{x=80,y=4,z=72}",21,13,MovementTraverse,1132,23,23,,
1545,0,Husk,T3/17,MOVING,73.881,3.860,72.500,"GoalBlock{x=80,y=4,z=72}",21,13,MovementTraverse,1132,23,23,,
1546,0,Husk,T3/17,MOVING,73.946,3.892,72.500,"GoalBlock{x=80,y=4,z=72}",21,13,MovementTraverse,1132,23,23,,
1547,0,Husk,T3/17,MOVING,73.998,3.898,72.500,"GoalBlock{x=80,y=4,z=72}",21,13,MovementTraverse,1132,23,23,,
1548,0,Husk,T3/17,MOVING,74.039,3.882,72.500,"GoalBlock{x=80,y=4,z=72}",21,13,MovementTraverse,1132,23,23,,
1549,0,Husk,T3/17,MOVING,74.073,3.850,72.500,"GoalBlock{x=80,y=4,z=72}",21,13,MovementTraverse,1132,23,23,,
1550,0,Husk,T3/17,MOVING,74.119,3.844,72.500,"GoalBlock{x=80,y=4,z=72}",21,14,MovementAscend,1132,23,23,,
1551,0,Husk,T3/17,MOVING,74.175,3.860,72.500,"GoalBlock{x=80,y=4,z=72}",21,14,MovementAscend,1132,23,23,,
1552,0,Husk,T3/17,MOVING,74.240,3.892,72.500,"GoalBlock{x=80,y=4,z=72}",21,14,MovementAscend,1132,23,23,,
1553,0,Husk,T3/17,MOVING,74.312,3.898,72.500,"GoalBlock{x=80,y=4,z=72}",21,14,MovementAscend,1132,23,23,,
1554,0,Husk,T3/17,MOVING,74.388,3.882,72.500,"GoalBlock{x=80,y=4,z=72}",21,14,MovementAscend,1132,23,23,,
1555,0,Husk,T3/17,MOVING,74.469,3.850,72.500,"GoalBlock{x=80,y=4,z=72}",21,14,MovementAscend,1132,23,23,,
1556,0,Husk,T3/17,MOVING,74.554,3.844,72.500,"GoalBlock{x=80,y=4,z=72}",21,14,MovementAscend,1132,23,23,,
1557,0,Husk,T3/17,MOVING,74.641,3.860,72.500,"GoalBlock{x=80,y=4,z=72}",21,14,MovementAscend,1132,23,23,,
1558,0,Husk,T3/17,MOVING,74.730,3.892,72.500,"GoalBlock{x=80,y=4,z=72}",21,14,MovementAscend,1132,23,23,,
1559,0,Husk,T3/17,MOVING,74.821,3.898,72.500,"GoalBlock{x=80,y=4,z=72}",21,14,MovementAscend,1132,23,23,,
1560,0,Husk,T3/17,MOVING,74.914,3.882,72.500,"GoalBlock{x=80,y=4,z=72}",21,14,MovementAscend,1132,23,23,,
1561,0,Husk,T3/17,MOVING,74.940,3.850,72.500,"GoalBlock{x=80,y=4,z=72}",21,14,MovementAscend,1132,23,23,,
1562,0,Husk,T3/17,MOVING,74.960,4.190,72.500,"GoalBlock{x=80,y=4,z=72}",21,14,MovementAscend,1132,23,23,,
1563,0,Husk,T3/17,MOVING,74.995,4.442,72.500,"GoalBlock{x=80,y=4,z=72}",21,14,MovementAscend,1132,23,23,,
1564,0,Husk,T3/17,MOVING,75.047,4.611,72.500,"GoalBlock{x=80,y=4,z=72}",21,14,MovementAscend,1132,23,23,,
1565,0,Husk,T3/17,MOVING,75.119,4.697,72.500,"GoalBlock{x=80,y=4,z=72}",21,15,MovementTraverse,1132,23,23,,
1566,0,Husk,T3/17,MOVING,75.211,4.704,72.500,"GoalBlock{x=80,y=4,z=72}",21,15,MovementTraverse,1132,23,23,,
1567,0,Husk,T3/17,MOVING,75.319,4.632,72.500,"GoalBlock{x=80,y=4,z=72}",21,15,MovementTraverse,1132,23,23,,
1568,0,Husk,T3/17,MOVING,75.444,4.483,72.500,"GoalBlock{x=80,y=4,z=72}",21,15,MovementTraverse,1132,23,23,,
1569,0,Husk,T3/17,MOVING,75.582,4.259,72.500,"GoalBlock{x=80,y=4,z=72}",21,15,MovementTraverse,1132,23,23,,
1570,0,Husk,T3/17,MOVING,75.734,4.000,72.500,"GoalBlock{x=80,y=4,z=72}",21,15,MovementTraverse,1132,23,23,,
1571,0,Husk,T3/17,MOVING,76.000,4.000,72.500,"GoalBlock{x=80,y=4,z=72}",21,15,MovementTraverse,1132,23,23,,
1572,0,Husk,T3/17,MOVING,76.272,4.000,72.500,"GoalBlock{x=80,y=4,z=72}",21,15,MovementTraverse,1132,23,23,,
1573,0,Husk,T3/17,MOVING,76.548,4.000,72.500,"GoalBlock{x=80,y=4,z=72}",21,16,MovementTraverse,1132,23,23,,
1574,0,Husk,T3/17,MOVING,76.826,4.000,72.500,"GoalBlock{x=80,y=4,z=72}",21,16,MovementTraverse,1132,23,23,,
1575,0,Husk,T3/17,MOVING,77.105,4.000,72.500,"GoalBlock{x=80,y=4,z=72}",21,16,MovementTraverse,1132,23,23,,
1576,0,Husk,T3/17,MOVING,77.385,4.000,72.500,"GoalBlock{x=80,y=4,z=72}",21,17,MovementTraverse,1132,23,23,,
1577,0,Husk,T3/17,MOVING,77.666,4.000,72.500,"GoalBlock{x=80,y=4,z=72}",21,17,MovementTraverse,1132,23,23,,
1578,0,Husk,T3/17,MOVING,77.946,4.000,72.500,"GoalBlock{x=80,y=4,z=72}",21,17,MovementTraverse,1132,23,23,,
1579,0,Husk,T3/17,MOVING,78.226,4.000,72.500,"GoalBlock{x=80,y=4,z=72}",21,17,MovementTraverse,1132,23,23,,
1580,0,Husk,T3/17,MOVING,78.507,4.000,72.500,"GoalBlock{x=80,y=4,z=72}",21,18,MovementTraverse,1132,23,23,,
1581,0,Husk,T3/17,MOVING,78.788,4.000,72.500,"GoalBlock{x=80,y=4,z=72}",21,18,MovementTraverse,1132,23,23,,
1582,0,Husk,T3/17,MOVING,79.068,4.000,72.500,"GoalBlock{x=80,y=4,z=72}",21,18,MovementTraverse,1132,23,23,,
1583,0,Husk,T3/17,MOVING,79.349,4.000,72.500,"GoalBlock{x=80,y=4,z=72}",21,19,MovementTraverse,1132,23,23,,
1584,0,Husk,T3/17,MOVING,79.629,4.000,72.500,"GoalBlock{x=80,y=4,z=72}",21,19,MovementTraverse,1132,23,23,,
1585,0,Husk,T3/17,MOVING,79.910,4.000,72.500,"GoalBlock{x=80,y=4,z=72}",21,19,MovementTraverse,1132,23,23,,
1586,0,Husk,T3/17,MOVING,80.191,4.000,72.500,"GoalBlock{x=80,y=4,z=72}",21,19,MovementTraverse,1132,23,23,,
1587,0,Husk,T3/17,ARRIVED,80.344,4.000,72.500,,-1,-1,,1132,23,23,,CANCELED
1588,0,Husk,T3/18,ARRIVED,60.500,4.000,84.500,,-1,-1,,1132,23,23,,CANCELED|CANCELED
1589,0,Husk,T3/18,ARRIVED,60.500,4.000,84.500,,-1,-1,,1132,23,23,,
1590,0,Husk,T3/18,ARRIVED,60.500,4.000,84.500,,-1,-1,,1132,23,23,,
1591,0,Husk,T3/18,ARRIVED,60.500,4.000,84.500,,-1,-1,,1132,23,23,,
1592,0,Husk,T3/18,ARRIVED,60.500,4.000,84.500,,-1,-1,,1132,23,23,,
1593,0,Husk,T3/18,ARRIVED,60.500,4.000,84.500,,-1,-1,,1132,23,23,,
1594,0,Husk,T3/18,ARRIVED,60.500,4.000,84.500,,-1,-1,,1132,23,23,,
1595,0,Husk,T3/18,ARRIVED,60.500,4.000,84.500,,-1,-1,,1132,23,23,,
1596,0,Husk,T3/18,ARRIVED,60.500,4.000,84.500,,-1,-1,,1132,23,23,,
1597,0,Husk,T3/18,ARRIVED,60.500,4.000,84.500,,-1,-1,,1132,23,23,,
1598,0,Husk,T3/18,SEARCHING,60.500,4.000,84.500,"GoalBlock{x=80,y=4,z=84}",-1,-1,,1132,24,24,,CALC_STARTED
1599,0,Husk,T3/18,MOVING,60.627,4.000,84.500,"GoalBlock{x=80,y=4,z=84}",21,0,MovementTraverse,531,24,24,,CALC_FINISHED_NOW_EXECUTING
1600,0,Husk,T3/18,MOVING,60.824,4.000,84.500,"GoalBlock{x=80,y=4,z=84}",21,0,MovementTraverse,531,24,24,,
1601,0,Husk,T3/18,MOVING,61.059,4.000,84.500,"GoalBlock{x=80,y=4,z=84}",21,0,MovementTraverse,531,24,24,,
1602,0,Husk,T3/18,MOVING,61.315,4.000,84.500,"GoalBlock{x=80,y=4,z=84}",21,1,MovementTraverse,531,24,24,,
1603,0,Husk,T3/18,MOVING,61.582,4.000,84.500,"GoalBlock{x=80,y=4,z=84}",21,1,MovementTraverse,531,24,24,,
1604,0,Husk,T3/18,MOVING,61.855,4.000,84.500,"GoalBlock{x=80,y=4,z=84}",21,1,MovementTraverse,531,24,24,,
1605,0,Husk,T3/18,MOVING,62.132,4.000,84.500,"GoalBlock{x=80,y=4,z=84}",21,1,MovementTraverse,531,24,24,,
1606,0,Husk,T3/18,MOVING,62.410,4.000,84.500,"GoalBlock{x=80,y=4,z=84}",21,2,MovementTraverse,531,24,24,,
1607,0,Husk,T3/18,MOVING,62.690,4.000,84.500,"GoalBlock{x=80,y=4,z=84}",21,2,MovementTraverse,531,24,24,,
1608,0,Husk,T3/18,MOVING,62.969,4.000,84.500,"GoalBlock{x=80,y=4,z=84}",21,2,MovementTraverse,531,24,24,,
1609,0,Husk,T3/18,MOVING,63.250,4.000,84.500,"GoalBlock{x=80,y=4,z=84}",21,2,MovementTraverse,531,24,24,,
1610,0,Husk,T3/18,MOVING,63.530,4.000,84.500,"GoalBlock{x=80,y=4,z=84}",21,3,MovementTraverse,531,24,24,,
1611,0,Husk,T3/18,MOVING,63.811,4.000,84.500,"GoalBlock{x=80,y=4,z=84}",21,3,MovementTraverse,531,24,24,,
1612,0,Husk,T3/18,MOVING,64.091,4.000,84.500,"GoalBlock{x=80,y=4,z=84}",21,3,MovementTraverse,531,24,24,,
1613,0,Husk,T3/18,MOVING,64.372,4.000,84.500,"GoalBlock{x=80,y=4,z=84}",21,4,MovementTraverse,531,24,24,,
1614,0,Husk,T3/18,MOVING,64.652,4.000,84.500,"GoalBlock{x=80,y=4,z=84}",21,4,MovementTraverse,531,24,24,,
1615,0,Husk,T3/18,MOVING,64.933,4.000,84.500,"GoalBlock{x=80,y=4,z=84}",21,4,MovementTraverse,531,24,24,,
1616,0,Husk,T3/18,MOVING,65.214,4.000,84.500,"GoalBlock{x=80,y=4,z=84}",21,4,MovementTraverse,531,24,24,,
1617,0,Husk,T3/18,MOVING,65.477,4.000,84.564,"GoalBlock{x=80,y=4,z=84}",21,5,MovementDiagonal,531,24,24,,
1618,0,Husk,T3/18,MOVING,65.715,4.000,84.684,"GoalBlock{x=80,y=4,z=84}",21,5,MovementDiagonal,531,24,24,,
1619,0,Husk,T3/18,MOVING,65.933,4.000,84.842,"GoalBlock{x=80,y=4,z=84}",21,5,MovementDiagonal,531,24,24,,
1620,0,Husk,T3/18,MOVING,66.136,4.000,85.025,"GoalBlock{x=80,y=4,z=84}",21,5,MovementDiagonal,531,24,24,,
1621,0,Husk,T3/18,MOVING,66.333,4.000,85.218,"GoalBlock{x=80,y=4,z=84}",21,6,MovementDiagonal,531,24,24,,
1622,0,Husk,T3/18,MOVING,66.526,4.000,85.418,"GoalBlock{x=80,y=4,z=84}",21,6,MovementDiagonal,531,24,24,,
1623,0,Husk,T3/18,MOVING,66.717,4.000,85.622,"GoalBlock{x=80,y=4,z=84}",21,6,MovementDiagonal,531,24,24,,
1624,0,Husk,T3/18,MOVING,66.906,4.000,85.828,"GoalBlock{x=80,y=4,z=84}",21,6,MovementDiagonal,531,24,24,,
1625,0,Husk,T3/18,MOVING,67.093,4.000,86.036,"GoalBlock{x=80,y=4,z=84}",21,6,MovementDiagonal,531,24,24,,
1626,0,Husk,T3/18,MOVING,67.284,4.000,86.241,"GoalBlock{x=80,y=4,z=84}",21,7,MovementDiagonal,531,24,24,,
1627,0,Husk,T3/18,MOVING,67.476,4.000,86.445,"GoalBlock{x=80,y=4,z=84}",21,7,MovementDiagonal,531,24,24,,
1628,0,Husk,T3/18,MOVING,67.670,4.000,86.648,"GoalBlock{x=80,y=4,z=84}",21,7,MovementDiagonal,531,24,24,,
1629,0,Husk,T3/18,MOVING,67.865,4.000,86.850,"GoalBlock{x=80,y=4,z=84}",21,7,MovementDiagonal,531,24,24,,
1630,0,Husk,T3/18,MOVING,68.060,4.000,87.051,"GoalBlock{x=80,y=4,z=84}",21,7,MovementDiagonal,531,24,24,,
1631,0,Husk,T3/18,MOVING,68.257,4.000,87.252,"GoalBlock{x=80,y=4,z=84}",21,8,MovementDiagonal,531,24,24,,
1632,0,Husk,T3/18,MOVING,68.454,4.000,87.451,"GoalBlock{x=80,y=4,z=84}",21,8,MovementDiagonal,531,24,24,,
1633,0,Husk,T3/18,MOVING,68.652,4.000,87.650,"GoalBlock{x=80,y=4,z=84}",21,8,MovementDiagonal,531,24,24,,
1634,0,Husk,T3/18,MOVING,68.850,4.000,87.849,"GoalBlock{x=80,y=4,z=84}",21,8,MovementDiagonal,531,24,24,,
1635,0,Husk,T3/18,MOVING,69.048,4.000,88.048,"GoalBlock{x=80,y=4,z=84}",21,8,MovementDiagonal,531,24,24,,
1636,0,Husk,T3/18,MOVING,69.277,4.000,88.194,"GoalBlock{x=80,y=4,z=84}",21,9,MovementTraverse,531,24,24,,
1637,0,Husk,T3/18,MOVING,69.527,4.000,88.305,"GoalBlock{x=80,y=4,z=84}",21,9,MovementTraverse,531,24,24,,
1638,0,Husk,T3/18,MOVING,69.787,4.000,88.391,"GoalBlock{x=80,y=4,z=84}",21,9,MovementTraverse,531,24,24,,
1639,0,Husk,T3/18,MOVING,70.056,4.000,88.457,"GoalBlock{x=80,y=4,z=84}",21,9,MovementTraverse,531,24,24,,
1640,0,Husk,T3/18,MOVING,70.330,4.000,88.497,"GoalBlock{x=80,y=4,z=84}",21,10,MovementTraverse,531,24,24,,
1641,0,Husk,T3/18,MOVING,70.607,4.000,88.519,"GoalBlock{x=80,y=4,z=84}",21,10,MovementTraverse,531,24,24,,
1642,0,Husk,T3/18,MOVING,70.885,4.000,88.528,"GoalBlock{x=80,y=4,z=84}",21,10,MovementTraverse,531,24,24,,
1643,0,Husk,T3/18,MOVING,71.165,4.000,88.527,"GoalBlock{x=80,y=4,z=84}",21,10,MovementTraverse,531,24,24,,
1644,0,Husk,T3/18,MOVING,71.445,4.000,88.525,"GoalBlock{x=80,y=4,z=84}",21,11,MovementTraverse,531,24,24,,
1645,0,Husk,T3/18,MOVING,71.725,4.000,88.522,"GoalBlock{x=80,y=4,z=84}",21,11,MovementTraverse,531,24,24,,
1646,0,Husk,T3/18,MOVING,72.005,4.000,88.518,"GoalBlock{x=80,y=4,z=84}",21,11,MovementTraverse,531,24,24,,
1647,0,Husk,T3/18,MOVING,72.286,4.000,88.517,"GoalBlock{x=80,y=4,z=84}",21,12,MovementTraverse,531,24,24,,
1648,0,Husk,T3/18,MOVING,72.566,4.000,88.515,"GoalBlock{x=80,y=4,z=84}",21,12,MovementTraverse,531,24,24,,
1649,0,Husk,T3/18,MOVING,72.847,4.000,88.513,"GoalBlock{x=80,y=4,z=84}",21,12,MovementTraverse,531,24,24,,
1650,0,Husk,T3/18,MOVING,73.127,4.000,88.510,"GoalBlock{x=80,y=4,z=84}",21,12,MovementTraverse,531,24,24,,
1651,0,Husk,T3/18,MOVING,73.408,4.000,88.509,"GoalBlock{x=80,y=4,z=84}",21,13,MovementTraverse,531,24,24,,
1652,0,Husk,T3/18,MOVING,73.688,4.000,88.508,"GoalBlock{x=80,y=4,z=84}",21,13,MovementTraverse,531,24,24,,
1653,0,Husk,T3/18,MOVING,73.969,4.000,88.507,"GoalBlock{x=80,y=4,z=84}",21,13,MovementTraverse,531,24,24,,
1654,0,Husk,T3/18,MOVING,74.249,4.000,88.505,"GoalBlock{x=80,y=4,z=84}",21,13,MovementTraverse,531,24,24,,
1655,0,Husk,T3/18,MOVING,74.530,4.000,88.505,"GoalBlock{x=80,y=4,z=84}",21,14,MovementTraverse,531,24,24,,
1656,0,Husk,T3/18,MOVING,74.811,4.000,88.504,"GoalBlock{x=80,y=4,z=84}",21,14,MovementTraverse,531,24,24,,
1657,0,Husk,T3/18,MOVING,75.091,4.000,88.503,"GoalBlock{x=80,y=4,z=84}",21,14,MovementTraverse,531,24,24,,
1658,0,Husk,T3/18,MOVING,75.372,4.000,88.503,"GoalBlock{x=80,y=4,z=84}",21,15,MovementTraverse,531,24,24,,
1659,0,Husk,T3/18,MOVING,75.653,4.000,88.503,"GoalBlock{x=80,y=4,z=84}",21,15,MovementTraverse,531,24,24,,
1660,0,Husk,T3/18,MOVING,75.933,4.000,88.502,"GoalBlock{x=80,y=4,z=84}",21,15,MovementTraverse,531,24,24,,
1661,0,Husk,T3/18,MOVING,76.214,4.000,88.502,"GoalBlock{x=80,y=4,z=84}",21,15,MovementTraverse,531,24,24,,
1662,0,Husk,T3/18,MOVING,76.477,4.000,88.438,"GoalBlock{x=80,y=4,z=84}",21,16,MovementDiagonal,531,24,24,,
1663,0,Husk,T3/18,MOVING,76.715,4.000,88.317,"GoalBlock{x=80,y=4,z=84}",21,16,MovementDiagonal,531,24,24,,
1664,0,Husk,T3/18,MOVING,76.933,4.000,88.159,"GoalBlock{x=80,y=4,z=84}",21,16,MovementDiagonal,531,24,24,,
1665,0,Husk,T3/18,MOVING,77.135,4.000,87.976,"GoalBlock{x=80,y=4,z=84}",21,16,MovementDiagonal,531,24,24,,
1666,0,Husk,T3/18,MOVING,77.332,4.000,87.783,"GoalBlock{x=80,y=4,z=84}",21,17,MovementDiagonal,531,24,24,,
1667,0,Husk,T3/18,MOVING,77.525,4.000,87.583,"GoalBlock{x=80,y=4,z=84}",21,17,MovementDiagonal,531,24,24,,
1668,0,Husk,T3/18,MOVING,77.716,4.000,87.379,"GoalBlock{x=80,y=4,z=84}",21,17,MovementDiagonal,531,24,24,,
1669,0,Husk,T3/18,MOVING,77.905,4.000,87.173,"GoalBlock{x=80,y=4,z=84}",21,17,MovementDiagonal,531,24,24,,
1670,0,Husk,T3/18,MOVING,78.093,4.000,86.965,"GoalBlock{x=80,y=4,z=84}",21,17,MovementDiagonal,531,24,24,,
1671,0,Husk,T3/18,MOVING,78.283,4.000,86.759,"GoalBlock{x=80,y=4,z=84}",21,18,MovementDiagonal,531,24,24,,
1672,0,Husk,T3/18,MOVING,78.476,4.000,86.555,"GoalBlock{x=80,y=4,z=84}",21,18,MovementDiagonal,531,24,24,,
1673,0,Husk,T3/18,MOVING,78.670,4.000,86.353,"GoalBlock{x=80,y=4,z=84}",21,18,MovementDiagonal,531,24,24,,
1674,0,Husk,T3/18,MOVING,78.865,4.000,86.151,"GoalBlock{x=80,y=4,z=84}",21,18,MovementDiagonal,531,24,24,,
1675,0,Husk,T3/18,MOVING,79.060,4.000,85.949,"GoalBlock{x=80,y=4,z=84}",21,18,MovementDiagonal,531,24,24,,
1676,0,Husk,T3/18,MOVING,79.256,4.000,85.749,"GoalBlock{x=80,y=4,z=84}",21,19,MovementDiagonal,531,24,24,,
1677,0,Husk,T3/18,MOVING,79.454,4.000,85.549,"GoalBlock{x=80,y=4,z=84}",21,19,MovementDiagonal,531,24,24,,
1678,0,Husk,T3/18,MOVING,79.651,4.000,85.350,"GoalBlock{x=80,y=4,z=84}",21,19,MovementDiagonal,531,24,24,,
1679,0,Husk,T3/18,MOVING,79.849,4.000,85.151,"GoalBlock{x=80,y=4,z=84}",21,19,MovementDiagonal,531,24,24,,
1680,0,Husk,T3/18,MOVING,80.047,4.000,84.952,"GoalBlock{x=80,y=4,z=84}",21,19,MovementDiagonal,531,24,24,,
1681,0,Husk,T3/18,ARRIVED,80.155,4.000,84.844,,-1,-1,,531,24,24,,CANCELED
1682,0,Husk,T3/19,ARRIVED,60.500,4.000,96.500,,-1,-1,,531,24,24,,CANCELED|CANCELED
1683,0,Husk,T3/19,ARRIVED,60.500,4.000,96.500,,-1,-1,,531,24,24,,
1684,0,Husk,T3/19,ARRIVED,60.500,4.000,96.500,,-1,-1,,531,24,24,,
1685,0,Husk,T3/19,ARRIVED,60.500,4.000,96.500,,-1,-1,,531,24,24,,
1686,0,Husk,T3/19,ARRIVED,60.500,4.000,96.500,,-1,-1,,531,24,24,,
1687,0,Husk,T3/19,ARRIVED,60.500,4.000,96.500,,-1,-1,,531,24,24,,
1688,0,Husk,T3/19,ARRIVED,60.500,4.000,96.500,,-1,-1,,531,24,24,,
1689,0,Husk,T3/19,ARRIVED,60.500,4.000,96.500,,-1,-1,,531,24,24,,
1690,0,Husk,T3/19,ARRIVED,60.500,4.000,96.500,,-1,-1,,531,24,24,,
1691,0,Husk,T3/19,ARRIVED,60.500,4.000,96.500,,-1,-1,,531,24,24,,
1692,0,Husk,T3/19,SEARCHING,60.500,4.000,96.500,"GoalBlock{x=80,y=4,z=96}",-1,-1,,531,25,25,,CALC_STARTED
1693,0,Husk,T3/19,MOVING,60.627,4.000,96.500,"GoalBlock{x=80,y=4,z=96}",21,0,MovementTraverse,417,25,25,,CALC_FINISHED_NOW_EXECUTING
1694,0,Husk,T3/19,MOVING,60.824,4.000,96.500,"GoalBlock{x=80,y=4,z=96}",21,0,MovementTraverse,417,25,25,,
1695,0,Husk,T3/19,MOVING,61.059,4.000,96.500,"GoalBlock{x=80,y=4,z=96}",21,0,MovementTraverse,417,25,25,,
1696,0,Husk,T3/19,MOVING,61.315,4.000,96.500,"GoalBlock{x=80,y=4,z=96}",21,1,MovementTraverse,417,25,25,,
1697,0,Husk,T3/19,MOVING,61.582,4.000,96.500,"GoalBlock{x=80,y=4,z=96}",21,1,MovementTraverse,417,25,25,,
1698,0,Husk,T3/19,MOVING,61.855,4.000,96.500,"GoalBlock{x=80,y=4,z=96}",21,1,MovementTraverse,417,25,25,,
1699,0,Husk,T3/19,MOVING,62.132,4.000,96.500,"GoalBlock{x=80,y=4,z=96}",21,1,MovementTraverse,417,25,25,,
1700,0,Husk,T3/19,MOVING,62.410,4.000,96.500,"GoalBlock{x=80,y=4,z=96}",21,2,MovementTraverse,417,25,25,,
1701,0,Husk,T3/19,MOVING,62.690,4.000,96.500,"GoalBlock{x=80,y=4,z=96}",21,2,MovementTraverse,417,25,25,,
1702,0,Husk,T3/19,MOVING,62.969,4.000,96.500,"GoalBlock{x=80,y=4,z=96}",21,2,MovementTraverse,417,25,25,,
1703,0,Husk,T3/19,MOVING,63.250,4.000,96.500,"GoalBlock{x=80,y=4,z=96}",21,2,MovementTraverse,417,25,25,,
1704,0,Husk,T3/19,MOVING,63.530,4.000,96.500,"GoalBlock{x=80,y=4,z=96}",21,3,MovementTraverse,417,25,25,,
1705,0,Husk,T3/19,MOVING,63.811,4.000,96.500,"GoalBlock{x=80,y=4,z=96}",21,3,MovementTraverse,417,25,25,,
1706,0,Husk,T3/19,MOVING,64.091,4.000,96.500,"GoalBlock{x=80,y=4,z=96}",21,3,MovementTraverse,417,25,25,,
1707,0,Husk,T3/19,MOVING,64.372,4.000,96.500,"GoalBlock{x=80,y=4,z=96}",21,4,MovementTraverse,417,25,25,,
1708,0,Husk,T3/19,MOVING,64.652,4.000,96.500,"GoalBlock{x=80,y=4,z=96}",21,4,MovementTraverse,417,25,25,,
1709,0,Husk,T3/19,MOVING,64.933,4.000,96.500,"GoalBlock{x=80,y=4,z=96}",21,4,MovementTraverse,417,25,25,,
1710,0,Husk,T3/19,MOVING,65.214,4.000,96.500,"GoalBlock{x=80,y=4,z=96}",21,4,MovementTraverse,417,25,25,,
1711,0,Husk,T3/19,MOVING,65.494,4.000,96.500,"GoalBlock{x=80,y=4,z=96}",21,5,MovementTraverse,417,25,25,,
1712,0,Husk,T3/19,MOVING,65.775,4.000,96.500,"GoalBlock{x=80,y=4,z=96}",21,5,MovementTraverse,417,25,25,,
1713,0,Husk,T3/19,MOVING,66.055,4.000,96.500,"GoalBlock{x=80,y=4,z=96}",21,5,MovementTraverse,417,25,25,,
1714,0,Husk,T3/19,MOVING,66.336,4.000,96.500,"GoalBlock{x=80,y=4,z=96}",21,6,MovementTraverse,417,25,25,,
1715,0,Husk,T3/19,MOVING,66.617,4.000,96.500,"GoalBlock{x=80,y=4,z=96}",21,6,MovementTraverse,417,25,25,,
1716,0,Husk,T3/19,MOVING,66.897,4.000,96.500,"GoalBlock{x=80,y=4,z=96}",21,6,MovementTraverse,417,25,25,,
1717,0,Husk,T3/19,MOVING,67.178,4.000,96.500,"GoalBlock{x=80,y=4,z=96}",21,6,MovementTraverse,417,25,25,,
1718,0,Husk,T3/19,MOVING,67.459,4.000,96.500,"GoalBlock{x=80,y=4,z=96}",21,7,MovementTraverse,417,25,25,,
1719,0,Husk,T3/19,MOVING,67.739,4.000,96.500,"GoalBlock{x=80,y=4,z=96}",21,7,MovementTraverse,417,25,25,,
1720,0,Husk,T3/19,MOVING,68.020,4.000,96.500,"GoalBlock{x=80,y=4,z=96}",21,7,MovementTraverse,417,25,25,,
1721,0,Husk,T3/19,MOVING,68.283,4.000,96.564,"GoalBlock{x=80,y=4,z=96}",21,8,MovementDiagonal,417,25,25,,
1722,0,Husk,T3/19,MOVING,68.528,4.000,96.676,"GoalBlock{x=80,y=4,z=96}",21,8,MovementDiagonal,417,25,25,,
1723,0,Husk,T3/19,MOVING,68.759,4.000,96.820,"GoalBlock{x=80,y=4,z=96}",21,8,MovementDiagonal,417,25,25,,
1724,0,Husk,T3/19,MOVING,68.979,4.000,96.985,"GoalBlock{x=80,y=4,z=96}",21,8,MovementDiagonal,417,25,25,,
1725,0,Husk,T3/19,MOVING,69.190,4.000,97.164,"GoalBlock{x=80,y=4,z=96}",21,8,MovementDiagonal,417,25,25,,
1726,0,Husk,T3/19,MOVING,69.428,4.000,97.294,"GoalBlock{x=80,y=4,z=96}",21,9,MovementTraverse,417,25,25,,
1727,0,Husk,T3/19,MOVING,69.683,4.000,97.390,"GoalBlock{x=80,y=4,z=96}",21,9,MovementTraverse,417,25,25,,
1728,0,Husk,T3/19,MOVING,69.949,4.000,97.459,"GoalBlock{x=80,y=4,z=96}",21,9,MovementTraverse,417,25,25,,
1729,0,Husk,T3/19,MOVING,70.221,4.000,97.506,"GoalBlock{x=80,y=4,z=96}",21,9,MovementTraverse,417,25,25,,
1730,0,Husk,T3/19,MOVING,70.497,4.000,97.531,"GoalBlock{x=80,y=4,z=96}",21,10,MovementTraverse,417,25,25,,
1731,0,Husk,T3/19,MOVING,70.775,4.000,97.541,"GoalBlock{x=80,y=4,z=96}",21,10,MovementTraverse,417,25,25,,
1732,0,Husk,T3/19,MOVING,71.054,4.000,97.539,"GoalBlock{x=80,y=4,z=96}",21,10,MovementTraverse,417,25,25,,
1733,0,Husk,T3/19,MOVING,71.333,4.000,97.536,"GoalBlock{x=80,y=4,z=96}",21,11,MovementTraverse,417,25,25,,
1734,0,Husk,T3/19,MOVING,71.613,4.000,97.532,"GoalBlock{x=80,y=4,z=96}",21,11,MovementTraverse,417,25,25,,
1735,0,Husk,T3/19,MOVING,71.894,4.000,97.527,"GoalBlock{x=80,y=4,z=96}",21,11,MovementTraverse,417,25,25,,
1736,0,Husk,T3/19,MOVING,72.174,4.000,97.521,"GoalBlock{x=80,y=4,z=96}",21,11,MovementTraverse,417,25,25,,
1737,0,Husk,T3/19,MOVING,72.454,4.000,97.516,"GoalBlock{x=80,y=4,z=96}",21,12,MovementTraverse,417,25,25,,
1738,0,Husk,T3/19,MOVING,72.735,4.000,97.514,"GoalBlock{x=80,y=4,z=96}",21,12,MovementTraverse,417,25,25,,
1739,0,Husk,T3/19,MOVING,73.015,4.000,97.512,"GoalBlock{x=80,y=4,z=96}",21,12,MovementTraverse,417,25,25,,
1740,0,Husk,T3/19,MOVING,73.296,4.000,97.511,"GoalBlock{x=80,y=4,z=96}",21,13,MovementTraverse,417,25,25,,
1741,0,Husk,T3/19,MOVING,73.576,4.000,97.510,"GoalBlock{x=80,y=4,z=96}",21,13,MovementTraverse,417,25,25,,
1742,0,Husk,T3/19,MOVING,73.857,4.000,97.508,"GoalBlock{x=80,y=4,z=96}",21,13,MovementTraverse,417,25,25,,
1743,0,Husk,T3/19,MOVING,74.138,4.000,97.507,"GoalBlock{x=80,y=4,z=96}",21,13,MovementTraverse,417,25,25,,
1744,0,Husk,T3/19,MOVING,74.418,4.000,97.506,"GoalBlock{x=80,y=4,z=96}",21,14,MovementTraverse,417,25,25,,
1745,0,Husk,T3/19,MOVING,74.699,4.000,97.505,"GoalBlock{x=80,y=4,z=96}",21,14,MovementTraverse,417,25,25,,
1746,0,Husk,T3/19,MOVING,74.979,4.000,97.505,"GoalBlock{x=80,y=4,z=96}",21,14,MovementTraverse,417,25,25,,
1747,0,Husk,T3/19,MOVING,75.260,4.000,97.503,"GoalBlock{x=80,y=4,z=96}",21,14,MovementTraverse,417,25,25,,
1748,0,Husk,T3/19,MOVING,75.541,4.000,97.503,"GoalBlock{x=80,y=4,z=96}",21,15,MovementTraverse,417,25,25,,
1749,0,Husk,T3/19,MOVING,75.821,4.000,97.503,"GoalBlock{x=80,y=4,z=96}",21,15,MovementTraverse,417,25,25,,
1750,0,Husk,T3/19,MOVING,76.102,4.000,97.502,"GoalBlock{x=80,y=4,z=96}",21,15,MovementTraverse,417,25,25,,
1751,0,Husk,T3/19,MOVING,76.382,4.000,97.502,"GoalBlock{x=80,y=4,z=96}",21,16,MovementTraverse,417,25,25,,
1752,0,Husk,T3/19,MOVING,76.663,4.000,97.502,"GoalBlock{x=80,y=4,z=96}",21,16,MovementTraverse,417,25,25,,
1753,0,Husk,T3/19,MOVING,76.944,4.000,97.502,"GoalBlock{x=80,y=4,z=96}",21,16,MovementTraverse,417,25,25,,
1754,0,Husk,T3/19,MOVING,77.224,4.000,97.501,"GoalBlock{x=80,y=4,z=96}",21,16,MovementTraverse,417,25,25,,
1755,0,Husk,T3/19,MOVING,77.505,4.000,97.501,"GoalBlock{x=80,y=4,z=96}",21,17,MovementTraverse,417,25,25,,
1756,0,Husk,T3/19,MOVING,77.786,4.000,97.501,"GoalBlock{x=80,y=4,z=96}",21,17,MovementTraverse,417,25,25,,
1757,0,Husk,T3/19,MOVING,78.066,4.000,97.501,"GoalBlock{x=80,y=4,z=96}",21,17,MovementTraverse,417,25,25,,
1758,0,Husk,T3/19,MOVING,78.347,4.000,97.501,"GoalBlock{x=80,y=4,z=96}",21,18,MovementTraverse,417,25,25,,
1759,0,Husk,T3/19,MOVING,78.627,4.000,97.501,"GoalBlock{x=80,y=4,z=96}",21,18,MovementTraverse,417,25,25,,
1760,0,Husk,T3/19,MOVING,78.908,4.000,97.501,"GoalBlock{x=80,y=4,z=96}",21,18,MovementTraverse,417,25,25,,
1761,0,Husk,T3/19,MOVING,79.189,4.000,97.500,"GoalBlock{x=80,y=4,z=96}",21,18,MovementTraverse,417,25,25,,
1762,0,Husk,T3/19,MOVING,79.452,4.000,97.437,"GoalBlock{x=80,y=4,z=96}",21,19,MovementDiagonal,417,25,25,,
1763,0,Husk,T3/19,MOVING,79.691,4.000,97.317,"GoalBlock{x=80,y=4,z=96}",21,19,MovementDiagonal,417,25,25,,
1764,0,Husk,T3/19,MOVING,79.911,4.000,97.161,"GoalBlock{x=80,y=4,z=96}",21,19,MovementDiagonal,417,25,25,,
1765,0,Husk,T3/19,MOVING,80.116,4.000,96.981,"GoalBlock{x=80,y=4,z=96}",21,19,MovementDiagonal,417,25,25,,
1766,0,Husk,T3/19,ARRIVED,80.228,4.000,96.882,,-1,-1,,417,25,25,,CANCELED
1767,0,Husk,T3/20,ARRIVED,60.500,14.000,108.500,,-1,-1,,417,25,25,,CANCELED|CANCELED
1768,0,Husk,T3/20,ARRIVED,60.500,14.000,108.500,,-1,-1,,417,25,25,,
1769,0,Husk,T3/20,ARRIVED,60.500,14.000,108.500,,-1,-1,,417,25,25,,
1770,0,Husk,T3/20,ARRIVED,60.500,14.000,108.500,,-1,-1,,417,25,25,,
1771,0,Husk,T3/20,ARRIVED,60.500,14.000,108.500,,-1,-1,,417,25,25,,
1772,0,Husk,T3/20,ARRIVED,60.500,14.000,108.500,,-1,-1,,417,25,25,,
1773,0,Husk,T3/20,ARRIVED,60.500,14.000,108.500,,-1,-1,,417,25,25,,
1774,0,Husk,T3/20,ARRIVED,60.500,14.000,108.500,,-1,-1,,417,25,25,,
1775,0,Husk,T3/20,ARRIVED,60.500,14.000,108.500,,-1,-1,,417,25,25,,
1776,0,Husk,T3/20,ARRIVED,60.500,14.000,108.500,,-1,-1,,417,25,25,,
1777,0,Husk,T3/20,SEARCHING,60.500,14.000,108.500,"GoalBlock{x=75,y=4,z=108}",-1,-1,,417,26,26,,CALC_STARTED
1778,0,Husk,T3/20,MOVING,60.627,14.000,108.500,"GoalBlock{x=75,y=4,z=108}",16,0,MovementTraverse,535,26,26,,CALC_FINISHED_NOW_EXECUTING
1779,0,Husk,T3/20,MOVING,60.824,14.000,108.500,"GoalBlock{x=75,y=4,z=108}",16,0,MovementTraverse,535,26,26,,
1780,0,Husk,T3/20,MOVING,61.059,14.000,108.500,"GoalBlock{x=75,y=4,z=108}",16,0,MovementTraverse,535,26,26,,
1781,0,Husk,T3/20,MOVING,61.315,14.000,108.500,"GoalBlock{x=75,y=4,z=108}",16,1,MovementTraverse,535,26,26,,
1782,0,Husk,T3/20,MOVING,61.582,14.000,108.500,"GoalBlock{x=75,y=4,z=108}",16,1,MovementTraverse,535,26,26,,
1783,0,Husk,T3/20,MOVING,61.855,14.000,108.500,"GoalBlock{x=75,y=4,z=108}",16,1,MovementTraverse,535,26,26,,
1784,0,Husk,T3/20,MOVING,62.132,14.000,108.500,"GoalBlock{x=75,y=4,z=108}",16,1,MovementTraverse,535,26,26,,
1785,0,Husk,T3/20,MOVING,62.410,14.000,108.500,"GoalBlock{x=75,y=4,z=108}",16,2,MovementTraverse,535,26,26,,
1786,0,Husk,T3/20,MOVING,62.690,14.000,108.500,"GoalBlock{x=75,y=4,z=108}",16,2,MovementTraverse,535,26,26,,
1787,0,Husk,T3/20,MOVING,62.969,14.000,108.500,"GoalBlock{x=75,y=4,z=108}",16,2,MovementTraverse,535,26,26,,
1788,0,Husk,T3/20,MOVING,63.250,14.000,108.500,"GoalBlock{x=75,y=4,z=108}",16,2,MovementTraverse,535,26,26,,
1789,0,Husk,T3/20,MOVING,63.501,14.000,108.500,"GoalBlock{x=75,y=4,z=108}",16,3,MovementFall,535,26,26,,
1790,0,Husk,T3/20,MOVING,63.736,14.000,108.500,"GoalBlock{x=75,y=4,z=108}",16,3,MovementFall,535,26,26,,
1791,0,Husk,T3/20,MOVING,63.962,14.000,108.500,"GoalBlock{x=75,y=4,z=108}",16,3,MovementFall,535,26,26,,
1792,0,Husk,T3/20,MOVING,64.184,14.000,108.500,"GoalBlock{x=75,y=4,z=108}",16,3,MovementFall,535,26,26,,
1793,0,Husk,T3/20,MOVING,64.403,13.922,108.500,"GoalBlock{x=75,y=4,z=108}",16,3,MovementFall,535,26,26,,
1794,0,Husk,T3/20,MOVING,64.522,13.766,108.500,"GoalBlock{x=75,y=4,z=108}",16,3,MovementFall,535,26,26,,
1795,0,Husk,T3/20,MOVING,64.641,13.536,108.483,"GoalBlock{x=75,y=4,z=108}",16,3,MovementFall,535,26,26,,
1796,0,Husk,T3/20,MOVING,64.749,13.232,108.448,"GoalBlock{x=75,y=4,z=108}",16,3,MovementFall,535,26,26,,
1797,0,Husk,T3/20,MOVING,64.837,12.855,108.399,"GoalBlock{x=75,y=4,z=108}",16,3,MovementFall,535,26,26,,
1798,0,Husk,T3/20,MOVING,64.913,12.407,108.352,"GoalBlock{x=75,y=4,z=108}",16,3,MovementFall,535,26,26,,
1799,0,Husk,T3/20,MOVING,64.975,11.890,108.309,"GoalBlock{x=75,y=4,z=108}",16,3,MovementFall,535,26,26,,
1800,0,Husk,T3/20,MOVING,65.027,11.305,108.271,"GoalBlock{x=75,y=4,z=108}",16,3,MovementFall,535,26,26,,
1801,0,Husk,T3/20,MOVING,65.068,10.654,108.239,"GoalBlock{x=75,y=4,z=108}",16,3,MovementFall,535,26,26,,
1802,0,Husk,T3/20,MOVING,65.100,9.937,108.212,"GoalBlock{x=75,y=4,z=108}",16,3,MovementFall,535,26,26,,
1803,0,Husk,T3/20,MOVING,65.124,9.156,108.189,"GoalBlock{x=75,y=4,z=108}",16,3,MovementFall,535,26,26,,
1804,0,Husk,T3/20,MOVING,65.140,8.312,108.171,"GoalBlock{x=75,y=4,z=108}",16,3,MovementFall,535,26,26,,
1805,0,Husk,T3/20,MOVING,65.149,7.406,108.157,"GoalBlock{x=75,y=4,z=108}",16,3,MovementFall,535,26,26,,
1806,0,Husk,T3/20,MOVING,65.152,6.440,108.146,"GoalBlock{x=75,y=4,z=108}",16,3,MovementFall,535,26,26,,
1807,0,Husk,T3/20,MOVING,65.147,5.416,108.139,"GoalBlock{x=75,y=4,z=108}",16,3,MovementFall,535,26,26,,
1808,0,Husk,T3/20,MOVING,65.137,4.333,108.135,"GoalBlock{x=75,y=4,z=108}",16,3,MovementFall,535,26,26,,
1809,0,Husk,T3/20,MOVING,65.122,3.193,108.133,"GoalBlock{x=75,y=4,z=108}",16,3,MovementFall,535,26,26,,
1810,0,Husk,T3/20,MOVING,65.104,2.038,108.136,"GoalBlock{x=75,y=4,z=108}",16,3,MovementFall,535,26,26,,
1811,0,Husk,T3/20,MOVING,65.084,2.000,108.139,"GoalBlock{x=75,y=4,z=108}",16,3,MovementFall,535,26,26,,
1812,0,Husk,T3/20,MOVING,65.050,2.020,108.148,"GoalBlock{x=75,y=4,z=108}",16,3,MovementFall,535,26,26,,
1813,0,Husk,T3/20,MOVING,65.006,2.056,108.164,"GoalBlock{x=75,y=4,z=108}",16,3,MovementFall,535,26,26,,
1814,0,Husk,T3/20,MOVING,64.953,2.105,108.186,"GoalBlock{x=75,y=4,z=108}",16,3,MovementFall,535,26,26,,
1815,0,Husk,T3/20,MOVING,64.894,2.164,108.213,"GoalBlock{x=75,y=4,z=108}",16,3,MovementFall,535,26,26,,
1816,0,Husk,T3/20,MOVING,64.829,2.231,108.244,"GoalBlock{x=75,y=4,z=108}",16,3,MovementFall,535,26,26,,
1817,0,Husk,T3/20,MOVING,64.760,2.305,108.279,"GoalBlock{x=75,y=4,z=108}",16,3,MovementFall,535,26,26,,
1818,0,Husk,T3/20,MOVING,64.688,2.384,108.316,"GoalBlock{x=75,y=4,z=108}",16,3,MovementFall,535,26,26,,
1819,0,Husk,T3/20,MOVING,64.614,2.467,108.356,"GoalBlock{x=75,y=4,z=108}",16,3,MovementFall,535,26,26,,
1820,0,Husk,T3/20,MOVING,64.537,2.554,108.398,"GoalBlock{x=75,y=4,z=108}",16,3,MovementFall,535,26,26,,
1821,0,Husk,T3/20,MOVING,64.476,2.643,108.432,"GoalBlock{x=75,y=4,z=108}",16,3,MovementFall,535,26,26,,
1822,0,Husk,T3/20,MOVING,64.427,2.734,108.458,"GoalBlock{x=75,y=4,z=108}",16,3,MovementFall,535,26,26,,
1823,0,Husk,T3/20,MOVING,64.373,2.827,108.492,"GoalBlock{x=75,y=4,z=108}",16,3,MovementFall,535,26,26,,
1824,0,Husk,T3/20,MOVING,64.322,2.922,108.537,"GoalBlock{x=75,y=4,z=108}",16,3,MovementFall,535,26,26,,
1825,0,Husk,T3/20,MOVING,64.284,3.018,108.593,"GoalBlock{x=75,y=4,z=108}",16,4,MovementTraverse,535,26,26,,
1826,0,Husk,T3/20,MOVING,64.266,3.114,108.653,"GoalBlock{x=75,y=4,z=108}",16,4,MovementTraverse,535,26,26,,
1827,0,Husk,T3/20,MOVING,64.270,3.211,108.708,"GoalBlock{x=75,y=4,z=108}",16,4,MovementTraverse,535,26,26,,
1828,0,Husk,T3/20,MOVING,64.293,3.309,108.749,"GoalBlock{x=75,y=4,z=108}",16,4,MovementTraverse,535,26,26,,
1829,0,Husk,T3/20,MOVING,64.330,3.407,108.778,"GoalBlock{x=75,y=4,z=108}",16,4,MovementTraverse,535,26,26,,
1830,0,Husk,T3/20,MOVING,64.379,3.506,108.796,"GoalBlock{x=75,y=4,z=108}",16,4,MovementTraverse,535,26,26,,
1831,0,Husk,T3/20,MOVING,64.437,3.605,108.806,"GoalBlock{x=75,y=4,z=108}",16,4,MovementTraverse,535,26,26,,
1832,0,Husk,T3/20,MOVING,64.502,3.704,108.809,"GoalBlock{x=75,y=4,z=108}",16,4,MovementTraverse,535,26,26,,
1833,0,Husk,T3/20,MOVING,64.573,3.803,108.803,"GoalBlock{x=75,y=4,z=108}",16,4,MovementTraverse,535,26,26,,
1834,0,Husk,T3/20,MOVING,64.648,3.902,108.792,"GoalBlock{x=75,y=4,z=108}",16,4,MovementTraverse,535,26,26,,
1835,0,Husk,T3/20,MOVING,64.721,3.962,108.769,"GoalBlock{x=75,y=4,z=108}",16,3,MovementFall,535,26,26,,
1836,0,Husk,T3/20,MOVING,64.784,3.990,108.731,"GoalBlock{x=75,y=4,z=108}",16,3,MovementFall,535,26,26,,
1837,0,Husk,T3/20,MOVING,64.828,3.990,108.683,"GoalBlock{x=75,y=4,z=108}",16,3,MovementFall,535,26,26,,
1838,0,Husk,T3/20,MOVING,64.849,3.970,108.630,"GoalBlock{x=75,y=4,z=108}",16,3,MovementFall,535,26,26,,
1839,0,Husk,T3/20,MOVING,64.847,3.934,108.584,"GoalBlock{x=75,y=4,z=108}",16,3,MovementFall,535,26,26,,
1840,0,Husk,T3/20,MOVING,64.827,3.885,108.543,"GoalBlock{x=75,y=4,z=108}",16,3,MovementFall,535,26,26,,
1841,0,Husk,T3/20,MOVING,64.792,3.826,108.508,"GoalBlock{x=75,y=4,z=108}",16,3,MovementFall,535,26,26,,
1842,0,Husk,T3/20,MOVING,64.745,3.798,108.480,"GoalBlock{x=75,y=4,z=108}",16,3,MovementFall,535,26,26,,
1843,0,Husk,T3/20,MOVING,64.687,3.797,108.459,"GoalBlock{x=75,y=4,z=108}",16,3,MovementFall,535,26,26,,
1844,0,Husk,T3/20,MOVING,64.622,3.815,108.444,"GoalBlock{x=75,y=4,z=108}",16,3,MovementFall,535,26,26,,
1845,0,Husk,T3/20,MOVING,64.569,3.850,108.432,"GoalBlock{x=75,y=4,z=108}",16,3,MovementFall,535,26,26,,
1846,0,Husk,T3/20,MOVING,64.513,3.898,108.436,"GoalBlock{x=75,y=4,z=108}",16,4,MovementTraverse,535,26,26,,
1847,0,Husk,T3/20,MOVING,64.468,3.916,108.440,"GoalBlock{x=75,y=4,z=108}",16,3,MovementFall,535,26,26,,
1848,0,Husk,T3/20,MOVING,64.432,3.911,108.440,"GoalBlock{x=75,y=4,z=108}",16,3,MovementFall,535,26,26,,
1849,0,Husk,T3/20,MOVING,64.403,3.887,108.440,"GoalBlock{x=75,y=4,z=108}",16,3,MovementFall,535,26,26,,
1850,0,Husk,T3/20,MOVING,64.372,3.847,108.457,"GoalBlock{x=75,y=4,z=108}",16,3,MovementFall,535,26,26,,
1851,0,Husk,T3/20,MOVING,64.348,3.836,108.491,"GoalBlock{x=75,y=4,z=108}",16,3,MovementFall,535,26,26,,
1852,0,Husk,T3/20,MOVING,64.340,3.846,108.534,"GoalBlock{x=75,y=4,z=108}",16,3,MovementFall,535,26,26,,
1853,0,Husk,T3/20,MOVING,64.352,3.875,108.577,"GoalBlock{x=75,y=4,z=108}",16,3,MovementFall,535,26,26,,
1854,0,Husk,T3/20,MOVING,64.381,3.875,108.610,"GoalBlock{x=75,y=4,z=108}",16,3,MovementFall,535,26,26,,
1855,0,Husk,T3/20,MOVING,64.420,3.855,108.625,"GoalBlock{x=75,y=4,z=108}",16,3,MovementFall,535,26,26,,
1856,0,Husk,T3/20,MOVING,64.460,3.859,108.620,"GoalBlock{x=75,y=4,z=108}",16,3,MovementFall,535,26,26,,
1857,0,Husk,T3/20,MOVING,64.490,3.882,108.596,"GoalBlock{x=75,y=4,z=108}",16,3,MovementFall,535,26,26,,
1858,0,Husk,T3/20,MOVING,64.514,3.882,108.577,"GoalBlock{x=75,y=4,z=108}",16,3,MovementFall,535,26,26,,
1859,0,Husk,T3/20,MOVING,64.534,3.862,108.561,"GoalBlock{x=75,y=4,z=108}",16,3,MovementFall,535,26,26,,
1860,0,Husk,T3/20,MOVING,64.549,3.866,108.549,"GoalBlock{x=75,y=4,z=108}",16,3,MovementFall,535,26,26,,
1861,0,Husk,T3/20,MOVING,64.561,3.889,108.539,"GoalBlock{x=75,y=4,z=108}",16,3,MovementFall,535,26,26,,
1862,0,Husk,T3/20,MOVING,64.571,3.889,108.531,"GoalBlock{x=75,y=4,z=108}",16,3,MovementFall,535,26,26,,
1863,0,Husk,T3/20,MOVING,64.579,3.869,108.525,"GoalBlock{x=75,y=4,z=108}",16,3,MovementFall,535,26,26,,
1864,0,Husk,T3/20,MOVING,64.586,3.873,108.520,"GoalBlock{x=75,y=4,z=108}",16,3,MovementFall,535,26,26,,
1865,0,Husk,T3/20,MOVING,64.591,3.897,108.516,"GoalBlock{x=75,y=4,z=108}",16,3,MovementFall,535,26,26,,
1866,0,Husk,T3/20,MOVING,64.595,3.897,108.513,"GoalBlock{x=75,y=4,z=108}",16,3,MovementFall,535,26,26,,
1867,0,Husk,T3/20,MOVING,64.598,3.877,108.513,"GoalBlock{x=75,y=4,z=108}",16,3,MovementFall,535,26,26,,
1868,0,Husk,T3/20,MOVING,64.598,3.841,108.513,"GoalBlock{x=75,y=4,z=108}",16,3,MovementFall,535,26,26,,
1869,0,Husk,T3/20,MOVING,64.598,3.832,108.513,"GoalBlock{x=75,y=4,z=108}",16,3,MovementFall,535,26,26,,
1870,0,Husk,T3/20,MOVING,64.598,3.845,108.513,"GoalBlock{x=75,y=4,z=108}",16,3,MovementFall,535,26,26,,
1871,0,Husk,T3/20,MOVING,64.598,3.875,108.513,"GoalBlock{x=75,y=4,z=108}",16,3,MovementFall,535,26,26,,
1872,0,Husk,T3/20,MOVING,64.598,3.879,108.513,"GoalBlock{x=75,y=4,z=108}",16,3,MovementFall,535,26,26,,
1873,0,Husk,T3/20,MOVING,64.598,3.863,108.513,"GoalBlock{x=75,y=4,z=108}",16,3,MovementFall,535,26,26,,
1874,0,Husk,T3/20,MOVING,64.598,3.870,108.513,"GoalBlock{x=75,y=4,z=108}",16,3,MovementFall,535,26,26,,
1875,0,Husk,T3/20,MOVING,64.598,3.895,108.513,"GoalBlock{x=75,y=4,z=108}",16,3,MovementFall,535,26,26,,
1876,0,Husk,T3/20,MOVING,64.598,3.895,108.513,"GoalBlock{x=75,y=4,z=108}",16,3,MovementFall,535,26,26,,
1877,0,Husk,T3/20,MOVING,64.598,3.875,108.513,"GoalBlock{x=75,y=4,z=108}",16,3,MovementFall,535,26,26,,
1878,0,Husk,T3/20,MOVING,64.598,3.839,108.513,"GoalBlock{x=75,y=4,z=108}",16,3,MovementFall,535,26,26,,
1879,0,Husk,T3/20,MOVING,64.598,3.830,108.513,"GoalBlock{x=75,y=4,z=108}",16,3,MovementFall,535,26,26,,
1880,0,Husk,T3/20,MOVING,64.598,3.843,108.513,"GoalBlock{x=75,y=4,z=108}",16,3,MovementFall,535,26,26,,
1881,0,Husk,T3/20,MOVING,64.598,3.874,108.513,"GoalBlock{x=75,y=4,z=108}",16,3,MovementFall,535,26,26,,
1882,0,Husk,T3/20,MOVING,64.582,3.918,108.502,"GoalBlock{x=75,y=4,z=108}",16,4,MovementTraverse,535,26,26,,
1883,0,Husk,T3/20,MOVING,64.569,3.933,108.493,"GoalBlock{x=75,y=4,z=108}",16,3,MovementFall,535,26,26,,
1884,0,Husk,T3/20,MOVING,64.558,3.926,108.487,"GoalBlock{x=75,y=4,z=108}",16,3,MovementFall,535,26,26,,
1885,0,Husk,T3/20,MOVING,64.550,3.900,108.481,"GoalBlock{x=75,y=4,z=108}",16,3,MovementFall,535,26,26,,
1886,0,Husk,T3/20,MOVING,64.543,3.859,108.477,"GoalBlock{x=75,y=4,z=108}",16,3,MovementFall,535,26,26,,
1887,0,Husk,T3/20,MOVING,64.538,3.846,108.473,"GoalBlock{x=75,y=4,z=108}",16,3,MovementFall,535,26,26,,
1888,0,Husk,T3/20,MOVING,64.533,3.856,108.473,"GoalBlock{x=75,y=4,z=108}",16,3,MovementFall,535,26,26,,
1889,0,Husk,T3/20,MOVING,64.530,3.884,108.473,"GoalBlock{x=75,y=4,z=108}",16,3,MovementFall,535,26,26,,
1890,0,Husk,T3/20,MOVING,64.530,3.884,108.473,"GoalBlock{x=75,y=4,z=108}",16,3,MovementFall,535,26,26,,
1891,0,Husk,T3/20,MOVING,64.530,3.864,108.473,"GoalBlock{x=75,y=4,z=108}",16,3,MovementFall,535,26,26,,
1892,0,Husk,T3/20,MOVING,64.530,3.868,108.473,"GoalBlock{x=75,y=4,z=108}",16,3,MovementFall,535,26,26,,
1893,0,Husk,T3/20,MOVING,64.530,3.891,108.473,"GoalBlock{x=75,y=4,z=108}",16,3,MovementFall,535,26,26,,
1894,0,Husk,T3/20,MOVING,64.530,3.891,108.473,"GoalBlock{x=75,y=4,z=108}",16,3,MovementFall,535,26,26,,
1895,0,Husk,T3/20,MOVING,64.530,3.871,108.473,"GoalBlock{x=75,y=4,z=108}",16,3,MovementFall,535,26,26,,
1896,0,Husk,T3/20,MOVING,64.530,3.875,108.473,"GoalBlock{x=75,y=4,z=108}",16,3,MovementFall,535,26,26,,
1897,0,Husk,T3/20,MOVING,64.530,3.898,108.473,"GoalBlock{x=75,y=4,z=108}",16,3,MovementFall,535,26,26,,
1898,0,Husk,T3/20,MOVING,64.530,3.898,108.473,"GoalBlock{x=75,y=4,z=108}",16,3,MovementFall,535,26,26,,
1899,0,Husk,T3/20,MOVING,64.530,3.878,108.473,"GoalBlock{x=75,y=4,z=108}",16,3,MovementFall,535,26,26,,
1900,0,Husk,T3/20,MOVING,64.530,3.842,108.473,"GoalBlock{x=75,y=4,z=108}",16,3,MovementFall,535,26,26,,
1901,0,Husk,T3/20,MOVING,64.530,3.833,108.473,"GoalBlock{x=75,y=4,z=108}",16,3,MovementFall,535,26,26,,
1902,0,Husk,T3/20,MOVING,64.530,3.846,108.473,"GoalBlock{x=75,y=4,z=108}",16,3,MovementFall,535,26,26,,
1903,0,Husk,T3/20,MOVING,64.530,3.877,108.473,"GoalBlock{x=75,y=4,z=108}",16,3,MovementFall,535,26,26,,
1904,0,Husk,T3/20,MOVING,64.530,3.881,108.473,"GoalBlock{x=75,y=4,z=108}",16,3,MovementFall,535,26,26,,
1905,0,Husk,T3/20,MOVING,64.530,3.864,108.473,"GoalBlock{x=75,y=4,z=108}",16,3,MovementFall,535,26,26,,
1906,0,Husk,T3/20,MOVING,64.530,3.871,108.473,"GoalBlock{x=75,y=4,z=108}",16,3,MovementFall,535,26,26,,
1907,0,Husk,T3/20,MOVING,64.530,3.896,108.473,"GoalBlock{x=75,y=4,z=108}",16,3,MovementFall,535,26,26,,
1908,0,Husk,T3/20,MOVING,64.530,3.896,108.473,"GoalBlock{x=75,y=4,z=108}",16,3,MovementFall,535,26,26,,
1909,0,Husk,T3/20,MOVING,64.530,3.876,108.473,"GoalBlock{x=75,y=4,z=108}",16,3,MovementFall,535,26,26,,
1910,0,Husk,T3/20,MOVING,64.530,3.840,108.473,"GoalBlock{x=75,y=4,z=108}",16,3,MovementFall,535,26,26,,
1911,0,Husk,T3/20,MOVING,64.530,3.832,108.473,"GoalBlock{x=75,y=4,z=108}",16,3,MovementFall,535,26,26,,
1912,0,Husk,T3/20,MOVING,64.530,3.845,108.473,"GoalBlock{x=75,y=4,z=108}",16,3,MovementFall,535,26,26,,
1913,0,Husk,T3/20,MOVING,64.530,3.875,108.473,"GoalBlock{x=75,y=4,z=108}",16,3,MovementFall,535,26,26,,
1914,0,Husk,T3/20,MOVING,64.530,3.879,108.473,"GoalBlock{x=75,y=4,z=108}",16,3,MovementFall,535,26,26,,
1915,0,Husk,T3/20,MOVING,64.530,3.863,108.473,"GoalBlock{x=75,y=4,z=108}",16,3,MovementFall,535,26,26,,
1916,0,Husk,T3/20,MOVING,64.530,3.869,108.473,"GoalBlock{x=75,y=4,z=108}",16,3,MovementFall,535,26,26,,
1917,0,Husk,T3/20,MOVING,64.530,3.895,108.473,"GoalBlock{x=75,y=4,z=108}",16,3,MovementFall,535,26,26,,
1918,0,Husk,T3/20,MOVING,64.530,3.895,108.473,"GoalBlock{x=75,y=4,z=108}",16,3,MovementFall,535,26,26,,
1919,0,Husk,T3/20,MOVING,64.530,3.875,108.473,"GoalBlock{x=75,y=4,z=108}",16,3,MovementFall,535,26,26,,
1920,0,Husk,T3/20,MOVING,64.530,3.879,108.473,"GoalBlock{x=75,y=4,z=108}",16,3,MovementFall,535,26,26,,
1921,0,Husk,T3/20,MOVING,64.530,3.862,108.473,"GoalBlock{x=75,y=4,z=108}",16,3,MovementFall,535,26,26,,
1922,0,Husk,T3/20,MOVING,64.530,3.869,108.473,"GoalBlock{x=75,y=4,z=108}",16,3,MovementFall,535,26,26,,
1923,0,Husk,T3/20,MOVING,64.530,3.894,108.473,"GoalBlock{x=75,y=4,z=108}",16,3,MovementFall,535,26,26,,
1924,0,Husk,T3/20,MOVING,64.530,3.894,108.473,"GoalBlock{x=75,y=4,z=108}",16,3,MovementFall,535,26,26,,
1925,0,Husk,T3/20,MOVING,64.530,3.874,108.473,"GoalBlock{x=75,y=4,z=108}",16,3,MovementFall,535,26,26,,
1926,0,Husk,T3/20,MOVING,64.530,3.878,108.473,"GoalBlock{x=75,y=4,z=108}",16,3,MovementFall,535,26,26,,
1927,0,Husk,T3/20,MOVING,64.530,3.861,108.473,"GoalBlock{x=75,y=4,z=108}",16,3,MovementFall,535,26,26,,
1928,0,Husk,T3/20,MOVING,64.530,3.868,108.473,"GoalBlock{x=75,y=4,z=108}",16,3,MovementFall,535,26,26,,
1929,0,Husk,T3/20,MOVING,64.530,3.893,108.473,"GoalBlock{x=75,y=4,z=108}",16,3,MovementFall,535,26,26,,
1930,0,Husk,T3/20,MOVING,64.530,3.893,108.473,"GoalBlock{x=75,y=4,z=108}",16,3,MovementFall,535,26,26,,
1931,0,Husk,T3/20,MOVING,64.530,3.873,108.473,"GoalBlock{x=75,y=4,z=108}",16,3,MovementFall,535,26,26,,
1932,0,Husk,T3/20,MOVING,64.530,3.877,108.473,"GoalBlock{x=75,y=4,z=108}",16,3,MovementFall,535,26,26,,
1933,0,Husk,T3/20,MOVING,64.530,3.860,108.473,"GoalBlock{x=75,y=4,z=108}",16,3,MovementFall,535,26,26,,
1934,0,Husk,T3/20,MOVING,64.530,3.867,108.473,"GoalBlock{x=75,y=4,z=108}",16,3,MovementFall,535,26,26,,
1935,0,Husk,T3/20,MOVING,64.530,3.892,108.473,"GoalBlock{x=75,y=4,z=108}",16,3,MovementFall,535,26,26,,
1936,0,Husk,T3/20,MOVING,64.530,3.892,108.473,"GoalBlock{x=75,y=4,z=108}",16,3,MovementFall,535,26,26,,
1937,0,Husk,T3/20,MOVING,64.530,3.872,108.473,"GoalBlock{x=75,y=4,z=108}",16,3,MovementFall,535,26,26,,
1938,0,Husk,T3/20,MOVING,64.530,3.876,108.473,"GoalBlock{x=75,y=4,z=108}",16,3,MovementFall,535,26,26,,
1939,0,Husk,T3/20,MOVING,64.530,3.859,108.473,"GoalBlock{x=75,y=4,z=108}",16,3,MovementFall,535,26,26,,
1940,0,Husk,T3/20,MOVING,64.530,3.866,108.473,"GoalBlock{x=75,y=4,z=108}",16,3,MovementFall,535,26,26,,
1941,0,Husk,T3/20,MOVING,64.530,3.891,108.473,"GoalBlock{x=75,y=4,z=108}",16,3,MovementFall,535,26,26,,
1942,0,Husk,T3/20,MOVING,64.530,3.891,108.473,"GoalBlock{x=75,y=4,z=108}",16,3,MovementFall,535,26,26,,
1943,0,Husk,T3/20,MOVING,64.530,3.871,108.473,"GoalBlock{x=75,y=4,z=108}",16,3,MovementFall,535,26,26,,
1944,0,Husk,T3/20,MOVING,64.530,3.875,108.473,"GoalBlock{x=75,y=4,z=108}",16,3,MovementFall,535,26,26,,
1945,0,Husk,T3/20,MOVING,64.530,3.898,108.473,"GoalBlock{x=75,y=4,z=108}",16,3,MovementFall,535,26,26,,
1946,0,Husk,T3/20,MOVING,64.530,3.898,108.473,"GoalBlock{x=75,y=4,z=108}",16,3,MovementFall,535,26,26,,
1947,0,Husk,T3/20,MOVING,64.530,3.878,108.473,"GoalBlock{x=75,y=4,z=108}",16,3,MovementFall,535,26,26,,
1948,0,Husk,T3/20,MOVING,64.530,3.842,108.473,"GoalBlock{x=75,y=4,z=108}",16,3,MovementFall,535,26,26,,
1949,0,Husk,T3/20,MOVING,64.530,3.833,108.473,"GoalBlock{x=75,y=4,z=108}",16,3,MovementFall,535,26,26,,
1950,0,Husk,T3/20,MOVING,64.530,3.846,108.473,"GoalBlock{x=75,y=4,z=108}",16,3,MovementFall,535,26,26,,
1951,0,Husk,T3/20,MOVING,64.530,3.877,108.473,"GoalBlock{x=75,y=4,z=108}",16,3,MovementFall,535,26,26,,
1952,0,Husk,T3/20,MOVING,64.530,3.881,108.473,"GoalBlock{x=75,y=4,z=108}",16,3,MovementFall,535,26,26,,
1953,0,Husk,T3/20,MOVING,64.530,3.864,108.473,"GoalBlock{x=75,y=4,z=108}",16,3,MovementFall,535,26,26,,
1954,0,Husk,T3/20,MOVING,64.530,3.871,108.473,"GoalBlock{x=75,y=4,z=108}",16,3,MovementFall,535,26,26,,
1955,0,Husk,T3/20,MOVING,64.530,3.896,108.473,"GoalBlock{x=75,y=4,z=108}",16,3,MovementFall,535,26,26,,
1956,0,Husk,T3/20,MOVING,64.530,3.896,108.473,"GoalBlock{x=75,y=4,z=108}",16,3,MovementFall,535,26,26,,
1957,0,Husk,T3/20,MOVING,64.530,3.876,108.473,"GoalBlock{x=75,y=4,z=108}",16,3,MovementFall,535,26,26,,
1958,0,Husk,T3/20,MOVING,64.530,3.840,108.473,"GoalBlock{x=75,y=4,z=108}",16,3,MovementFall,535,26,26,,
1959,0,Husk,T3/20,MOVING,64.530,3.832,108.473,"GoalBlock{x=75,y=4,z=108}",16,3,MovementFall,535,26,26,,
1960,0,Husk,T3/20,MOVING,64.530,3.845,108.473,"GoalBlock{x=75,y=4,z=108}",16,3,MovementFall,535,26,26,,
1961,0,Husk,T3/20,MOVING,64.530,3.875,108.473,"GoalBlock{x=75,y=4,z=108}",16,3,MovementFall,535,26,26,,
1962,0,Husk,T3/20,MOVING,64.530,3.879,108.473,"GoalBlock{x=75,y=4,z=108}",16,3,MovementFall,535,26,26,,
1963,0,Husk,T3/20,MOVING,64.530,3.863,108.473,"GoalBlock{x=75,y=4,z=108}",16,3,MovementFall,535,26,26,,
1964,0,Husk,T3/20,MOVING,64.530,3.869,108.473,"GoalBlock{x=75,y=4,z=108}",16,3,MovementFall,535,26,26,,
1965,0,Husk,T3/20,MOVING,64.530,3.895,108.473,"GoalBlock{x=75,y=4,z=108}",16,3,MovementFall,535,26,26,,
1966,0,Husk,T3/20,MOVING,64.530,3.895,108.473,"GoalBlock{x=75,y=4,z=108}",16,3,MovementFall,535,26,26,,
1967,0,Husk,T3/20,MOVING,64.530,3.875,108.473,"GoalBlock{x=75,y=4,z=108}",16,3,MovementFall,535,26,26,,
1968,0,Husk,T3/20,MOVING,64.530,3.879,108.473,"GoalBlock{x=75,y=4,z=108}",16,3,MovementFall,535,26,26,,
1969,0,Husk,T3/20,MOVING,64.530,3.862,108.473,"GoalBlock{x=75,y=4,z=108}",16,3,MovementFall,535,26,26,,
1970,0,Husk,T3/20,MOVING,64.530,3.869,108.473,"GoalBlock{x=75,y=4,z=108}",16,3,MovementFall,535,26,26,,
1971,0,Husk,T3/20,MOVING,64.530,3.894,108.473,"GoalBlock{x=75,y=4,z=108}",16,3,MovementFall,535,26,26,,
1972,0,Husk,T3/20,MOVING,64.530,3.894,108.473,"GoalBlock{x=75,y=4,z=108}",16,3,MovementFall,535,26,26,,
1973,0,Husk,T3/20,MOVING,64.530,3.874,108.473,"GoalBlock{x=75,y=4,z=108}",16,3,MovementFall,535,26,26,,
1974,0,Husk,T3/20,MOVING,64.530,3.878,108.473,"GoalBlock{x=75,y=4,z=108}",16,3,MovementFall,535,26,26,,
1975,0,Husk,T3/20,MOVING,64.530,3.861,108.473,"GoalBlock{x=75,y=4,z=108}",16,3,MovementFall,535,26,26,,
1976,0,Husk,T3/20,MOVING,64.530,3.868,108.473,"GoalBlock{x=75,y=4,z=108}",16,3,MovementFall,535,26,26,,
1977,0,Husk,T3/20,MOVING,64.530,3.893,108.473,"GoalBlock{x=75,y=4,z=108}",16,3,MovementFall,535,26,26,,
1978,0,Husk,T3/20,MOVING,64.530,3.893,108.473,"GoalBlock{x=75,y=4,z=108}",16,3,MovementFall,535,26,26,,
1979,0,Husk,T3/20,MOVING,64.530,3.873,108.473,"GoalBlock{x=75,y=4,z=108}",16,3,MovementFall,535,26,26,,
1980,0,Husk,T3/20,MOVING,64.530,3.877,108.473,"GoalBlock{x=75,y=4,z=108}",16,3,MovementFall,535,26,26,,
1981,0,Husk,T3/20,MOVING,64.530,3.860,108.473,"GoalBlock{x=75,y=4,z=108}",16,3,MovementFall,535,26,26,,
1982,0,Husk,T3/20,MOVING,64.530,3.867,108.473,"GoalBlock{x=75,y=4,z=108}",16,3,MovementFall,535,26,26,,
1983,0,Husk,T3/20,MOVING,64.530,3.892,108.473,"GoalBlock{x=75,y=4,z=108}",16,3,MovementFall,535,26,26,,
1984,0,Husk,T3/20,MOVING,64.530,3.892,108.473,"GoalBlock{x=75,y=4,z=108}",16,3,MovementFall,535,26,26,,
1985,0,Husk,T3/20,MOVING,64.530,3.872,108.473,"GoalBlock{x=75,y=4,z=108}",16,3,MovementFall,535,26,26,,
1986,0,Husk,T3/20,MOVING,64.530,3.876,108.473,"GoalBlock{x=75,y=4,z=108}",16,3,MovementFall,535,26,26,,
1987,0,Husk,T3/20,MOVING,64.530,3.859,108.473,"GoalBlock{x=75,y=4,z=108}",16,3,MovementFall,535,26,26,,
1988,0,Husk,T3/20,MOVING,64.530,3.866,108.473,"GoalBlock{x=75,y=4,z=108}",16,3,MovementFall,535,26,26,,
1989,0,Husk,T3/20,MOVING,64.530,3.891,108.473,"GoalBlock{x=75,y=4,z=108}",16,3,MovementFall,535,26,26,,
1990,0,Husk,T3/20,MOVING,64.530,3.891,108.473,"GoalBlock{x=75,y=4,z=108}",16,3,MovementFall,535,26,26,,
1991,0,Husk,T3/20,MOVING,64.530,3.871,108.473,"GoalBlock{x=75,y=4,z=108}",16,3,MovementFall,535,26,26,,
1992,0,Husk,T3/20,MOVING,64.530,3.875,108.473,"GoalBlock{x=75,y=4,z=108}",16,3,MovementFall,535,26,26,,
1993,0,Husk,T3/20,MOVING,64.530,3.858,108.473,"GoalBlock{x=75,y=4,z=108}",16,3,MovementFall,535,26,26,,
1994,0,Husk,T3/20,MOVING,64.530,3.865,108.473,"GoalBlock{x=75,y=4,z=108}",16,3,MovementFall,535,26,26,,
1995,0,Husk,T3/20,MOVING,64.530,3.890,108.473,"GoalBlock{x=75,y=4,z=108}",16,3,MovementFall,535,26,26,,
1996,0,Husk,T3/20,MOVING,64.530,3.890,108.473,"GoalBlock{x=75,y=4,z=108}",16,3,MovementFall,535,26,26,,
1997,0,Husk,T3/20,MOVING,64.530,3.870,108.473,"GoalBlock{x=75,y=4,z=108}",16,3,MovementFall,535,26,26,,
1998,0,Husk,T3/20,MOVING,64.530,3.874,108.473,"GoalBlock{x=75,y=4,z=108}",16,3,MovementFall,535,26,26,,
1999,0,Husk,T3/20,MOVING,64.530,3.897,108.473,"GoalBlock{x=75,y=4,z=108}",16,3,MovementFall,535,26,26,,
2000,0,Husk,T3/20,MOVING,64.530,3.897,108.473,"GoalBlock{x=75,y=4,z=108}",16,3,MovementFall,535,26,26,,
2001,0,Husk,T3/20,MOVING,64.530,3.877,108.473,"GoalBlock{x=75,y=4,z=108}",16,3,MovementFall,535,26,26,,
2002,0,Husk,T3/20,MOVING,64.530,3.841,108.473,"GoalBlock{x=75,y=4,z=108}",16,3,MovementFall,535,26,26,,
2003,0,Husk,T3/20,MOVING,64.530,3.832,108.473,"GoalBlock{x=75,y=4,z=108}",16,3,MovementFall,535,26,26,,
2004,0,Husk,T3/20,SEARCHING,64.530,3.805,108.473,"GoalBlock{x=75,y=4,z=108}",-1,-1,,535,27,27,,CALC_STARTED
2005,0,Husk,T3/20,MOVING,64.515,3.804,108.486,"GoalBlock{x=75,y=4,z=108}",12,0,MovementTraverse,226,27,27,,CALC_FINISHED_NOW_EXECUTING
2006,0,Husk,T3/20,MOVING,64.496,3.822,108.514,"GoalBlock{x=75,y=4,z=108}",12,0,MovementTraverse,226,27,27,,
2007,0,Husk,T3/20,MOVING,64.484,3.857,108.556,"GoalBlock{x=75,y=4,z=108}",12,0,MovementTraverse,226,27,27,,
2008,0,Husk,T3/20,MOVING,64.488,3.905,108.605,"GoalBlock{x=75,y=4,z=108}",12,0,MovementTraverse,226,27,27,,
2009,0,Husk,T3/20,MOVING,64.488,3.924,108.644,"GoalBlock{x=75,y=4,z=108}",12,0,MovementTraverse,226,27,27,,
2010,0,Husk,T3/20,MOVING,64.488,3.918,108.675,"GoalBlock{x=75,y=4,z=108}",12,0,MovementTraverse,226,27,27,,
2011,0,Husk,T3/20,MOVING,64.488,3.894,108.700,"GoalBlock{x=75,y=4,z=108}",12,0,MovementTraverse,226,27,27,,
2012,0,Husk,T3/20,MOVING,64.488,3.855,108.720,"GoalBlock{x=75,y=4,z=108}",12,0,MovementTraverse,226,27,27,,
2013,0,Husk,T3/20,MOVING,64.507,3.843,108.732,"GoalBlock{x=75,y=4,z=108}",12,0,MovementTraverse,226,27,27,,
2014,0,Husk,T3/20,MOVING,64.541,3.854,108.737,"GoalBlock{x=75,y=4,z=108}",12,0,MovementTraverse,226,27,27,,
2015,0,Husk,T3/20,MOVING,64.588,3.883,108.736,"GoalBlock{x=75,y=4,z=108}",12,0,MovementTraverse,226,27,27,,
2016,0,Husk,T3/20,MOVING,64.625,3.883,108.736,"GoalBlock{x=75,y=4,z=108}",12,0,MovementTraverse,226,27,27,,
2017,0,Husk,T3/20,MOVING,64.655,3.863,108.736,"GoalBlock{x=75,y=4,z=108}",12,0,MovementTraverse,226,27,27,,
2018,0,Husk,T3/20,MOVING,64.697,3.867,108.731,"GoalBlock{x=75,y=4,z=108}",12,0,MovementTraverse,226,27,27,,
2019,0,Husk,T3/20,MOVING,64.750,3.890,108.721,"GoalBlock{x=75,y=4,z=108}",12,0,MovementTraverse,226,27,27,,
2020,0,Husk,T3/20,MOVING,64.793,3.890,108.713,"GoalBlock{x=75,y=4,z=108}",12,0,MovementTraverse,226,27,27,,
2021,0,Husk,T3/20,MOVING,64.827,3.870,108.707,"GoalBlock{x=75,y=4,z=108}",12,0,MovementTraverse,226,27,27,,
2022,0,Husk,T3/20,MOVING,64.873,3.874,108.697,"GoalBlock{x=75,y=4,z=108}",12,0,MovementTraverse,226,27,27,,
2023,0,Husk,T3/20,MOVING,64.928,3.897,108.682,"GoalBlock{x=75,y=4,z=108}",12,0,MovementTraverse,226,27,27,,
2024,0,Husk,T3/20,MOVING,64.972,3.897,108.671,"GoalBlock{x=75,y=4,z=108}",12,0,MovementTraverse,226,27,27,,
2025,0,Husk,T3/20,MOVING,65.008,3.877,108.661,"GoalBlock{x=75,y=4,z=108}",12,0,MovementTraverse,226,27,27,,
2026,0,Husk,T3/20,MOVING,65.036,3.841,108.654,"GoalBlock{x=75,y=4,z=108}",12,0,MovementTraverse,226,27,27,,
2027,0,Husk,T3/20,MOVING,65.078,3.832,108.646,"GoalBlock{x=75,y=4,z=108}",12,1,MovementTraverse,226,27,27,,
2028,0,Husk,T3/20,MOVING,65.132,3.845,108.638,"GoalBlock{x=75,y=4,z=108}",12,1,MovementTraverse,226,27,27,,
2029,0,Husk,T3/20,MOVING,65.194,3.876,108.629,"GoalBlock{x=75,y=4,z=108}",12,1,MovementTraverse,226,27,27,,
2030,0,Husk,T3/20,MOVING,65.243,3.880,108.622,"GoalBlock{x=75,y=4,z=108}",12,1,MovementTraverse,226,27,27,,
2031,0,Husk,T3/20,MOVING,65.283,3.863,108.617,"GoalBlock{x=75,y=4,z=108}",12,1,MovementTraverse,226,27,27,,
2032,0,Husk,T3/20,MOVING,65.334,3.870,108.610,"GoalBlock{x=75,y=4,z=108}",12,1,MovementTraverse,226,27,27,,
2033,0,Husk,T3/20,MOVING,65.395,3.895,108.603,"GoalBlock{x=75,y=4,z=108}",12,1,MovementTraverse,226,27,27,,
2034,0,Husk,T3/20,MOVING,65.443,3.895,108.598,"GoalBlock{x=75,y=4,z=108}",12,1,MovementTraverse,226,27,27,,
2035,0,Husk,T3/20,MOVING,65.482,3.875,108.593,"GoalBlock{x=75,y=4,z=108}",12,1,MovementTraverse,226,27,27,,
2036,0,Husk,T3/20,MOVING,65.513,3.839,108.590,"GoalBlock{x=75,y=4,z=108}",12,1,MovementTraverse,226,27,27,,
2037,0,Husk,T3/20,MOVING,65.558,3.831,108.588,"GoalBlock{x=75,y=4,z=108}",12,1,MovementTraverse,226,27,27,,
2038,0,Husk,T3/20,MOVING,65.613,3.844,108.586,"GoalBlock{x=75,y=4,z=108}",12,1,MovementTraverse,226,27,27,,
2039,0,Husk,T3/20,MOVING,65.676,3.874,108.584,"GoalBlock{x=75,y=4,z=108}",12,1,MovementTraverse,226,27,27,,
2040,0,Husk,T3/20,MOVING,65.746,3.918,108.582,"GoalBlock{x=75,y=4,z=108}",12,1,MovementTraverse,226,27,27,,
2041,0,Husk,T3/20,MOVING,65.803,3.934,108.582,"GoalBlock{x=75,y=4,z=108}",12,1,MovementTraverse,226,27,27,,
2042,0,Husk,T3/20,MOVING,65.848,3.926,108.582,"GoalBlock{x=75,y=4,z=108}",12,1,MovementTraverse,226,27,27,,
2043,0,Husk,T3/20,MOVING,65.884,3.900,108.582,"GoalBlock{x=75,y=4,z=108}",12,1,MovementTraverse,226,27,27,,
2044,0,Husk,T3/20,MOVING,65.912,3.859,108.582,"GoalBlock{x=75,y=4,z=108}",12,1,MovementTraverse,226,27,27,,
2045,0,Husk,T3/20,MOVING,65.955,3.846,108.580,"GoalBlock{x=75,y=4,z=108}",12,1,MovementTraverse,226,27,27,,
2046,0,Husk,T3/20,MOVING,66.008,3.856,108.577,"GoalBlock{x=75,y=4,z=108}",12,1,MovementTraverse,226,27,27,,
2047,0,Husk,T3/20,MOVING,66.070,3.884,108.576,"GoalBlock{x=75,y=4,z=108}",12,2,MovementTraverse,226,27,27,,
2048,0,Husk,T3/20,MOVING,66.120,3.884,108.576,"GoalBlock{x=75,y=4,z=108}",12,2,MovementTraverse,226,27,27,,
2049,0,Husk,T3/20,MOVING,66.160,3.864,108.576,"GoalBlock{x=75,y=4,z=108}",12,2,MovementTraverse,226,27,27,,
2050,0,Husk,T3/20,MOVING,66.211,3.868,108.575,"GoalBlock{x=75,y=4,z=108}",12,2,MovementTraverse,226,27,27,,
2051,0,Husk,T3/20,MOVING,66.272,3.891,108.574,"GoalBlock{x=75,y=4,z=108}",12,2,MovementTraverse,226,27,27,,
2052,0,Husk,T3/20,MOVING,66.321,3.891,108.574,"GoalBlock{x=75,y=4,z=108}",12,2,MovementTraverse,226,27,27,,
2053,0,Husk,T3/20,MOVING,66.360,3.871,108.574,"GoalBlock{x=75,y=4,z=108}",12,2,MovementTraverse,226,27,27,,
2054,0,Husk,T3/20,MOVING,66.410,3.875,108.572,"GoalBlock{x=75,y=4,z=108}",12,2,MovementTraverse,226,27,27,,
2055,0,Husk,T3/20,MOVING,66.451,3.858,108.572,"GoalBlock{x=75,y=4,z=108}",12,2,MovementTraverse,226,27,27,,
2056,0,Husk,T3/20,MOVING,66.503,3.865,108.571,"GoalBlock{x=75,y=4,z=108}",12,2,MovementTraverse,226,27,27,,
2057,0,Husk,T3/20,MOVING,66.564,3.890,108.570,"GoalBlock{x=75,y=4,z=108}",12,2,MovementTraverse,226,27,27,,
2058,0,Husk,T3/20,MOVING,66.613,3.890,108.570,"GoalBlock{x=75,y=4,z=108}",12,2,MovementTraverse,226,27,27,,
2059,0,Husk,T3/20,MOVING,66.652,3.870,108.570,"GoalBlock{x=75,y=4,z=108}",12,2,MovementTraverse,226,27,27,,
2060,0,Husk,T3/20,MOVING,66.703,3.874,108.568,"GoalBlock{x=75,y=4,z=108}",12,2,MovementTraverse,226,27,27,,
2061,0,Husk,T3/20,MOVING,66.763,3.897,108.566,"GoalBlock{x=75,y=4,z=108}",12,2,MovementTraverse,226,27,27,,
2062,0,Husk,T3/20,MOVING,66.811,3.897,108.566,"GoalBlock{x=75,y=4,z=108}",12,2,MovementTraverse,226,27,27,,
2063,0,Husk,T3/20,MOVING,66.850,3.877,108.566,"GoalBlock{x=75,y=4,z=108}",12,2,MovementTraverse,226,27,27,,
2064,0,Husk,T3/20,MOVING,66.880,3.841,108.566,"GoalBlock{x=75,y=4,z=108}",12,2,MovementTraverse,226,27,27,,
2065,0,Husk,T3/20,MOVING,66.925,3.833,108.564,"GoalBlock{x=75,y=4,z=108}",12,2,MovementTraverse,226,27,27,,
2066,0,Husk,T3/20,MOVING,66.979,3.846,108.562,"GoalBlock{x=75,y=4,z=108}",12,2,MovementTraverse,226,27,27,,
2067,0,Husk,T3/20,MOVING,67.043,3.876,108.560,"GoalBlock{x=75,y=4,z=108}",12,2,MovementTraverse,226,27,27,,
2068,0,Husk,T3/20,MOVING,67.093,3.880,108.560,"GoalBlock{x=75,y=4,z=108}",12,2,MovementTraverse,226,27,27,,
2069,0,Husk,T3/20,MOVING,67.134,3.864,108.560,"GoalBlock{x=75,y=4,z=108}",12,2,MovementTraverse,226,27,27,,
2070,0,Husk,T3/20,MOVING,67.186,3.870,108.559,"GoalBlock{x=75,y=4,z=108}",12,3,MovementTraverse,226,27,27,,
2071,0,Husk,T3/20,MOVING,67.247,3.896,108.558,"GoalBlock{x=75,y=4,z=108}",12,3,MovementTraverse,226,27,27,,
2072,0,Husk,T3/20,MOVING,67.296,3.896,108.558,"GoalBlock{x=75,y=4,z=108}",12,3,MovementTraverse,226,27,27,,
2073,0,Husk,T3/20,MOVING,67.335,3.876,108.558,"GoalBlock{x=75,y=4,z=108}",12,3,MovementTraverse,226,27,27,,
2074,0,Husk,T3/20,MOVING,67.366,3.840,108.558,"GoalBlock{x=75,y=4,z=108}",12,3,MovementTraverse,226,27,27,,
2075,0,Husk,T3/20,MOVING,67.411,3.831,108.557,"GoalBlock{x=75,y=4,z=108}",12,3,MovementTraverse,226,27,27,,
2076,0,Husk,T3/20,MOVING,67.466,3.844,108.556,"GoalBlock{x=75,y=4,z=108}",12,3,MovementTraverse,226,27,27,,
2077,0,Husk,T3/20,MOVING,67.530,3.874,108.555,"GoalBlock{x=75,y=4,z=108}",12,3,MovementTraverse,226,27,27,,
2078,0,Husk,T3/20,MOVING,67.601,3.919,108.554,"GoalBlock{x=75,y=4,z=108}",12,3,MovementTraverse,226,27,27,,
2079,0,Husk,T3/20,MOVING,67.657,3.934,108.554,"GoalBlock{x=75,y=4,z=108}",12,3,MovementTraverse,226,27,27,,
2080,0,Husk,T3/20,MOVING,67.702,3.926,108.554,"GoalBlock{x=75,y=4,z=108}",12,3,MovementTraverse,226,27,27,,
2081,0,Husk,T3/20,MOVING,67.738,3.900,108.554,"GoalBlock{x=75,y=4,z=108}",12,3,MovementTraverse,226,27,27,,
2082,0,Husk,T3/20,MOVING,67.767,3.859,108.554,"GoalBlock{x=75,y=4,z=108}",12,3,MovementTraverse,226,27,27,,
2083,0,Husk,T3/20,MOVING,67.810,3.847,108.552,"GoalBlock{x=75,y=4,z=108}",12,3,MovementTraverse,226,27,27,,
2084,0,Husk,T3/20,MOVING,67.864,3.856,108.551,"GoalBlock{x=75,y=4,z=108}",12,3,MovementTraverse,226,27,27,,
2085,0,Husk,T3/20,MOVING,67.926,3.884,108.549,"GoalBlock{x=75,y=4,z=108}",12,3,MovementTraverse,226,27,27,,
2086,0,Husk,T3/20,MOVING,67.976,3.884,108.549,"GoalBlock{x=75,y=4,z=108}",12,3,MovementTraverse,226,27,27,,
2087,0,Husk,T3/20,MOVING,68.016,3.864,108.549,"GoalBlock{x=75,y=4,z=108}",12,3,MovementTraverse,226,27,27,,
2088,0,Husk,T3/20,MOVING,68.068,3.868,108.549,"GoalBlock{x=75,y=4,z=108}",12,4,MovementAscend,226,27,27,,
2089,0,Husk,T3/20,MOVING,68.129,3.892,108.548,"GoalBlock{x=75,y=4,z=108}",12,4,MovementAscend,226,27,27,,
2090,0,Husk,T3/20,MOVING,68.197,3.892,108.547,"GoalBlock{x=75,y=4,z=108}",12,4,MovementAscend,226,27,27,,
2091,0,Husk,T3/20,MOVING,68.271,3.872,108.547,"GoalBlock{x=75,y=4,z=108}",12,4,MovementAscend,226,27,27,,
2092,0,Husk,T3/20,MOVING,68.350,3.876,108.546,"GoalBlock{x=75,y=4,z=108}",12,4,MovementAscend,226,27,27,,
2093,0,Husk,T3/20,MOVING,68.433,3.859,108.545,"GoalBlock{x=75,y=4,z=108}",12,4,MovementAscend,226,27,27,,
2094,0,Husk,T3/20,MOVING,68.519,3.865,108.544,"GoalBlock{x=75,y=4,z=108}",12,4,MovementAscend,226,27,27,,
2095,0,Husk,T3/20,MOVING,68.607,3.891,108.543,"GoalBlock{x=75,y=4,z=108}",12,4,MovementAscend,226,27,27,,
2096,0,Husk,T3/20,MOVING,68.697,3.891,108.542,"GoalBlock{x=75,y=4,z=108}",12,4,MovementAscend,226,27,27,,
2097,0,Husk,T3/20,MOVING,68.789,3.871,108.541,"GoalBlock{x=75,y=4,z=108}",12,4,MovementAscend,226,27,27,,
2098,0,Husk,T3/20,MOVING,68.882,3.875,108.540,"GoalBlock{x=75,y=4,z=108}",12,4,MovementAscend,226,27,27,,
2099,0,Husk,T3/20,MOVING,68.940,3.898,108.539,"GoalBlock{x=75,y=4,z=108}",12,4,MovementAscend,226,27,27,,
2100,0,Husk,T3/20,MOVING,68.960,4.198,108.538,"GoalBlock{x=75,y=4,z=108}",12,4,MovementAscend,226,27,27,,
2101,0,Husk,T3/20,MOVING,68.995,4.418,108.536,"GoalBlock{x=75,y=4,z=108}",12,4,MovementAscend,226,27,27,,
2102,0,Husk,T3/20,MOVING,69.046,4.555,108.535,"GoalBlock{x=75,y=4,z=108}",12,4,MovementAscend,226,27,27,,
2103,0,Husk,T3/20,MOVING,69.119,4.611,108.534,"GoalBlock{x=75,y=4,z=108}",12,5,MovementTraverse,226,27,27,,
2104,0,Husk,T3/20,MOVING,69.210,4.588,108.534,"GoalBlock{x=75,y=4,z=108}",12,5,MovementTraverse,226,27,27,,
2105,0,Husk,T3/20,MOVING,69.319,4.486,108.533,"GoalBlock{x=75,y=4,z=108}",12,5,MovementTraverse,226,27,27,,
2106,0,Husk,T3/20,MOVING,69.443,4.308,108.532,"GoalBlock{x=75,y=4,z=108}",12,5,MovementTraverse,226,27,27,,
2107,0,Husk,T3/20,MOVING,69.582,4.056,108.532,"GoalBlock{x=75,y=4,z=108}",12,5,MovementTraverse,226,27,27,,
2108,0,Husk,T3/20,MOVING,69.733,4.000,108.531,"GoalBlock{x=75,y=4,z=108}",12,5,MovementTraverse,226,27,27,,
2109,0,Husk,T3/20,MOVING,69.998,4.000,108.526,"GoalBlock{x=75,y=4,z=108}",12,5,MovementTraverse,226,27,27,,
2110,0,Husk,T3/20,MOVING,70.270,4.000,108.519,"GoalBlock{x=75,y=4,z=108}",12,5,MovementTraverse,226,27,27,,
2111,0,Husk,T3/20,MOVING,70.546,4.000,108.514,"GoalBlock{x=75,y=4,z=108}",12,6,MovementTraverse,226,27,27,,
2112,0,Husk,T3/20,MOVING,70.824,4.000,108.509,"GoalBlock{x=75,y=4,z=108}",12,6,MovementTraverse,226,27,27,,
2113,0,Husk,T3/20,MOVING,71.104,4.000,108.507,"GoalBlock{x=75,y=4,z=108}",12,6,MovementTraverse,226,27,27,,
2114,0,Husk,T3/20,MOVING,71.383,4.000,108.506,"GoalBlock{x=75,y=4,z=108}",12,7,MovementTraverse,226,27,27,,
2115,0,Husk,T3/20,MOVING,71.664,4.000,108.506,"GoalBlock{x=75,y=4,z=108}",12,7,MovementTraverse,226,27,27,,
2116,0,Husk,T3/20,MOVING,71.944,4.000,108.505,"GoalBlock{x=75,y=4,z=108}",12,7,MovementTraverse,226,27,27,,
2117,0,Husk,T3/20,MOVING,72.225,4.000,108.504,"GoalBlock{x=75,y=4,z=108}",12,7,MovementTraverse,226,27,27,,
2118,0,Husk,T3/20,MOVING,72.505,4.000,108.503,"GoalBlock{x=75,y=4,z=108}",12,8,MovementTraverse,226,27,27,,
2119,0,Husk,T3/20,MOVING,72.786,4.000,108.503,"GoalBlock{x=75,y=4,z=108}",12,8,MovementTraverse,226,27,27,,
2120,0,Husk,T3/20,MOVING,73.066,4.000,108.502,"GoalBlock{x=75,y=4,z=108}",12,8,MovementTraverse,226,27,27,,
2121,0,Husk,T3/20,MOVING,73.347,4.000,108.502,"GoalBlock{x=75,y=4,z=108}",12,9,MovementTraverse,226,27,27,,
2122,0,Husk,T3/20,MOVING,73.627,4.000,108.502,"GoalBlock{x=75,y=4,z=108}",12,9,MovementTraverse,226,27,27,,
2123,0,Husk,T3/20,MOVING,73.908,4.000,108.502,"GoalBlock{x=75,y=4,z=108}",12,9,MovementTraverse,226,27,27,,
2124,0,Husk,T3/20,MOVING,74.189,4.000,108.501,"GoalBlock{x=75,y=4,z=108}",12,9,MovementTraverse,226,27,27,,
2125,0,Husk,T3/20,MOVING,74.469,4.000,108.501,"GoalBlock{x=75,y=4,z=108}",12,10,MovementTraverse,226,27,27,,
2126,0,Husk,T3/20,MOVING,74.750,4.000,108.501,"GoalBlock{x=75,y=4,z=108}",12,10,MovementTraverse,226,27,27,,
2127,0,Husk,T3/20,MOVING,75.031,4.000,108.501,"GoalBlock{x=75,y=4,z=108}",12,10,MovementTraverse,226,27,27,,
2128,0,Husk,T3/20,ARRIVED,75.184,4.000,108.501,,-1,-1,,226,27,27,,CANCELED
2129,0,Husk,T3/21,ARRIVED,0.500,4.000,0.500,,-1,-1,,226,27,27,,CANCELED|CANCELED
2130,0,Husk,T3/21,ARRIVED,0.500,4.000,0.500,,-1,-1,,226,27,27,,
2131,0,Husk,T3/21,ARRIVED,0.500,4.000,0.500,,-1,-1,,226,27,27,,
2132,0,Husk,T3/21,ARRIVED,0.500,4.000,0.500,,-1,-1,,226,27,27,,
2133,0,Husk,T3/21,ARRIVED,0.500,4.000,0.500,,-1,-1,,226,27,27,,
2134,0,Husk,T3/21,ARRIVED,0.500,4.000,0.500,,-1,-1,,226,27,27,,
2135,0,Husk,T3/21,ARRIVED,0.500,4.000,0.500,,-1,-1,,226,27,27,,
2136,0,Husk,T3/21,ARRIVED,0.500,4.000,0.500,,-1,-1,,226,27,27,,
2137,0,Husk,T3/21,ARRIVED,0.500,4.000,0.500,,-1,-1,,226,27,27,,
2138,0,Husk,T3/21,ARRIVED,0.500,4.000,0.500,,-1,-1,,226,27,27,,
2139,0,Husk,T3/21,SEARCHING,0.500,4.000,0.500,"GoalBlock{x=30,y=4,z=0}",-1,-1,,226,28,28,,CALC_STARTED
2140,0,Husk,T3/21,MOVING,0.627,4.000,0.500,"GoalBlock{x=30,y=4,z=0}",31,0,MovementTraverse,489,28,28,,CALC_FINISHED_NOW_EXECUTING
2141,0,Husk,T3/21,MOVING,0.824,4.000,0.500,"GoalBlock{x=30,y=4,z=0}",31,0,MovementTraverse,489,28,28,,
2142,0,Husk,T3/21,MOVING,1.059,4.000,0.500,"GoalBlock{x=30,y=4,z=0}",31,0,MovementTraverse,489,28,28,,
2143,0,Husk,T3/21,MOVING,1.315,4.000,0.500,"GoalBlock{x=30,y=4,z=0}",31,1,MovementTraverse,489,28,28,,
2144,0,Husk,T3/21,MOVING,1.582,4.000,0.500,"GoalBlock{x=30,y=4,z=0}",31,1,MovementTraverse,489,28,28,,
2145,0,Husk,T3/21,MOVING,1.855,4.000,0.500,"GoalBlock{x=30,y=4,z=0}",31,1,MovementTraverse,489,28,28,,
2146,0,Husk,T3/21,MOVING,2.132,4.000,0.500,"GoalBlock{x=30,y=4,z=0}",31,1,MovementTraverse,489,28,28,,
2147,0,Husk,T3/21,MOVING,2.410,4.000,0.500,"GoalBlock{x=30,y=4,z=0}",31,2,MovementTraverse,489,28,28,,
2148,0,Husk,T3/21,MOVING,2.690,4.000,0.500,"GoalBlock{x=30,y=4,z=0}",31,2,MovementTraverse,489,28,28,,
2149,0,Husk,T3/21,MOVING,2.969,4.000,0.500,"GoalBlock{x=30,y=4,z=0}",31,2,MovementTraverse,489,28,28,,
2150,0,Husk,T3/21,MOVING,3.250,4.000,0.500,"GoalBlock{x=30,y=4,z=0}",31,2,MovementTraverse,489,28,28,,
2151,0,Husk,T3/21,MOVING,3.530,4.000,0.500,"GoalBlock{x=30,y=4,z=0}",31,3,MovementTraverse,489,28,28,,
2152,0,Husk,T3/21,MOVING,3.811,4.000,0.500,"GoalBlock{x=30,y=4,z=0}",31,3,MovementTraverse,489,28,28,,
2153,0,Husk,T3/21,MOVING,4.091,4.000,0.500,"GoalBlock{x=30,y=4,z=0}",31,3,MovementTraverse,489,28,28,,
2154,0,Husk,T3/21,MOVING,4.372,4.000,0.500,"GoalBlock{x=30,y=4,z=0}",31,4,MovementTraverse,489,28,28,,
2155,0,Husk,T3/21,MOVING,4.652,4.000,0.500,"GoalBlock{x=30,y=4,z=0}",31,4,MovementTraverse,489,28,28,,
2156,0,Husk,T3/21,MOVING,4.933,4.000,0.500,"GoalBlock{x=30,y=4,z=0}",31,4,MovementTraverse,489,28,28,,
2157,0,Husk,T3/21,MOVING,5.214,4.000,0.500,"GoalBlock{x=30,y=4,z=0}",31,4,MovementTraverse,489,28,28,,
2158,0,Husk,T3/21,MOVING,5.494,4.000,0.500,"GoalBlock{x=30,y=4,z=0}",31,5,MovementTraverse,489,28,28,,
2159,0,Husk,T3/21,MOVING,5.775,4.000,0.500,"GoalBlock{x=30,y=4,z=0}",31,5,MovementTraverse,489,28,28,,
2160,0,Husk,T3/21,MOVING,6.055,4.000,0.500,"GoalBlock{x=30,y=4,z=0}",31,5,MovementTraverse,489,28,28,,
2161,0,Husk,T3/21,MOVING,6.336,4.000,0.500,"GoalBlock{x=30,y=4,z=0}",31,6,MovementTraverse,489,28,28,,
2162,0,Husk,T3/21,MOVING,6.617,4.000,0.500,"GoalBlock{x=30,y=4,z=0}",31,6,MovementTraverse,489,28,28,,
2163,0,Husk,T3/21,MOVING,6.897,4.000,0.500,"GoalBlock{x=30,y=4,z=0}",31,6,MovementTraverse,489,28,28,,
2164,0,Husk,T3/21,MOVING,7.178,4.000,0.500,"GoalBlock{x=30,y=4,z=0}",31,6,MovementTraverse,489,28,28,,
2165,0,Husk,T3/21,MOVING,7.459,4.000,0.500,"GoalBlock{x=30,y=4,z=0}",31,7,MovementTraverse,489,28,28,,
2166,0,Husk,T3/21,MOVING,7.739,4.000,0.500,"GoalBlock{x=30,y=4,z=0}",31,7,MovementTraverse,489,28,28,,
2167,0,Husk,T3/21,MOVING,8.020,4.000,0.500,"GoalBlock{x=30,y=4,z=0}",31,7,MovementTraverse,489,28,28,,
2168,0,Husk,T3/21,MOVING,8.300,4.000,0.500,"GoalBlock{x=30,y=4,z=0}",31,8,MovementTraverse,489,28,28,,
2169,0,Husk,T3/21,MOVING,8.581,4.000,0.500,"GoalBlock{x=30,y=4,z=0}",31,8,MovementTraverse,489,28,28,,
2170,0,Husk,T3/21,MOVING,8.862,4.000,0.500,"GoalBlock{x=30,y=4,z=0}",31,8,MovementTraverse,489,28,28,,
2171,0,Husk,T3/21,MOVING,9.142,4.000,0.500,"GoalBlock{x=30,y=4,z=0}",31,8,MovementTraverse,489,28,28,,
2172,0,Husk,T3/21,MOVING,9.423,4.000,0.500,"GoalBlock{x=30,y=4,z=0}",31,9,MovementTraverse,489,28,28,,
2173,0,Husk,T3/21,MOVING,9.703,4.000,0.500,"GoalBlock{x=30,y=4,z=0}",31,9,MovementTraverse,489,28,28,,
2174,0,Husk,T3/21,MOVING,9.984,4.000,0.500,"GoalBlock{x=30,y=4,z=0}",31,9,MovementTraverse,489,28,28,,
2175,0,Husk,T3/21,MOVING,10.265,4.000,0.500,"GoalBlock{x=30,y=4,z=0}",31,9,MovementTraverse,489,28,28,,
2176,0,Husk,T3/21,MOVING,10.545,4.000,0.500,"GoalBlock{x=30,y=4,z=0}",31,10,MovementTraverse,489,28,28,,
2177,0,Husk,T3/21,MOVING,10.826,4.000,0.500,"GoalBlock{x=30,y=4,z=0}",31,10,MovementTraverse,489,28,28,,
2178,0,Husk,T3/21,MOVING,11.107,4.000,0.500,"GoalBlock{x=30,y=4,z=0}",31,10,MovementTraverse,489,28,28,,
2179,0,Husk,T3/21,MOVING,11.387,4.000,0.500,"GoalBlock{x=30,y=4,z=0}",31,11,MovementTraverse,489,28,28,,
2180,0,Husk,T3/21,MOVING,11.668,4.000,0.500,"GoalBlock{x=30,y=4,z=0}",31,11,MovementTraverse,489,28,28,,
2181,0,Husk,T3/21,MOVING,11.948,4.000,0.500,"GoalBlock{x=30,y=4,z=0}",31,11,MovementTraverse,489,28,28,,
2182,0,Husk,T3/21,MOVING,12.229,4.000,0.500,"GoalBlock{x=30,y=4,z=0}",31,11,MovementTraverse,489,28,28,,
2183,0,Husk,T3/21,MOVING,12.510,4.000,0.500,"GoalBlock{x=30,y=4,z=0}",31,12,MovementTraverse,489,28,28,,
2184,0,Husk,T3/21,MOVING,12.790,4.000,0.500,"GoalBlock{x=30,y=4,z=0}",31,12,MovementTraverse,489,28,28,,
2185,0,Husk,T3/21,MOVING,13.071,4.000,0.500,"GoalBlock{x=30,y=4,z=0}",31,12,MovementTraverse,489,28,28,,
2186,0,Husk,T3/21,MOVING,13.352,4.000,0.500,"GoalBlock{x=30,y=4,z=0}",31,13,MovementTraverse,489,28,28,,
2187,0,Husk,T3/21,MOVING,13.632,4.000,0.500,"GoalBlock{x=30,y=4,z=0}",31,13,MovementTraverse,489,28,28,,
2188,0,Husk,T3/21,MOVING,13.913,4.000,0.500,"GoalBlock{x=30,y=4,z=0}",31,13,MovementTraverse,489,28,28,,
2189,0,Husk,T3/21,MOVING,14.193,4.000,0.500,"GoalBlock{x=30,y=4,z=0}",31,13,MovementTraverse,489,28,28,,
2190,0,Husk,T3/21,MOVING,14.474,4.000,0.500,"GoalBlock{x=30,y=4,z=0}",31,14,MovementTraverse,489,28,28,,
2191,0,Husk,T3/21,MOVING,14.755,4.000,0.500,"GoalBlock{x=30,y=4,z=0}",31,14,MovementTraverse,489,28,28,,
2192,0,Husk,T3/21,MOVING,15.035,4.000,0.500,"GoalBlock{x=30,y=4,z=0}",31,14,MovementTraverse,489,28,28,,
2193,0,Husk,T3/21,MOVING,15.316,4.000,0.500,"GoalBlock{x=30,y=4,z=0}",31,15,MovementTraverse,489,28,28,,
2194,0,Husk,T3/21,MOVING,15.596,4.000,0.500,"GoalBlock{x=30,y=4,z=0}",31,15,MovementTraverse,489,28,28,,
2195,0,Husk,T3/21,MOVING,15.877,4.000,0.500,"GoalBlock{x=30,y=4,z=0}",31,15,MovementTraverse,489,28,28,,
2196,0,Husk,T3/21,MOVING,16.158,4.000,0.500,"GoalBlock{x=30,y=4,z=0}",31,15,MovementTraverse,489,28,28,,
2197,0,Husk,T3/21,MOVING,16.438,4.000,0.500,"GoalBlock{x=30,y=4,z=0}",31,16,MovementTraverse,489,28,28,,
2198,0,Husk,T3/21,MOVING,16.719,4.000,0.500,"GoalBlock{x=30,y=4,z=0}",31,16,MovementTraverse,489,28,28,,
2199,0,Husk,T3/21,MOVING,17.000,4.000,0.500,"GoalBlock{x=30,y=4,z=0}",31,16,MovementTraverse,489,28,28,,
2200,0,Husk,T3/21,MOVING,17.280,4.000,0.500,"GoalBlock{x=30,y=4,z=0}",31,16,MovementTraverse,489,28,28,,
2201,0,Husk,T3/21,MOVING,17.561,4.000,0.500,"GoalBlock{x=30,y=4,z=0}",31,17,MovementTraverse,489,28,28,,
2202,0,Husk,T3/21,MOVING,17.841,4.000,0.500,"GoalBlock{x=30,y=4,z=0}",31,17,MovementTraverse,489,28,28,,
2203,0,Husk,T3/21,MOVING,18.122,4.000,0.500,"GoalBlock{x=30,y=4,z=0}",31,17,MovementTraverse,489,28,28,,
2204,0,Husk,T3/21,MOVING,18.403,4.000,0.500,"GoalBlock{x=30,y=4,z=0}",31,18,MovementTraverse,489,28,28,,
2205,0,Husk,T3/21,MOVING,18.683,4.000,0.500,"GoalBlock{x=30,y=4,z=0}",31,18,MovementTraverse,489,28,28,,
2206,0,Husk,T3/21,MOVING,18.964,4.000,0.500,"GoalBlock{x=30,y=4,z=0}",31,18,MovementTraverse,489,28,28,,
2207,0,Husk,T3/21,MOVING,19.244,4.000,0.500,"GoalBlock{x=30,y=4,z=0}",31,18,MovementTraverse,489,28,28,,
2208,0,Husk,T3/21,MOVING,19.525,4.000,0.500,"GoalBlock{x=30,y=4,z=0}",31,19,MovementTraverse,489,28,28,,
2209,0,Husk,T3/21,MOVING,19.806,4.000,0.500,"GoalBlock{x=30,y=4,z=0}",31,19,MovementTraverse,489,28,28,,
2210,0,Husk,T3/21,MOVING,20.086,4.000,0.500,"GoalBlock{x=30,y=4,z=0}",31,19,MovementTraverse,489,28,28,,
2211,0,Husk,T3/21,MOVING,20.367,4.000,0.500,"GoalBlock{x=30,y=4,z=0}",31,20,MovementTraverse,489,28,28,,
2212,0,Husk,T3/21,MOVING,20.648,4.000,0.500,"GoalBlock{x=30,y=4,z=0}",31,20,MovementTraverse,489,28,28,,
2213,0,Husk,T3/21,MOVING,20.928,4.000,0.500,"GoalBlock{x=30,y=4,z=0}",31,20,MovementTraverse,489,28,28,,
2214,0,Husk,T3/21,MOVING,21.209,4.000,0.500,"GoalBlock{x=30,y=4,z=0}",31,20,MovementTraverse,489,28,28,,
2215,0,Husk,T3/21,MOVING,21.489,4.000,0.500,"GoalBlock{x=30,y=4,z=0}",31,21,MovementTraverse,489,28,28,,
2216,0,Husk,T3/21,MOVING,21.770,4.000,0.500,"GoalBlock{x=30,y=4,z=0}",31,21,MovementTraverse,489,28,28,,
2217,0,Husk,T3/21,MOVING,22.051,4.000,0.500,"GoalBlock{x=30,y=4,z=0}",31,21,MovementTraverse,489,28,28,,
2218,0,Husk,T3/21,MOVING,22.331,4.000,0.500,"GoalBlock{x=30,y=4,z=0}",31,22,MovementTraverse,489,28,28,,
2219,0,Husk,T3/21,MOVING,22.612,4.000,0.500,"GoalBlock{x=30,y=4,z=0}",31,22,MovementTraverse,489,28,28,,
2220,0,Husk,T3/21,MOVING,22.892,4.000,0.500,"GoalBlock{x=30,y=4,z=0}",31,22,MovementTraverse,489,28,28,,
2221,0,Husk,T3/21,MOVING,23.173,4.000,0.500,"GoalBlock{x=30,y=4,z=0}",31,22,MovementTraverse,489,28,28,,
2222,0,Husk,T3/21,MOVING,23.454,4.000,0.500,"GoalBlock{x=30,y=4,z=0}",31,23,MovementTraverse,489,28,28,,
2223,0,Husk,T3/21,MOVING,23.734,4.000,0.500,"GoalBlock{x=30,y=4,z=0}",31,23,MovementTraverse,489,28,28,,
2224,0,Husk,T3/21,MOVING,24.015,4.000,0.500,"GoalBlock{x=30,y=4,z=0}",31,23,MovementTraverse,489,28,28,,
2225,0,Husk,T3/21,MOVING,24.296,4.000,0.500,"GoalBlock{x=30,y=4,z=0}",31,24,MovementTraverse,489,28,28,,
2226,0,Husk,T3/21,MOVING,24.576,4.000,0.500,"GoalBlock{x=30,y=4,z=0}",31,24,MovementTraverse,489,28,28,,
2227,0,Husk,T3/21,MOVING,24.857,4.000,0.500,"GoalBlock{x=30,y=4,z=0}",31,24,MovementTraverse,489,28,28,,
2228,0,Husk,T3/21,MOVING,25.137,4.000,0.500,"GoalBlock{x=30,y=4,z=0}",31,24,MovementTraverse,489,28,28,,
2229,0,Husk,T3/21,MOVING,25.418,4.000,0.500,"GoalBlock{x=30,y=4,z=0}",31,25,MovementTraverse,489,28,28,,
2230,0,Husk,T3/21,MOVING,25.699,4.000,0.500,"GoalBlock{x=30,y=4,z=0}",31,25,MovementTraverse,489,28,28,,
2231,0,Husk,T3/21,MOVING,25.979,4.000,0.500,"GoalBlock{x=30,y=4,z=0}",31,25,MovementTraverse,489,28,28,,
2232,0,Husk,T3/21,MOVING,26.260,4.000,0.500,"GoalBlock{x=30,y=4,z=0}",31,25,MovementTraverse,489,28,28,,
2233,0,Husk,T3/21,MOVING,26.540,4.000,0.500,"GoalBlock{x=30,y=4,z=0}",31,26,MovementTraverse,489,28,28,,
2234,0,Husk,T3/21,MOVING,26.821,4.000,0.500,"GoalBlock{x=30,y=4,z=0}",31,26,MovementTraverse,489,28,28,,
2235,0,Husk,T3/21,MOVING,27.102,4.000,0.500,"GoalBlock{x=30,y=4,z=0}",31,26,MovementTraverse,489,28,28,,
2236,0,Husk,T3/21,MOVING,27.382,4.000,0.500,"GoalBlock{x=30,y=4,z=0}",31,27,MovementTraverse,489,28,28,,
2237,0,Husk,T3/21,MOVING,27.663,4.000,0.500,"GoalBlock{x=30,y=4,z=0}",31,27,MovementTraverse,489,28,28,,
2238,0,Husk,T3/21,MOVING,27.944,4.000,0.500,"GoalBlock{x=30,y=4,z=0}",31,27,MovementTraverse,489,28,28,,
2239,0,Husk,T3/21,MOVING,28.224,4.000,0.500,"GoalBlock{x=30,y=4,z=0}",31,27,MovementTraverse,489,28,28,,
2240,0,Husk,T3/21,MOVING,28.505,4.000,0.500,"GoalBlock{x=30,y=4,z=0}",31,28,MovementTraverse,489,28,28,,
2241,0,Husk,T3/21,MOVING,28.785,4.000,0.500,"GoalBlock{x=30,y=4,z=0}",31,28,MovementTraverse,489,28,28,,
2242,0,Husk,T3/21,MOVING,29.066,4.000,0.500,"GoalBlock{x=30,y=4,z=0}",31,28,MovementTraverse,489,28,28,,
2243,0,Husk,T3/21,MOVING,29.347,4.000,0.500,"GoalBlock{x=30,y=4,z=0}",31,29,MovementTraverse,489,28,28,,
2244,0,Husk,T3/21,MOVING,29.627,4.000,0.500,"GoalBlock{x=30,y=4,z=0}",31,29,MovementTraverse,489,28,28,,
2245,0,Husk,T3/21,MOVING,29.908,4.000,0.500,"GoalBlock{x=30,y=4,z=0}",31,29,MovementTraverse,489,28,28,,
2246,0,Husk,T3/21,MOVING,30.189,4.000,0.500,"GoalBlock{x=30,y=4,z=0}",31,29,MovementTraverse,489,28,28,,
2247,0,Husk,T3/21,ARRIVED,30.342,4.000,0.500,,-1,-1,,489,28,28,,CANCELED
2248,0,Husk,T3/22,ARRIVED,0.500,4.000,12.500,,-1,-1,,489,28,28,,CANCELED|CANCELED
2249,0,Husk,T3/22,ARRIVED,0.500,4.000,12.500,,-1,-1,,489,28,28,,
2250,0,Husk,T3/22,ARRIVED,0.500,4.000,12.500,,-1,-1,,489,28,28,,
2251,0,Husk,T3/22,ARRIVED,0.500,4.000,12.500,,-1,-1,,489,28,28,,
2252,0,Husk,T3/22,ARRIVED,0.500,4.000,12.500,,-1,-1,,489,28,28,,
2253,0,Husk,T3/22,ARRIVED,0.500,4.000,12.500,,-1,-1,,489,28,28,,
2254,0,Husk,T3/22,ARRIVED,0.500,4.000,12.500,,-1,-1,,489,28,28,,
2255,0,Husk,T3/22,ARRIVED,0.500,4.000,12.500,,-1,-1,,489,28,28,,
2256,0,Husk,T3/22,ARRIVED,0.500,4.000,12.500,,-1,-1,,489,28,28,,
2257,0,Husk,T3/22,ARRIVED,0.500,4.000,12.500,,-1,-1,,489,28,28,,
2258,0,Husk,T3/22,SEARCHING,0.500,4.000,12.500,"GoalBlock{x=20,y=4,z=12}",-1,-1,,489,29,29,,CALC_STARTED
2259,0,Husk,T3/22,MOVING,0.627,4.000,12.500,"GoalBlock{x=20,y=4,z=12}",21,0,MovementTraverse,491,29,29,,CALC_FINISHED_NOW_EXECUTING
2260,0,Husk,T3/22,MOVING,0.824,4.000,12.500,"GoalBlock{x=20,y=4,z=12}",21,0,MovementTraverse,491,29,29,,
2261,0,Husk,T3/22,MOVING,1.059,4.000,12.500,"GoalBlock{x=20,y=4,z=12}",21,0,MovementTraverse,491,29,29,,
2262,0,Husk,T3/22,MOVING,1.315,4.000,12.500,"GoalBlock{x=20,y=4,z=12}",21,1,MovementTraverse,491,29,29,,
2263,0,Husk,T3/22,MOVING,1.582,4.000,12.500,"GoalBlock{x=20,y=4,z=12}",21,1,MovementTraverse,491,29,29,,
2264,0,Husk,T3/22,MOVING,1.855,4.000,12.500,"GoalBlock{x=20,y=4,z=12}",21,1,MovementTraverse,491,29,29,,
2265,0,Husk,T3/22,MOVING,2.132,4.000,12.500,"GoalBlock{x=20,y=4,z=12}",21,1,MovementTraverse,491,29,29,,
2266,0,Husk,T3/22,MOVING,2.410,4.000,12.500,"GoalBlock{x=20,y=4,z=12}",21,2,MovementTraverse,491,29,29,,
2267,0,Husk,T3/22,MOVING,2.690,4.000,12.500,"GoalBlock{x=20,y=4,z=12}",21,2,MovementTraverse,491,29,29,,
2268,0,Husk,T3/22,MOVING,2.969,4.000,12.500,"GoalBlock{x=20,y=4,z=12}",21,2,MovementTraverse,491,29,29,,
2269,0,Husk,T3/22,MOVING,3.250,4.000,12.500,"GoalBlock{x=20,y=4,z=12}",21,2,MovementTraverse,491,29,29,,
2270,0,Husk,T3/22,MOVING,3.530,4.000,12.500,"GoalBlock{x=20,y=4,z=12}",21,3,MovementTraverse,491,29,29,,
2271,0,Husk,T3/22,MOVING,3.811,4.000,12.500,"GoalBlock{x=20,y=4,z=12}",21,3,MovementTraverse,491,29,29,,
2272,0,Husk,T3/22,MOVING,4.091,4.000,12.500,"GoalBlock{x=20,y=4,z=12}",21,3,MovementTraverse,491,29,29,,
2273,0,Husk,T3/22,MOVING,4.372,4.000,12.500,"GoalBlock{x=20,y=4,z=12}",21,4,MovementTraverse,491,29,29,,
2274,0,Husk,T3/22,MOVING,4.652,4.000,12.500,"GoalBlock{x=20,y=4,z=12}",21,4,MovementTraverse,491,29,29,,
2275,0,Husk,T3/22,MOVING,4.933,4.000,12.500,"GoalBlock{x=20,y=4,z=12}",21,4,MovementTraverse,491,29,29,,
2276,0,Husk,T3/22,MOVING,5.214,4.000,12.500,"GoalBlock{x=20,y=4,z=12}",21,4,MovementTraverse,491,29,29,,
2277,0,Husk,T3/22,MOVING,5.494,4.000,12.500,"GoalBlock{x=20,y=4,z=12}",21,5,MovementTraverse,491,29,29,,
2278,0,Husk,T3/22,MOVING,5.775,4.000,12.500,"GoalBlock{x=20,y=4,z=12}",21,5,MovementTraverse,491,29,29,,
2279,0,Husk,T3/22,MOVING,6.055,4.000,12.500,"GoalBlock{x=20,y=4,z=12}",21,5,MovementTraverse,491,29,29,,
2280,0,Husk,T3/22,MOVING,6.319,4.000,12.564,"GoalBlock{x=20,y=4,z=12}",21,6,MovementDiagonal,491,29,29,,
2281,0,Husk,T3/22,MOVING,6.563,4.000,12.678,"GoalBlock{x=20,y=4,z=12}",21,6,MovementDiagonal,491,29,29,,
2282,0,Husk,T3/22,MOVING,6.792,4.000,12.824,"GoalBlock{x=20,y=4,z=12}",21,6,MovementDiagonal,491,29,29,,
2283,0,Husk,T3/22,MOVING,7.009,4.000,12.992,"GoalBlock{x=20,y=4,z=12}",21,6,MovementDiagonal,491,29,29,,
2284,0,Husk,T3/22,MOVING,7.216,4.000,13.175,"GoalBlock{x=20,y=4,z=12}",21,6,MovementDiagonal,491,29,29,,
2285,0,Husk,T3/22,MOVING,7.417,4.000,13.366,"GoalBlock{x=20,y=4,z=12}",21,7,MovementDiagonal,491,29,29,,
2286,0,Husk,T3/22,MOVING,7.616,4.000,13.563,"GoalBlock{x=20,y=4,z=12}",21,7,MovementDiagonal,491,29,29,,
2287,0,Husk,T3/22,MOVING,7.811,4.000,13.763,"GoalBlock{x=20,y=4,z=12}",21,7,MovementDiagonal,491,29,29,,
2288,0,Husk,T3/22,MOVING,8.005,4.000,13.965,"GoalBlock{x=20,y=4,z=12}",21,7,MovementDiagonal,491,29,29,,
2289,0,Husk,T3/22,MOVING,8.197,4.000,14.169,"GoalBlock{x=20,y=4,z=12}",21,7,MovementDiagonal,491,29,29,,
2290,0,Husk,T3/22,MOVING,8.392,4.000,14.372,"GoalBlock{x=20,y=4,z=12}",21,8,MovementDiagonal,491,29,29,,
2291,0,Husk,T3/22,MOVING,8.587,4.000,14.573,"GoalBlock{x=20,y=4,z=12}",21,8,MovementDiagonal,491,29,29,,
2292,0,Husk,T3/22,MOVING,8.783,4.000,14.774,"GoalBlock{x=20,y=4,z=12}",21,8,MovementDiagonal,491,29,29,,
2293,0,Husk,T3/22,MOVING,8.979,4.000,14.974,"GoalBlock{x=20,y=4,z=12}",21,8,MovementDiagonal,491,29,29,,
2294,0,Husk,T3/22,MOVING,9.176,4.000,15.174,"GoalBlock{x=20,y=4,z=12}",21,8,MovementDiagonal,491,29,29,,
2295,0,Husk,T3/22,MOVING,9.407,4.000,15.317,"GoalBlock{x=20,y=4,z=12}",21,9,MovementTraverse,491,29,29,,
2296,0,Husk,T3/22,MOVING,9.658,4.000,15.416,"GoalBlock{x=20,y=4,z=12}",21,9,MovementTraverse,491,29,29,,
2297,0,Husk,T3/22,MOVING,9.922,4.000,15.482,"GoalBlock{x=20,y=4,z=12}",21,9,MovementTraverse,491,29,29,,
2298,0,Husk,T3/22,MOVING,10.194,4.000,15.523,"GoalBlock{x=20,y=4,z=12}",21,9,MovementTraverse,491,29,29,,
2299,0,Husk,T3/22,MOVING,10.469,4.000,15.543,"GoalBlock{x=20,y=4,z=12}",21,10,MovementTraverse,491,29,29,,
2300,0,Husk,T3/22,MOVING,10.747,4.000,15.548,"GoalBlock{x=20,y=4,z=12}",21,10,MovementTraverse,491,29,29,,
2301,0,Husk,T3/22,MOVING,11.026,4.000,15.543,"GoalBlock{x=20,y=4,z=12}",21,10,MovementTraverse,491,29,29,,
2302,0,Husk,T3/22,MOVING,11.306,4.000,15.539,"GoalBlock{x=20,y=4,z=12}",21,11,MovementTraverse,491,29,29,,
2303,0,Husk,T3/22,MOVING,11.586,4.000,15.535,"GoalBlock{x=20,y=4,z=12}",21,11,MovementTraverse,491,29,29,,
2304,0,Husk,T3/22,MOVING,11.866,4.000,15.530,"GoalBlock{x=20,y=4,z=12}",21,11,MovementTraverse,491,29,29,,
2305,0,Husk,T3/22,MOVING,12.146,4.000,15.524,"GoalBlock{x=20,y=4,z=12}",21,11,MovementTraverse,491,29,29,,
2306,0,Husk,T3/22,MOVING,12.426,4.000,15.519,"GoalBlock{x=20,y=4,z=12}",21,12,MovementTraverse,491,29,29,,
2307,0,Husk,T3/22,MOVING,12.707,4.000,15.513,"GoalBlock{x=20,y=4,z=12}",21,12,MovementTraverse,491,29,29,,
2308,0,Husk,T3/22,MOVING,12.987,4.000,15.511,"GoalBlock{x=20,y=4,z=12}",21,12,MovementTraverse,491,29,29,,
2309,0,Husk,T3/22,MOVING,13.268,4.000,15.508,"GoalBlock{x=20,y=4,z=12}",21,12,MovementTraverse,491,29,29,,
2310,0,Husk,T3/22,MOVING,13.548,4.000,15.508,"GoalBlock{x=20,y=4,z=12}",21,13,MovementTraverse,491,29,29,,
2311,0,Husk,T3/22,MOVING,13.829,4.000,15.507,"GoalBlock{x=20,y=4,z=12}",21,13,MovementTraverse,491,29,29,,
2312,0,Husk,T3/22,MOVING,14.110,4.000,15.505,"GoalBlock{x=20,y=4,z=12}",21,13,MovementTraverse,491,29,29,,
2313,0,Husk,T3/22,MOVING,14.390,4.000,15.505,"GoalBlock{x=20,y=4,z=12}",21,14,MovementTraverse,491,29,29,,
2314,0,Husk,T3/22,MOVING,14.671,4.000,15.504,"GoalBlock{x=20,y=4,z=12}",21,14,MovementTraverse,491,29,29,,
2315,0,Husk,T3/22,MOVING,14.951,4.000,15.504,"GoalBlock{x=20,y=4,z=12}",21,14,MovementTraverse,491,29,29,,
2316,0,Husk,T3/22,MOVING,15.232,4.000,15.503,"GoalBlock{x=20,y=4,z=12}",21,14,MovementTraverse,491,29,29,,
2317,0,Husk,T3/22,MOVING,15.513,4.000,15.503,"GoalBlock{x=20,y=4,z=12}",21,15,MovementTraverse,491,29,29,,
2318,0,Husk,T3/22,MOVING,15.793,4.000,15.502,"GoalBlock{x=20,y=4,z=12}",21,15,MovementTraverse,491,29,29,,
2319,0,Husk,T3/22,MOVING,16.074,4.000,15.502,"GoalBlock{x=20,y=4,z=12}",21,15,MovementTraverse,491,29,29,,
2320,0,Husk,T3/22,MOVING,16.354,4.000,15.502,"GoalBlock{x=20,y=4,z=12}",21,16,MovementTraverse,491,29,29,,
2321,0,Husk,T3/22,MOVING,16.635,4.000,15.501,"GoalBlock{x=20,y=4,z=12}",21,16,MovementTraverse,491,29,29,,
2322,0,Husk,T3/22,MOVING,16.916,4.000,15.501,"GoalBlock{x=20,y=4,z=12}",21,16,MovementTraverse,491,29,29,,
2323,0,Husk,T3/22,MOVING,17.196,4.000,15.501,"GoalBlock{x=20,y=4,z=12}",21,16,MovementTraverse,491,29,29,,
2324,0,Husk,T3/22,MOVING,17.460,4.000,15.437,"GoalBlock{x=20,y=4,z=12}",21,17,MovementDiagonal,491,29,29,,
2325,0,Husk,T3/22,MOVING,17.698,4.000,15.317,"GoalBlock{x=20,y=4,z=12}",21,17,MovementDiagonal,491,29,29,,
2326,0,Husk,T3/22,MOVING,17.918,4.000,15.160,"GoalBlock{x=20,y=4,z=12}",21,17,MovementDiagonal,491,29,29,,
2327,0,Husk,T3/22,MOVING,18.122,4.000,14.979,"GoalBlock{x=20,y=4,z=12}",21,17,MovementDiagonal,491,29,29,,
2328,0,Husk,T3/22,MOVING,18.320,4.000,14.787,"GoalBlock{x=20,y=4,z=12}",21,18,MovementDiagonal,491,29,29,,
2329,0,Husk,T3/22,MOVING,18.514,4.000,14.589,"GoalBlock{x=20,y=4,z=12}",21,18,MovementDiagonal,491,29,29,,
2330,0,Husk,T3/22,MOVING,18.706,4.000,14.386,"GoalBlock{x=20,y=4,z=12}",21,18,MovementDiagonal,491,29,29,,
2331,0,Husk,T3/22,MOVING,18.896,4.000,14.180,"GoalBlock{x=20,y=4,z=12}",21,18,MovementDiagonal,491,29,29,,
2332,0,Husk,T3/22,MOVING,19.084,4.000,13.972,"GoalBlock{x=20,y=4,z=12}",21,18,MovementDiagonal,491,29,29,,
2333,0,Husk,T3/22,MOVING,19.275,4.000,13.767,"GoalBlock{x=20,y=4,z=12}",21,19,MovementDiagonal,491,29,29,,
2334,0,Husk,T3/22,MOVING,19.468,4.000,13.564,"GoalBlock{x=20,y=4,z=12}",21,19,MovementDiagonal,491,29,29,,
2335,0,Husk,T3/22,MOVING,19.662,4.000,13.361,"GoalBlock{x=20,y=4,z=12}",21,19,MovementDiagonal,491,29,29,,
2336,0,Husk,T3/22,MOVING,19.857,4.000,13.159,"GoalBlock{x=20,y=4,z=12}",21,19,MovementDiagonal,491,29,29,,
2337,0,Husk,T3/22,MOVING,20.052,4.000,12.958,"GoalBlock{x=20,y=4,z=12}",21,19,MovementDiagonal,491,29,29,,
2338,0,Husk,T3/22,ARRIVED,20.159,4.000,12.848,,-1,-1,,491,29,29,,CANCELED
2339,0,Husk,T3/23,ARRIVED,0.500,4.000,24.500,,-1,-1,,491,29,29,,CANCELED|CANCELED
2340,0,Husk,T3/23,ARRIVED,0.500,4.000,24.500,,-1,-1,,491,29,29,,
2341,0,Husk,T3/23,ARRIVED,0.500,4.000,24.500,,-1,-1,,491,29,29,,
2342,0,Husk,T3/23,ARRIVED,0.500,4.000,24.500,,-1,-1,,491,29,29,,
2343,0,Husk,T3/23,ARRIVED,0.500,4.000,24.500,,-1,-1,,491,29,29,,
2344,0,Husk,T3/23,ARRIVED,0.500,4.000,24.500,,-1,-1,,491,29,29,,
2345,0,Husk,T3/23,ARRIVED,0.500,4.000,24.500,,-1,-1,,491,29,29,,
2346,0,Husk,T3/23,ARRIVED,0.500,4.000,24.500,,-1,-1,,491,29,29,,
2347,0,Husk,T3/23,ARRIVED,0.500,4.000,24.500,,-1,-1,,491,29,29,,
2348,0,Husk,T3/23,ARRIVED,0.500,4.000,24.500,,-1,-1,,491,29,29,,
2349,0,Husk,T3/23,SEARCHING,0.500,4.000,24.500,"GoalBlock{x=15,y=7,z=24}",-1,-1,,491,30,30,,CALC_STARTED
2350,0,Husk,T3/23,MOVING,0.627,4.000,24.500,"GoalBlock{x=15,y=7,z=24}",16,0,MovementTraverse,181,30,30,,CALC_FINISHED_NOW_EXECUTING
2351,0,Husk,T3/23,MOVING,0.824,4.000,24.500,"GoalBlock{x=15,y=7,z=24}",16,0,MovementTraverse,181,30,30,,
2352,0,Husk,T3/23,MOVING,1.059,4.000,24.500,"GoalBlock{x=15,y=7,z=24}",16,0,MovementTraverse,181,30,30,,
2353,0,Husk,T3/23,MOVING,1.315,4.000,24.500,"GoalBlock{x=15,y=7,z=24}",16,1,MovementTraverse,181,30,30,,
2354,0,Husk,T3/23,MOVING,1.582,4.000,24.500,"GoalBlock{x=15,y=7,z=24}",16,1,MovementTraverse,181,30,30,,
2355,0,Husk,T3/23,MOVING,1.855,4.000,24.500,"GoalBlock{x=15,y=7,z=24}",16,1,MovementTraverse,181,30,30,,
2356,0,Husk,T3/23,MOVING,2.132,4.000,24.500,"GoalBlock{x=15,y=7,z=24}",16,1,MovementTraverse,181,30,30,,
2357,0,Husk,T3/23,MOVING,2.410,4.000,24.500,"GoalBlock{x=15,y=7,z=24}",16,2,MovementTraverse,181,30,30,,
2358,0,Husk,T3/23,MOVING,2.690,4.000,24.500,"GoalBlock{x=15,y=7,z=24}",16,2,MovementTraverse,181,30,30,,
2359,0,Husk,T3/23,MOVING,2.969,4.000,24.500,"GoalBlock{x=15,y=7,z=24}",16,2,MovementTraverse,181,30,30,,
2360,0,Husk,T3/23,MOVING,3.250,4.000,24.500,"GoalBlock{x=15,y=7,z=24}",16,2,MovementTraverse,181,30,30,,
2361,0,Husk,T3/23,MOVING,3.730,4.420,24.500,"GoalBlock{x=15,y=7,z=24}",16,4,MovementAscend,181,30,30,,
2362,0,Husk,T3/23,MOVING,4.018,4.753,24.500,"GoalBlock{x=15,y=7,z=24}",16,4,MovementAscend,181,30,30,,
2363,0,Husk,T3/23,MOVING,4.305,5.001,24.500,"GoalBlock{x=15,y=7,z=24}",16,4,MovementAscend,181,30,30,,
2364,0,Husk,T3/23,MOVING,4.592,5.166,24.500,"GoalBlock{x=15,y=7,z=24}",16,4,MovementAscend,181,30,30,,
2365,0,Husk,T3/23,MOVING,4.879,5.249,24.500,"GoalBlock{x=15,y=7,z=24}",16,4,MovementAscend,181,30,30,,
2366,0,Husk,T3/23,MOVING,5.165,5.252,24.500,"GoalBlock{x=15,y=7,z=24}",16,4,MovementAscend,181,30,30,,
2367,0,Husk,T3/23,MOVING,5.451,5.177,24.500,"GoalBlock{x=15,y=7,z=24}",16,5,MovementTraverse,181,30,30,,
2368,0,Husk,T3/23,MOVING,5.737,5.024,24.500,"GoalBlock{x=15,y=7,z=24}",16,5,MovementTraverse,181,30,30,,
2369,0,Husk,T3/23,MOVING,6.023,5.000,24.500,"GoalBlock{x=15,y=7,z=24}",16,5,MovementTraverse,181,30,30,,
2370,0,Husk,T3/23,MOVING,6.610,5.420,24.500,"GoalBlock{x=15,y=7,z=24}",16,7,MovementAscend,181,30,30,,
2371,0,Husk,T3/23,MOVING,6.956,5.753,24.500,"GoalBlock{x=15,y=7,z=24}",16,7,MovementAscend,181,30,30,,
2372,0,Husk,T3/23,MOVING,7.296,6.001,24.500,"GoalBlock{x=15,y=7,z=24}",16,7,MovementAscend,181,30,30,,
2373,0,Husk,T3/23,MOVING,7.632,6.166,24.500,"GoalBlock{x=15,y=7,z=24}",16,7,MovementAscend,181,30,30,,
2374,0,Husk,T3/23,MOVING,7.962,6.249,24.500,"GoalBlock{x=15,y=7,z=24}",16,7,MovementAscend,181,30,30,,
2375,0,Husk,T3/23,MOVING,8.289,6.252,24.500,"GoalBlock{x=15,y=7,z=24}",16,7,MovementAscend,181,30,30,,
2376,0,Husk,T3/23,MOVING,8.611,6.177,24.500,"GoalBlock{x=15,y=7,z=24}",16,8,MovementTraverse,181,30,30,,
2377,0,Husk,T3/23,MOVING,8.930,6.024,24.500,"GoalBlock{x=15,y=7,z=24}",16,8,MovementTraverse,181,30,30,,
2378,0,Husk,T3/23,MOVING,9.246,6.000,24.500,"GoalBlock{x=15,y=7,z=24}",16,8,MovementTraverse,181,30,30,,
2379,0,Husk,T3/23,MOVING,9.860,6.420,24.500,"GoalBlock{x=15,y=7,z=24}",16,10,MovementAscend,181,30,30,,
2380,0,Husk,T3/23,MOVING,10.221,6.753,24.500,"GoalBlock{x=15,y=7,z=24}",16,10,MovementAscend,181,30,30,,
2381,0,Husk,T3/23,MOVING,10.575,7.001,24.500,"GoalBlock{x=15,y=7,z=24}",16,10,MovementAscend,181,30,30,,
2382,0,Husk,T3/23,MOVING,10.923,7.166,24.500,"GoalBlock{x=15,y=7,z=24}",16,10,MovementAscend,181,30,30,,
2383,0,Husk,T3/23,MOVING,11.265,7.249,24.500,"GoalBlock{x=15,y=7,z=24}",16,10,MovementAscend,181,30,30,,
2384,0,Husk,T3/23,MOVING,11.601,7.252,24.500,"GoalBlock{x=15,y=7,z=24}",16,11,MovementTraverse,181,30,30,,
2385,0,Husk,T3/23,MOVING,11.933,7.177,24.500,"GoalBlock{x=15,y=7,z=24}",16,11,MovementTraverse,181,30,30,,
2386,0,Husk,T3/23,MOVING,12.261,7.024,24.500,"GoalBlock{x=15,y=7,z=24}",16,11,MovementTraverse,181,30,30,,
2387,0,Husk,T3/23,MOVING,12.584,7.000,24.500,"GoalBlock{x=15,y=7,z=24}",16,12,MovementTraverse,181,30,30,,
2388,0,Husk,T3/23,MOVING,13.006,7.000,24.500,"GoalBlock{x=15,y=7,z=24}",16,12,MovementTraverse,181,30,30,,
2389,0,Husk,T3/23,MOVING,13.363,7.000,24.500,"GoalBlock{x=15,y=7,z=24}",16,13,MovementTraverse,181,30,30,,
2390,0,Husk,T3/23,MOVING,13.686,7.000,24.500,"GoalBlock{x=15,y=7,z=24}",16,13,MovementTraverse,181,30,30,,
2391,0,Husk,T3/23,MOVING,13.990,7.000,24.500,"GoalBlock{x=15,y=7,z=24}",16,13,MovementTraverse,181,30,30,,
2392,0,Husk,T3/23,MOVING,14.283,7.000,24.500,"GoalBlock{x=15,y=7,z=24}",16,13,MovementTraverse,181,30,30,,
2393,0,Husk,T3/23,MOVING,14.570,7.000,24.500,"GoalBlock{x=15,y=7,z=24}",16,14,MovementTraverse,181,30,30,,
2394,0,Husk,T3/23,MOVING,14.855,7.000,24.500,"GoalBlock{x=15,y=7,z=24}",16,14,MovementTraverse,181,30,30,,
2395,0,Husk,T3/23,MOVING,15.137,7.000,24.500,"GoalBlock{x=15,y=7,z=24}",16,14,MovementTraverse,181,30,30,,
2396,0,Husk,T3/23,ARRIVED,15.292,7.000,24.500,,-1,-1,,181,30,30,,CANCELED
2397,0,Husk,T3/24,ARRIVED,3.500,8.000,36.500,,-1,-1,,181,30,30,,CANCELED|CANCELED
2398,0,Husk,T3/24,ARRIVED,3.500,8.000,36.500,,-1,-1,,181,30,30,,
2399,0,Husk,T3/24,ARRIVED,3.500,8.000,36.500,,-1,-1,,181,30,30,,
2400,0,Husk,T3/24,ARRIVED,3.500,8.000,36.500,,-1,-1,,181,30,30,,
2401,0,Husk,T3/24,ARRIVED,3.500,8.000,36.500,,-1,-1,,181,30,30,,
2402,0,Husk,T3/24,ARRIVED,3.500,8.000,36.500,,-1,-1,,181,30,30,,
2403,0,Husk,T3/24,ARRIVED,3.500,8.000,36.500,,-1,-1,,181,30,30,,
2404,0,Husk,T3/24,ARRIVED,3.500,8.000,36.500,,-1,-1,,181,30,30,,
2405,0,Husk,T3/24,ARRIVED,3.500,8.000,36.500,,-1,-1,,181,30,30,,
2406,0,Husk,T3/24,ARRIVED,3.500,8.000,36.500,,-1,-1,,181,30,30,,
2407,0,Husk,T3/24,SEARCHING,3.500,8.000,36.500,"GoalBlock{x=12,y=4,z=36}",-1,-1,,181,31,31,,CALC_STARTED
2408,0,Husk,T3/24,MOVING,3.627,8.000,36.500,"GoalBlock{x=12,y=4,z=36}",11,0,MovementTraverse,294,31,31,,CALC_FINISHED_NOW_EXECUTING
2409,0,Husk,T3/24,MOVING,3.824,8.000,36.500,"GoalBlock{x=12,y=4,z=36}",11,0,MovementTraverse,294,31,31,,
2410,0,Husk,T3/24,MOVING,4.059,8.000,36.500,"GoalBlock{x=12,y=4,z=36}",11,0,MovementTraverse,294,31,31,,
2411,0,Husk,T3/24,MOVING,4.298,8.000,36.436,"GoalBlock{x=12,y=4,z=36}",11,1,MovementDiagonal,294,31,31,,
2412,0,Husk,T3/24,MOVING,4.529,8.000,36.323,"GoalBlock{x=12,y=4,z=36}",11,1,MovementDiagonal,294,31,31,,
2413,0,Husk,T3/24,MOVING,4.752,8.000,36.179,"GoalBlock{x=12,y=4,z=36}",11,1,MovementDiagonal,294,31,31,,
2414,0,Husk,T3/24,MOVING,4.968,8.000,36.015,"GoalBlock{x=12,y=4,z=36}",11,1,MovementDiagonal,294,31,31,,
2415,0,Husk,T3/24,MOVING,5.178,8.000,35.837,"GoalBlock{x=12,y=4,z=36}",11,1,MovementDiagonal,294,31,31,,
2416,0,Husk,T3/24,MOVING,5.382,8.000,35.649,"GoalBlock{x=12,y=4,z=36}",11,2,MovementDiagonal,294,31,31,,
2417,0,Husk,T3/24,MOVING,5.582,8.000,35.455,"GoalBlock{x=12,y=4,z=36}",11,2,MovementDiagonal,294,31,31,,
2418,0,Husk,T3/24,MOVING,5.780,8.000,35.257,"GoalBlock{x=12,y=4,z=36}",11,2,MovementDiagonal,294,31,31,,
2419,0,Husk,T3/24,MOVING,5.975,8.000,35.057,"GoalBlock{x=12,y=4,z=36}",11,2,MovementDiagonal,294,31,31,,
2420,0,Husk,T3/24,MOVING,6.170,8.000,34.855,"GoalBlock{x=12,y=4,z=36}",11,2,MovementDiagonal,294,31,31,,
2421,0,Husk,T3/24,MOVING,6.301,8.000,34.650,"GoalBlock{x=12,y=4,z=36}",11,3,MovementFall,294,31,31,,
2422,0,Husk,T3/24,MOVING,6.392,8.000,34.442,"GoalBlock{x=12,y=4,z=36}",11,3,MovementFall,294,31,31,,
2423,0,Husk,T3/24,MOVING,6.454,8.000,34.231,"GoalBlock{x=12,y=4,z=36}",11,3,MovementFall,294,31,31,,
2424,0,Husk,T3/24,MOVING,6.495,8.000,34.018,"GoalBlock{x=12,y=4,z=36}",11,3,MovementFall,294,31,31,,
2425,0,Husk,T3/24,MOVING,6.519,8.000,33.804,"GoalBlock{x=12,y=4,z=36}",11,3,MovementFall,294,31,31,,
2426,0,Husk,T3/24,MOVING,6.522,7.922,33.590,"GoalBlock{x=12,y=4,z=36}",11,3,MovementFall,294,31,31,,
2427,0,Husk,T3/24,MOVING,6.522,7.766,33.472,"GoalBlock{x=12,y=4,z=36}",11,3,MovementFall,294,31,31,,
2428,0,Husk,T3/24,MOVING,6.504,7.536,33.358,"GoalBlock{x=12,y=4,z=36}",11,3,MovementFall,294,31,31,,
2429,0,Husk,T3/24,MOVING,6.468,7.232,33.256,"GoalBlock{x=12,y=4,z=36}",11,3,MovementFall,294,31,31,,
2430,0,Husk,T3/24,MOVING,6.420,6.855,33.175,"GoalBlock{x=12,y=4,z=36}",11,3,MovementFall,294,31,31,,
2431,0,Husk,T3/24,MOVING,6.373,6.407,33.106,"GoalBlock{x=12,y=4,z=36}",11,3,MovementFall,294,31,31,,
2432,0,Husk,T3/24,MOVING,6.332,6.000,33.049,"GoalBlock{x=12,y=4,z=36}",11,3,MovementFall,294,31,31,,
2433,0,Husk,T3/24,MOVING,6.369,6.000,33.101,"GoalBlock{x=12,y=4,z=36}",11,4,MovementFall,294,31,31,,
2434,0,Husk,T3/24,MOVING,6.506,6.000,33.180,"GoalBlock{x=12,y=4,z=36}",11,4,MovementFall,294,31,31,,
2435,0,Husk,T3/24,MOVING,6.707,6.000,33.239,"GoalBlock{x=12,y=4,z=36}",11,4,MovementFall,294,31,31,,
2436,0,Husk,T3/24,MOVING,6.943,6.000,33.286,"GoalBlock{x=12,y=4,z=36}",11,4,MovementFall,294,31,31,,
2437,0,Husk,T3/24,MOVING,7.199,6.000,33.323,"GoalBlock{x=12,y=4,z=36}",11,4,MovementFall,294,31,31,,
2438,0,Husk,T3/24,MOVING,7.466,5.922,33.356,"GoalBlock{x=12,y=4,z=36}",11,4,MovementFall,294,31,31,,
2439,0,Husk,T3/24,MOVING,7.636,5.766,33.376,"GoalBlock{x=12,y=4,z=36}",11,4,MovementFall,294,31,31,,
2440,0,Husk,T3/24,MOVING,7.817,5.536,33.396,"GoalBlock{x=12,y=4,z=36}",11,4,MovementFall,294,31,31,,
2441,0,Husk,T3/24,MOVING,8.007,5.232,33.416,"GoalBlock{x=12,y=4,z=36}",11,4,MovementFall,294,31,31,,
2442,0,Husk,T3/24,MOVING,8.206,4.855,33.437,"GoalBlock{x=12,y=4,z=36}",11,4,MovementFall,294,31,31,,
2443,0,Husk,T3/24,MOVING,8.412,4.407,33.458,"GoalBlock{x=12,y=4,z=36}",11,4,MovementFall,294,31,31,,
2444,0,Husk,T3/24,MOVING,8.625,4.000,33.478,"GoalBlock{x=12,y=4,z=36}",11,4,MovementFall,294,31,31,,
2445,0,Husk,T3/24,MOVING,8.945,4.000,33.502,"GoalBlock{x=12,y=4,z=36}",11,4,MovementFall,294,31,31,,
2446,0,Husk,T3/24,MOVING,9.248,4.000,33.514,"GoalBlock{x=12,y=4,z=36}",11,4,MovementFall,294,31,31,,
2447,0,Husk,T3/24,MOVING,9.525,4.000,33.582,"GoalBlock{x=12,y=4,z=36}",11,7,MovementDiagonal,294,31,31,,
2448,0,Husk,T3/24,MOVING,9.768,4.000,33.707,"GoalBlock{x=12,y=4,z=36}",11,7,MovementDiagonal,294,31,31,,
2449,0,Husk,T3/24,MOVING,9.988,4.000,33.868,"GoalBlock{x=12,y=4,z=36}",11,7,MovementDiagonal,294,31,31,,
2450,0,Husk,T3/24,MOVING,10.188,4.000,34.056,"GoalBlock{x=12,y=4,z=36}",11,7,MovementDiagonal,294,31,31,,
2451,0,Husk,T3/24,MOVING,10.383,4.000,34.252,"GoalBlock{x=12,y=4,z=36}",11,8,MovementDiagonal,294,31,31,,
2452,0,Husk,T3/24,MOVING,10.574,4.000,34.454,"GoalBlock{x=12,y=4,z=36}",11,8,MovementDiagonal,294,31,31,,
2453,0,Husk,T3/24,MOVING,10.763,4.000,34.660,"GoalBlock{x=12,y=4,z=36}",11,8,MovementDiagonal,294,31,31,,
2454,0,Husk,T3/24,MOVING,10.950,4.000,34.868,"GoalBlock{x=12,y=4,z=36}",11,8,MovementDiagonal,294,31,31,,
2455,0,Husk,T3/24,MOVING,11.136,4.000,35.078,"GoalBlock{x=12,y=4,z=36}",11,8,MovementDiagonal,294,31,31,,
2456,0,Husk,T3/24,MOVING,11.326,4.000,35.284,"GoalBlock{x=12,y=4,z=36}",11,9,MovementDiagonal,294,31,31,,
2457,0,Husk,T3/24,MOVING,11.518,4.000,35.489,"GoalBlock{x=12,y=4,z=36}",11,9,MovementDiagonal,294,31,31,,
2458,0,Husk,T3/24,MOVING,11.711,4.000,35.692,"GoalBlock{x=12,y=4,z=36}",11,9,MovementDiagonal,294,31,31,,
2459,0,Husk,T3/24,MOVING,11.906,4.000,35.894,"GoalBlock{x=12,y=4,z=36}",11,9,MovementDiagonal,294,31,31,,
2460,0,Husk,T3/24,MOVING,12.102,4.000,36.095,"GoalBlock{x=12,y=4,z=36}",11,9,MovementDiagonal,294,31,31,,
2461,0,Husk,T3/24,ARRIVED,12.208,4.000,36.205,,-1,-1,,294,31,31,,CANCELED
2462,0,Husk,T3/25,ARRIVED,0.500,4.000,48.500,,-1,-1,,294,31,31,,CANCELED|CANCELED
2463,0,Husk,T3/25,ARRIVED,0.500,4.000,48.500,,-1,-1,,294,31,31,,
2464,0,Husk,T3/25,ARRIVED,0.500,4.000,48.500,,-1,-1,,294,31,31,,
2465,0,Husk,T3/25,ARRIVED,0.500,4.000,48.500,,-1,-1,,294,31,31,,
2466,0,Husk,T3/25,ARRIVED,0.500,4.000,48.500,,-1,-1,,294,31,31,,
2467,0,Husk,T3/25,ARRIVED,0.500,4.000,48.500,,-1,-1,,294,31,31,,
2468,0,Husk,T3/25,ARRIVED,0.500,4.000,48.500,,-1,-1,,294,31,31,,
2469,0,Husk,T3/25,ARRIVED,0.500,4.000,48.500,,-1,-1,,294,31,31,,
2470,0,Husk,T3/25,ARRIVED,0.500,4.000,48.500,,-1,-1,,294,31,31,,
2471,0,Husk,T3/25,ARRIVED,0.500,4.000,48.500,,-1,-1,,294,31,31,,
2472,0,Husk,T3/25,SEARCHING,0.500,4.000,48.500,"GoalBlock{x=5,y=4,z=53}",-1,-1,,294,32,32,,CALC_STARTED
2473,0,Husk,T3/25,MOVING,0.610,4.000,48.564,"GoalBlock{x=5,y=4,z=53}",7,0,MovementTraverse,218,32,32,,CALC_FINISHED_NOW_EXECUTING
2474,0,Husk,T3/25,MOVING,0.734,4.000,48.709,"GoalBlock{x=5,y=4,z=53}",7,0,MovementTraverse,218,32,32,,
2475,0,Husk,T3/25,MOVING,0.802,4.000,48.915,"GoalBlock{x=5,y=4,z=53}",7,0,MovementTraverse,218,32,32,,
2476,0,Husk,T3/25,MOVING,0.780,4.000,49.141,"GoalBlock{x=5,y=4,z=53}",7,0,MovementTraverse,218,32,32,,
2477,0,Husk,T3/25,MOVING,0.775,4.000,49.392,"GoalBlock{x=5,y=4,z=53}",7,1,MovementDiagonal,218,32,32,,
2478,0,Husk,T3/25,MOVING,0.840,4.000,49.636,"GoalBlock{x=5,y=4,z=53}",7,1,MovementDiagonal,218,32,32,,
2479,0,Husk,T3/25,MOVING,0.953,4.000,49.871,"GoalBlock{x=5,y=4,z=53}",7,1,MovementDiagonal,218,32,32,,
2480,0,Husk,T3/25,MOVING,1.099,4.000,50.095,"GoalBlock{x=5,y=4,z=53}",7,1,MovementDiagonal,218,32,32,,
2481,0,Husk,T3/25,MOVING,1.268,4.000,50.308,"GoalBlock{x=5,y=4,z=53}",7,2,MovementDiagonal,218,32,32,,
2482,0,Husk,T3/25,MOVING,1.452,4.000,50.512,"GoalBlock{x=5,y=4,z=53}",7,2,MovementDiagonal,218,32,32,,
2483,0,Husk,T3/25,MOVING,1.645,4.000,50.711,"GoalBlock{x=5,y=4,z=53}",7,2,MovementDiagonal,218,32,32,,
2484,0,Husk,T3/25,MOVING,1.844,4.000,50.907,"GoalBlock{x=5,y=4,z=53}",7,2,MovementDiagonal,218,32,32,,
2485,0,Husk,T3/25,MOVING,2.047,4.000,51.099,"GoalBlock{x=5,y=4,z=53}",7,2,MovementDiagonal,218,32,32,,
2486,0,Husk,T3/25,MOVING,2.250,4.000,51.292,"GoalBlock{x=5,y=4,z=53}",7,3,MovementDiagonal,218,32,32,,
2487,0,Husk,T3/25,MOVING,2.452,4.000,51.486,"GoalBlock{x=5,y=4,z=53}",7,3,MovementDiagonal,218,32,32,,
2488,0,Husk,T3/25,MOVING,2.654,4.000,51.680,"GoalBlock{x=5,y=4,z=53}",7,3,MovementDiagonal,218,32,32,,
2489,0,Husk,T3/25,MOVING,2.856,4.000,51.875,"GoalBlock{x=5,y=4,z=53}",7,3,MovementDiagonal,218,32,32,,
2490,0,Husk,T3/25,MOVING,3.058,4.000,52.070,"GoalBlock{x=5,y=4,z=53}",7,3,MovementDiagonal,218,32,32,,
2491,0,Husk,T3/25,MOVING,3.258,4.000,52.267,"GoalBlock{x=5,y=4,z=53}",7,4,MovementDiagonal,218,32,32,,
2492,0,Husk,T3/25,MOVING,3.458,4.000,52.464,"GoalBlock{x=5,y=4,z=53}",7,4,MovementDiagonal,218,32,32,,
2493,0,Husk,T3/25,MOVING,3.658,4.000,52.661,"GoalBlock{x=5,y=4,z=53}",7,4,MovementDiagonal,218,32,32,,
2494,0,Husk,T3/25,MOVING,3.857,4.000,52.859,"GoalBlock{x=5,y=4,z=53}",7,4,MovementDiagonal,218,32,32,,
2495,0,Husk,T3/25,MOVING,4.056,4.000,53.056,"GoalBlock{x=5,y=4,z=53}",7,4,MovementDiagonal,218,32,32,,
2496,0,Husk,T3/25,MOVING,4.286,4.000,53.202,"GoalBlock{x=5,y=4,z=53}",7,5,MovementTraverse,218,32,32,,
2497,0,Husk,T3/25,MOVING,4.536,4.000,53.312,"GoalBlock{x=5,y=4,z=53}",7,5,MovementTraverse,218,32,32,,
2498,0,Husk,T3/25,MOVING,4.797,4.000,53.396,"GoalBlock{x=5,y=4,z=53}",7,5,MovementTraverse,218,32,32,,
2499,0,Husk,T3/25,MOVING,5.066,4.000,53.461,"GoalBlock{x=5,y=4,z=53}",7,5,MovementTraverse,218,32,32,,
2500,0,Husk,T3/25,ARRIVED,5.212,4.000,53.496,,-1,-1,,218,32,32,,CANCELED
2501,0,Husk,T3/26,ARRIVED,0.500,4.000,60.500,,-1,-1,,218,32,32,,CANCELED|CANCELED
2502,0,Husk,T3/26,ARRIVED,0.500,4.000,60.500,,-1,-1,,218,32,32,,
2503,0,Husk,T3/26,ARRIVED,0.500,4.000,60.500,,-1,-1,,218,32,32,,
2504,0,Husk,T3/26,ARRIVED,0.500,4.000,60.500,,-1,-1,,218,32,32,,
2505,0,Husk,T3/26,ARRIVED,0.500,4.000,60.500,,-1,-1,,218,32,32,,
2506,0,Husk,T3/26,ARRIVED,0.500,4.000,60.500,,-1,-1,,218,32,32,,
2507,0,Husk,T3/26,ARRIVED,0.500,4.000,60.500,,-1,-1,,218,32,32,,
2508,0,Husk,T3/26,ARRIVED,0.500,4.000,60.500,,-1,-1,,218,32,32,,
2509,0,Husk,T3/26,ARRIVED,0.500,4.000,60.500,,-1,-1,,218,32,32,,
2510,0,Husk,T3/26,ARRIVED,0.500,4.000,60.500,,-1,-1,,218,32,32,,
2511,0,Husk,T3/26,SEARCHING,0.500,4.000,60.500,"GoalBlock{x=11,y=4,z=60}",-1,-1,,218,33,33,,CALC_STARTED
2512,0,Husk,T3/26,MOVING,0.627,4.000,60.500,"GoalBlock{x=11,y=4,z=60}",12,0,MovementTraverse,131,33,33,,CALC_FINISHED_NOW_EXECUTING
2513,0,Husk,T3/26,MOVING,0.824,4.000,60.500,"GoalBlock{x=11,y=4,z=60}",12,0,MovementTraverse,131,33,33,,
2514,0,Husk,T3/26,MOVING,1.059,4.000,60.500,"GoalBlock{x=11,y=4,z=60}",12,0,MovementTraverse,131,33,33,,
2515,0,Husk,T3/26,MOVING,1.315,4.000,60.500,"GoalBlock{x=11,y=4,z=60}",12,1,MovementTraverse,131,33,33,,
2516,0,Husk,T3/26,MOVING,1.582,4.000,60.500,"GoalBlock{x=11,y=4,z=60}",12,1,MovementTraverse,131,33,33,,
2517,0,Husk,T3/26,MOVING,1.855,4.000,60.500,"GoalBlock{x=11,y=4,z=60}",12,1,MovementTraverse,131,33,33,,
2518,0,Husk,T3/26,MOVING,2.132,4.000,60.500,"GoalBlock{x=11,y=4,z=60}",12,1,MovementTraverse,131,33,33,,
2519,0,Husk,T3/26,MOVING,2.410,4.000,60.500,"GoalBlock{x=11,y=4,z=60}",12,2,MovementTraverse,131,33,33,,
2520,0,Husk,T3/26,MOVING,2.690,4.000,60.500,"GoalBlock{x=11,y=4,z=60}",12,2,MovementTraverse,131,33,33,,
2521,0,Husk,T3/26,MOVING,2.969,4.000,60.500,"GoalBlock{x=11,y=4,z=60}",12,2,MovementTraverse,131,33,33,,
2522,0,Husk,T3/26,MOVING,3.250,4.000,60.500,"GoalBlock{x=11,y=4,z=60}",12,2,MovementTraverse,131,33,33,,
2523,0,Husk,T3/26,MOVING,3.530,4.000,60.500,"GoalBlock{x=11,y=4,z=60}",12,3,MovementTraverse,131,33,33,,
2524,0,Husk,T3/26,MOVING,3.811,4.000,60.500,"GoalBlock{x=11,y=4,z=60}",12,3,MovementTraverse,131,33,33,,
2525,0,Husk,T3/26,MOVING,4.091,4.000,60.500,"GoalBlock{x=11,y=4,z=60}",12,3,MovementTraverse,131,33,33,,
2526,0,Husk,T3/26,MOVING,4.372,4.000,60.500,"GoalBlock{x=11,y=4,z=60}",12,4,MovementTraverse,131,33,33,,
2527,0,Husk,T3/26,MOVING,4.652,4.000,60.500,"GoalBlock{x=11,y=4,z=60}",12,4,MovementTraverse,131,33,33,,
2528,0,Husk,T3/26,MOVING,4.933,4.000,60.500,"GoalBlock{x=11,y=4,z=60}",12,4,MovementTraverse,131,33,33,,
2529,0,Husk,T3/26,MOVING,5.214,4.000,60.500,"GoalBlock{x=11,y=4,z=60}",12,4,MovementTraverse,131,33,33,,
2530,0,Husk,T3/26,MOVING,5.494,4.000,60.500,"GoalBlock{x=11,y=4,z=60}",12,5,MovementTraverse,131,33,33,,
2531,0,Husk,T3/26,MOVING,5.775,4.000,60.500,"GoalBlock{x=11,y=4,z=60}",12,5,MovementTraverse,131,33,33,,
2532,0,Husk,T3/26,MOVING,6.055,4.000,60.500,"GoalBlock{x=11,y=4,z=60}",12,5,MovementTraverse,131,33,33,,
2533,0,Husk,T3/26,MOVING,6.336,4.000,60.500,"GoalBlock{x=11,y=4,z=60}",12,6,MovementTraverse,131,33,33,,
2534,0,Husk,T3/26,MOVING,6.617,4.000,60.500,"GoalBlock{x=11,y=4,z=60}",12,6,MovementTraverse,131,33,33,,
2535,0,Husk,T3/26,MOVING,6.897,4.000,60.500,"GoalBlock{x=11,y=4,z=60}",12,6,MovementTraverse,131,33,33,,
2536,0,Husk,T3/26,MOVING,7.178,4.000,60.500,"GoalBlock{x=11,y=4,z=60}",12,6,MovementTraverse,131,33,33,,
2537,0,Husk,T3/26,MOVING,7.459,4.000,60.500,"GoalBlock{x=11,y=4,z=60}",12,7,MovementTraverse,131,33,33,,
2538,0,Husk,T3/26,MOVING,7.739,4.000,60.500,"GoalBlock{x=11,y=4,z=60}",12,7,MovementTraverse,131,33,33,,
2539,0,Husk,T3/26,MOVING,8.020,4.000,60.500,"GoalBlock{x=11,y=4,z=60}",12,7,MovementTraverse,131,33,33,,
2540,0,Husk,T3/26,MOVING,8.300,4.000,60.500,"GoalBlock{x=11,y=4,z=60}",12,8,MovementTraverse,131,33,33,,
2541,0,Husk,T3/26,MOVING,8.581,4.000,60.500,"GoalBlock{x=11,y=4,z=60}",12,8,MovementTraverse,131,33,33,,
2542,0,Husk,T3/26,MOVING,8.862,4.000,60.500,"GoalBlock{x=11,y=4,z=60}",12,8,MovementTraverse,131,33,33,,
2543,0,Husk,T3/26,MOVING,9.142,4.000,60.500,"GoalBlock{x=11,y=4,z=60}",12,8,MovementTraverse,131,33,33,,
2544,0,Husk,T3/26,MOVING,9.423,4.000,60.500,"GoalBlock{x=11,y=4,z=60}",12,9,MovementTraverse,131,33,33,,
2545,0,Husk,T3/26,MOVING,9.703,4.000,60.500,"GoalBlock{x=11,y=4,z=60}",12,9,MovementTraverse,131,33,33,,
2546,0,Husk,T3/26,MOVING,9.984,4.000,60.500,"GoalBlock{x=11,y=4,z=60}",12,9,MovementTraverse,131,33,33,,
2547,0,Husk,T3/26,MOVING,10.265,4.000,60.500,"GoalBlock{x=11,y=4,z=60}",12,9,MovementTraverse,131,33,33,,
2548,0,Husk,T3/26,MOVING,10.545,4.000,60.500,"GoalBlock{x=11,y=4,z=60}",12,10,MovementTraverse,131,33,33,,
2549,0,Husk,T3/26,MOVING,10.826,4.000,60.500,"GoalBlock{x=11,y=4,z=60}",12,10,MovementTraverse,131,33,33,,
2550,0,Husk,T3/26,MOVING,11.107,4.000,60.500,"GoalBlock{x=11,y=4,z=60}",12,10,MovementTraverse,131,33,33,,
2551,0,Husk,T3/26,ARRIVED,11.260,4.000,60.500,,-1,-1,,131,33,33,,CANCELED
2552,0,Husk,T3/27,ARRIVED,0.500,4.000,72.500,,-1,-1,,131,33,33,,CANCELED|CANCELED
2553,0,Husk,T3/27,ARRIVED,0.500,4.000,72.500,,-1,-1,,131,33,33,,
2554,0,Husk,T3/27,ARRIVED,0.500,4.000,72.500,,-1,-1,,131,33,33,,
2555,0,Husk,T3/27,ARRIVED,0.500,4.000,72.500,,-1,-1,,131,33,33,,
2556,0,Husk,T3/27,ARRIVED,0.500,4.000,72.500,,-1,-1,,131,33,33,,
2557,0,Husk,T3/27,ARRIVED,0.500,4.000,72.500,,-1,-1,,131,33,33,,
2558,0,Husk,T3/27,ARRIVED,0.500,4.000,72.500,,-1,-1,,131,33,33,,
2559,0,Husk,T3/27,ARRIVED,0.500,4.000,72.500,,-1,-1,,131,33,33,,
2560,0,Husk,T3/27,ARRIVED,0.500,4.000,72.500,,-1,-1,,131,33,33,,
2561,0,Husk,T3/27,ARRIVED,0.500,4.000,72.500,,-1,-1,,131,33,33,,
2562,0,Husk,T3/27,SEARCHING,0.500,4.000,72.500,"GoalBlock{x=20,y=4,z=72}",-1,-1,,131,34,34,,CALC_STARTED
2563,0,Husk,T3/27,MOVING,0.627,4.000,72.500,"GoalBlock{x=20,y=4,z=72}",21,0,MovementTraverse,438,34,34,,CALC_FINISHED_NOW_EXECUTING
2564,0,Husk,T3/27,MOVING,0.824,4.000,72.500,"GoalBlock{x=20,y=4,z=72}",21,0,MovementTraverse,438,34,34,,
2565,0,Husk,T3/27,MOVING,1.059,4.000,72.500,"GoalBlock{x=20,y=4,z=72}",21,0,MovementTraverse,438,34,34,,
2566,0,Husk,T3/27,MOVING,1.315,4.000,72.500,"GoalBlock{x=20,y=4,z=72}",21,1,MovementTraverse,438,34,34,,
2567,0,Husk,T3/27,MOVING,1.582,4.000,72.500,"GoalBlock{x=20,y=4,z=72}",21,1,MovementTraverse,438,34,34,,
2568,0,Husk,T3/27,MOVING,1.855,4.000,72.500,"GoalBlock{x=20,y=4,z=72}",21,1,MovementTraverse,438,34,34,,
2569,0,Husk,T3/27,MOVING,2.132,4.000,72.500,"GoalBlock{x=20,y=4,z=72}",21,1,MovementTraverse,438,34,34,,
2570,0,Husk,T3/27,MOVING,2.410,4.000,72.500,"GoalBlock{x=20,y=4,z=72}",21,2,MovementTraverse,438,34,34,,
2571,0,Husk,T3/27,MOVING,2.690,4.000,72.500,"GoalBlock{x=20,y=4,z=72}",21,2,MovementTraverse,438,34,34,,
2572,0,Husk,T3/27,MOVING,2.969,4.000,72.500,"GoalBlock{x=20,y=4,z=72}",21,2,MovementTraverse,438,34,34,,
2573,0,Husk,T3/27,MOVING,3.250,4.000,72.500,"GoalBlock{x=20,y=4,z=72}",21,2,MovementTraverse,438,34,34,,
2574,0,Husk,T3/27,MOVING,3.530,4.000,72.500,"GoalBlock{x=20,y=4,z=72}",21,3,MovementTraverse,438,34,34,,
2575,0,Husk,T3/27,MOVING,3.811,4.000,72.500,"GoalBlock{x=20,y=4,z=72}",21,3,MovementTraverse,438,34,34,,
2576,0,Husk,T3/27,MOVING,4.091,4.000,72.500,"GoalBlock{x=20,y=4,z=72}",21,3,MovementTraverse,438,34,34,,
2577,0,Husk,T3/27,MOVING,4.372,4.000,72.500,"GoalBlock{x=20,y=4,z=72}",21,4,MovementTraverse,438,34,34,,
2578,0,Husk,T3/27,MOVING,4.652,4.000,72.500,"GoalBlock{x=20,y=4,z=72}",21,4,MovementTraverse,438,34,34,,
2579,0,Husk,T3/27,MOVING,4.933,4.000,72.500,"GoalBlock{x=20,y=4,z=72}",21,4,MovementTraverse,438,34,34,,
2580,0,Husk,T3/27,MOVING,5.214,4.000,72.500,"GoalBlock{x=20,y=4,z=72}",21,4,MovementTraverse,438,34,34,,
2581,0,Husk,T3/27,MOVING,5.477,4.000,72.436,"GoalBlock{x=20,y=4,z=72}",21,5,MovementDiagonal,438,34,34,,
2582,0,Husk,T3/27,MOVING,5.715,4.000,72.316,"GoalBlock{x=20,y=4,z=72}",21,5,MovementDiagonal,438,34,34,,
2583,0,Husk,T3/27,MOVING,5.933,4.000,72.158,"GoalBlock{x=20,y=4,z=72}",21,5,MovementDiagonal,438,34,34,,
2584,0,Husk,T3/27,MOVING,6.136,4.000,71.975,"GoalBlock{x=20,y=4,z=72}",21,5,MovementDiagonal,438,34,34,,
2585,0,Husk,T3/27,MOVING,6.333,4.000,71.782,"GoalBlock{x=20,y=4,z=72}",21,6,MovementDiagonal,438,34,34,,
2586,0,Husk,T3/27,MOVING,6.526,4.000,71.582,"GoalBlock{x=20,y=4,z=72}",21,6,MovementDiagonal,438,34,34,,
2587,0,Husk,T3/27,MOVING,6.717,4.000,71.378,"GoalBlock{x=20,y=4,z=72}",21,6,MovementDiagonal,438,34,34,,
2588,0,Husk,T3/27,MOVING,6.906,4.000,71.172,"GoalBlock{x=20,y=4,z=72}",21,6,MovementDiagonal,438,34,34,,
2589,0,Husk,T3/27,MOVING,7.093,4.000,70.964,"GoalBlock{x=20,y=4,z=72}",21,6,MovementDiagonal,438,34,34,,
2590,0,Husk,T3/27,MOVING,7.284,4.000,70.759,"GoalBlock{x=20,y=4,z=72}",21,7,MovementDiagonal,438,34,34,,
2591,0,Husk,T3/27,MOVING,7.477,4.000,70.555,"GoalBlock{x=20,y=4,z=72}",21,7,MovementDiagonal,438,34,34,,
2592,0,Husk,T3/27,MOVING,7.670,4.000,70.352,"GoalBlock{x=20,y=4,z=72}",21,7,MovementDiagonal,438,34,34,,
2593,0,Husk,T3/27,MOVING,7.865,4.000,70.150,"GoalBlock{x=20,y=4,z=72}",21,7,MovementDiagonal,438,34,34,,
2594,0,Husk,T3/27,MOVING,8.061,4.000,69.949,"GoalBlock{x=20,y=4,z=72}",21,7,MovementDiagonal,438,34,34,,
2595,0,Husk,T3/27,MOVING,8.257,4.000,69.748,"GoalBlock{x=20,y=4,z=72}",21,8,MovementDiagonal,438,34,34,,
2596,0,Husk,T3/27,MOVING,8.454,4.000,69.549,"GoalBlock{x=20,y=4,z=72}",21,8,MovementDiagonal,438,34,34,,
2597,0,Husk,T3/27,MOVING,8.652,4.000,69.349,"GoalBlock{x=20,y=4,z=72}",21,8,MovementDiagonal,438,34,34,,
2598,0,Husk,T3/27,MOVING,8.850,4.000,69.151,"GoalBlock{x=20,y=4,z=72}",21,8,MovementDiagonal,438,34,34,,
2599,0,Husk,T3/27,MOVING,9.048,4.000,68.952,"GoalBlock{x=20,y=4,z=72}",21,8,MovementDiagonal,438,34,34,,
2600,0,Husk,T3/27,MOVING,9.278,4.000,68.805,"GoalBlock{x=20,y=4,z=72}",21,9,MovementTraverse,438,34,34,,
2601,0,Husk,T3/27,MOVING,9.527,4.000,68.695,"GoalBlock{x=20,y=4,z=72}",21,9,MovementTraverse,438,34,34,,
2602,0,Husk,T3/27,MOVING,9.788,4.000,68.609,"GoalBlock{x=20,y=4,z=72}",21,9,MovementTraverse,438,34,34,,
2603,0,Husk,T3/27,MOVING,10.056,4.000,68.543,"GoalBlock{x=20,y=4,z=72}",21,9,MovementTraverse,438,34,34,,
2604,0,Husk,T3/27,MOVING,10.330,4.000,68.503,"GoalBlock{x=20,y=4,z=72}",21,10,MovementTraverse,438,34,34,,
2605,0,Husk,T3/27,MOVING,10.607,4.000,68.481,"GoalBlock{x=20,y=4,z=72}",21,10,MovementTraverse,438,34,34,,
2606,0,Husk,T3/27,MOVING,10.886,4.000,68.472,"GoalBlock{x=20,y=4,z=72}",21,10,MovementTraverse,438,34,34,,
2607,0,Husk,T3/27,MOVING,11.165,4.000,68.473,"GoalBlock{x=20,y=4,z=72}",21,10,MovementTraverse,438,34,34,,
2608,0,Husk,T3/27,MOVING,11.445,4.000,68.475,"GoalBlock{x=20,y=4,z=72}",21,11,MovementTraverse,438,34,34,,
2609,0,Husk,T3/27,MOVING,11.725,4.000,68.478,"GoalBlock{x=20,y=4,z=72}",21,11,MovementTraverse,438,34,34,,
2610,0,Husk,T3/27,MOVING,12.005,4.000,68.482,"GoalBlock{x=20,y=4,z=72}",21,11,MovementTraverse,438,34,34,,
2611,0,Husk,T3/27,MOVING,12.286,4.000,68.483,"GoalBlock{x=20,y=4,z=72}",21,12,MovementTraverse,438,34,34,,
2612,0,Husk,T3/27,MOVING,12.566,4.000,68.485,"GoalBlock{x=20,y=4,z=72}",21,12,MovementTraverse,438,34,34,,
2613,0,Husk,T3/27,MOVING,12.847,4.000,68.487,"GoalBlock{x=20,y=4,z=72}",21,12,MovementTraverse,438,34,34,,
2614,0,Husk,T3/27,MOVING,13.127,4.000,68.490,"GoalBlock{x=20,y=4,z=72}",21,12,MovementTraverse,438,34,34,,
2615,0,Husk,T3/27,MOVING,13.408,4.000,68.491,"GoalBlock{x=20,y=4,z=72}",21,13,MovementTraverse,438,34,34,,
2616,0,Husk,T3/27,MOVING,13.689,4.000,68.492,"GoalBlock{x=20,y=4,z=72}",21,13,MovementTraverse,438,34,34,,
2617,0,Husk,T3/27,MOVING,13.969,4.000,68.493,"GoalBlock{x=20,y=4,z=72}",21,13,MovementTraverse,438,34,34,,
2618,0,Husk,T3/27,MOVING,14.250,4.000,68.495,"GoalBlock{x=20,y=4,z=72}",21,13,MovementTraverse,438,34,34,,
2619,0,Husk,T3/27,MOVING,14.530,4.000,68.495,"GoalBlock{x=20,y=4,z=72}",21,14,MovementTraverse,438,34,34,,
2620,0,Husk,T3/27,MOVING,14.811,4.000,68.496,"GoalBlock{x=20,y=4,z=72}",21,14,MovementTraverse,438,34,34,,
2621,0,Husk,T3/27,MOVING,15.092,4.000,68.497,"GoalBlock{x=20,y=4,z=72}",21,14,MovementTraverse,438,34,34,,
2622,0,Husk,T3/27,MOVING,15.372,4.000,68.497,"GoalBlock{x=20,y=4,z=72}",21,15,MovementTraverse,438,34,34,,
2623,0,Husk,T3/27,MOVING,15.653,4.000,68.497,"GoalBlock{x=20,y=4,z=72}",21,15,MovementTraverse,438,34,34,,
2624,0,Husk,T3/27,MOVING,15.933,4.000,68.498,"GoalBlock{x=20,y=4,z=72}",21,15,MovementTraverse,438,34,34,,
2625,0,Husk,T3/27,MOVING,16.214,4.000,68.498,"GoalBlock{x=20,y=4,z=72}",21,15,MovementTraverse,438,34,34,,
2626,0,Husk,T3/27,MOVING,16.477,4.000,68.562,"GoalBlock{x=20,y=4,z=72}",21,16,MovementDiagonal,438,34,34,,
2627,0,Husk,T3/27,MOVING,16.715,4.000,68.683,"GoalBlock{x=20,y=4,z=72}",21,16,MovementDiagonal,438,34,34,,
2628,0,Husk,T3/27,MOVING,16.933,4.000,68.841,"GoalBlock{x=20,y=4,z=72}",21,16,MovementDiagonal,438,34,34,,
2629,0,Husk,T3/27,MOVING,17.135,4.000,69.024,"GoalBlock{x=20,y=4,z=72}",21,16,MovementDiagonal,438,34,34,,
2630,0,Husk,T3/27,MOVING,17.332,4.000,69.218,"GoalBlock{x=20,y=4,z=72}",21,17,MovementDiagonal,438,34,34,,
2631,0,Husk,T3/27,MOVING,17.525,4.000,69.417,"GoalBlock{x=20,y=4,z=72}",21,17,MovementDiagonal,438,34,34,,
2632,0,Husk,T3/27,MOVING,17.716,4.000,69.621,"GoalBlock{x=20,y=4,z=72}",21,17,MovementDiagonal,438,34,34,,
2633,0,Husk,T3/27,MOVING,17.905,4.000,69.827,"GoalBlock{x=20,y=4,z=72}",21,17,MovementDiagonal,438,34,34,,
2634,0,Husk,T3/27,MOVING,18.093,4.000,70.035,"GoalBlock{x=20,y=4,z=72}",21,17,MovementDiagonal,438,34,34,,
2635,0,Husk,T3/27,MOVING,18.283,4.000,70.241,"GoalBlock{x=20,y=4,z=72}",21,18,MovementDiagonal,438,34,34,,
2636,0,Husk,T3/27,MOVING,18.476,4.000,70.445,"GoalBlock{x=20,y=4,z=72}",21,18,MovementDiagonal,438,34,34,,
2637,0,Husk,T3/27,MOVING,18.670,4.000,70.647,"GoalBlock{x=20,y=4,z=72}",21,18,MovementDiagonal,438,34,34,,
2638,0,Husk,T3/27,MOVING,18.865,4.000,70.849,"GoalBlock{x=20,y=4,z=72}",21,18,MovementDiagonal,438,34,34,,
2639,0,Husk,T3/27,MOVING,19.060,4.000,71.051,"GoalBlock{x=20,y=4,z=72}",21,18,MovementDiagonal,438,34,34,,
2640,0,Husk,T3/27,MOVING,19.256,4.000,71.251,"GoalBlock{x=20,y=4,z=72}",21,19,MovementDiagonal,438,34,34,,
2641,0,Husk,T3/27,MOVING,19.453,4.000,71.451,"GoalBlock{x=20,y=4,z=72}",21,19,MovementDiagonal,438,34,34,,
2642,0,Husk,T3/27,MOVING,19.651,4.000,71.650,"GoalBlock{x=20,y=4,z=72}",21,19,MovementDiagonal,438,34,34,,
2643,0,Husk,T3/27,MOVING,19.849,4.000,71.849,"GoalBlock{x=20,y=4,z=72}",21,19,MovementDiagonal,438,34,34,,
2644,0,Husk,T3/27,MOVING,20.047,4.000,72.048,"GoalBlock{x=20,y=4,z=72}",21,19,MovementDiagonal,438,34,34,,
2645,0,Husk,T3/27,ARRIVED,20.155,4.000,72.156,,-1,-1,,438,34,34,,CANCELED
2646,0,Husk,T3/28,ARRIVED,20.500,4.000,84.500,,-1,-1,,438,34,34,,CANCELED|CANCELED
2647,0,Husk,T3/28,ARRIVED,20.500,4.000,84.500,,-1,-1,,438,34,34,,
2648,0,Husk,T3/28,ARRIVED,20.500,4.000,84.500,,-1,-1,,438,34,34,,
2649,0,Husk,T3/28,ARRIVED,20.500,4.000,84.500,,-1,-1,,438,34,34,,
2650,0,Husk,T3/28,ARRIVED,20.500,4.000,84.500,,-1,-1,,438,34,34,,
2651,0,Husk,T3/28,ARRIVED,20.500,4.000,84.500,,-1,-1,,438,34,34,,
2652,0,Husk,T3/28,ARRIVED,20.500,4.000,84.500,,-1,-1,,438,34,34,,
2653,0,Husk,T3/28,ARRIVED,20.500,4.000,84.500,,-1,-1,,438,34,34,,
2654,0,Husk,T3/28,ARRIVED,20.500,4.000,84.500,,-1,-1,,438,34,34,,
2655,0,Husk,T3/28,ARRIVED,20.500,4.000,84.500,,-1,-1,,438,34,34,,
2656,0,Husk,T3/28,SEARCHING,20.500,4.000,84.500,"GoalBlock{x=8,y=4,z=84}",-1,-1,,438,35,35,,CALC_STARTED
2657,0,Husk,T3/28,MOVING,20.610,4.000,84.436,"GoalBlock{x=8,y=4,z=84}",13,0,MovementTraverse,120,35,35,,CALC_FINISHED_NOW_EXECUTING
2658,0,Husk,T3/28,MOVING,20.734,4.000,84.291,"GoalBlock{x=8,y=4,z=84}",13,0,MovementTraverse,120,35,35,,
2659,0,Husk,T3/28,MOVING,20.802,4.000,84.085,"GoalBlock{x=8,y=4,z=84}",13,0,MovementTraverse,120,35,35,,
2660,0,Husk,T3/28,MOVING,20.775,4.000,83.861,"GoalBlock{x=8,y=4,z=84}",13,0,MovementTraverse,120,35,35,,
2661,0,Husk,T3/28,MOVING,20.650,4.000,83.676,"GoalBlock{x=8,y=4,z=84}",13,0,MovementTraverse,120,35,35,,
2662,0,Husk,T3/28,MOVING,20.455,4.000,83.575,"GoalBlock{x=8,y=4,z=84}",13,0,MovementTraverse,120,35,35,,
2663,0,Husk,T3/28,MOVING,20.238,4.000,83.583,"GoalBlock{x=8,y=4,z=84}",13,0,MovementTraverse,120,35,35,,
2664,0,Husk,T3/28,MOVING,20.039,4.000,83.687,"GoalBlock{x=8,y=4,z=84}",13,0,MovementTraverse,120,35,35,,
2665,0,Husk,T3/28,MOVING,19.860,4.000,83.850,"GoalBlock{x=8,y=4,z=84}",13,0,MovementTraverse,120,35,35,,
2666,0,Husk,T3/28,MOVING,19.701,4.000,84.050,"GoalBlock{x=8,y=4,z=84}",13,0,MovementTraverse,120,35,35,,
2667,0,Husk,T3/28,MOVING,19.505,4.000,84.225,"GoalBlock{x=8,y=4,z=84}",13,1,MovementTraverse,120,35,35,,
2668,0,Husk,T3/28,MOVING,19.275,4.000,84.354,"GoalBlock{x=8,y=4,z=84}",13,1,MovementTraverse,120,35,35,,
2669,0,Husk,T3/28,MOVING,19.024,4.000,84.448,"GoalBlock{x=8,y=4,z=84}",13,1,MovementTraverse,120,35,35,,
2670,0,Husk,T3/28,MOVING,18.760,4.000,84.512,"GoalBlock{x=8,y=4,z=84}",13,1,MovementTraverse,120,35,35,,
2671,0,Husk,T3/28,MOVING,18.489,4.000,84.546,"GoalBlock{x=8,y=4,z=84}",13,2,MovementTraverse,120,35,35,,
2672,0,Husk,T3/28,MOVING,18.214,4.000,84.558,"GoalBlock{x=8,y=4,z=84}",13,2,MovementTraverse,120,35,35,,
2673,0,Husk,T3/28,MOVING,17.936,4.000,84.555,"GoalBlock{x=8,y=4,z=84}",13,2,MovementTraverse,120,35,35,,
2674,0,Husk,T3/28,MOVING,17.657,4.000,84.550,"GoalBlock{x=8,y=4,z=84}",13,3,MovementTraverse,120,35,35,,
2675,0,Husk,T3/28,MOVING,17.378,4.000,84.544,"GoalBlock{x=8,y=4,z=84}",13,3,MovementTraverse,120,35,35,,
2676,0,Husk,T3/28,MOVING,17.098,4.000,84.538,"GoalBlock{x=8,y=4,z=84}",13,3,MovementTraverse,120,35,35,,
2677,0,Husk,T3/28,MOVING,16.818,4.000,84.526,"GoalBlock{x=8,y=4,z=84}",13,3,MovementTraverse,120,35,35,,
2678,0,Husk,T3/28,MOVING,16.538,4.000,84.517,"GoalBlock{x=8,y=4,z=84}",13,4,MovementTraverse,120,35,35,,
2679,0,Husk,T3/28,MOVING,16.258,4.000,84.510,"GoalBlock{x=8,y=4,z=84}",13,4,MovementTraverse,120,35,35,,
2680,0,Husk,T3/28,MOVING,15.977,4.000,84.505,"GoalBlock{x=8,y=4,z=84}",13,4,MovementTraverse,120,35,35,,
2681,0,Husk,T3/28,MOVING,15.697,4.000,84.501,"GoalBlock{x=8,y=4,z=84}",13,5,MovementTraverse,120,35,35,,
2682,0,Husk,T3/28,MOVING,15.416,4.000,84.501,"GoalBlock{x=8,y=4,z=84}",13,5,MovementTraverse,120,35,35,,
2683,0,Husk,T3/28,MOVING,15.135,4.000,84.501,"GoalBlock{x=8,y=4,z=84}",13,5,MovementTraverse,120,35,35,,
2684,0,Husk,T3/28,MOVING,14.855,4.000,84.501,"GoalBlock{x=8,y=4,z=84}",13,5,MovementTraverse,120,35,35,,
2685,0,Husk,T3/28,MOVING,14.574,4.000,84.501,"GoalBlock{x=8,y=4,z=84}",13,6,MovementTraverse,120,35,35,,
2686,0,Husk,T3/28,MOVING,14.294,4.000,84.501,"GoalBlock{x=8,y=4,z=84}",13,6,MovementTraverse,120,35,35,,
2687,0,Husk,T3/28,MOVING,14.013,4.000,84.501,"GoalBlock{x=8,y=4,z=84}",13,6,MovementTraverse,120,35,35,,
2688,0,Husk,T3/28,MOVING,13.732,4.000,84.500,"GoalBlock{x=8,y=4,z=84}",13,6,MovementTraverse,120,35,35,,
2689,0,Husk,T3/28,MOVING,13.452,4.000,84.500,"GoalBlock{x=8,y=4,z=84}",13,7,MovementTraverse,120,35,35,,
2690,0,Husk,T3/28,MOVING,13.171,4.000,84.500,"GoalBlock{x=8,y=4,z=84}",13,7,MovementTraverse,120,35,35,,
2691,0,Husk,T3/28,MOVING,12.890,4.000,84.500,"GoalBlock{x=8,y=4,z=84}",13,7,MovementTraverse,120,35,35,,
2692,0,Husk,T3/28,MOVING,12.610,4.000,84.500,"GoalBlock{x=8,y=4,z=84}",13,8,MovementTraverse,120,35,35,,
2693,0,Husk,T3/28,MOVING,12.329,4.000,84.500,"GoalBlock{x=8,y=4,z=84}",13,8,MovementTraverse,120,35,35,,
2694,0,Husk,T3/28,MOVING,12.049,4.000,84.500,"GoalBlock{x=8,y=4,z=84}",13,8,MovementTraverse,120,35,35,,
2695,0,Husk,T3/28,MOVING,11.768,4.000,84.500,"GoalBlock{x=8,y=4,z=84}",13,8,MovementTraverse,120,35,35,,
2696,0,Husk,T3/28,MOVING,11.487,4.000,84.500,"GoalBlock{x=8,y=4,z=84}",13,9,MovementTraverse,120,35,35,,
2697,0,Husk,T3/28,MOVING,11.207,4.000,84.500,"GoalBlock{x=8,y=4,z=84}",13,9,MovementTraverse,120,35,35,,
2698,0,Husk,T3/28,MOVING,10.926,4.000,84.500,"GoalBlock{x=8,y=4,z=84}",13,9,MovementTraverse,120,35,35,,
2699,0,Husk,T3/28,MOVING,10.646,4.000,84.500,"GoalBlock{x=8,y=4,z=84}",13,10,MovementTraverse,120,35,35,,
2700,0,Husk,T3/28,MOVING,10.365,4.000,84.500,"GoalBlock{x=8,y=4,z=84}",13,10,MovementTraverse,120,35,35,,
2701,0,Husk,T3/28,MOVING,10.084,4.000,84.500,"GoalBlock{x=8,y=4,z=84}",13,10,MovementTraverse,120,35,35,,
2702,0,Husk,T3/28,MOVING,9.804,4.000,84.500,"GoalBlock{x=8,y=4,z=84}",13,10,MovementTraverse,120,35,35,,
2703,0,Husk,T3/28,MOVING,9.523,4.000,84.500,"GoalBlock{x=8,y=4,z=84}",13,11,MovementTraverse,120,35,35,,
2704,0,Husk,T3/28,MOVING,9.242,4.000,84.500,"GoalBlock{x=8,y=4,z=84}",13,11,MovementTraverse,120,35,35,,
2705,0,Husk,T3/28,MOVING,8.962,4.000,84.500,"GoalBlock{x=8,y=4,z=84}",13,11,MovementTraverse,120,35,35,,
2706,0,Husk,T3/28,ARRIVED,8.809,4.000,84.500,,-1,-1,,120,35,35,,CANCELED
2707,0,Husk,T3/29,ARRIVED,0.500,4.000,96.500,,-1,-1,,120,35,35,,CANCELED|CANCELED
2708,0,Husk,T3/29,ARRIVED,0.500,4.000,96.500,,-1,-1,,120,35,35,,
2709,0,Husk,T3/29,ARRIVED,0.500,4.000,96.500,,-1,-1,,120,35,35,,
2710,0,Husk,T3/29,ARRIVED,0.500,4.000,96.500,,-1,-1,,120,35,35,,
2711,0,Husk,T3/29,ARRIVED,0.500,4.000,96.500,,-1,-1,,120,35,35,,
2712,0,Husk,T3/29,ARRIVED,0.500,4.000,96.500,,-1,-1,,120,35,35,,
2713,0,Husk,T3/29,ARRIVED,0.500,4.000,96.500,,-1,-1,,120,35,35,,
2714,0,Husk,T3/29,ARRIVED,0.500,4.000,96.500,,-1,-1,,120,35,35,,
2715,0,Husk,T3/29,ARRIVED,0.500,4.000,96.500,,-1,-1,,120,35,35,,
2716,0,Husk,T3/29,ARRIVED,0.500,4.000,96.500,,-1,-1,,120,35,35,,
2717,0,Husk,T3/29,SEARCHING,0.500,4.000,96.500,"GoalBlock{x=10,y=4,z=94}",-1,-1,,120,36,36,,CALC_STARTED
2718,0,Husk,T3/29,MOVING,0.610,4.000,96.436,"GoalBlock{x=10,y=4,z=94}",13,0,MovementDiagonal,399,36,36,,CALC_FINISHED_NOW_EXECUTING
2719,0,Husk,T3/29,MOVING,0.758,4.000,96.309,"GoalBlock{x=10,y=4,z=94}",13,0,MovementDiagonal,399,36,36,,
2720,0,Husk,T3/29,MOVING,0.925,4.000,96.146,"GoalBlock{x=10,y=4,z=94}",13,0,MovementDiagonal,399,36,36,,
2721,0,Husk,T3/29,MOVING,1.101,4.000,95.962,"GoalBlock{x=10,y=4,z=94}",13,0,MovementDiagonal,399,36,36,,
2722,0,Husk,T3/29,MOVING,1.285,4.000,95.769,"GoalBlock{x=10,y=4,z=94}",13,1,MovementDiagonal,399,36,36,,
2723,0,Husk,T3/29,MOVING,1.474,4.000,95.572,"GoalBlock{x=10,y=4,z=94}",13,1,MovementDiagonal,399,36,36,,
2724,0,Husk,T3/29,MOVING,1.665,4.000,95.372,"GoalBlock{x=10,y=4,z=94}",13,1,MovementDiagonal,399,36,36,,
2725,0,Husk,T3/29,MOVING,1.857,4.000,95.171,"GoalBlock{x=10,y=4,z=94}",13,1,MovementDiagonal,399,36,36,,
2726,0,Husk,T3/29,MOVING,2.051,4.000,94.969,"GoalBlock{x=10,y=4,z=94}",13,1,MovementDiagonal,399,36,36,,
2727,0,Husk,T3/29,MOVING,2.246,4.000,94.768,"GoalBlock{x=10,y=4,z=94}",13,2,MovementDiagonal,399,36,36,,
2728,0,Husk,T3/29,MOVING,2.442,4.000,94.568,"GoalBlock{x=10,y=4,z=94}",13,2,MovementDiagonal,399,36,36,,
2729,0,Husk,T3/29,MOVING,2.638,4.000,94.368,"GoalBlock{x=10,y=4,z=94}",13,2,MovementDiagonal,399,36,36,,
2730,0,Husk,T3/29,MOVING,2.835,4.000,94.169,"GoalBlock{x=10,y=4,z=94}",13,2,MovementDiagonal,399,36,36,,
2731,0,Husk,T3/29,MOVING,3.033,4.000,93.969,"GoalBlock{x=10,y=4,z=94}",13,2,MovementDiagonal,399,36,36,,
2732,0,Husk,T3/29,MOVING,3.231,4.000,93.770,"GoalBlock{x=10,y=4,z=94}",13,3,MovementDiagonal,399,36,36,,
2733,0,Husk,T3/29,MOVING,3.429,4.000,93.572,"GoalBlock{x=10,y=4,z=94}",13,3,MovementDiagonal,399,36,36,,
2734,0,Husk,T3/29,MOVING,3.627,4.000,93.373,"GoalBlock{x=10,y=4,z=94}",13,3,MovementDiagonal,399,36,36,,
2735,0,Husk,T3/29,MOVING,3.825,4.000,93.174,"GoalBlock{x=10,y=4,z=94}",13,3,MovementDiagonal,399,36,36,,
2736,0,Husk,T3/29,MOVING,4.024,4.000,92.976,"GoalBlock{x=10,y=4,z=94}",13,3,MovementDiagonal,399,36,36,,
2737,0,Husk,T3/29,MOVING,4.171,4.000,92.746,"GoalBlock{x=10,y=4,z=94}",13,4,MovementTraverse,399,36,36,,
2738,0,Husk,T3/29,MOVING,4.284,4.000,92.498,"GoalBlock{x=10,y=4,z=94}",13,4,MovementTraverse,399,36,36,,
2739,0,Husk,T3/29,MOVING,4.373,4.000,92.238,"GoalBlock{x=10,y=4,z=94}",13,4,MovementTraverse,399,36,36,,
2740,0,Husk,T3/29,MOVING,4.443,4.000,91.970,"GoalBlock{x=10,y=4,z=94}",13,4,MovementTraverse,399,36,36,,
2741,0,Husk,T3/29,MOVING,4.486,4.000,91.697,"GoalBlock{x=10,y=4,z=94}",13,5,MovementTraverse,399,36,36,,
2742,0,Husk,T3/29,MOVING,4.511,4.000,91.420,"GoalBlock{x=10,y=4,z=94}",13,5,MovementTraverse,399,36,36,,
2743,0,Husk,T3/29,MOVING,4.523,4.000,91.141,"GoalBlock{x=10,y=4,z=94}",13,5,MovementTraverse,399,36,36,,
2744,0,Husk,T3/29,MOVING,4.525,4.000,90.862,"GoalBlock{x=10,y=4,z=94}",13,5,MovementTraverse,399,36,36,,
2745,0,Husk,T3/29,MOVING,4.585,4.000,90.597,"GoalBlock{x=10,y=4,z=94}",13,6,MovementTraverse,399,36,36,,
2746,0,Husk,T3/29,MOVING,4.725,4.000,90.385,"GoalBlock{x=10,y=4,z=94}",13,6,MovementTraverse,399,36,36,,
2747,0,Husk,T3/29,MOVING,4.930,4.000,90.264,"GoalBlock{x=10,y=4,z=94}",13,6,MovementTraverse,399,36,36,,
2748,0,Husk,T3/29,MOVING,5.159,4.000,90.247,"GoalBlock{x=10,y=4,z=94}",13,6,MovementTraverse,399,36,36,,
2749,0,Husk,T3/29,MOVING,5.409,4.000,90.261,"GoalBlock{x=10,y=4,z=94}",13,7,MovementTraverse,399,36,36,,
2750,0,Husk,T3/29,MOVING,5.670,4.000,90.296,"GoalBlock{x=10,y=4,z=94}",13,7,MovementTraverse,399,36,36,,
2751,0,Husk,T3/29,MOVING,5.936,4.000,90.346,"GoalBlock{x=10,y=4,z=94}",13,7,MovementTraverse,399,36,36,,
2752,0,Husk,T3/29,MOVING,6.205,4.000,90.406,"GoalBlock{x=10,y=4,z=94}",13,7,MovementTraverse,399,36,36,,
2753,0,Husk,T3/29,MOVING,6.448,4.000,90.522,"GoalBlock{x=10,y=4,z=94}",13,8,MovementDiagonal,399,36,36,,
2754,0,Husk,T3/29,MOVING,6.675,4.000,90.671,"GoalBlock{x=10,y=4,z=94}",13,8,MovementDiagonal,399,36,36,,
2755,0,Husk,T3/29,MOVING,6.888,4.000,90.843,"GoalBlock{x=10,y=4,z=94}",13,8,MovementDiagonal,399,36,36,,
2756,0,Husk,T3/29,MOVING,7.092,4.000,91.031,"GoalBlock{x=10,y=4,z=94}",13,8,MovementDiagonal,399,36,36,,
2757,0,Husk,T3/29,MOVING,7.291,4.000,91.225,"GoalBlock{x=10,y=4,z=94}",13,9,MovementDiagonal,399,36,36,,
2758,0,Husk,T3/29,MOVING,7.487,4.000,91.423,"GoalBlock{x=10,y=4,z=94}",13,9,MovementDiagonal,399,36,36,,
2759,0,Husk,T3/29,MOVING,7.682,4.000,91.624,"GoalBlock{x=10,y=4,z=94}",13,9,MovementDiagonal,399,36,36,,
2760,0,Husk,T3/29,MOVING,7.875,4.000,91.827,"GoalBlock{x=10,y=4,z=94}",13,9,MovementDiagonal,399,36,36,,
2761,0,Husk,T3/29,MOVING,8.067,4.000,92.031,"GoalBlock{x=10,y=4,z=94}",13,9,MovementDiagonal,399,36,36,,
2762,0,Husk,T3/29,MOVING,8.261,4.000,92.234,"GoalBlock{x=10,y=4,z=94}",13,10,MovementDiagonal,399,36,36,,
2763,0,Husk,T3/29,MOVING,8.456,4.000,92.436,"GoalBlock{x=10,y=4,z=94}",13,10,MovementDiagonal,399,36,36,,
2764,0,Husk,T3/29,MOVING,8.652,4.000,92.637,"GoalBlock{x=10,y=4,z=94}",13,10,MovementDiagonal,399,36,36,,
2765,0,Husk,T3/29,MOVING,8.848,4.000,92.837,"GoalBlock{x=10,y=4,z=94}",13,10,MovementDiagonal,399,36,36,,
2766,0,Husk,T3/29,MOVING,9.044,4.000,93.038,"GoalBlock{x=10,y=4,z=94}",13,10,MovementDiagonal,399,36,36,,
2767,0,Husk,T3/29,MOVING,9.241,4.000,93.237,"GoalBlock{x=10,y=4,z=94}",13,11,MovementDiagonal,399,36,36,,
2768,0,Husk,T3/29,MOVING,9.439,4.000,93.437,"GoalBlock{x=10,y=4,z=94}",13,11,MovementDiagonal,399,36,36,,
2769,0,Husk,T3/29,MOVING,9.637,4.000,93.636,"GoalBlock{x=10,y=4,z=94}",13,11,MovementDiagonal,399,36,36,,
2770,0,Husk,T3/29,MOVING,9.835,4.000,93.834,"GoalBlock{x=10,y=4,z=94}",13,11,MovementDiagonal,399,36,36,,
2771,0,Husk,T3/29,MOVING,10.033,4.000,94.033,"GoalBlock{x=10,y=4,z=94}",13,11,MovementDiagonal,399,36,36,,
2772,0,Husk,T3/29,ARRIVED,10.141,4.000,94.142,,-1,-1,,399,36,36,,CANCELED
2773,0,Husk,T3/30,ARRIVED,0.500,4.000,108.500,,-1,-1,,399,36,36,,CANCELED|CANCELED
2774,0,Husk,T3/30,ARRIVED,0.500,4.000,108.500,,-1,-1,,399,36,36,,
2775,0,Husk,T3/30,ARRIVED,0.500,4.000,108.500,,-1,-1,,399,36,36,,
2776,0,Husk,T3/30,ARRIVED,0.500,4.000,108.500,,-1,-1,,399,36,36,,
2777,0,Husk,T3/30,ARRIVED,0.500,4.000,108.500,,-1,-1,,399,36,36,,
2778,0,Husk,T3/30,ARRIVED,0.500,4.000,108.500,,-1,-1,,399,36,36,,
2779,0,Husk,T3/30,ARRIVED,0.500,4.000,108.500,,-1,-1,,399,36,36,,
2780,0,Husk,T3/30,ARRIVED,0.500,4.000,108.500,,-1,-1,,399,36,36,,
2781,0,Husk,T3/30,ARRIVED,0.500,4.000,108.500,,-1,-1,,399,36,36,,
2782,0,Husk,T3/30,ARRIVED,0.500,4.000,108.500,,-1,-1,,399,36,36,,
2783,0,Husk,T3/30,SEARCHING,0.500,4.000,108.500,"GoalBlock{x=15,y=4,z=108}",-1,-1,,399,37,37,,CALC_STARTED
2784,0,Husk,T3/30,MOVING,0.627,4.000,108.500,"GoalBlock{x=15,y=4,z=108}",14,0,MovementTraverse,9583,38,38,,CALC_FINISHED_NOW_EXECUTING|NEXT_SEGMENT_CALC_STARTED
2785,0,Husk,T3/30,MOVING,0.824,4.000,108.500,"GoalBlock{x=15,y=4,z=108}",14,0,MovementTraverse,7230,38,38,,NEXT_CALC_FAILED
2786,0,Husk,T3/30,MOVING,1.059,4.000,108.500,"GoalBlock{x=15,y=4,z=108}",14,0,MovementTraverse,7230,38,38,,
2787,0,Husk,T3/30,MOVING,1.315,4.000,108.500,"GoalBlock{x=15,y=4,z=108}",14,1,MovementTraverse,7230,38,38,,
2788,0,Husk,T3/30,MOVING,1.582,4.000,108.500,"GoalBlock{x=15,y=4,z=108}",14,1,MovementTraverse,7230,38,38,,
2789,0,Husk,T3/30,MOVING,1.855,4.000,108.500,"GoalBlock{x=15,y=4,z=108}",14,1,MovementTraverse,7230,38,38,,
2790,0,Husk,T3/30,MOVING,2.132,4.000,108.500,"GoalBlock{x=15,y=4,z=108}",14,1,MovementTraverse,7230,38,38,,
2791,0,Husk,T3/30,MOVING,2.410,4.000,108.500,"GoalBlock{x=15,y=4,z=108}",14,2,MovementTraverse,7230,38,38,,
2792,0,Husk,T3/30,MOVING,2.690,4.000,108.500,"GoalBlock{x=15,y=4,z=108}",14,2,MovementTraverse,7230,38,38,,
2793,0,Husk,T3/30,MOVING,2.969,4.000,108.500,"GoalBlock{x=15,y=4,z=108}",14,2,MovementTraverse,7230,38,38,,
2794,0,Husk,T3/30,MOVING,3.250,4.000,108.500,"GoalBlock{x=15,y=4,z=108}",14,2,MovementTraverse,7230,38,38,,
2795,0,Husk,T3/30,MOVING,3.530,4.000,108.500,"GoalBlock{x=15,y=4,z=108}",14,3,MovementTraverse,7230,38,38,,
2796,0,Husk,T3/30,MOVING,3.811,4.000,108.500,"GoalBlock{x=15,y=4,z=108}",14,3,MovementTraverse,7230,38,38,,
2797,0,Husk,T3/30,MOVING,4.091,4.000,108.500,"GoalBlock{x=15,y=4,z=108}",14,3,MovementTraverse,7230,38,38,,
2798,0,Husk,T3/30,MOVING,4.372,4.000,108.500,"GoalBlock{x=15,y=4,z=108}",14,4,MovementTraverse,7230,38,38,,
2799,0,Husk,T3/30,MOVING,4.652,4.000,108.500,"GoalBlock{x=15,y=4,z=108}",14,4,MovementTraverse,7230,38,38,,
2800,0,Husk,T3/30,MOVING,4.933,4.000,108.500,"GoalBlock{x=15,y=4,z=108}",14,4,MovementTraverse,7230,38,38,,
2801,0,Husk,T3/30,MOVING,5.214,4.000,108.500,"GoalBlock{x=15,y=4,z=108}",14,4,MovementTraverse,7230,38,38,,
2802,0,Husk,T3/30,MOVING,5.494,4.000,108.500,"GoalBlock{x=15,y=4,z=108}",14,5,MovementTraverse,7230,38,38,,
2803,0,Husk,T3/30,MOVING,5.775,4.000,108.500,"GoalBlock{x=15,y=4,z=108}",14,5,MovementTraverse,7230,38,38,,
2804,0,Husk,T3/30,MOVING,6.055,4.000,108.500,"GoalBlock{x=15,y=4,z=108}",14,5,MovementTraverse,7230,38,38,,
2805,0,Husk,T3/30,MOVING,6.336,4.000,108.500,"GoalBlock{x=15,y=4,z=108}",14,6,MovementTraverse,7230,38,38,,
2806,0,Husk,T3/30,MOVING,6.617,4.000,108.500,"GoalBlock{x=15,y=4,z=108}",14,6,MovementTraverse,7230,38,38,,
2807,0,Husk,T3/30,MOVING,6.897,4.000,108.500,"GoalBlock{x=15,y=4,z=108}",14,6,MovementTraverse,7230,38,38,,
2808,0,Husk,T3/30,MOVING,7.178,4.000,108.500,"GoalBlock{x=15,y=4,z=108}",14,6,MovementTraverse,7230,38,38,,
2809,0,Husk,T3/30,MOVING,7.459,4.000,108.500,"GoalBlock{x=15,y=4,z=108}",14,7,MovementTraverse,7230,38,38,,
2810,0,Husk,T3/30,MOVING,7.739,4.000,108.500,"GoalBlock{x=15,y=4,z=108}",14,7,MovementTraverse,7230,38,38,,
2811,0,Husk,T3/30,MOVING,8.020,4.000,108.500,"GoalBlock{x=15,y=4,z=108}",14,7,MovementTraverse,7230,38,38,,
2812,0,Husk,T3/30,MOVING,8.300,4.000,108.500,"GoalBlock{x=15,y=4,z=108}",14,8,MovementTraverse,7230,38,38,,
2813,0,Husk,T3/30,MOVING,8.581,4.000,108.500,"GoalBlock{x=15,y=4,z=108}",14,8,MovementTraverse,7230,38,38,,
2814,0,Husk,T3/30,MOVING,8.862,4.000,108.500,"GoalBlock{x=15,y=4,z=108}",14,8,MovementTraverse,7230,38,38,,
2815,0,Husk,T3/30,MOVING,9.142,4.000,108.500,"GoalBlock{x=15,y=4,z=108}",14,8,MovementTraverse,7230,38,38,,
2816,0,Husk,T3/30,MOVING,9.423,4.000,108.500,"GoalBlock{x=15,y=4,z=108}",14,9,MovementTraverse,7230,38,38,,
2817,0,Husk,T3/30,MOVING,9.703,4.000,108.500,"GoalBlock{x=15,y=4,z=108}",14,9,MovementTraverse,7230,38,38,,
2818,0,Husk,T3/30,MOVING,9.984,4.000,108.500,"GoalBlock{x=15,y=4,z=108}",14,9,MovementTraverse,7230,38,38,,
2819,0,Husk,T3/30,MOVING,10.265,4.000,108.500,"GoalBlock{x=15,y=4,z=108}",14,9,MovementTraverse,7230,38,38,,
2820,0,Husk,T3/30,MOVING,10.545,4.000,108.500,"GoalBlock{x=15,y=4,z=108}",14,10,MovementTraverse,7230,38,38,,
2821,0,Husk,T3/30,MOVING,10.826,4.000,108.500,"GoalBlock{x=15,y=4,z=108}",14,10,MovementTraverse,7230,38,38,,
2822,0,Husk,T3/30,MOVING,11.107,4.000,108.500,"GoalBlock{x=15,y=4,z=108}",14,10,MovementTraverse,7230,38,38,,
2823,0,Husk,T3/30,MOVING,11.387,4.000,108.500,"GoalBlock{x=15,y=4,z=108}",14,11,MovementTraverse,7230,38,38,,
2824,0,Husk,T3/30,MOVING,11.668,4.000,108.500,"GoalBlock{x=15,y=4,z=108}",14,11,MovementTraverse,7230,38,38,,
2825,0,Husk,T3/30,MOVING,11.948,4.000,108.500,"GoalBlock{x=15,y=4,z=108}",14,11,MovementTraverse,7230,38,38,,
2826,0,Husk,T3/30,MOVING,12.229,4.000,108.500,"GoalBlock{x=15,y=4,z=108}",14,11,MovementTraverse,7230,38,38,,
2827,0,Husk,T3/30,MOVING,12.510,4.000,108.500,"GoalBlock{x=15,y=4,z=108}",14,12,MovementTraverse,7230,38,38,,
2828,0,Husk,T3/30,MOVING,12.790,4.000,108.500,"GoalBlock{x=15,y=4,z=108}",14,12,MovementTraverse,7230,38,38,,
2829,0,Husk,T3/30,MOVING,13.071,4.000,108.500,"GoalBlock{x=15,y=4,z=108}",14,12,MovementTraverse,7230,38,38,,
2830,0,Husk,T3/30,SEARCHING,13.224,4.000,108.500,"GoalBlock{x=15,y=4,z=108}",-1,-1,,7230,39,39,,CALC_STARTED
2831,0,Husk,T3/30,FAILED,13.308,4.000,108.500,,-1,-1,,4734,39,39,no_path,CALC_FAILED
2832,0,Husk,T3/30,FAILED,13.353,4.000,108.500,,-1,-1,,4734,39,39,no_path,
2833,0,Husk,T3/31,FAILED,60.500,4.000,0.500,,-1,-1,,4734,39,39,no_path,CANCELED|CANCELED
2834,0,Husk,T3/31,FAILED,60.500,4.000,0.500,,-1,-1,,4734,39,39,no_path,
2835,0,Husk,T3/31,FAILED,60.500,4.000,0.500,,-1,-1,,4734,39,39,no_path,
2836,0,Husk,T3/31,FAILED,60.500,4.000,0.500,,-1,-1,,4734,39,39,no_path,
2837,0,Husk,T3/31,FAILED,60.500,4.000,0.500,,-1,-1,,4734,39,39,no_path,
2838,0,Husk,T3/31,FAILED,60.500,4.000,0.500,,-1,-1,,4734,39,39,no_path,
2839,0,Husk,T3/31,FAILED,60.500,4.000,0.500,,-1,-1,,4734,39,39,no_path,
2840,0,Husk,T3/31,FAILED,60.500,4.000,0.500,,-1,-1,,4734,39,39,no_path,
2841,0,Husk,T3/31,FAILED,60.500,4.000,0.500,,-1,-1,,4734,39,39,no_path,
2842,0,Husk,T3/31,FAILED,60.500,4.000,0.500,,-1,-1,,4734,39,39,no_path,
2843,0,Husk,T3/31,SEARCHING,60.500,4.000,0.500,"GoalBlock{x=80,y=4,z=0}",-1,-1,,4734,40,40,,CALC_STARTED
2844,0,Husk,T3/31,MOVING,60.627,4.000,0.500,"GoalBlock{x=80,y=4,z=0}",21,0,MovementTraverse,171,40,40,,CALC_FINISHED_NOW_EXECUTING
2845,0,Husk,T3/31,MOVING,60.824,4.000,0.500,"GoalBlock{x=80,y=4,z=0}",21,0,MovementTraverse,171,40,40,,
2846,0,Husk,T3/31,MOVING,61.059,4.000,0.500,"GoalBlock{x=80,y=4,z=0}",21,0,MovementTraverse,171,40,40,,
2847,0,Husk,T3/31,MOVING,61.315,4.000,0.500,"GoalBlock{x=80,y=4,z=0}",21,1,MovementTraverse,171,40,40,,
2848,0,Husk,T3/31,MOVING,61.582,4.000,0.500,"GoalBlock{x=80,y=4,z=0}",21,1,MovementTraverse,171,40,40,,
2849,0,Husk,T3/31,MOVING,61.855,4.000,0.500,"GoalBlock{x=80,y=4,z=0}",21,1,MovementTraverse,171,40,40,,
2850,0,Husk,T3/31,MOVING,62.132,4.000,0.500,"GoalBlock{x=80,y=4,z=0}",21,1,MovementTraverse,171,40,40,,
2851,0,Husk,T3/31,MOVING,62.410,4.000,0.500,"GoalBlock{x=80,y=4,z=0}",21,2,MovementTraverse,171,40,40,,
2852,0,Husk,T3/31,MOVING,62.690,4.000,0.500,"GoalBlock{x=80,y=4,z=0}",21,2,MovementTraverse,171,40,40,,
2853,0,Husk,T3/31,MOVING,62.969,4.000,0.500,"GoalBlock{x=80,y=4,z=0}",21,2,MovementTraverse,171,40,40,,
2854,0,Husk,T3/31,MOVING,63.250,4.000,0.500,"GoalBlock{x=80,y=4,z=0}",21,2,MovementTraverse,171,40,40,,
2855,0,Husk,T3/31,MOVING,63.530,4.000,0.500,"GoalBlock{x=80,y=4,z=0}",21,3,MovementTraverse,171,40,40,,
2856,0,Husk,T3/31,MOVING,63.811,4.000,0.500,"GoalBlock{x=80,y=4,z=0}",21,3,MovementTraverse,171,40,40,,
2857,0,Husk,T3/31,MOVING,64.091,4.000,0.500,"GoalBlock{x=80,y=4,z=0}",21,3,MovementTraverse,171,40,40,,
2858,0,Husk,T3/31,MOVING,64.372,4.000,0.500,"GoalBlock{x=80,y=4,z=0}",21,4,MovementTraverse,171,40,40,,
2859,0,Husk,T3/31,MOVING,64.652,4.000,0.500,"GoalBlock{x=80,y=4,z=0}",21,4,MovementTraverse,171,40,40,,
2860,0,Husk,T3/31,MOVING,64.933,4.000,0.500,"GoalBlock{x=80,y=4,z=0}",21,4,MovementTraverse,171,40,40,,
2861,0,Husk,T3/31,MOVING,65.214,4.000,0.500,"GoalBlock{x=80,y=4,z=0}",21,4,MovementTraverse,171,40,40,,
2862,0,Husk,T3/31,MOVING,65.494,4.000,0.500,"GoalBlock{x=80,y=4,z=0}",21,5,MovementTraverse,171,40,40,,
2863,0,Husk,T3/31,MOVING,65.775,4.000,0.500,"GoalBlock{x=80,y=4,z=0}",21,5,MovementTraverse,171,40,40,,
2864,0,Husk,T3/31,MOVING,66.055,4.000,0.500,"GoalBlock{x=80,y=4,z=0}",21,5,MovementTraverse,171,40,40,,
2865,0,Husk,T3/31,MOVING,66.336,4.000,0.500,"GoalBlock{x=80,y=4,z=0}",21,6,MovementTraverse,171,40,40,,
2866,0,Husk,T3/31,MOVING,66.617,4.000,0.500,"GoalBlock{x=80,y=4,z=0}",21,6,MovementTraverse,171,40,40,,
2867,0,Husk,T3/31,MOVING,66.897,4.000,0.500,"GoalBlock{x=80,y=4,z=0}",21,6,MovementTraverse,171,40,40,,
2868,0,Husk,T3/31,MOVING,67.178,4.000,0.500,"GoalBlock{x=80,y=4,z=0}",21,6,MovementTraverse,171,40,40,,
2869,0,Husk,T3/31,MOVING,67.459,4.000,0.500,"GoalBlock{x=80,y=4,z=0}",21,7,MovementTraverse,171,40,40,,
2870,0,Husk,T3/31,MOVING,67.739,4.000,0.500,"GoalBlock{x=80,y=4,z=0}",21,7,MovementTraverse,171,40,40,,
2871,0,Husk,T3/31,MOVING,68.020,4.000,0.500,"GoalBlock{x=80,y=4,z=0}",21,7,MovementTraverse,171,40,40,,
2872,0,Husk,T3/31,MOVING,68.300,4.000,0.500,"GoalBlock{x=80,y=4,z=0}",21,8,MovementTraverse,171,40,40,,
2873,0,Husk,T3/31,MOVING,68.581,4.000,0.500,"GoalBlock{x=80,y=4,z=0}",21,8,MovementTraverse,171,40,40,,
2874,0,Husk,T3/31,MOVING,68.862,4.000,0.500,"GoalBlock{x=80,y=4,z=0}",21,8,MovementTraverse,171,40,40,,
2875,0,Husk,T3/31,MOVING,69.142,4.000,0.500,"GoalBlock{x=80,y=4,z=0}",21,8,MovementTraverse,171,40,40,,
2876,0,Husk,T3/31,MOVING,69.295,4.000,0.500,"GoalBlock{x=80,y=4,z=0}",21,9,MovementTraverse,171,40,40,,
2877,0,Husk,T3/31,MOVING,69.507,4.000,0.500,"GoalBlock{x=80,y=4,z=0}",21,9,MovementTraverse,171,40,40,,
2878,0,Husk,T3/31,MOVING,69.749,4.000,0.500,"GoalBlock{x=80,y=4,z=0}",21,9,MovementTraverse,171,40,40,,
2879,0,Husk,T3/31,MOVING,70.009,4.000,0.500,"GoalBlock{x=80,y=4,z=0}",21,9,MovementTraverse,171,40,40,,
2880,0,Husk,T3/31,MOVING,70.278,4.000,0.500,"GoalBlock{x=80,y=4,z=0}",21,10,MovementTraverse,171,40,40,,
2881,0,Husk,T3/31,MOVING,70.553,4.000,0.500,"GoalBlock{x=80,y=4,z=0}",21,10,MovementTraverse,171,40,40,,
2882,0,Husk,T3/31,MOVING,70.830,4.000,0.500,"GoalBlock{x=80,y=4,z=0}",21,10,MovementTraverse,171,40,40,,
2883,0,Husk,T3/31,MOVING,71.109,4.000,0.500,"GoalBlock{x=80,y=4,z=0}",21,10,MovementTraverse,171,40,40,,
2884,0,Husk,T3/31,MOVING,71.388,4.000,0.500,"GoalBlock{x=80,y=4,z=0}",21,11,MovementTraverse,171,40,40,,
2885,0,Husk,T3/31,MOVING,71.668,4.000,0.500,"GoalBlock{x=80,y=4,z=0}",21,11,MovementTraverse,171,40,40,,
2886,0,Husk,T3/31,MOVING,71.949,4.000,0.500,"GoalBlock{x=80,y=4,z=0}",21,11,MovementTraverse,171,40,40,,
2887,0,Husk,T3/31,MOVING,72.229,4.000,0.500,"GoalBlock{x=80,y=4,z=0}",21,11,MovementTraverse,171,40,40,,
2888,0,Husk,T3/31,MOVING,72.510,4.000,0.500,"GoalBlock{x=80,y=4,z=0}",21,12,MovementTraverse,171,40,40,,
2889,0,Husk,T3/31,MOVING,72.790,4.000,0.500,"GoalBlock{x=80,y=4,z=0}",21,12,MovementTraverse,171,40,40,,
2890,0,Husk,T3/31,MOVING,73.071,4.000,0.500,"GoalBlock{x=80,y=4,z=0}",21,12,MovementTraverse,171,40,40,,
2891,0,Husk,T3/31,MOVING,73.352,4.000,0.500,"GoalBlock{x=80,y=4,z=0}",21,13,MovementTraverse,171,40,40,,
2892,0,Husk,T3/31,MOVING,73.632,4.000,0.500,"GoalBlock{x=80,y=4,z=0}",21,13,MovementTraverse,171,40,40,,
2893,0,Husk,T3/31,MOVING,73.913,4.000,0.500,"GoalBlock{x=80,y=4,z=0}",21,13,MovementTraverse,171,40,40,,
2894,0,Husk,T3/31,MOVING,74.193,4.000,0.500,"GoalBlock{x=80,y=4,z=0}",21,13,MovementTraverse,171,40,40,,
2895,0,Husk,T3/31,MOVING,74.474,4.000,0.500,"GoalBlock{x=80,y=4,z=0}",21,14,MovementTraverse,171,40,40,,
2896,0,Husk,T3/31,MOVING,74.755,4.000,0.500,"GoalBlock{x=80,y=4,z=0}",21,14,MovementTraverse,171,40,40,,
2897,0,Husk,T3/31,MOVING,75.035,4.000,0.500,"GoalBlock{x=80,y=4,z=0}",21,14,MovementTraverse,171,40,40,,
2898,0,Husk,T3/31,MOVING,75.316,4.000,0.500,"GoalBlock{x=80,y=4,z=0}",21,15,MovementTraverse,171,40,40,,
2899,0,Husk,T3/31,MOVING,75.596,4.000,0.500,"GoalBlock{x=80,y=4,z=0}",21,15,MovementTraverse,171,40,40,,
2900,0,Husk,T3/31,MOVING,75.877,4.000,0.500,"GoalBlock{x=80,y=4,z=0}",21,15,MovementTraverse,171,40,40,,
2901,0,Husk,T3/31,MOVING,76.158,4.000,0.500,"GoalBlock{x=80,y=4,z=0}",21,15,MovementTraverse,171,40,40,,
2902,0,Husk,T3/31,MOVING,76.438,4.000,0.500,"GoalBlock{x=80,y=4,z=0}",21,16,MovementTraverse,171,40,40,,
2903,0,Husk,T3/31,MOVING,76.719,4.000,0.500,"GoalBlock{x=80,y=4,z=0}",21,16,MovementTraverse,171,40,40,,
2904,0,Husk,T3/31,MOVING,77.000,4.000,0.500,"GoalBlock{x=80,y=4,z=0}",21,16,MovementTraverse,171,40,40,,
2905,0,Husk,T3/31,MOVING,77.280,4.000,0.500,"GoalBlock{x=80,y=4,z=0}",21,16,MovementTraverse,171,40,40,,
2906,0,Husk,T3/31,MOVING,77.561,4.000,0.500,"GoalBlock{x=80,y=4,z=0}",21,17,MovementTraverse,171,40,40,,
2907,0,Husk,T3/31,MOVING,77.841,4.000,0.500,"GoalBlock{x=80,y=4,z=0}",21,17,MovementTraverse,171,40,40,,
2908,0,Husk,T3/31,MOVING,78.122,4.000,0.500,"GoalBlock{x=80,y=4,z=0}",21,17,MovementTraverse,171,40,40,,
2909,0,Husk,T3/31,MOVING,78.403,4.000,0.500,"GoalBlock{x=80,y=4,z=0}",21,18,MovementTraverse,171,40,40,,
2910,0,Husk,T3/31,MOVING,78.683,4.000,0.500,"GoalBlock{x=80,y=4,z=0}",21,18,MovementTraverse,171,40,40,,
2911,0,Husk,T3/31,MOVING,78.964,4.000,0.500,"GoalBlock{x=80,y=4,z=0}",21,18,MovementTraverse,171,40,40,,
2912,0,Husk,T3/31,MOVING,79.244,4.000,0.500,"GoalBlock{x=80,y=4,z=0}",21,18,MovementTraverse,171,40,40,,
2913,0,Husk,T3/31,MOVING,79.525,4.000,0.500,"GoalBlock{x=80,y=4,z=0}",21,19,MovementTraverse,171,40,40,,
2914,0,Husk,T3/31,MOVING,79.806,4.000,0.500,"GoalBlock{x=80,y=4,z=0}",21,19,MovementTraverse,171,40,40,,
2915,0,Husk,T3/31,MOVING,80.086,4.000,0.500,"GoalBlock{x=80,y=4,z=0}",21,19,MovementTraverse,171,40,40,,
2916,0,Husk,T3/31,ARRIVED,80.240,4.000,0.500,,-1,-1,,171,40,40,,CANCELED
2917,0,Husk,T3/32,ARRIVED,60.500,4.000,12.500,,-1,-1,,171,40,40,,CANCELED|CANCELED
2918,0,Husk,T3/32,ARRIVED,60.500,4.000,12.500,,-1,-1,,171,40,40,,
2919,0,Husk,T3/32,ARRIVED,60.500,4.000,12.500,,-1,-1,,171,40,40,,
2920,0,Husk,T3/32,ARRIVED,60.500,4.000,12.500,,-1,-1,,171,40,40,,
2921,0,Husk,T3/32,ARRIVED,60.500,4.000,12.500,,-1,-1,,171,40,40,,
2922,0,Husk,T3/32,ARRIVED,60.500,4.000,12.500,,-1,-1,,171,40,40,,
2923,0,Husk,T3/32,ARRIVED,60.500,4.000,12.500,,-1,-1,,171,40,40,,
2924,0,Husk,T3/32,ARRIVED,60.500,4.000,12.500,,-1,-1,,171,40,40,,
2925,0,Husk,T3/32,ARRIVED,60.500,4.000,12.500,,-1,-1,,171,40,40,,
2926,0,Husk,T3/32,ARRIVED,60.500,4.000,12.500,,-1,-1,,171,40,40,,
2927,0,Husk,T3/32,SEARCHING,60.500,4.000,12.500,"GoalBlock{x=80,y=4,z=12}",-1,-1,,171,41,41,,CALC_STARTED
2928,0,Husk,T3/32,MOVING,60.627,4.000,12.500,"GoalBlock{x=80,y=4,z=12}",10,0,MovementTraverse,370,42,42,,CALC_FINISHED_NOW_EXECUTING|NEXT_SEGMENT_CALC_STARTED
2929,0,Husk,T3/32,MOVING,60.824,4.000,12.500,"GoalBlock{x=80,y=4,z=12}",10,0,MovementTraverse,409,42,42,,NEXT_CALC_FAILED
2930,0,Husk,T3/32,MOVING,61.059,4.000,12.500,"GoalBlock{x=80,y=4,z=12}",10,0,MovementTraverse,409,42,42,,
2931,0,Husk,T3/32,MOVING,61.315,4.000,12.500,"GoalBlock{x=80,y=4,z=12}",10,1,MovementTraverse,409,42,42,,
2932,0,Husk,T3/32,MOVING,61.582,4.000,12.500,"GoalBlock{x=80,y=4,z=12}",10,1,MovementTraverse,409,42,42,,
2933,0,Husk,T3/32,MOVING,61.855,4.000,12.500,"GoalBlock{x=80,y=4,z=12}",10,1,MovementTraverse,409,42,42,,
2934,0,Husk,T3/32,MOVING,62.132,4.000,12.500,"GoalBlock{x=80,y=4,z=12}",10,1,MovementTraverse,409,42,42,,
2935,0,Husk,T3/32,MOVING,62.410,4.000,12.500,"GoalBlock{x=80,y=4,z=12}",10,2,MovementTraverse,409,42,42,,
2936,0,Husk,T3/32,MOVING,62.690,4.000,12.500,"GoalBlock{x=80,y=4,z=12}",10,2,MovementTraverse,409,42,42,,
2937,0,Husk,T3/32,MOVING,62.969,4.000,12.500,"GoalBlock{x=80,y=4,z=12}",10,2,MovementTraverse,409,42,42,,
2938,0,Husk,T3/32,MOVING,63.250,4.000,12.500,"GoalBlock{x=80,y=4,z=12}",10,2,MovementTraverse,409,42,42,,
2939,0,Husk,T3/32,MOVING,63.530,4.000,12.500,"GoalBlock{x=80,y=4,z=12}",10,3,MovementTraverse,409,42,42,,
2940,0,Husk,T3/32,MOVING,63.811,4.000,12.500,"GoalBlock{x=80,y=4,z=12}",10,3,MovementTraverse,409,42,42,,
2941,0,Husk,T3/32,MOVING,64.091,4.000,12.500,"GoalBlock{x=80,y=4,z=12}",10,3,MovementTraverse,409,42,42,,
2942,0,Husk,T3/32,MOVING,64.372,4.000,12.500,"GoalBlock{x=80,y=4,z=12}",10,4,MovementTraverse,409,42,42,,
2943,0,Husk,T3/32,MOVING,64.652,4.000,12.500,"GoalBlock{x=80,y=4,z=12}",10,4,MovementTraverse,409,42,42,,
2944,0,Husk,T3/32,MOVING,64.933,4.000,12.500,"GoalBlock{x=80,y=4,z=12}",10,4,MovementTraverse,409,42,42,,
2945,0,Husk,T3/32,MOVING,65.214,4.000,12.500,"GoalBlock{x=80,y=4,z=12}",10,4,MovementTraverse,409,42,42,,
2946,0,Husk,T3/32,MOVING,65.494,4.000,12.500,"GoalBlock{x=80,y=4,z=12}",10,5,MovementTraverse,409,42,42,,
2947,0,Husk,T3/32,MOVING,65.775,4.000,12.500,"GoalBlock{x=80,y=4,z=12}",10,5,MovementTraverse,409,42,42,,
2948,0,Husk,T3/32,MOVING,66.055,4.000,12.500,"GoalBlock{x=80,y=4,z=12}",10,5,MovementTraverse,409,42,42,,
2949,0,Husk,T3/32,MOVING,66.336,4.000,12.500,"GoalBlock{x=80,y=4,z=12}",10,6,MovementTraverse,409,42,42,,
2950,0,Husk,T3/32,MOVING,66.617,4.000,12.500,"GoalBlock{x=80,y=4,z=12}",10,6,MovementTraverse,409,42,42,,
2951,0,Husk,T3/32,MOVING,66.897,4.000,12.500,"GoalBlock{x=80,y=4,z=12}",10,6,MovementTraverse,409,42,42,,
2952,0,Husk,T3/32,MOVING,67.178,4.000,12.500,"GoalBlock{x=80,y=4,z=12}",10,6,MovementTraverse,409,42,42,,
2953,0,Husk,T3/32,MOVING,67.459,4.000,12.500,"GoalBlock{x=80,y=4,z=12}",10,7,MovementTraverse,409,42,42,,
2954,0,Husk,T3/32,MOVING,67.739,4.000,12.500,"GoalBlock{x=80,y=4,z=12}",10,7,MovementTraverse,409,42,42,,
2955,0,Husk,T3/32,MOVING,68.020,4.000,12.500,"GoalBlock{x=80,y=4,z=12}",10,7,MovementTraverse,409,42,42,,
2956,0,Husk,T3/32,MOVING,68.300,4.000,12.500,"GoalBlock{x=80,y=4,z=12}",10,8,MovementTraverse,409,42,42,,
2957,0,Husk,T3/32,MOVING,68.581,4.000,12.500,"GoalBlock{x=80,y=4,z=12}",10,8,MovementTraverse,409,42,42,,
2958,0,Husk,T3/32,MOVING,68.862,4.000,12.500,"GoalBlock{x=80,y=4,z=12}",10,8,MovementTraverse,409,42,42,,
2959,0,Husk,T3/32,MOVING,69.142,4.000,12.500,"GoalBlock{x=80,y=4,z=12}",10,8,MovementTraverse,409,42,42,,
2960,0,Husk,T3/32,SEARCHING,69.295,4.000,12.500,"GoalBlock{x=80,y=4,z=12}",-1,-1,,409,43,43,,CALC_STARTED
2961,0,Husk,T3/32,FAILED,69.379,4.000,12.500,,-1,-1,,385,43,43,no_path,CALC_FAILED
2962,0,Husk,T3/32,FAILED,69.425,4.000,12.500,,-1,-1,,385,43,43,no_path,
2963,0,Husk,T3/33,FAILED,60.500,4.000,24.500,,-1,-1,,385,43,43,no_path,CANCELED|CANCELED
2964,0,Husk,T3/33,FAILED,60.500,4.000,24.500,,-1,-1,,385,43,43,no_path,
2965,0,Husk,T3/33,FAILED,60.500,4.000,24.500,,-1,-1,,385,43,43,no_path,
2966,0,Husk,T3/33,FAILED,60.500,4.000,24.500,,-1,-1,,385,43,43,no_path,
2967,0,Husk,T3/33,FAILED,60.500,4.000,24.500,,-1,-1,,385,43,43,no_path,
2968,0,Husk,T3/33,FAILED,60.500,4.000,24.500,,-1,-1,,385,43,43,no_path,
2969,0,Husk,T3/33,FAILED,60.500,4.000,24.500,,-1,-1,,385,43,43,no_path,
2970,0,Husk,T3/33,FAILED,60.500,4.000,24.500,,-1,-1,,385,43,43,no_path,
2971,0,Husk,T3/33,FAILED,60.500,4.000,24.500,,-1,-1,,385,43,43,no_path,
2972,0,Husk,T3/33,FAILED,60.500,4.000,24.500,,-1,-1,,385,43,43,no_path,
2973,0,Husk,T3/33,SEARCHING,60.500,4.000,24.500,"GoalBlock{x=80,y=4,z=24}",-1,-1,,385,44,44,,CALC_STARTED
2974,0,Husk,T3/33,MOVING,60.627,4.000,24.500,"GoalBlock{x=80,y=4,z=24}",21,0,MovementTraverse,136,44,44,,CALC_FINISHED_NOW_EXECUTING
2975,0,Husk,T3/33,MOVING,60.824,4.000,24.500,"GoalBlock{x=80,y=4,z=24}",21,0,MovementTraverse,136,44,44,,
2976,0,Husk,T3/33,MOVING,61.059,4.000,24.500,"GoalBlock{x=80,y=4,z=24}",21,0,MovementTraverse,136,44,44,,
2977,0,Husk,T3/33,MOVING,61.315,4.000,24.500,"GoalBlock{x=80,y=4,z=24}",21,1,MovementTraverse,136,44,44,,
2978,0,Husk,T3/33,MOVING,61.582,4.000,24.500,"GoalBlock{x=80,y=4,z=24}",21,1,MovementTraverse,136,44,44,,
2979,0,Husk,T3/33,MOVING,61.855,4.000,24.500,"GoalBlock{x=80,y=4,z=24}",21,1,MovementTraverse,136,44,44,,
2980,0,Husk,T3/33,MOVING,62.132,4.000,24.500,"GoalBlock{x=80,y=4,z=24}",21,1,MovementTraverse,136,44,44,,
2981,0,Husk,T3/33,MOVING,62.410,4.000,24.500,"GoalBlock{x=80,y=4,z=24}",21,2,MovementTraverse,136,44,44,,
2982,0,Husk,T3/33,MOVING,62.690,4.000,24.500,"GoalBlock{x=80,y=4,z=24}",21,2,MovementTraverse,136,44,44,,
2983,0,Husk,T3/33,MOVING,62.969,4.000,24.500,"GoalBlock{x=80,y=4,z=24}",21,2,MovementTraverse,136,44,44,,
2984,0,Husk,T3/33,MOVING,63.250,4.000,24.500,"GoalBlock{x=80,y=4,z=24}",21,2,MovementTraverse,136,44,44,,
2985,0,Husk,T3/33,MOVING,63.530,4.000,24.500,"GoalBlock{x=80,y=4,z=24}",21,3,MovementTraverse,136,44,44,,
2986,0,Husk,T3/33,MOVING,63.811,4.000,24.500,"GoalBlock{x=80,y=4,z=24}",21,3,MovementTraverse,136,44,44,,
2987,0,Husk,T3/33,MOVING,64.091,4.000,24.500,"GoalBlock{x=80,y=4,z=24}",21,3,MovementTraverse,136,44,44,,
2988,0,Husk,T3/33,MOVING,64.372,4.000,24.500,"GoalBlock{x=80,y=4,z=24}",21,4,MovementTraverse,136,44,44,,
2989,0,Husk,T3/33,MOVING,64.652,4.000,24.500,"GoalBlock{x=80,y=4,z=24}",21,4,MovementTraverse,136,44,44,,
2990,0,Husk,T3/33,MOVING,64.933,4.000,24.500,"GoalBlock{x=80,y=4,z=24}",21,4,MovementTraverse,136,44,44,,
2991,0,Husk,T3/33,MOVING,65.214,4.000,24.500,"GoalBlock{x=80,y=4,z=24}",21,4,MovementTraverse,136,44,44,,
2992,0,Husk,T3/33,MOVING,65.494,4.000,24.500,"GoalBlock{x=80,y=4,z=24}",21,5,MovementTraverse,136,44,44,,
2993,0,Husk,T3/33,MOVING,65.775,4.000,24.500,"GoalBlock{x=80,y=4,z=24}",21,5,MovementTraverse,136,44,44,,
2994,0,Husk,T3/33,MOVING,66.055,4.000,24.500,"GoalBlock{x=80,y=4,z=24}",21,5,MovementTraverse,136,44,44,,
2995,0,Husk,T3/33,MOVING,66.336,4.000,24.500,"GoalBlock{x=80,y=4,z=24}",21,6,MovementTraverse,136,44,44,,
2996,0,Husk,T3/33,MOVING,66.617,4.000,24.500,"GoalBlock{x=80,y=4,z=24}",21,6,MovementTraverse,136,44,44,,
2997,0,Husk,T3/33,MOVING,66.897,4.000,24.500,"GoalBlock{x=80,y=4,z=24}",21,6,MovementTraverse,136,44,44,,
2998,0,Husk,T3/33,MOVING,67.178,4.000,24.500,"GoalBlock{x=80,y=4,z=24}",21,6,MovementTraverse,136,44,44,,
2999,0,Husk,T3/33,MOVING,67.459,4.000,24.500,"GoalBlock{x=80,y=4,z=24}",21,7,MovementTraverse,136,44,44,,
3000,0,Husk,T3/33,MOVING,67.739,4.000,24.500,"GoalBlock{x=80,y=4,z=24}",21,7,MovementTraverse,136,44,44,,
3001,0,Husk,T3/33,MOVING,68.020,4.000,24.500,"GoalBlock{x=80,y=4,z=24}",21,7,MovementTraverse,136,44,44,,
3002,0,Husk,T3/33,MOVING,68.300,4.000,24.500,"GoalBlock{x=80,y=4,z=24}",21,8,MovementTraverse,136,44,44,,
3003,0,Husk,T3/33,MOVING,68.581,4.000,24.500,"GoalBlock{x=80,y=4,z=24}",21,8,MovementTraverse,136,44,44,,
3004,0,Husk,T3/33,MOVING,68.862,4.000,24.500,"GoalBlock{x=80,y=4,z=24}",21,8,MovementTraverse,136,44,44,,
3005,0,Husk,T3/33,MOVING,69.142,4.000,24.500,"GoalBlock{x=80,y=4,z=24}",21,8,MovementTraverse,136,44,44,,
3006,0,Husk,T3/33,MOVING,69.295,4.000,24.500,"GoalBlock{x=80,y=4,z=24}",21,9,MovementTraverse,136,44,44,,
3007,0,Husk,T3/33,MOVING,69.507,4.000,24.500,"GoalBlock{x=80,y=4,z=24}",21,9,MovementTraverse,136,44,44,,
3008,0,Husk,T3/33,MOVING,69.749,4.000,24.500,"GoalBlock{x=80,y=4,z=24}",21,9,MovementTraverse,136,44,44,,
3009,0,Husk,T3/33,MOVING,70.009,4.000,24.500,"GoalBlock{x=80,y=4,z=24}",21,9,MovementTraverse,136,44,44,,
3010,0,Husk,T3/33,MOVING,70.278,4.000,24.500,"GoalBlock{x=80,y=4,z=24}",21,10,MovementTraverse,136,44,44,,
3011,0,Husk,T3/33,MOVING,70.553,4.000,24.500,"GoalBlock{x=80,y=4,z=24}",21,10,MovementTraverse,136,44,44,,
3012,0,Husk,T3/33,MOVING,70.830,4.000,24.500,"GoalBlock{x=80,y=4,z=24}",21,10,MovementTraverse,136,44,44,,
3013,0,Husk,T3/33,MOVING,71.109,4.000,24.500,"GoalBlock{x=80,y=4,z=24}",21,10,MovementTraverse,136,44,44,,
3014,0,Husk,T3/33,MOVING,71.388,4.000,24.500,"GoalBlock{x=80,y=4,z=24}",21,11,MovementTraverse,136,44,44,,
3015,0,Husk,T3/33,MOVING,71.668,4.000,24.500,"GoalBlock{x=80,y=4,z=24}",21,11,MovementTraverse,136,44,44,,
3016,0,Husk,T3/33,MOVING,71.949,4.000,24.500,"GoalBlock{x=80,y=4,z=24}",21,11,MovementTraverse,136,44,44,,
3017,0,Husk,T3/33,MOVING,72.229,4.000,24.500,"GoalBlock{x=80,y=4,z=24}",21,11,MovementTraverse,136,44,44,,
3018,0,Husk,T3/33,MOVING,72.510,4.000,24.500,"GoalBlock{x=80,y=4,z=24}",21,12,MovementTraverse,136,44,44,,
3019,0,Husk,T3/33,MOVING,72.790,4.000,24.500,"GoalBlock{x=80,y=4,z=24}",21,12,MovementTraverse,136,44,44,,
3020,0,Husk,T3/33,MOVING,73.071,4.000,24.500,"GoalBlock{x=80,y=4,z=24}",21,12,MovementTraverse,136,44,44,,
3021,0,Husk,T3/33,MOVING,73.352,4.000,24.500,"GoalBlock{x=80,y=4,z=24}",21,13,MovementTraverse,136,44,44,,
3022,0,Husk,T3/33,MOVING,73.632,4.000,24.500,"GoalBlock{x=80,y=4,z=24}",21,13,MovementTraverse,136,44,44,,
3023,0,Husk,T3/33,MOVING,73.913,4.000,24.500,"GoalBlock{x=80,y=4,z=24}",21,13,MovementTraverse,136,44,44,,
3024,0,Husk,T3/33,MOVING,74.193,4.000,24.500,"GoalBlock{x=80,y=4,z=24}",21,13,MovementTraverse,136,44,44,,
3025,0,Husk,T3/33,MOVING,74.474,4.000,24.500,"GoalBlock{x=80,y=4,z=24}",21,14,MovementTraverse,136,44,44,,
3026,0,Husk,T3/33,MOVING,74.755,4.000,24.500,"GoalBlock{x=80,y=4,z=24}",21,14,MovementTraverse,136,44,44,,
3027,0,Husk,T3/33,MOVING,75.035,4.000,24.500,"GoalBlock{x=80,y=4,z=24}",21,14,MovementTraverse,136,44,44,,
3028,0,Husk,T3/33,MOVING,75.316,4.000,24.500,"GoalBlock{x=80,y=4,z=24}",21,15,MovementTraverse,136,44,44,,
3029,0,Husk,T3/33,MOVING,75.596,4.000,24.500,"GoalBlock{x=80,y=4,z=24}",21,15,MovementTraverse,136,44,44,,
3030,0,Husk,T3/33,MOVING,75.877,4.000,24.500,"GoalBlock{x=80,y=4,z=24}",21,15,MovementTraverse,136,44,44,,
3031,0,Husk,T3/33,MOVING,76.158,4.000,24.500,"GoalBlock{x=80,y=4,z=24}",21,15,MovementTraverse,136,44,44,,
3032,0,Husk,T3/33,MOVING,76.438,4.000,24.500,"GoalBlock{x=80,y=4,z=24}",21,16,MovementTraverse,136,44,44,,
3033,0,Husk,T3/33,MOVING,76.719,4.000,24.500,"GoalBlock{x=80,y=4,z=24}",21,16,MovementTraverse,136,44,44,,
3034,0,Husk,T3/33,MOVING,77.000,4.000,24.500,"GoalBlock{x=80,y=4,z=24}",21,16,MovementTraverse,136,44,44,,
3035,0,Husk,T3/33,MOVING,77.280,4.000,24.500,"GoalBlock{x=80,y=4,z=24}",21,16,MovementTraverse,136,44,44,,
3036,0,Husk,T3/33,MOVING,77.561,4.000,24.500,"GoalBlock{x=80,y=4,z=24}",21,17,MovementTraverse,136,44,44,,
3037,0,Husk,T3/33,MOVING,77.841,4.000,24.500,"GoalBlock{x=80,y=4,z=24}",21,17,MovementTraverse,136,44,44,,
3038,0,Husk,T3/33,MOVING,78.122,4.000,24.500,"GoalBlock{x=80,y=4,z=24}",21,17,MovementTraverse,136,44,44,,
3039,0,Husk,T3/33,MOVING,78.403,4.000,24.500,"GoalBlock{x=80,y=4,z=24}",21,18,MovementTraverse,136,44,44,,
3040,0,Husk,T3/33,MOVING,78.683,4.000,24.500,"GoalBlock{x=80,y=4,z=24}",21,18,MovementTraverse,136,44,44,,
3041,0,Husk,T3/33,MOVING,78.964,4.000,24.500,"GoalBlock{x=80,y=4,z=24}",21,18,MovementTraverse,136,44,44,,
3042,0,Husk,T3/33,MOVING,79.244,4.000,24.500,"GoalBlock{x=80,y=4,z=24}",21,18,MovementTraverse,136,44,44,,
3043,0,Husk,T3/33,MOVING,79.525,4.000,24.500,"GoalBlock{x=80,y=4,z=24}",21,19,MovementTraverse,136,44,44,,
3044,0,Husk,T3/33,MOVING,79.806,4.000,24.500,"GoalBlock{x=80,y=4,z=24}",21,19,MovementTraverse,136,44,44,,
3045,0,Husk,T3/33,MOVING,80.086,4.000,24.500,"GoalBlock{x=80,y=4,z=24}",21,19,MovementTraverse,136,44,44,,
3046,0,Husk,T3/33,ARRIVED,80.240,4.000,24.500,,-1,-1,,136,44,44,,CANCELED
3047,0,Husk,T3/34,ARRIVED,60.500,4.000,36.500,,-1,-1,,136,44,44,,CANCELED|CANCELED
3048,0,Husk,T3/34,ARRIVED,60.500,4.000,36.500,,-1,-1,,136,44,44,,
3049,0,Husk,T3/34,ARRIVED,60.500,4.000,36.500,,-1,-1,,136,44,44,,
3050,0,Husk,T3/34,ARRIVED,60.500,4.000,36.500,,-1,-1,,136,44,44,,
3051,0,Husk,T3/34,ARRIVED,60.500,4.000,36.500,,-1,-1,,136,44,44,,
3052,0,Husk,T3/34,ARRIVED,60.500,4.000,36.500,,-1,-1,,136,44,44,,
3053,0,Husk,T3/34,ARRIVED,60.500,4.000,36.500,,-1,-1,,136,44,44,,
3054,0,Husk,T3/34,ARRIVED,60.500,4.000,36.500,,-1,-1,,136,44,44,,
3055,0,Husk,T3/34,ARRIVED,60.500,4.000,36.500,,-1,-1,,136,44,44,,
3056,0,Husk,T3/34,ARRIVED,60.500,4.000,36.500,,-1,-1,,136,44,44,,
3057,0,Husk,T3/34,SEARCHING,60.500,4.000,36.500,"GoalBlock{x=75,y=9,z=36}",-1,-1,,136,45,45,,CALC_STARTED
3058,0,Husk,T3/34,MOVING,60.627,4.000,36.500,"GoalBlock{x=75,y=9,z=36}",20,0,MovementTraverse,1117,45,45,,CALC_FINISHED_NOW_EXECUTING
3059,0,Husk,T3/34,MOVING,60.824,4.000,36.500,"GoalBlock{x=75,y=9,z=36}",20,0,MovementTraverse,1117,45,45,,
3060,0,Husk,T3/34,MOVING,61.059,4.000,36.500,"GoalBlock{x=75,y=9,z=36}",20,0,MovementTraverse,1117,45,45,,
3061,0,Husk,T3/34,MOVING,61.315,4.000,36.500,"GoalBlock{x=75,y=9,z=36}",20,1,MovementTraverse,1117,45,45,,
3062,0,Husk,T3/34,MOVING,61.582,4.000,36.500,"GoalBlock{x=75,y=9,z=36}",20,1,MovementTraverse,1117,45,45,,
3063,0,Husk,T3/34,MOVING,61.855,4.000,36.500,"GoalBlock{x=75,y=9,z=36}",20,1,MovementTraverse,1117,45,45,,
3064,0,Husk,T3/34,MOVING,62.132,4.000,36.500,"GoalBlock{x=75,y=9,z=36}",20,1,MovementTraverse,1117,45,45,,
3065,0,Husk,T3/34,MOVING,62.410,4.000,36.500,"GoalBlock{x=75,y=9,z=36}",20,2,MovementTraverse,1117,45,45,,
3066,0,Husk,T3/34,MOVING,62.690,4.000,36.500,"GoalBlock{x=75,y=9,z=36}",20,2,MovementTraverse,1117,45,45,,
3067,0,Husk,T3/34,MOVING,62.969,4.000,36.500,"GoalBlock{x=75,y=9,z=36}",20,2,MovementTraverse,1117,45,45,,
3068,0,Husk,T3/34,MOVING,63.250,4.000,36.500,"GoalBlock{x=75,y=9,z=36}",20,2,MovementTraverse,1117,45,45,,
3069,0,Husk,T3/34,MOVING,63.530,4.000,36.500,"GoalBlock{x=75,y=9,z=36}",20,3,MovementTraverse,1117,45,45,,
3070,0,Husk,T3/34,MOVING,63.811,4.000,36.500,"GoalBlock{x=75,y=9,z=36}",20,3,MovementTraverse,1117,45,45,,
3071,0,Husk,T3/34,MOVING,64.091,4.000,36.500,"GoalBlock{x=75,y=9,z=36}",20,3,MovementTraverse,1117,45,45,,
3072,0,Husk,T3/34,MOVING,64.372,4.000,36.500,"GoalBlock{x=75,y=9,z=36}",20,4,MovementTraverse,1117,45,45,,
3073,0,Husk,T3/34,MOVING,64.652,4.000,36.500,"GoalBlock{x=75,y=9,z=36}",20,4,MovementTraverse,1117,45,45,,
3074,0,Husk,T3/34,MOVING,64.933,4.000,36.500,"GoalBlock{x=75,y=9,z=36}",20,4,MovementTraverse,1117,45,45,,
3075,0,Husk,T3/34,MOVING,65.214,4.000,36.500,"GoalBlock{x=75,y=9,z=36}",20,4,MovementTraverse,1117,45,45,,
3076,0,Husk,T3/34,MOVING,65.494,4.000,36.500,"GoalBlock{x=75,y=9,z=36}",20,5,MovementTraverse,1117,45,45,,
3077,0,Husk,T3/34,MOVING,65.775,4.000,36.500,"GoalBlock{x=75,y=9,z=36}",20,5,MovementTraverse,1117,45,45,,
3078,0,Husk,T3/34,MOVING,66.055,4.000,36.500,"GoalBlock{x=75,y=9,z=36}",20,5,MovementTraverse,1117,45,45,,
3079,0,Husk,T3/34,MOVING,66.336,4.000,36.500,"GoalBlock{x=75,y=9,z=36}",20,6,MovementTraverse,1117,45,45,,
3080,0,Husk,T3/34,MOVING,66.617,4.000,36.500,"GoalBlock{x=75,y=9,z=36}",20,6,MovementTraverse,1117,45,45,,
3081,0,Husk,T3/34,MOVING,66.897,4.000,36.500,"GoalBlock{x=75,y=9,z=36}",20,6,MovementTraverse,1117,45,45,,
3082,0,Husk,T3/34,MOVING,67.178,4.000,36.500,"GoalBlock{x=75,y=9,z=36}",20,6,MovementTraverse,1117,45,45,,
3083,0,Husk,T3/34,MOVING,67.459,4.000,36.500,"GoalBlock{x=75,y=9,z=36}",20,7,MovementTraverse,1117,45,45,,
3084,0,Husk,T3/34,MOVING,67.739,4.000,36.500,"GoalBlock{x=75,y=9,z=36}",20,7,MovementTraverse,1117,45,45,,
3085,0,Husk,T3/34,MOVING,68.020,4.000,36.500,"GoalBlock{x=75,y=9,z=36}",20,7,MovementTraverse,1117,45,45,,
3086,0,Husk,T3/34,MOVING,68.271,4.420,36.500,"GoalBlock{x=75,y=9,z=36}",20,8,MovementAscend,1117,45,45,,
3087,0,Husk,T3/34,MOVING,68.428,4.753,36.500,"GoalBlock{x=75,y=9,z=36}",20,8,MovementAscend,1117,45,45,,
3088,0,Husk,T3/34,MOVING,68.590,5.001,36.500,"GoalBlock{x=75,y=9,z=36}",20,8,MovementAscend,1117,45,45,,
3089,0,Husk,T3/34,MOVING,68.757,5.166,36.500,"GoalBlock{x=75,y=9,z=36}",20,8,MovementAscend,1117,45,45,,
3090,0,Husk,T3/34,MOVING,68.929,5.249,36.500,"GoalBlock{x=75,y=9,z=36}",20,8,MovementAscend,1117,45,45,,
3091,0,Husk,T3/34,MOVING,69.105,5.252,36.500,"GoalBlock{x=75,y=9,z=36}",20,8,MovementAscend,1117,45,45,,
3092,0,Husk,T3/34,MOVING,69.255,5.177,36.500,"GoalBlock{x=75,y=9,z=36}",20,9,MovementPillar,1117,45,45,,
3093,0,Husk,T3/34,MOVING,69.397,5.027,36.500,"GoalBlock{x=75,y=9,z=36}",20,9,MovementPillar,1117,45,45,,
3094,0,Husk,T3/34,MOVING,69.533,4.877,36.500,"GoalBlock{x=75,y=9,z=36}",20,9,MovementPillar,1117,45,45,,
3095,0,Husk,T3/34,MOVING,69.632,4.727,36.500,"GoalBlock{x=75,y=9,z=36}",20,9,MovementPillar,1117,45,45,,
3096,0,Husk,T3/34,SEARCHING,69.632,4.844,36.500,"GoalBlock{x=75,y=9,z=36}",-1,-1,,1117,46,46,,CALC_STARTED
3097,0,Husk,T3/34,MOVING,69.632,4.881,36.500,"GoalBlock{x=75,y=9,z=36}",12,0,MovementPillar,231,46,46,,CALC_FINISHED_NOW_EXECUTING
3098,0,Husk,T3/34,MOVING,69.632,4.999,36.500,"GoalBlock{x=75,y=9,z=36}",12,1,MovementPillar,231,46,46,,
3099,0,Husk,T3/34,MOVING,69.632,5.116,36.500,"GoalBlock{x=75,y=9,z=36}",12,1,MovementPillar,231,46,46,,
3100,0,Husk,T3/34,MOVING,69.632,5.234,36.500,"GoalBlock{x=75,y=9,z=36}",12,1,MovementPillar,231,46,46,,
3101,0,Husk,T3/34,MOVING,69.632,5.352,36.500,"GoalBlock{x=75,y=9,z=36}",12,1,MovementPillar,231,46,46,,
3102,0,Husk,T3/34,MOVING,69.632,5.469,36.500,"GoalBlock{x=75,y=9,z=36}",12,1,MovementPillar,231,46,46,,
3103,0,Husk,T3/34,MOVING,69.632,5.587,36.500,"GoalBlock{x=75,y=9,z=36}",12,1,MovementPillar,231,46,46,,
3104,0,Husk,T3/34,MOVING,69.632,5.704,36.500,"GoalBlock{x=75,y=9,z=36}",12,1,MovementPillar,231,46,46,,
3105,0,Husk,T3/34,MOVING,69.632,5.822,36.500,"GoalBlock{x=75,y=9,z=36}",12,1,MovementPillar,231,46,46,,
3106,0,Husk,T3/34,MOVING,69.632,5.940,36.500,"GoalBlock{x=75,y=9,z=36}",12,1,MovementPillar,231,46,46,,
3107,0,Husk,T3/34,MOVING,69.632,6.057,36.500,"GoalBlock{x=75,y=9,z=36}",12,2,MovementPillar,231,46,46,,
3108,0,Husk,T3/34,MOVING,69.632,6.175,36.500,"GoalBlock{x=75,y=9,z=36}",12,2,MovementPillar,231,46,46,,
3109,0,Husk,T3/34,MOVING,69.632,6.292,36.500,"GoalBlock{x=75,y=9,z=36}",12,2,MovementPillar,231,46,46,,
3110,0,Husk,T3/34,MOVING,69.632,6.410,36.500,"GoalBlock{x=75,y=9,z=36}",12,2,MovementPillar,231,46,46,,
3111,0,Husk,T3/34,MOVING,69.632,6.528,36.500,"GoalBlock{x=75,y=9,z=36}",12,2,MovementPillar,231,46,46,,
3112,0,Husk,T3/34,MOVING,69.632,6.645,36.500,"GoalBlock{x=75,y=9,z=36}",12,2,MovementPillar,231,46,46,,
3113,0,Husk,T3/34,MOVING,69.632,6.763,36.500,"GoalBlock{x=75,y=9,z=36}",12,2,MovementPillar,231,46,46,,
3114,0,Husk,T3/34,MOVING,69.632,6.880,36.500,"GoalBlock{x=75,y=9,z=36}",12,2,MovementPillar,231,46,46,,
3115,0,Husk,T3/34,MOVING,69.632,6.998,36.500,"GoalBlock{x=75,y=9,z=36}",12,3,MovementPillar,231,46,46,,
3116,0,Husk,T3/34,MOVING,69.632,7.116,36.500,"GoalBlock{x=75,y=9,z=36}",12,3,MovementPillar,231,46,46,,
3117,0,Husk,T3/34,MOVING,69.632,7.233,36.500,"GoalBlock{x=75,y=9,z=36}",12,3,MovementPillar,231,46,46,,
3118,0,Husk,T3/34,MOVING,69.632,7.351,36.500,"GoalBlock{x=75,y=9,z=36}",12,3,MovementPillar,231,46,46,,
3119,0,Husk,T3/34,MOVING,69.632,7.468,36.500,"GoalBlock{x=75,y=9,z=36}",12,3,MovementPillar,231,46,46,,
3120,0,Husk,T3/34,MOVING,69.632,7.586,36.500,"GoalBlock{x=75,y=9,z=36}",12,3,MovementPillar,231,46,46,,
3121,0,Husk,T3/34,MOVING,69.632,7.704,36.500,"GoalBlock{x=75,y=9,z=36}",12,3,MovementPillar,231,46,46,,
3122,0,Husk,T3/34,MOVING,69.632,7.821,36.500,"GoalBlock{x=75,y=9,z=36}",12,3,MovementPillar,231,46,46,,
3123,0,Husk,T3/34,MOVING,69.632,7.939,36.500,"GoalBlock{x=75,y=9,z=36}",12,3,MovementPillar,231,46,46,,
3124,0,Husk,T3/34,MOVING,69.632,8.056,36.500,"GoalBlock{x=75,y=9,z=36}",12,4,MovementPillar,231,46,46,,
3125,0,Husk,T3/34,MOVING,69.632,8.174,36.500,"GoalBlock{x=75,y=9,z=36}",12,4,MovementPillar,231,46,46,,
3126,0,Husk,T3/34,MOVING,69.632,8.292,36.500,"GoalBlock{x=75,y=9,z=36}",12,4,MovementPillar,231,46,46,,
3127,0,Husk,T3/34,MOVING,69.632,8.409,36.500,"GoalBlock{x=75,y=9,z=36}",12,4,MovementPillar,231,46,46,,
3128,0,Husk,T3/34,MOVING,69.632,8.527,36.500,"GoalBlock{x=75,y=9,z=36}",12,4,MovementPillar,231,46,46,,
3129,0,Husk,T3/34,MOVING,69.632,8.644,36.500,"GoalBlock{x=75,y=9,z=36}",12,4,MovementPillar,231,46,46,,
3130,0,Husk,T3/34,MOVING,69.632,8.762,36.500,"GoalBlock{x=75,y=9,z=36}",12,4,MovementPillar,231,46,46,,
3131,0,Husk,T3/34,MOVING,69.632,8.880,36.500,"GoalBlock{x=75,y=9,z=36}",12,4,MovementPillar,231,46,46,,
3132,0,Husk,T3/34,MOVING,69.632,8.997,36.500,"GoalBlock{x=75,y=9,z=36}",12,5,MovementTraverse,231,46,46,,
3133,0,Husk,T3/34,MOVING,69.658,9.115,36.500,"GoalBlock{x=75,y=9,z=36}",12,5,MovementTraverse,231,46,46,,
3134,0,Husk,T3/34,MOVING,69.707,9.152,36.500,"GoalBlock{x=75,y=9,z=36}",12,5,MovementTraverse,231,46,46,,
3135,0,Husk,T3/34,MOVING,69.776,9.109,36.500,"GoalBlock{x=75,y=9,z=36}",12,5,MovementTraverse,231,46,46,,
3136,0,Husk,T3/34,MOVING,69.865,9.000,36.500,"GoalBlock{x=75,y=9,z=36}",12,5,MovementTraverse,231,46,46,,
3137,0,Husk,T3/34,MOVING,70.074,9.000,36.500,"GoalBlock{x=75,y=9,z=36}",12,5,MovementTraverse,231,46,46,,
3138,0,Husk,T3/34,MOVING,70.315,9.000,36.500,"GoalBlock{x=75,y=9,z=36}",12,6,MovementTraverse,231,46,46,,
3139,0,Husk,T3/34,MOVING,70.574,9.000,36.500,"GoalBlock{x=75,y=9,z=36}",12,6,MovementTraverse,231,46,46,,
3140,0,Husk,T3/34,MOVING,70.843,9.000,36.500,"GoalBlock{x=75,y=9,z=36}",12,6,MovementTraverse,231,46,46,,
3141,0,Husk,T3/34,MOVING,71.117,9.000,36.500,"GoalBlock{x=75,y=9,z=36}",12,6,MovementTraverse,231,46,46,,
3142,0,Husk,T3/34,MOVING,71.394,9.000,36.500,"GoalBlock{x=75,y=9,z=36}",12,7,MovementTraverse,231,46,46,,
3143,0,Husk,T3/34,MOVING,71.673,9.000,36.500,"GoalBlock{x=75,y=9,z=36}",12,7,MovementTraverse,231,46,46,,
3144,0,Husk,T3/34,MOVING,71.952,9.000,36.500,"GoalBlock{x=75,y=9,z=36}",12,7,MovementTraverse,231,46,46,,
3145,0,Husk,T3/34,MOVING,72.232,9.000,36.500,"GoalBlock{x=75,y=9,z=36}",12,7,MovementTraverse,231,46,46,,
3146,0,Husk,T3/34,MOVING,72.513,9.000,36.500,"GoalBlock{x=75,y=9,z=36}",12,8,MovementTraverse,231,46,46,,
3147,0,Husk,T3/34,MOVING,72.793,9.000,36.500,"GoalBlock{x=75,y=9,z=36}",12,8,MovementTraverse,231,46,46,,
3148,0,Husk,T3/34,MOVING,73.074,9.000,36.500,"GoalBlock{x=75,y=9,z=36}",12,8,MovementTraverse,231,46,46,,
3149,0,Husk,T3/34,MOVING,73.354,9.000,36.500,"GoalBlock{x=75,y=9,z=36}",12,9,MovementTraverse,231,46,46,,
3150,0,Husk,T3/34,MOVING,73.635,9.000,36.500,"GoalBlock{x=75,y=9,z=36}",12,9,MovementTraverse,231,46,46,,
3151,0,Husk,T3/34,MOVING,73.915,9.000,36.500,"GoalBlock{x=75,y=9,z=36}",12,9,MovementTraverse,231,46,46,,
3152,0,Husk,T3/34,MOVING,74.196,9.000,36.500,"GoalBlock{x=75,y=9,z=36}",12,9,MovementTraverse,231,46,46,,
3153,0,Husk,T3/34,MOVING,74.477,9.000,36.500,"GoalBlock{x=75,y=9,z=36}",12,10,MovementTraverse,231,46,46,,
3154,0,Husk,T3/34,MOVING,74.757,9.000,36.500,"GoalBlock{x=75,y=9,z=36}",12,10,MovementTraverse,231,46,46,,
3155,0,Husk,T3/34,MOVING,75.038,9.000,36.500,"GoalBlock{x=75,y=9,z=36}",12,10,MovementTraverse,231,46,46,,
3156,0,Husk,T3/34,ARRIVED,75.191,9.000,36.500,,-1,-1,,231,46,46,,CANCELED
3157,0,Husk,T3/35,ARRIVED,60.500,9.000,48.500,,-1,-1,,231,46,46,,CANCELED|CANCELED
3158,0,Husk,T3/35,ARRIVED,60.500,9.000,48.500,,-1,-1,,231,46,46,,
3159,0,Husk,T3/35,ARRIVED,60.500,9.000,48.500,,-1,-1,,231,46,46,,
3160,0,Husk,T3/35,ARRIVED,60.500,9.000,48.500,,-1,-1,,231,46,46,,
3161,0,Husk,T3/35,ARRIVED,60.500,9.000,48.500,,-1,-1,,231,46,46,,
3162,0,Husk,T3/35,ARRIVED,60.500,9.000,48.500,,-1,-1,,231,46,46,,
3163,0,Husk,T3/35,ARRIVED,60.500,9.000,48.500,,-1,-1,,231,46,46,,
3164,0,Husk,T3/35,ARRIVED,60.500,9.000,48.500,,-1,-1,,231,46,46,,
3165,0,Husk,T3/35,ARRIVED,60.500,9.000,48.500,,-1,-1,,231,46,46,,
3166,0,Husk,T3/35,ARRIVED,60.500,9.000,48.500,,-1,-1,,231,46,46,,
3167,0,Husk,T3/35,SEARCHING,60.500,9.000,48.500,"GoalBlock{x=80,y=4,z=48}",-1,-1,,231,47,47,,CALC_STARTED
3168,0,Husk,T3/35,MOVING,60.627,9.000,48.500,"GoalBlock{x=80,y=4,z=48}",26,0,MovementTraverse,328,47,47,,CALC_FINISHED_NOW_EXECUTING
3169,0,Husk,T3/35,MOVING,60.824,9.000,48.500,"GoalBlock{x=80,y=4,z=48}",26,0,MovementTraverse,328,47,47,,
3170,0,Husk,T3/35,MOVING,61.059,9.000,48.500,"GoalBlock{x=80,y=4,z=48}",26,0,MovementTraverse,328,47,47,,
3171,0,Husk,T3/35,MOVING,61.315,9.000,48.500,"GoalBlock{x=80,y=4,z=48}",26,1,MovementTraverse,328,47,47,,
3172,0,Husk,T3/35,MOVING,61.582,9.000,48.500,"GoalBlock{x=80,y=4,z=48}",26,1,MovementTraverse,328,47,47,,
3173,0,Husk,T3/35,MOVING,61.855,9.000,48.500,"GoalBlock{x=80,y=4,z=48}",26,1,MovementTraverse,328,47,47,,
3174,0,Husk,T3/35,MOVING,62.132,9.000,48.500,"GoalBlock{x=80,y=4,z=48}",26,1,MovementTraverse,328,47,47,,
3175,0,Husk,T3/35,MOVING,62.410,9.000,48.500,"GoalBlock{x=80,y=4,z=48}",26,2,MovementTraverse,328,47,47,,
3176,0,Husk,T3/35,MOVING,62.690,9.000,48.500,"GoalBlock{x=80,y=4,z=48}",26,2,MovementTraverse,328,47,47,,
3177,0,Husk,T3/35,MOVING,62.969,9.000,48.500,"GoalBlock{x=80,y=4,z=48}",26,2,MovementTraverse,328,47,47,,
3178,0,Husk,T3/35,MOVING,63.250,9.000,48.500,"GoalBlock{x=80,y=4,z=48}",26,2,MovementTraverse,328,47,47,,
3179,0,Husk,T3/35,MOVING,63.530,9.000,48.500,"GoalBlock{x=80,y=4,z=48}",26,3,MovementTraverse,328,47,47,,
3180,0,Husk,T3/35,MOVING,63.811,9.000,48.500,"GoalBlock{x=80,y=4,z=48}",26,3,MovementTraverse,328,47,47,,
3181,0,Husk,T3/35,MOVING,64.091,9.000,48.500,"GoalBlock{x=80,y=4,z=48}",26,3,MovementTraverse,328,47,47,,
3182,0,Husk,T3/35,MOVING,64.372,9.000,48.500,"GoalBlock{x=80,y=4,z=48}",26,4,MovementTraverse,328,47,47,,
3183,0,Husk,T3/35,MOVING,64.652,9.000,48.500,"GoalBlock{x=80,y=4,z=48}",26,4,MovementTraverse,328,47,47,,
3184,0,Husk,T3/35,MOVING,64.933,9.000,48.500,"GoalBlock{x=80,y=4,z=48}",26,4,MovementTraverse,328,47,47,,
3185,0,Husk,T3/35,MOVING,65.214,9.000,48.500,"GoalBlock{x=80,y=4,z=48}",26,4,MovementTraverse,328,47,47,,
3186,0,Husk,T3/35,MOVING,65.494,9.000,48.500,"GoalBlock{x=80,y=4,z=48}",26,5,MovementTraverse,328,47,47,,
3187,0,Husk,T3/35,MOVING,65.775,9.000,48.500,"GoalBlock{x=80,y=4,z=48}",26,5,MovementTraverse,328,47,47,,
3188,0,Husk,T3/35,MOVING,66.055,9.000,48.500,"GoalBlock{x=80,y=4,z=48}",26,5,MovementTraverse,328,47,47,,
3189,0,Husk,T3/35,MOVING,66.336,9.000,48.500,"GoalBlock{x=80,y=4,z=48}",26,6,MovementTraverse,328,47,47,,
3190,0,Husk,T3/35,MOVING,66.617,9.000,48.500,"GoalBlock{x=80,y=4,z=48}",26,6,MovementTraverse,328,47,47,,
3191,0,Husk,T3/35,MOVING,66.897,9.000,48.500,"GoalBlock{x=80,y=4,z=48}",26,6,MovementTraverse,328,47,47,,
3192,0,Husk,T3/35,MOVING,67.178,9.000,48.500,"GoalBlock{x=80,y=4,z=48}",26,6,MovementTraverse,328,47,47,,
3193,0,Husk,T3/35,MOVING,67.459,9.000,48.500,"GoalBlock{x=80,y=4,z=48}",26,7,MovementTraverse,328,47,47,,
3194,0,Husk,T3/35,MOVING,67.739,9.000,48.500,"GoalBlock{x=80,y=4,z=48}",26,7,MovementTraverse,328,47,47,,
3195,0,Husk,T3/35,MOVING,68.020,9.000,48.500,"GoalBlock{x=80,y=4,z=48}",26,7,MovementTraverse,328,47,47,,
3196,0,Husk,T3/35,MOVING,68.300,9.000,48.500,"GoalBlock{x=80,y=4,z=48}",26,8,MovementTraverse,328,47,47,,
3197,0,Husk,T3/35,MOVING,68.581,9.000,48.500,"GoalBlock{x=80,y=4,z=48}",26,8,MovementTraverse,328,47,47,,
3198,0,Husk,T3/35,MOVING,68.862,9.000,48.500,"GoalBlock{x=80,y=4,z=48}",26,8,MovementTraverse,328,47,47,,
3199,0,Husk,T3/35,MOVING,69.142,9.000,48.500,"GoalBlock{x=80,y=4,z=48}",26,8,MovementTraverse,328,47,47,,
3200,0,Husk,T3/35,MOVING,69.393,9.000,48.500,"GoalBlock{x=80,y=4,z=48}",26,9,MovementDownward,328,47,47,,
3201,0,Husk,T3/35,MOVING,69.531,8.922,48.500,"GoalBlock{x=80,y=4,z=48}",26,9,MovementDownward,328,47,47,,
3202,0,Husk,T3/35,MOVING,69.606,8.772,48.500,"GoalBlock{x=80,y=4,z=48}",26,9,MovementDownward,328,47,47,,
3203,0,Husk,T3/35,MOVING,69.674,8.622,48.500,"GoalBlock{x=80,y=4,z=48}",26,10,MovementDownward,328,47,47,,
3204,0,Husk,T3/35,MOVING,69.736,8.472,48.500,"GoalBlock{x=80,y=4,z=48}",26,10,MovementDownward,328,47,47,,
3205,0,Husk,T3/35,MOVING,69.809,8.322,48.490,"GoalBlock{x=80,y=4,z=48}",26,10,MovementDownward,328,47,47,,
3206,0,Husk,T3/35,MOVING,69.886,8.172,48.464,"GoalBlock{x=80,y=4,z=48}",26,10,MovementDownward,328,47,47,,
3207,0,Husk,T3/35,MOVING,69.955,8.022,48.421,"GoalBlock{x=80,y=4,z=48}",26,10,MovementDownward,328,47,47,,
3208,0,Husk,T3/35,MOVING,70.009,7.872,48.365,"GoalBlock{x=80,y=4,z=48}",26,10,MovementDownward,328,47,47,,
3209,0,Husk,T3/35,SEARCHING,70.058,7.646,48.314,"GoalBlock{x=80,y=4,z=48}",-1,-1,,328,48,48,,CALC_STARTED
3210,0,Husk,T3/35,MOVING,70.090,7.347,48.245,"GoalBlock{x=80,y=4,z=48}",11,0,MovementFall,147,48,48,,CALC_FINISHED_NOW_EXECUTING
3211,0,Husk,T3/35,MOVING,70.118,6.975,48.157,"GoalBlock{x=80,y=4,z=48}",11,0,MovementFall,147,48,48,,
3212,0,Husk,T3/35,MOVING,70.157,6.533,48.055,"GoalBlock{x=80,y=4,z=48}",11,0,MovementFall,147,48,48,,
3213,0,Husk,T3/35,MOVING,70.215,6.020,47.949,"GoalBlock{x=80,y=4,z=48}",11,0,MovementFall,147,48,48,,
3214,0,Husk,T3/35,MOVING,70.293,5.440,47.853,"GoalBlock{x=80,y=4,z=48}",11,0,MovementFall,147,48,48,,
3215,0,Husk,T3/35,MOVING,70.388,4.793,47.771,"GoalBlock{x=80,y=4,z=48}",11,0,MovementFall,147,48,48,,
3216,0,Husk,T3/35,MOVING,70.500,4.080,47.704,"GoalBlock{x=80,y=4,z=48}",11,0,MovementFall,147,48,48,,
3217,0,Husk,T3/35,MOVING,70.626,4.000,47.649,"GoalBlock{x=80,y=4,z=48}",11,0,MovementFall,147,48,48,,
3218,0,Husk,T3/35,MOVING,70.861,4.000,47.641,"GoalBlock{x=80,y=4,z=48}",11,0,MovementFall,147,48,48,,
3219,0,Husk,T3/35,MOVING,71.108,4.000,47.683,"GoalBlock{x=80,y=4,z=48}",11,0,MovementFall,147,48,48,,
3220,0,Husk,T3/35,MOVING,71.361,4.000,47.754,"GoalBlock{x=80,y=4,z=48}",11,0,MovementFall,147,48,48,,
3221,0,Husk,T3/35,MOVING,71.616,4.000,47.843,"GoalBlock{x=80,y=4,z=48}",11,0,MovementFall,147,48,48,,
3222,0,Husk,T3/35,MOVING,71.872,4.000,47.943,"GoalBlock{x=80,y=4,z=48}",11,0,MovementFall,147,48,48,,
3223,0,Husk,T3/35,MOVING,72.128,4.000,48.050,"GoalBlock{x=80,y=4,z=48}",11,0,MovementFall,147,48,48,,
3224,0,Husk,T3/35,MOVING,72.383,4.000,48.162,"GoalBlock{x=80,y=4,z=48}",11,0,MovementFall,147,48,48,,
3225,0,Husk,T3/35,MOVING,72.638,4.000,48.278,"GoalBlock{x=80,y=4,z=48}",11,0,MovementFall,147,48,48,,
3226,0,Husk,T3/35,MOVING,72.892,4.000,48.396,"GoalBlock{x=80,y=4,z=48}",11,0,MovementFall,147,48,48,,
3227,0,Husk,T3/35,MOVING,73.144,4.000,48.517,"GoalBlock{x=80,y=4,z=48}",11,0,MovementFall,147,48,48,,
3228,0,Husk,T3/35,MOVING,73.409,4.000,48.582,"GoalBlock{x=80,y=4,z=48}",11,3,MovementTraverse,147,48,48,,
3229,0,Husk,T3/35,MOVING,73.681,4.000,48.608,"GoalBlock{x=80,y=4,z=48}",11,3,MovementTraverse,147,48,48,,
3230,0,Husk,T3/35,MOVING,73.956,4.000,48.605,"GoalBlock{x=80,y=4,z=48}",11,3,MovementTraverse,147,48,48,,
3231,0,Husk,T3/35,MOVING,74.231,4.000,48.581,"GoalBlock{x=80,y=4,z=48}",11,3,MovementTraverse,147,48,48,,
3232,0,Husk,T3/35,MOVING,74.509,4.000,48.560,"GoalBlock{x=80,y=4,z=48}",11,4,MovementTraverse,147,48,48,,
3233,0,Husk,T3/35,MOVING,74.787,4.000,48.540,"GoalBlock{x=80,y=4,z=48}",11,4,MovementTraverse,147,48,48,,
3234,0,Husk,T3/35,MOVING,75.066,4.000,48.523,"GoalBlock{x=80,y=4,z=48}",11,4,MovementTraverse,147,48,48,,
3235,0,Husk,T3/35,MOVING,75.346,4.000,48.511,"GoalBlock{x=80,y=4,z=48}",11,5,MovementTraverse,147,48,48,,
3236,0,Husk,T3/35,MOVING,75.627,4.000,48.503,"GoalBlock{x=80,y=4,z=48}",11,5,MovementTraverse,147,48,48,,
3237,0,Husk,T3/35,MOVING,75.907,4.000,48.499,"GoalBlock{x=80,y=4,z=48}",11,5,MovementTraverse,147,48,48,,
3238,0,Husk,T3/35,MOVING,76.187,4.000,48.499,"GoalBlock{x=80,y=4,z=48}",11,5,MovementTraverse,147,48,48,,
3239,0,Husk,T3/35,MOVING,76.468,4.000,48.499,"GoalBlock{x=80,y=4,z=48}",11,6,MovementTraverse,147,48,48,,
3240,0,Husk,T3/35,MOVING,76.749,4.000,48.499,"GoalBlock{x=80,y=4,z=48}",11,6,MovementTraverse,147,48,48,,
3241,0,Husk,T3/35,MOVING,77.029,4.000,48.499,"GoalBlock{x=80,y=4,z=48}",11,6,MovementTraverse,147,48,48,,
3242,0,Husk,T3/35,MOVING,77.310,4.000,48.499,"GoalBlock{x=80,y=4,z=48}",11,7,MovementTraverse,147,48,48,,
3243,0,Husk,T3/35,MOVING,77.590,4.000,48.499,"GoalBlock{x=80,y=4,z=48}",11,7,MovementTraverse,147,48,48,,
3244,0,Husk,T3/35,MOVING,77.871,4.000,48.499,"GoalBlock{x=80,y=4,z=48}",11,7,MovementTraverse,147,48,48,,
3245,0,Husk,T3/35,MOVING,78.152,4.000,48.500,"GoalBlock{x=80,y=4,z=48}",11,7,MovementTraverse,147,48,48,,
3246,0,Husk,T3/35,MOVING,78.432,4.000,48.500,"GoalBlock{x=80,y=4,z=48}",11,8,MovementTraverse,147,48,48,,
3247,0,Husk,T3/35,MOVING,78.713,4.000,48.500,"GoalBlock{x=80,y=4,z=48}",11,8,MovementTraverse,147,48,48,,
3248,0,Husk,T3/35,MOVING,78.993,4.000,48.500,"GoalBlock{x=80,y=4,z=48}",11,8,MovementTraverse,147,48,48,,
3249,0,Husk,T3/35,MOVING,79.274,4.000,48.500,"GoalBlock{x=80,y=4,z=48}",11,8,MovementTraverse,147,48,48,,
3250,0,Husk,T3/35,MOVING,79.555,4.000,48.500,"GoalBlock{x=80,y=4,z=48}",11,9,MovementTraverse,147,48,48,,
3251,0,Husk,T3/35,MOVING,79.835,4.000,48.500,"GoalBlock{x=80,y=4,z=48}",11,9,MovementTraverse,147,48,48,,
3252,0,Husk,T3/35,MOVING,80.116,4.000,48.500,"GoalBlock{x=80,y=4,z=48}",11,9,MovementTraverse,147,48,48,,
3253,0,Husk,T3/35,ARRIVED,80.269,4.000,48.500,,-1,-1,,147,48,48,,CANCELED
3254,0,Husk,T3/36,ARRIVED,60.500,4.000,60.500,,-1,-1,,147,48,48,,CANCELED|CANCELED
3255,0,Husk,T3/36,ARRIVED,60.500,4.000,60.500,,-1,-1,,147,48,48,,
3256,0,Husk,T3/36,ARRIVED,60.500,4.000,60.500,,-1,-1,,147,48,48,,
3257,0,Husk,T3/36,ARRIVED,60.500,4.000,60.500,,-1,-1,,147,48,48,,
3258,0,Husk,T3/36,ARRIVED,60.500,4.000,60.500,,-1,-1,,147,48,48,,
3259,0,Husk,T3/36,ARRIVED,60.500,4.000,60.500,,-1,-1,,147,48,48,,
3260,0,Husk,T3/36,ARRIVED,60.500,4.000,60.500,,-1,-1,,147,48,48,,
3261,0,Husk,T3/36,ARRIVED,60.500,4.000,60.500,,-1,-1,,147,48,48,,
3262,0,Husk,T3/36,ARRIVED,60.500,4.000,60.500,,-1,-1,,147,48,48,,
3263,0,Husk,T3/36,ARRIVED,60.500,4.000,60.500,,-1,-1,,147,48,48,,
3264,0,Husk,T3/36,SEARCHING,60.500,4.000,60.500,"GoalBlock{x=80,y=4,z=60}",-1,-1,,147,49,49,,CALC_STARTED
3265,0,Husk,T3/36,MOVING,60.627,4.000,60.500,"GoalBlock{x=80,y=4,z=60}",21,0,MovementTraverse,487,49,49,,CALC_FINISHED_NOW_EXECUTING
3266,0,Husk,T3/36,MOVING,60.824,4.000,60.500,"GoalBlock{x=80,y=4,z=60}",21,0,MovementTraverse,487,49,49,,
3267,0,Husk,T3/36,MOVING,61.059,4.000,60.500,"GoalBlock{x=80,y=4,z=60}",21,0,MovementTraverse,487,49,49,,
3268,0,Husk,T3/36,MOVING,61.315,4.000,60.500,"GoalBlock{x=80,y=4,z=60}",21,1,MovementTraverse,487,49,49,,
3269,0,Husk,T3/36,MOVING,61.582,4.000,60.500,"GoalBlock{x=80,y=4,z=60}",21,1,MovementTraverse,487,49,49,,
3270,0,Husk,T3/36,MOVING,61.855,4.000,60.500,"GoalBlock{x=80,y=4,z=60}",21,1,MovementTraverse,487,49,49,,
3271,0,Husk,T3/36,MOVING,62.132,4.000,60.500,"GoalBlock{x=80,y=4,z=60}",21,1,MovementTraverse,487,49,49,,
3272,0,Husk,T3/36,MOVING,62.410,4.000,60.500,"GoalBlock{x=80,y=4,z=60}",21,2,MovementTraverse,487,49,49,,
3273,0,Husk,T3/36,MOVING,62.690,4.000,60.500,"GoalBlock{x=80,y=4,z=60}",21,2,MovementTraverse,487,49,49,,
3274,0,Husk,T3/36,MOVING,62.969,4.000,60.500,"GoalBlock{x=80,y=4,z=60}",21,2,MovementTraverse,487,49,49,,
3275,0,Husk,T3/36,MOVING,63.250,4.000,60.500,"GoalBlock{x=80,y=4,z=60}",21,2,MovementTraverse,487,49,49,,
3276,0,Husk,T3/36,MOVING,63.530,4.000,60.500,"GoalBlock{x=80,y=4,z=60}",21,3,MovementTraverse,487,49,49,,
3277,0,Husk,T3/36,MOVING,63.811,4.000,60.500,"GoalBlock{x=80,y=4,z=60}",21,3,MovementTraverse,487,49,49,,
3278,0,Husk,T3/36,MOVING,64.091,4.000,60.500,"GoalBlock{x=80,y=4,z=60}",21,3,MovementTraverse,487,49,49,,
3279,0,Husk,T3/36,MOVING,64.372,4.000,60.500,"GoalBlock{x=80,y=4,z=60}",21,4,MovementTraverse,487,49,49,,
3280,0,Husk,T3/36,MOVING,64.652,4.000,60.500,"GoalBlock{x=80,y=4,z=60}",21,4,MovementTraverse,487,49,49,,
3281,0,Husk,T3/36,MOVING,64.933,4.000,60.500,"GoalBlock{x=80,y=4,z=60}",21,4,MovementTraverse,487,49,49,,
3282,0,Husk,T3/36,MOVING,65.214,4.000,60.500,"GoalBlock{x=80,y=4,z=60}",21,4,MovementTraverse,487,49,49,,
3283,0,Husk,T3/36,MOVING,65.494,4.000,60.500,"GoalBlock{x=80,y=4,z=60}",21,5,MovementTraverse,487,49,49,,
3284,0,Husk,T3/36,MOVING,65.775,4.000,60.500,"GoalBlock{x=80,y=4,z=60}",21,5,MovementTraverse,487,49,49,,
3285,0,Husk,T3/36,MOVING,66.055,4.000,60.500,"GoalBlock{x=80,y=4,z=60}",21,5,MovementTraverse,487,49,49,,
3286,0,Husk,T3/36,MOVING,66.336,4.000,60.500,"GoalBlock{x=80,y=4,z=60}",21,6,MovementTraverse,487,49,49,,
3287,0,Husk,T3/36,MOVING,66.617,4.000,60.500,"GoalBlock{x=80,y=4,z=60}",21,6,MovementTraverse,487,49,49,,
3288,0,Husk,T3/36,MOVING,66.897,4.000,60.500,"GoalBlock{x=80,y=4,z=60}",21,6,MovementTraverse,487,49,49,,
3289,0,Husk,T3/36,MOVING,67.178,4.000,60.500,"GoalBlock{x=80,y=4,z=60}",21,6,MovementTraverse,487,49,49,,
3290,0,Husk,T3/36,MOVING,67.429,4.000,60.500,"GoalBlock{x=80,y=4,z=60}",21,7,MovementDescend,487,49,49,,
3291,0,Husk,T3/36,MOVING,67.664,4.000,60.500,"GoalBlock{x=80,y=4,z=60}",21,7,MovementDescend,487,49,49,,
3292,0,Husk,T3/36,MOVING,67.891,4.000,60.500,"GoalBlock{x=80,y=4,z=60}",21,7,MovementDescend,487,49,49,,
3293,0,Husk,T3/36,MOVING,68.112,4.000,60.500,"GoalBlock{x=80,y=4,z=60}",21,7,MovementDescend,487,49,49,,
3294,0,Husk,T3/36,MOVING,68.331,4.000,60.500,"GoalBlock{x=80,y=4,z=60}",21,7,MovementDescend,487,49,49,,
3295,0,Husk,T3/36,MOVING,68.536,3.922,60.451,"GoalBlock{x=80,y=4,z=60}",21,7,MovementDescend,487,49,49,,
3296,0,Husk,T3/36,MOVING,68.657,3.766,60.407,"GoalBlock{x=80,y=4,z=60}",21,7,MovementDescend,487,49,49,,
3297,0,Husk,T3/36,MOVING,68.790,3.536,60.355,"GoalBlock{x=80,y=4,z=60}",21,8,MovementTraverse,487,49,49,,
3298,0,Husk,T3/36,MOVING,68.930,3.272,60.307,"GoalBlock{x=80,y=4,z=60}",21,8,MovementTraverse,487,49,49,,
3299,0,Husk,T3/36,MOVING,69.061,3.080,60.275,"GoalBlock{x=80,y=4,z=60}",21,8,MovementTraverse,487,49,49,,
3300,0,Husk,T3/36,MOVING,69.185,3.000,60.252,"GoalBlock{x=80,y=4,z=60}",21,9,MovementTraverse,487,49,49,,
3301,0,Husk,T3/36,MOVING,69.303,3.020,60.238,"GoalBlock{x=80,y=4,z=60}",21,9,MovementTraverse,487,49,49,,
3302,0,Husk,T3/36,MOVING,69.417,3.056,60.231,"GoalBlock{x=80,y=4,z=60}",21,9,MovementTraverse,487,49,49,,
3303,0,Husk,T3/36,MOVING,69.527,3.105,60.230,"GoalBlock{x=80,y=4,z=60}",21,9,MovementTraverse,487,49,49,,
3304,0,Husk,T3/36,MOVING,69.634,3.164,60.235,"GoalBlock{x=80,y=4,z=60}",21,9,MovementTraverse,487,49,49,,
3305,0,Husk,T3/36,MOVING,69.739,3.231,60.245,"GoalBlock{x=80,y=4,z=60}",21,9,MovementTraverse,487,49,49,,
3306,0,Husk,T3/36,MOVING,69.841,3.305,60.259,"GoalBlock{x=80,y=4,z=60}",21,9,MovementTraverse,487,49,49,,
3307,0,Husk,T3/36,MOVING,69.941,3.384,60.277,"GoalBlock{x=80,y=4,z=60}",21,9,MovementTraverse,487,49,49,,
3308,0,Husk,T3/36,MOVING,70.039,3.467,60.299,"GoalBlock{x=80,y=4,z=60}",21,9,MovementTraverse,487,49,49,,
3309,0,Husk,T3/36,MOVING,70.137,3.554,60.319,"GoalBlock{x=80,y=4,z=60}",21,10,MovementTraverse,487,49,49,,
3310,0,Husk,T3/36,MOVING,70.235,3.643,60.337,"GoalBlock{x=80,y=4,z=60}",21,10,MovementTraverse,487,49,49,,
3311,0,Husk,T3/36,MOVING,70.338,3.694,60.356,"GoalBlock{x=80,y=4,z=60}",21,10,MovementTraverse,487,49,49,,
3312,0,Husk,T3/36,MOVING,70.458,3.666,60.375,"GoalBlock{x=80,y=4,z=60}",21,10,MovementTraverse,487,49,49,,
3313,0,Husk,T3/36,MOVING,70.592,3.560,60.396,"GoalBlock{x=80,y=4,z=60}",21,10,MovementTraverse,487,49,49,,
3314,0,Husk,T3/36,MOVING,70.733,3.418,60.417,"GoalBlock{x=80,y=4,z=60}",21,10,MovementTraverse,487,49,49,,
3315,0,Husk,T3/36,MOVING,70.866,3.325,60.436,"GoalBlock{x=80,y=4,z=60}",21,10,MovementTraverse,487,49,49,,
3316,0,Husk,T3/36,MOVING,70.992,3.270,60.454,"GoalBlock{x=80,y=4,z=60}",21,10,MovementTraverse,487,49,49,,
3317,0,Husk,T3/36,MOVING,71.112,3.246,60.469,"GoalBlock{x=80,y=4,z=60}",21,10,MovementTraverse,487,49,49,,
3318,0,Husk,T3/36,MOVING,71.227,3.247,60.482,"GoalBlock{x=80,y=4,z=60}",21,11,MovementTraverse,487,49,49,,
3319,0,Husk,T3/36,MOVING,71.339,3.267,60.493,"GoalBlock{x=80,y=4,z=60}",21,11,MovementTraverse,487,49,49,,
3320,0,Husk,T3/36,MOVING,71.449,3.304,60.501,"GoalBlock{x=80,y=4,z=60}",21,11,MovementTraverse,487,49,49,,
3321,0,Husk,T3/36,MOVING,71.556,3.353,60.508,"GoalBlock{x=80,y=4,z=60}",21,11,MovementTraverse,487,49,49,,
3322,0,Husk,T3/36,MOVING,71.661,3.412,60.513,"GoalBlock{x=80,y=4,z=60}",21,11,MovementTraverse,487,49,49,,
3323,0,Husk,T3/36,MOVING,71.765,3.480,60.517,"GoalBlock{x=80,y=4,z=60}",21,11,MovementTraverse,487,49,49,,
3324,0,Husk,T3/36,MOVING,71.867,3.554,60.520,"GoalBlock{x=80,y=4,z=60}",21,11,MovementTraverse,487,49,49,,
3325,0,Husk,T3/36,MOVING,71.969,3.633,60.519,"GoalBlock{x=80,y=4,z=60}",21,11,MovementTraverse,487,49,49,,
3326,0,Husk,T3/36,MOVING,72.076,3.676,60.519,"GoalBlock{x=80,y=4,z=60}",21,11,MovementTraverse,487,49,49,,
3327,0,Husk,T3/36,MOVING,72.192,3.640,60.518,"GoalBlock{x=80,y=4,z=60}",21,12,MovementAscend,487,49,49,,
3328,0,Husk,T3/36,MOVING,72.318,3.527,60.518,"GoalBlock{x=80,y=4,z=60}",21,12,MovementAscend,487,49,49,,
3329,0,Husk,T3/36,MOVING,72.452,3.377,60.518,"GoalBlock{x=80,y=4,z=60}",21,12,MovementAscend,487,49,49,,
3330,0,Husk,T3/36,MOVING,72.579,3.277,60.517,"GoalBlock{x=80,y=4,z=60}",21,12,MovementAscend,487,49,49,,
3331,0,Husk,T3/36,MOVING,72.700,3.218,60.517,"GoalBlock{x=80,y=4,z=60}",21,12,MovementAscend,487,49,49,,
3332,0,Husk,T3/36,MOVING,72.817,3.190,60.517,"GoalBlock{x=80,y=4,z=60}",21,12,MovementAscend,487,49,49,,
3333,0,Husk,T3/36,MOVING,72.820,3.187,60.516,"GoalBlock{x=80,y=4,z=60}",21,12,MovementAscend,487,49,49,,
3334,0,Husk,T3/36,MOVING,72.820,3.206,60.516,"GoalBlock{x=80,y=4,z=60}",21,12,MovementAscend,487,49,49,,
3335,0,Husk,T3/36,MOVING,72.820,3.240,60.515,"GoalBlock{x=80,y=4,z=60}",21,12,MovementAscend,487,49,49,,
3336,0,Husk,T3/36,MOVING,72.820,3.288,60.515,"GoalBlock{x=80,y=4,z=60}",21,12,MovementAscend,487,49,49,,
3337,0,Husk,T3/36,MOVING,72.820,3.346,60.514,"GoalBlock{x=80,y=4,z=60}",21,12,MovementAscend,487,49,49,,
3338,0,Husk,T3/36,MOVING,72.820,3.412,60.514,"GoalBlock{x=80,y=4,z=60}",21,12,MovementAscend,487,49,49,,
3339,0,Husk,T3/36,MOVING,72.820,3.486,60.514,"GoalBlock{x=80,y=4,z=60}",21,12,MovementAscend,487,49,49,,
3340,0,Husk,T3/36,MOVING,72.820,3.826,60.513,"GoalBlock{x=80,y=4,z=60}",21,12,MovementAscend,487,49,49,,
3341,0,Husk,T3/36,MOVING,72.840,4.126,60.513,"GoalBlock{x=80,y=4,z=60}",21,12,MovementAscend,487,49,49,,
3342,0,Husk,T3/36,MOVING,72.877,4.341,60.512,"GoalBlock{x=80,y=4,z=60}",21,12,MovementAscend,487,49,49,,
3343,0,Husk,T3/36,MOVING,72.931,4.474,60.512,"GoalBlock{x=80,y=4,z=60}",21,12,MovementAscend,487,49,49,,
3344,0,Husk,T3/36,MOVING,72.999,4.526,60.512,"GoalBlock{x=80,y=4,z=60}",21,12,MovementAscend,487,49,49,,
3345,0,Husk,T3/36,MOVING,73.081,4.498,60.511,"GoalBlock{x=80,y=4,z=60}",21,12,MovementAscend,487,49,49,,
3346,0,Husk,T3/36,MOVING,73.181,4.393,60.511,"GoalBlock{x=80,y=4,z=60}",21,13,MovementTraverse,487,49,49,,
3347,0,Husk,T3/36,MOVING,73.297,4.211,60.511,"GoalBlock{x=80,y=4,z=60}",21,13,MovementTraverse,487,49,49,,
3348,0,Husk,T3/36,MOVING,73.429,4.000,60.511,"GoalBlock{x=80,y=4,z=60}",21,13,MovementTraverse,487,49,49,,
3349,0,Husk,T3/36,MOVING,73.676,4.000,60.509,"GoalBlock{x=80,y=4,z=60}",21,13,MovementTraverse,487,49,49,,
3350,0,Husk,T3/36,MOVING,73.938,4.000,60.508,"GoalBlock{x=80,y=4,z=60}",21,13,MovementTraverse,487,49,49,,
3351,0,Husk,T3/36,MOVING,74.209,4.000,60.506,"GoalBlock{x=80,y=4,z=60}",21,13,MovementTraverse,487,49,49,,
3352,0,Husk,T3/36,MOVING,74.484,4.000,60.505,"GoalBlock{x=80,y=4,z=60}",21,14,MovementTraverse,487,49,49,,
3353,0,Husk,T3/36,MOVING,74.761,4.000,60.505,"GoalBlock{x=80,y=4,z=60}",21,14,MovementTraverse,487,49,49,,
3354,0,Husk,T3/36,MOVING,75.040,4.000,60.504,"GoalBlock{x=80,y=4,z=60}",21,14,MovementTraverse,487,49,49,,
3355,0,Husk,T3/36,MOVING,75.320,4.000,60.504,"GoalBlock{x=80,y=4,z=60}",21,15,MovementTraverse,487,49,49,,
3356,0,Husk,T3/36,MOVING,75.600,4.000,60.503,"GoalBlock{x=80,y=4,z=60}",21,15,MovementTraverse,487,49,49,,
3357,0,Husk,T3/36,MOVING,75.881,4.000,60.503,"GoalBlock{x=80,y=4,z=60}",21,15,MovementTraverse,487,49,49,,
3358,0,Husk,T3/36,MOVING,76.161,4.000,60.502,"GoalBlock{x=80,y=4,z=60}",21,15,MovementTraverse,487,49,49,,
3359,0,Husk,T3/36,MOVING,76.442,4.000,60.502,"GoalBlock{x=80,y=4,z=60}",21,16,MovementTraverse,487,49,49,,
3360,0,Husk,T3/36,MOVING,76.722,4.000,60.502,"GoalBlock{x=80,y=4,z=60}",21,16,MovementTraverse,487,49,49,,
3361,0,Husk,T3/36,MOVING,77.003,4.000,60.502,"GoalBlock{x=80,y=4,z=60}",21,16,MovementTraverse,487,49,49,,
3362,0,Husk,T3/36,MOVING,77.283,4.000,60.501,"GoalBlock{x=80,y=4,z=60}",21,17,MovementTraverse,487,49,49,,
3363,0,Husk,T3/36,MOVING,77.564,4.000,60.501,"GoalBlock{x=80,y=4,z=60}",21,17,MovementTraverse,487,49,49,,
3364,0,Husk,T3/36,MOVING,77.845,4.000,60.501,"GoalBlock{x=80,y=4,z=60}",21,17,MovementTraverse,487,49,49,,
3365,0,Husk,T3/36,MOVING,78.125,4.000,60.501,"GoalBlock{x=80,y=4,z=60}",21,17,MovementTraverse,487,49,49,,
3366,0,Husk,T3/36,MOVING,78.406,4.000,60.501,"GoalBlock{x=80,y=4,z=60}",21,18,MovementTraverse,487,49,49,,
3367,0,Husk,T3/36,MOVING,78.686,4.000,60.501,"GoalBlock{x=80,y=4,z=60}",21,18,MovementTraverse,487,49,49,,
3368,0,Husk,T3/36,MOVING,78.967,4.000,60.501,"GoalBlock{x=80,y=4,z=60}",21,18,MovementTraverse,487,49,49,,
3369,0,Husk,T3/36,MOVING,79.248,4.000,60.500,"GoalBlock{x=80,y=4,z=60}",21,18,MovementTraverse,487,49,49,,
3370,0,Husk,T3/36,MOVING,79.528,4.000,60.500,"GoalBlock{x=80,y=4,z=60}",21,19,MovementTraverse,487,49,49,,
3371,0,Husk,T3/36,MOVING,79.809,4.000,60.500,"GoalBlock{x=80,y=4,z=60}",21,19,MovementTraverse,487,49,49,,
3372,0,Husk,T3/36,MOVING,80.090,4.000,60.500,"GoalBlock{x=80,y=4,z=60}",21,19,MovementTraverse,487,49,49,,
3373,0,Husk,T3/36,ARRIVED,80.243,4.000,60.500,,-1,-1,,487,49,49,,CANCELED
3374,0,Husk,T3/37,ARRIVED,60.500,4.000,72.500,,-1,-1,,487,49,49,,CANCELED|CANCELED
3375,0,Husk,T3/37,ARRIVED,60.500,4.000,72.500,,-1,-1,,487,49,49,,
3376,0,Husk,T3/37,ARRIVED,60.500,4.000,72.500,,-1,-1,,487,49,49,,
3377,0,Husk,T3/37,ARRIVED,60.500,4.000,72.500,,-1,-1,,487,49,49,,
3378,0,Husk,T3/37,ARRIVED,60.500,4.000,72.500,,-1,-1,,487,49,49,,
3379,0,Husk,T3/37,ARRIVED,60.500,4.000,72.500,,-1,-1,,487,49,49,,
3380,0,Husk,T3/37,ARRIVED,60.500,4.000,72.500,,-1,-1,,487,49,49,,
3381,0,Husk,T3/37,ARRIVED,60.500,4.000,72.500,,-1,-1,,487,49,49,,
3382,0,Husk,T3/37,ARRIVED,60.500,4.000,72.500,,-1,-1,,487,49,49,,
3383,0,Husk,T3/37,ARRIVED,60.500,4.000,72.500,,-1,-1,,487,49,49,,
3384,0,Husk,T3/37,SEARCHING,60.500,4.000,72.500,"GoalBlock{x=80,y=4,z=72}",-1,-1,,487,50,50,,CALC_STARTED
3385,0,Husk,T3/37,MOVING,60.627,4.000,72.500,"GoalBlock{x=80,y=4,z=72}",21,0,MovementTraverse,661,50,50,,CALC_FINISHED_NOW_EXECUTING
3386,0,Husk,T3/37,MOVING,60.824,4.000,72.500,"GoalBlock{x=80,y=4,z=72}",21,0,MovementTraverse,661,50,50,,
3387,0,Husk,T3/37,MOVING,61.059,4.000,72.500,"GoalBlock{x=80,y=4,z=72}",21,0,MovementTraverse,661,50,50,,
3388,0,Husk,T3/37,MOVING,61.315,4.000,72.500,"GoalBlock{x=80,y=4,z=72}",21,1,MovementTraverse,661,50,50,,
3389,0,Husk,T3/37,MOVING,61.582,4.000,72.500,"GoalBlock{x=80,y=4,z=72}",21,1,MovementTraverse,661,50,50,,
3390,0,Husk,T3/37,MOVING,61.855,4.000,72.500,"GoalBlock{x=80,y=4,z=72}",21,1,MovementTraverse,661,50,50,,
3391,0,Husk,T3/37,MOVING,62.132,4.000,72.500,"GoalBlock{x=80,y=4,z=72}",21,1,MovementTraverse,661,50,50,,
3392,0,Husk,T3/37,MOVING,62.410,4.000,72.500,"GoalBlock{x=80,y=4,z=72}",21,2,MovementTraverse,661,50,50,,
3393,0,Husk,T3/37,MOVING,62.690,4.000,72.500,"GoalBlock{x=80,y=4,z=72}",21,2,MovementTraverse,661,50,50,,
3394,0,Husk,T3/37,MOVING,62.969,4.000,72.500,"GoalBlock{x=80,y=4,z=72}",21,2,MovementTraverse,661,50,50,,
3395,0,Husk,T3/37,MOVING,63.250,4.000,72.500,"GoalBlock{x=80,y=4,z=72}",21,2,MovementTraverse,661,50,50,,
3396,0,Husk,T3/37,MOVING,63.530,4.000,72.500,"GoalBlock{x=80,y=4,z=72}",21,3,MovementTraverse,661,50,50,,
3397,0,Husk,T3/37,MOVING,63.811,4.000,72.500,"GoalBlock{x=80,y=4,z=72}",21,3,MovementTraverse,661,50,50,,
3398,0,Husk,T3/37,MOVING,64.091,4.000,72.500,"GoalBlock{x=80,y=4,z=72}",21,3,MovementTraverse,661,50,50,,
3399,0,Husk,T3/37,MOVING,64.372,4.000,72.500,"GoalBlock{x=80,y=4,z=72}",21,4,MovementTraverse,661,50,50,,
3400,0,Husk,T3/37,MOVING,64.652,4.000,72.500,"GoalBlock{x=80,y=4,z=72}",21,4,MovementTraverse,661,50,50,,
3401,0,Husk,T3/37,MOVING,64.933,4.000,72.500,"GoalBlock{x=80,y=4,z=72}",21,4,MovementTraverse,661,50,50,,
3402,0,Husk,T3/37,MOVING,65.214,4.000,72.500,"GoalBlock{x=80,y=4,z=72}",21,4,MovementTraverse,661,50,50,,
3403,0,Husk,T3/37,MOVING,65.494,4.000,72.500,"GoalBlock{x=80,y=4,z=72}",21,5,MovementTraverse,661,50,50,,
3404,0,Husk,T3/37,MOVING,65.775,4.000,72.500,"GoalBlock{x=80,y=4,z=72}",21,5,MovementTraverse,661,50,50,,
3405,0,Husk,T3/37,MOVING,66.055,4.000,72.500,"GoalBlock{x=80,y=4,z=72}",21,5,MovementTraverse,661,50,50,,
3406,0,Husk,T3/37,MOVING,66.336,4.000,72.500,"GoalBlock{x=80,y=4,z=72}",21,6,MovementTraverse,661,50,50,,
3407,0,Husk,T3/37,MOVING,66.617,4.000,72.500,"GoalBlock{x=80,y=4,z=72}",21,6,MovementTraverse,661,50,50,,
3408,0,Husk,T3/37,MOVING,66.897,4.000,72.500,"GoalBlock{x=80,y=4,z=72}",21,6,MovementTraverse,661,50,50,,
3409,0,Husk,T3/37,MOVING,67.178,4.000,72.500,"GoalBlock{x=80,y=4,z=72}",21,6,MovementTraverse,661,50,50,,
3410,0,Husk,T3/37,MOVING,67.429,4.000,72.500,"GoalBlock{x=80,y=4,z=72}",21,7,MovementDescend,661,50,50,,
3411,0,Husk,T3/37,MOVING,67.664,4.000,72.500,"GoalBlock{x=80,y=4,z=72}",21,7,MovementDescend,661,50,50,,
3412,0,Husk,T3/37,MOVING,67.891,4.000,72.500,"GoalBlock{x=80,y=4,z=72}",21,7,MovementDescend,661,50,50,,
3413,0,Husk,T3/37,MOVING,68.112,4.000,72.500,"GoalBlock{x=80,y=4,z=72}",21,7,MovementDescend,661,50,50,,
3414,0,Husk,T3/37,MOVING,68.331,4.000,72.500,"GoalBlock{x=80,y=4,z=72}",21,7,MovementDescend,661,50,50,,
3415,0,Husk,T3/37,MOVING,68.536,3.922,72.451,"GoalBlock{x=80,y=4,z=72}",21,7,MovementDescend,661,50,50,,
3416,0,Husk,T3/37,MOVING,68.657,3.766,72.407,"GoalBlock{x=80,y=4,z=72}",21,7,MovementDescend,661,50,50,,
3417,0,Husk,T3/37,MOVING,68.790,3.536,72.355,"GoalBlock{x=80,y=4,z=72}",21,8,MovementTraverse,661,50,50,,
3418,0,Husk,T3/37,MOVING,68.930,3.272,72.307,"GoalBlock{x=80,y=4,z=72}",21,8,MovementTraverse,661,50,50,,
3419,0,Husk,T3/37,MOVING,69.061,3.080,72.275,"GoalBlock{x=80,y=4,z=72}",21,8,MovementTraverse,661,50,50,,
3420,0,Husk,T3/37,MOVING,69.185,2.947,72.252,"GoalBlock{x=80,y=4,z=72}",21,9,MovementTraverse,661,50,50,,
3421,0,Husk,T3/37,MOVING,69.303,2.860,72.238,"GoalBlock{x=80,y=4,z=72}",21,9,MovementTraverse,661,50,50,,
3422,0,Husk,T3/37,MOVING,69.398,2.811,72.227,"GoalBlock{x=80,y=4,z=72}",21,9,MovementTraverse,661,50,50,,
3423,0,Husk,T3/37,MOVING,69.474,2.792,72.217,"GoalBlock{x=80,y=4,z=72}",21,9,MovementTraverse,661,50,50,,
3424,0,Husk,T3/37,MOVING,69.534,2.796,72.210,"GoalBlock{x=80,y=4,z=72}",21,9,MovementTraverse,661,50,50,,
3425,0,Husk,T3/37,MOVING,69.583,2.820,72.204,"GoalBlock{x=80,y=4,z=72}",21,9,MovementTraverse,661,50,50,,
3426,0,Husk,T3/37,MOVING,69.622,2.860,72.199,"GoalBlock{x=80,y=4,z=72}",21,9,MovementTraverse,661,50,50,,
3427,0,Husk,T3/37,MOVING,69.653,2.912,72.196,"GoalBlock{x=80,y=4,z=72}",21,9,MovementTraverse,661,50,50,,
3428,0,Husk,T3/37,MOVING,69.696,2.973,72.199,"GoalBlock{x=80,y=4,z=72}",21,9,MovementTraverse,661,50,50,,
3429,0,Husk,T3/37,MOVING,69.749,3.043,72.206,"GoalBlock{x=80,y=4,z=72}",21,9,MovementTraverse,661,50,50,,
3430,0,Husk,T3/37,MOVING,69.810,3.118,72.219,"GoalBlock{x=80,y=4,z=72}",21,9,MovementTraverse,661,50,50,,
3431,0,Husk,T3/37,MOVING,69.876,3.199,72.236,"GoalBlock{x=80,y=4,z=72}",21,9,MovementTraverse,661,50,50,,
3432,0,Husk,T3/37,MOVING,69.948,3.283,72.258,"GoalBlock{x=80,y=4,z=72}",21,9,MovementTraverse,661,50,50,,
3433,0,Husk,T3/37,MOVING,70.023,3.370,72.283,"GoalBlock{x=80,y=4,z=72}",21,9,MovementTraverse,661,50,50,,
3434,0,Husk,T3/37,MOVING,70.102,3.460,72.306,"GoalBlock{x=80,y=4,z=72}",21,10,MovementTraverse,661,50,50,,
3435,0,Husk,T3/37,MOVING,70.185,3.552,72.327,"GoalBlock{x=80,y=4,z=72}",21,10,MovementTraverse,661,50,50,,
3436,0,Husk,T3/37,MOVING,70.271,3.646,72.346,"GoalBlock{x=80,y=4,z=72}",21,10,MovementTraverse,661,50,50,,
3437,0,Husk,T3/37,MOVING,70.365,3.700,72.365,"GoalBlock{x=80,y=4,z=72}",21,10,MovementTraverse,661,50,50,,
3438,0,Husk,T3/37,MOVING,70.476,3.676,72.385,"GoalBlock{x=80,y=4,z=72}",21,10,MovementTraverse,661,50,50,,
3439,0,Husk,T3/37,MOVING,70.602,3.573,72.406,"GoalBlock{x=80,y=4,z=72}",21,10,MovementTraverse,661,50,50,,
3440,0,Husk,T3/37,MOVING,70.736,3.434,72.427,"GoalBlock{x=80,y=4,z=72}",21,10,MovementTraverse,661,50,50,,
3441,0,Husk,T3/37,MOVING,70.863,3.343,72.446,"GoalBlock{x=80,y=4,z=72}",21,10,MovementTraverse,661,50,50,,
3442,0,Husk,T3/37,MOVING,70.984,3.290,72.463,"GoalBlock{x=80,y=4,z=72}",21,10,MovementTraverse,661,50,50,,
3443,0,Husk,T3/37,MOVING,71.100,3.268,72.478,"GoalBlock{x=80,y=4,z=72}",21,10,MovementTraverse,661,50,50,,
3444,0,Husk,T3/37,MOVING,71.213,3.270,72.490,"GoalBlock{x=80,y=4,z=72}",21,11,MovementTraverse,661,50,50,,
3445,0,Husk,T3/37,MOVING,71.323,3.292,72.500,"GoalBlock{x=80,y=4,z=72}",21,11,MovementTraverse,661,50,50,,
3446,0,Husk,T3/37,MOVING,71.430,3.332,72.508,"GoalBlock{x=80,y=4,z=72}",21,11,MovementTraverse,661,50,50,,
3447,0,Husk,T3/37,MOVING,71.536,3.384,72.514,"GoalBlock{x=80,y=4,z=72}",21,11,MovementTraverse,661,50,50,,
3448,0,Husk,T3/37,MOVING,71.640,3.445,72.518,"GoalBlock{x=80,y=4,z=72}",21,11,MovementTraverse,661,50,50,,
3449,0,Husk,T3/37,MOVING,71.743,3.515,72.522,"GoalBlock{x=80,y=4,z=72}",21,11,MovementTraverse,661,50,50,,
3450,0,Husk,T3/37,MOVING,71.845,3.590,72.521,"GoalBlock{x=80,y=4,z=72}",21,11,MovementTraverse,661,50,50,,
3451,0,Husk,T3/37,MOVING,71.946,3.671,72.520,"GoalBlock{x=80,y=4,z=72}",21,11,MovementTraverse,661,50,50,,
3452,0,Husk,T3/37,MOVING,72.052,3.715,72.520,"GoalBlock{x=80,y=4,z=72}",21,11,MovementTraverse,661,50,50,,
3453,0,Husk,T3/37,MOVING,72.174,3.680,72.519,"GoalBlock{x=80,y=4,z=72}",21,12,MovementTraverse,661,50,50,,
3454,0,Husk,T3/37,MOVING,72.311,3.567,72.519,"GoalBlock{x=80,y=4,z=72}",21,12,MovementTraverse,661,50,50,,
3455,0,Husk,T3/37,MOVING,72.455,3.418,72.519,"GoalBlock{x=80,y=4,z=72}",21,12,MovementTraverse,661,50,50,,
3456,0,Husk,T3/37,MOVING,72.590,3.319,72.518,"GoalBlock{x=80,y=4,z=72}",21,12,MovementTraverse,661,50,50,,
3457,0,Husk,T3/37,MOVING,72.717,3.260,72.518,"GoalBlock{x=80,y=4,z=72}",21,12,MovementTraverse,661,50,50,,
3458,0,Husk,T3/37,MOVING,72.839,3.232,72.517,"GoalBlock{x=80,y=4,z=72}",21,12,MovementTraverse,661,50,50,,
3459,0,Husk,T3/37,MOVING,72.955,3.231,72.517,"GoalBlock{x=80,y=4,z=72}",21,12,MovementTraverse,661,50,50,,
3460,0,Husk,T3/37,MOVING,73.069,3.249,72.516,"GoalBlock{x=80,y=4,z=72}",21,12,MovementTraverse,661,50,50,,
3461,0,Husk,T3/37,MOVING,73.179,3.284,72.516,"GoalBlock{x=80,y=4,z=72}",21,13,MovementTraverse,661,50,50,,
3462,0,Husk,T3/37,MOVING,73.286,3.332,72.516,"GoalBlock{x=80,y=4,z=72}",21,13,MovementTraverse,661,50,50,,
3463,0,Husk,T3/37,MOVING,73.392,3.390,72.516,"GoalBlock{x=80,y=4,z=72}",21,13,MovementTraverse,661,50,50,,
3464,0,Husk,T3/37,MOVING,73.496,3.456,72.515,"GoalBlock{x=80,y=4,z=72}",21,13,MovementTraverse,661,50,50,,
3465,0,Husk,T3/37,MOVING,73.599,3.530,72.515,"GoalBlock{x=80,y=4,z=72}",21,13,MovementTraverse,661,50,50,,
3466,0,Husk,T3/37,MOVING,73.701,3.608,72.515,"GoalBlock{x=80,y=4,z=72}",21,13,MovementTraverse,661,50,50,,
3467,0,Husk,T3/37,MOVING,73.808,3.651,72.514,"GoalBlock{x=80,y=4,z=72}",21,13,MovementTraverse,661,50,50,,
3468,0,Husk,T3/37,MOVING,73.931,3.615,72.514,"GoalBlock{x=80,y=4,z=72}",21,13,MovementTraverse,661,50,50,,
3469,0,Husk,T3/37,MOVING,74.068,3.501,72.513,"GoalBlock{x=80,y=4,z=72}",21,13,MovementTraverse,661,50,50,,
3470,0,Husk,T3/37,MOVING,74.213,3.351,72.513,"GoalBlock{x=80,y=4,z=72}",21,14,MovementAscend,661,50,50,,
3471,0,Husk,T3/37,MOVING,74.348,3.251,72.513,"GoalBlock{x=80,y=4,z=72}",21,14,MovementAscend,661,50,50,,
3472,0,Husk,T3/37,MOVING,74.476,3.190,72.512,"GoalBlock{x=80,y=4,z=72}",21,14,MovementAscend,661,50,50,,
3473,0,Husk,T3/37,MOVING,74.597,3.162,72.512,"GoalBlock{x=80,y=4,z=72}",21,14,MovementAscend,661,50,50,,
3474,0,Husk,T3/37,MOVING,74.714,3.160,72.512,"GoalBlock{x=80,y=4,z=72}",21,14,MovementAscend,661,50,50,,
3475,0,Husk,T3/37,MOVING,74.820,3.178,72.512,"GoalBlock{x=80,y=4,z=72}",21,14,MovementAscend,661,50,50,,
3476,0,Husk,T3/37,MOVING,74.820,3.212,72.511,"GoalBlock{x=80,y=4,z=72}",21,14,MovementAscend,661,50,50,,
3477,0,Husk,T3/37,MOVING,74.820,3.260,72.511,"GoalBlock{x=80,y=4,z=72}",21,14,MovementAscend,661,50,50,,
3478,0,Husk,T3/37,MOVING,74.820,3.318,72.511,"GoalBlock{x=80,y=4,z=72}",21,14,MovementAscend,661,50,50,,
3479,0,Husk,T3/37,MOVING,74.820,3.384,72.510,"GoalBlock{x=80,y=4,z=72}",21,14,MovementAscend,661,50,50,,
3480,0,Husk,T3/37,MOVING,74.820,3.457,72.510,"GoalBlock{x=80,y=4,z=72}",21,14,MovementAscend,661,50,50,,
3481,0,Husk,T3/37,MOVING,74.820,3.797,72.510,"GoalBlock{x=80,y=4,z=72}",21,14,MovementAscend,661,50,50,,
3482,0,Husk,T3/37,MOVING,74.840,4.097,72.509,"GoalBlock{x=80,y=4,z=72}",21,14,MovementAscend,661,50,50,,
3483,0,Husk,T3/37,MOVING,74.877,4.313,72.509,"GoalBlock{x=80,y=4,z=72}",21,14,MovementAscend,661,50,50,,
3484,0,Husk,T3/37,MOVING,74.931,4.446,72.509,"GoalBlock{x=80,y=4,z=72}",21,14,MovementAscend,661,50,50,,
3485,0,Husk,T3/37,MOVING,74.999,4.498,72.509,"GoalBlock{x=80,y=4,z=72}",21,14,MovementAscend,661,50,50,,
3486,0,Husk,T3/37,MOVING,75.081,4.470,72.508,"GoalBlock{x=80,y=4,z=72}",21,14,MovementAscend,661,50,50,,
3487,0,Husk,T3/37,MOVING,75.181,4.365,72.508,"GoalBlock{x=80,y=4,z=72}",21,15,MovementTraverse,661,50,50,,
3488,0,Husk,T3/37,MOVING,75.297,4.183,72.508,"GoalBlock{x=80,y=4,z=72}",21,15,MovementTraverse,661,50,50,,
3489,0,Husk,T3/37,MOVING,75.429,4.000,72.508,"GoalBlock{x=80,y=4,z=72}",21,15,MovementTraverse,661,50,50,,
3490,0,Husk,T3/37,MOVING,75.676,4.000,72.507,"GoalBlock{x=80,y=4,z=72}",21,15,MovementTraverse,661,50,50,,
3491,0,Husk,T3/37,MOVING,75.938,4.000,72.506,"GoalBlock{x=80,y=4,z=72}",21,15,MovementTraverse,661,50,50,,
3492,0,Husk,T3/37,MOVING,76.209,4.000,72.505,"GoalBlock{x=80,y=4,z=72}",21,15,MovementTraverse,661,50,50,,
3493,0,Husk,T3/37,MOVING,76.484,4.000,72.504,"GoalBlock{x=80,y=4,z=72}",21,16,MovementTraverse,661,50,50,,
3494,0,Husk,T3/37,MOVING,76.762,4.000,72.504,"GoalBlock{x=80,y=4,z=72}",21,16,MovementTraverse,661,50,50,,
3495,0,Husk,T3/37,MOVING,77.041,4.000,72.503,"GoalBlock{x=80,y=4,z=72}",21,16,MovementTraverse,661,50,50,,
3496,0,Husk,T3/37,MOVING,77.320,4.000,72.503,"GoalBlock{x=80,y=4,z=72}",21,17,MovementTraverse,661,50,50,,
3497,0,Husk,T3/37,MOVING,77.600,4.000,72.502,"GoalBlock{x=80,y=4,z=72}",21,17,MovementTraverse,661,50,50,,
3498,0,Husk,T3/37,MOVING,77.881,4.000,72.502,"GoalBlock{x=80,y=4,z=72}",21,17,MovementTraverse,661,50,50,,
3499,0,Husk,T3/37,MOVING,78.161,4.000,72.502,"GoalBlock{x=80,y=4,z=72}",21,17,MovementTraverse,661,50,50,,
3500,0,Husk,T3/37,MOVING,78.442,4.000,72.502,"GoalBlock{x=80,y=4,z=72}",21,18,MovementTraverse,661,50,50,,
3501,0,Husk,T3/37,MOVING,78.722,4.000,72.501,"GoalBlock{x=80,y=4,z=72}",21,18,MovementTraverse,661,50,50,,
3502,0,Husk,T3/37,MOVING,79.003,4.000,72.501,"GoalBlock{x=80,y=4,z=72}",21,18,MovementTraverse,661,50,50,,
3503,0,Husk,T3/37,MOVING,79.284,4.000,72.501,"GoalBlock{x=80,y=4,z=72}",21,19,MovementTraverse,661,50,50,,
3504,0,Husk,T3/37,MOVING,79.564,4.000,72.501,"GoalBlock{x=80,y=4,z=72}",21,19,MovementTraverse,661,50,50,,
3505,0,Husk,T3/37,MOVING,79.845,4.000,72.501,"GoalBlock{x=80,y=4,z=72}",21,19,MovementTraverse,661,50,50,,
3506,0,Husk,T3/37,MOVING,80.125,4.000,72.501,"GoalBlock{x=80,y=4,z=72}",21,19,MovementTraverse,661,50,50,,
3507,0,Husk,T3/37,ARRIVED,80.279,4.000,72.501,,-1,-1,,661,50,50,,CANCELED
3508,0,Husk,T3/38,ARRIVED,60.500,4.000,84.500,,-1,-1,,661,50,50,,CANCELED|CANCELED
3509,0,Husk,T3/38,ARRIVED,60.500,4.000,84.500,,-1,-1,,661,50,50,,
3510,0,Husk,T3/38,ARRIVED,60.500,4.000,84.500,,-1,-1,,661,50,50,,
3511,0,Husk,T3/38,ARRIVED,60.500,4.000,84.500,,-1,-1,,661,50,50,,
3512,0,Husk,T3/38,ARRIVED,60.500,4.000,84.500,,-1,-1,,661,50,50,,
3513,0,Husk,T3/38,ARRIVED,60.500,4.000,84.500,,-1,-1,,661,50,50,,
3514,0,Husk,T3/38,ARRIVED,60.500,4.000,84.500,,-1,-1,,661,50,50,,
3515,0,Husk,T3/38,ARRIVED,60.500,4.000,84.500,,-1,-1,,661,50,50,,
3516,0,Husk,T3/38,ARRIVED,60.500,4.000,84.500,,-1,-1,,661,50,50,,
3517,0,Husk,T3/38,ARRIVED,60.500,4.000,84.500,,-1,-1,,661,50,50,,
3518,0,Husk,T3/38,SEARCHING,60.500,4.000,84.500,"GoalBlock{x=80,y=4,z=84}",-1,-1,,661,51,51,,CALC_STARTED
3519,0,Husk,T3/38,MOVING,60.627,4.000,84.500,"GoalBlock{x=80,y=4,z=84}",21,0,MovementTraverse,345,51,51,,CALC_FINISHED_NOW_EXECUTING
3520,0,Husk,T3/38,MOVING,60.824,4.000,84.500,"GoalBlock{x=80,y=4,z=84}",21,0,MovementTraverse,345,51,51,,
3521,0,Husk,T3/38,MOVING,61.059,4.000,84.500,"GoalBlock{x=80,y=4,z=84}",21,0,MovementTraverse,345,51,51,,
3522,0,Husk,T3/38,MOVING,61.315,4.000,84.500,"GoalBlock{x=80,y=4,z=84}",21,1,MovementTraverse,345,51,51,,
3523,0,Husk,T3/38,MOVING,61.582,4.000,84.500,"GoalBlock{x=80,y=4,z=84}",21,1,MovementTraverse,345,51,51,,
3524,0,Husk,T3/38,MOVING,61.855,4.000,84.500,"GoalBlock{x=80,y=4,z=84}",21,1,MovementTraverse,345,51,51,,
3525,0,Husk,T3/38,MOVING,62.132,4.000,84.500,"GoalBlock{x=80,y=4,z=84}",21,1,MovementTraverse,345,51,51,,
3526,0,Husk,T3/38,MOVING,62.410,4.000,84.500,"GoalBlock{x=80,y=4,z=84}",21,2,MovementTraverse,345,51,51,,
3527,0,Husk,T3/38,MOVING,62.690,4.000,84.500,"GoalBlock{x=80,y=4,z=84}",21,2,MovementTraverse,345,51,51,,
3528,0,Husk,T3/38,MOVING,62.969,4.000,84.500,"GoalBlock{x=80,y=4,z=84}",21,2,MovementTraverse,345,51,51,,
3529,0,Husk,T3/38,MOVING,63.250,4.000,84.500,"GoalBlock{x=80,y=4,z=84}",21,2,MovementTraverse,345,51,51,,
3530,0,Husk,T3/38,MOVING,63.530,4.000,84.500,"GoalBlock{x=80,y=4,z=84}",21,3,MovementTraverse,345,51,51,,
3531,0,Husk,T3/38,MOVING,63.811,4.000,84.500,"GoalBlock{x=80,y=4,z=84}",21,3,MovementTraverse,345,51,51,,
3532,0,Husk,T3/38,MOVING,64.091,4.000,84.500,"GoalBlock{x=80,y=4,z=84}",21,3,MovementTraverse,345,51,51,,
3533,0,Husk,T3/38,MOVING,64.372,4.000,84.500,"GoalBlock{x=80,y=4,z=84}",21,4,MovementTraverse,345,51,51,,
3534,0,Husk,T3/38,MOVING,64.652,4.000,84.500,"GoalBlock{x=80,y=4,z=84}",21,4,MovementTraverse,345,51,51,,
3535,0,Husk,T3/38,MOVING,64.933,4.000,84.500,"GoalBlock{x=80,y=4,z=84}",21,4,MovementTraverse,345,51,51,,
3536,0,Husk,T3/38,MOVING,65.214,4.000,84.500,"GoalBlock{x=80,y=4,z=84}",21,4,MovementTraverse,345,51,51,,
3537,0,Husk,T3/38,MOVING,65.477,4.000,84.564,"GoalBlock{x=80,y=4,z=84}",21,5,MovementDiagonal,345,51,51,,
3538,0,Husk,T3/38,MOVING,65.715,4.000,84.684,"GoalBlock{x=80,y=4,z=84}",21,5,MovementDiagonal,345,51,51,,
3539,0,Husk,T3/38,MOVING,65.933,4.000,84.842,"GoalBlock{x=80,y=4,z=84}",21,5,MovementDiagonal,345,51,51,,
3540,0,Husk,T3/38,MOVING,66.136,4.000,85.025,"GoalBlock{x=80,y=4,z=84}",21,5,MovementDiagonal,345,51,51,,
3541,0,Husk,T3/38,MOVING,66.333,4.000,85.218,"GoalBlock{x=80,y=4,z=84}",21,6,MovementDiagonal,345,51,51,,
3542,0,Husk,T3/38,MOVING,66.526,4.000,85.418,"GoalBlock{x=80,y=4,z=84}",21,6,MovementDiagonal,345,51,51,,
3543,0,Husk,T3/38,MOVING,66.717,4.000,85.622,"GoalBlock{x=80,y=4,z=84}",21,6,MovementDiagonal,345,51,51,,
3544,0,Husk,T3/38,MOVING,66.906,4.000,85.828,"GoalBlock{x=80,y=4,z=84}",21,6,MovementDiagonal,345,51,51,,
3545,0,Husk,T3/38,MOVING,67.093,4.000,86.036,"GoalBlock{x=80,y=4,z=84}",21,6,MovementDiagonal,345,51,51,,
3546,0,Husk,T3/38,MOVING,67.284,4.000,86.241,"GoalBlock{x=80,y=4,z=84}",21,7,MovementDiagonal,345,51,51,,
3547,0,Husk,T3/38,MOVING,67.476,4.000,86.445,"GoalBlock{x=80,y=4,z=84}",21,7,MovementDiagonal,345,51,51,,
3548,0,Husk,T3/38,MOVING,67.670,4.000,86.648,"GoalBlock{x=80,y=4,z=84}",21,7,MovementDiagonal,345,51,51,,
3549,0,Husk,T3/38,MOVING,67.865,4.000,86.850,"GoalBlock{x=80,y=4,z=84}",21,7,MovementDiagonal,345,51,51,,
3550,0,Husk,T3/38,MOVING,68.060,4.000,87.051,"GoalBlock{x=80,y=4,z=84}",21,7,MovementDiagonal,345,51,51,,
3551,0,Husk,T3/38,MOVING,68.257,4.000,87.252,"GoalBlock{x=80,y=4,z=84}",21,8,MovementDiagonal,345,51,51,,
3552,0,Husk,T3/38,MOVING,68.454,4.000,87.451,"GoalBlock{x=80,y=4,z=84}",21,8,MovementDiagonal,345,51,51,,
3553,0,Husk,T3/38,MOVING,68.652,4.000,87.650,"GoalBlock{x=80,y=4,z=84}",21,8,MovementDiagonal,345,51,51,,
3554,0,Husk,T3/38,MOVING,68.850,4.000,87.849,"GoalBlock{x=80,y=4,z=84}",21,8,MovementDiagonal,345,51,51,,
3555,0,Husk,T3/38,MOVING,69.048,4.000,88.048,"GoalBlock{x=80,y=4,z=84}",21,8,MovementDiagonal,345,51,51,,
3556,0,Husk,T3/38,MOVING,69.277,4.000,88.194,"GoalBlock{x=80,y=4,z=84}",21,9,MovementTraverse,345,51,51,,
3557,0,Husk,T3/38,MOVING,69.527,4.000,88.305,"GoalBlock{x=80,y=4,z=84}",21,9,MovementTraverse,345,51,51,,
3558,0,Husk,T3/38,MOVING,69.787,4.000,88.391,"GoalBlock{x=80,y=4,z=84}",21,9,MovementTraverse,345,51,51,,
3559,0,Husk,T3/38,MOVING,70.056,4.000,88.457,"GoalBlock{x=80,y=4,z=84}",21,9,MovementTraverse,345,51,51,,
3560,0,Husk,T3/38,MOVING,70.330,4.000,88.497,"GoalBlock{x=80,y=4,z=84}",21,10,MovementTraverse,345,51,51,,
3561,0,Husk,T3/38,MOVING,70.607,4.000,88.519,"GoalBlock{x=80,y=4,z=84}",21,10,MovementTraverse,345,51,51,,
3562,0,Husk,T3/38,MOVING,70.885,4.000,88.528,"GoalBlock{x=80,y=4,z=84}",21,10,MovementTraverse,345,51,51,,
3563,0,Husk,T3/38,MOVING,71.165,4.000,88.527,"GoalBlock{x=80,y=4,z=84}",21,10,MovementTraverse,345,51,51,,
3564,0,Husk,T3/38,MOVING,71.445,4.000,88.525,"GoalBlock{x=80,y=4,z=84}",21,11,MovementTraverse,345,51,51,,
3565,0,Husk,T3/38,MOVING,71.725,4.000,88.522,"GoalBlock{x=80,y=4,z=84}",21,11,MovementTraverse,345,51,51,,
3566,0,Husk,T3/38,MOVING,72.005,4.000,88.518,"GoalBlock{x=80,y=4,z=84}",21,11,MovementTraverse,345,51,51,,
3567,0,Husk,T3/38,MOVING,72.286,4.000,88.517,"GoalBlock{x=80,y=4,z=84}",21,12,MovementTraverse,345,51,51,,
3568,0,Husk,T3/38,MOVING,72.566,4.000,88.515,"GoalBlock{x=80,y=4,z=84}",21,12,MovementTraverse,345,51,51,,
3569,0,Husk,T3/38,MOVING,72.847,4.000,88.513,"GoalBlock{x=80,y=4,z=84}",21,12,MovementTraverse,345,51,51,,
3570,0,Husk,T3/38,MOVING,73.127,4.000,88.510,"GoalBlock{x=80,y=4,z=84}",21,12,MovementTraverse,345,51,51,,
3571,0,Husk,T3/38,MOVING,73.408,4.000,88.509,"GoalBlock{x=80,y=4,z=84}",21,13,MovementTraverse,345,51,51,,
3572,0,Husk,T3/38,MOVING,73.688,4.000,88.508,"GoalBlock{x=80,y=4,z=84}",21,13,MovementTraverse,345,51,51,,
3573,0,Husk,T3/38,MOVING,73.969,4.000,88.507,"GoalBlock{x=80,y=4,z=84}",21,13,MovementTraverse,345,51,51,,
3574,0,Husk,T3/38,MOVING,74.249,4.000,88.505,"GoalBlock{x=80,y=4,z=84}",21,13,MovementTraverse,345,51,51,,
3575,0,Husk,T3/38,MOVING,74.530,4.000,88.505,"GoalBlock{x=80,y=4,z=84}",21,14,MovementTraverse,345,51,51,,
3576,0,Husk,T3/38,MOVING,74.811,4.000,88.504,"GoalBlock{x=80,y=4,z=84}",21,14,MovementTraverse,345,51,51,,
3577,0,Husk,T3/38,MOVING,75.091,4.000,88.503,"GoalBlock{x=80,y=4,z=84}",21,14,MovementTraverse,345,51,51,,
3578,0,Husk,T3/38,MOVING,75.372,4.000,88.503,"GoalBlock{x=80,y=4,z=84}",21,15,MovementTraverse,345,51,51,,
3579,0,Husk,T3/38,MOVING,75.653,4.000,88.503,"GoalBlock{x=80,y=4,z=84}",21,15,MovementTraverse,345,51,51,,
3580,0,Husk,T3/38,MOVING,75.933,4.000,88.502,"GoalBlock{x=80,y=4,z=84}",21,15,MovementTraverse,345,51,51,,
3581,0,Husk,T3/38,MOVING,76.214,4.000,88.502,"GoalBlock{x=80,y=4,z=84}",21,15,MovementTraverse,345,51,51,,
3582,0,Husk,T3/38,MOVING,76.477,4.000,88.438,"GoalBlock{x=80,y=4,z=84}",21,16,MovementDiagonal,345,51,51,,
3583,0,Husk,T3/38,MOVING,76.715,4.000,88.317,"GoalBlock{x=80,y=4,z=84}",21,16,MovementDiagonal,345,51,51,,
3584,0,Husk,T3/38,MOVING,76.933,4.000,88.159,"GoalBlock{x=80,y=4,z=84}",21,16,MovementDiagonal,345,51,51,,
3585,0,Husk,T3/38,MOVING,77.135,4.000,87.976,"GoalBlock{x=80,y=4,z=84}",21,16,MovementDiagonal,345,51,51,,
3586,0,Husk,T3/38,MOVING,77.332,4.000,87.783,"GoalBlock{x=80,y=4,z=84}",21,17,MovementDiagonal,345,51,51,,
3587,0,Husk,T3/38,MOVING,77.525,4.000,87.583,"GoalBlock{x=80,y=4,z=84}",21,17,MovementDiagonal,345,51,51,,
3588,0,Husk,T3/38,MOVING,77.716,4.000,87.379,"GoalBlock{x=80,y=4,z=84}",21,17,MovementDiagonal,345,51,51,,
3589,0,Husk,T3/38,MOVING,77.905,4.000,87.173,"GoalBlock{x=80,y=4,z=84}",21,17,MovementDiagonal,345,51,51,,
3590,0,Husk,T3/38,MOVING,78.093,4.000,86.965,"GoalBlock{x=80,y=4,z=84}",21,17,MovementDiagonal,345,51,51,,
3591,0,Husk,T3/38,MOVING,78.283,4.000,86.759,"GoalBlock{x=80,y=4,z=84}",21,18,MovementDiagonal,345,51,51,,
3592,0,Husk,T3/38,MOVING,78.476,4.000,86.555,"GoalBlock{x=80,y=4,z=84}",21,18,MovementDiagonal,345,51,51,,
3593,0,Husk,T3/38,MOVING,78.670,4.000,86.353,"GoalBlock{x=80,y=4,z=84}",21,18,MovementDiagonal,345,51,51,,
3594,0,Husk,T3/38,MOVING,78.865,4.000,86.151,"GoalBlock{x=80,y=4,z=84}",21,18,MovementDiagonal,345,51,51,,
3595,0,Husk,T3/38,MOVING,79.060,4.000,85.949,"GoalBlock{x=80,y=4,z=84}",21,18,MovementDiagonal,345,51,51,,
3596,0,Husk,T3/38,MOVING,79.256,4.000,85.749,"GoalBlock{x=80,y=4,z=84}",21,19,MovementDiagonal,345,51,51,,
3597,0,Husk,T3/38,MOVING,79.454,4.000,85.549,"GoalBlock{x=80,y=4,z=84}",21,19,MovementDiagonal,345,51,51,,
3598,0,Husk,T3/38,MOVING,79.651,4.000,85.350,"GoalBlock{x=80,y=4,z=84}",21,19,MovementDiagonal,345,51,51,,
3599,0,Husk,T3/38,MOVING,79.849,4.000,85.151,"GoalBlock{x=80,y=4,z=84}",21,19,MovementDiagonal,345,51,51,,
3600,0,Husk,T3/38,MOVING,80.047,4.000,84.952,"GoalBlock{x=80,y=4,z=84}",21,19,MovementDiagonal,345,51,51,,
3601,0,Husk,T3/38,ARRIVED,80.155,4.000,84.844,,-1,-1,,345,51,51,,CANCELED
3602,0,Husk,T3/39,ARRIVED,60.500,4.000,96.500,,-1,-1,,345,51,51,,CANCELED|CANCELED
3603,0,Husk,T3/39,ARRIVED,60.500,4.000,96.500,,-1,-1,,345,51,51,,
3604,0,Husk,T3/39,ARRIVED,60.500,4.000,96.500,,-1,-1,,345,51,51,,
3605,0,Husk,T3/39,ARRIVED,60.500,4.000,96.500,,-1,-1,,345,51,51,,
3606,0,Husk,T3/39,ARRIVED,60.500,4.000,96.500,,-1,-1,,345,51,51,,
3607,0,Husk,T3/39,ARRIVED,60.500,4.000,96.500,,-1,-1,,345,51,51,,
3608,0,Husk,T3/39,ARRIVED,60.500,4.000,96.500,,-1,-1,,345,51,51,,
3609,0,Husk,T3/39,ARRIVED,60.500,4.000,96.500,,-1,-1,,345,51,51,,
3610,0,Husk,T3/39,ARRIVED,60.500,4.000,96.500,,-1,-1,,345,51,51,,
3611,0,Husk,T3/39,ARRIVED,60.500,4.000,96.500,,-1,-1,,345,51,51,,
3612,0,Husk,T3/39,SEARCHING,60.500,4.000,96.500,"GoalBlock{x=80,y=4,z=96}",-1,-1,,345,52,52,,CALC_STARTED
3613,0,Husk,T3/39,MOVING,60.627,4.000,96.500,"GoalBlock{x=80,y=4,z=96}",21,0,MovementTraverse,205,52,52,,CALC_FINISHED_NOW_EXECUTING
3614,0,Husk,T3/39,MOVING,60.824,4.000,96.500,"GoalBlock{x=80,y=4,z=96}",21,0,MovementTraverse,205,52,52,,
3615,0,Husk,T3/39,MOVING,61.059,4.000,96.500,"GoalBlock{x=80,y=4,z=96}",21,0,MovementTraverse,205,52,52,,
3616,0,Husk,T3/39,MOVING,61.315,4.000,96.500,"GoalBlock{x=80,y=4,z=96}",21,1,MovementTraverse,205,52,52,,
3617,0,Husk,T3/39,MOVING,61.582,4.000,96.500,"GoalBlock{x=80,y=4,z=96}",21,1,MovementTraverse,205,52,52,,
3618,0,Husk,T3/39,MOVING,61.855,4.000,96.500,"GoalBlock{x=80,y=4,z=96}",21,1,MovementTraverse,205,52,52,,
3619,0,Husk,T3/39,MOVING,62.132,4.000,96.500,"GoalBlock{x=80,y=4,z=96}",21,1,MovementTraverse,205,52,52,,
3620,0,Husk,T3/39,MOVING,62.410,4.000,96.500,"GoalBlock{x=80,y=4,z=96}",21,2,MovementTraverse,205,52,52,,
3621,0,Husk,T3/39,MOVING,62.690,4.000,96.500,"GoalBlock{x=80,y=4,z=96}",21,2,MovementTraverse,205,52,52,,
3622,0,Husk,T3/39,MOVING,62.969,4.000,96.500,"GoalBlock{x=80,y=4,z=96}",21,2,MovementTraverse,205,52,52,,
3623,0,Husk,T3/39,MOVING,63.250,4.000,96.500,"GoalBlock{x=80,y=4,z=96}",21,2,MovementTraverse,205,52,52,,
3624,0,Husk,T3/39,MOVING,63.530,4.000,96.500,"GoalBlock{x=80,y=4,z=96}",21,3,MovementTraverse,205,52,52,,
3625,0,Husk,T3/39,MOVING,63.811,4.000,96.500,"GoalBlock{x=80,y=4,z=96}",21,3,MovementTraverse,205,52,52,,
3626,0,Husk,T3/39,MOVING,64.091,4.000,96.500,"GoalBlock{x=80,y=4,z=96}",21,3,MovementTraverse,205,52,52,,
3627,0,Husk,T3/39,MOVING,64.372,4.000,96.500,"GoalBlock{x=80,y=4,z=96}",21,4,MovementTraverse,205,52,52,,
3628,0,Husk,T3/39,MOVING,64.652,4.000,96.500,"GoalBlock{x=80,y=4,z=96}",21,4,MovementTraverse,205,52,52,,
3629,0,Husk,T3/39,MOVING,64.933,4.000,96.500,"GoalBlock{x=80,y=4,z=96}",21,4,MovementTraverse,205,52,52,,
3630,0,Husk,T3/39,MOVING,65.214,4.000,96.500,"GoalBlock{x=80,y=4,z=96}",21,4,MovementTraverse,205,52,52,,
3631,0,Husk,T3/39,MOVING,65.494,4.000,96.500,"GoalBlock{x=80,y=4,z=96}",21,5,MovementTraverse,205,52,52,,
3632,0,Husk,T3/39,MOVING,65.775,4.000,96.500,"GoalBlock{x=80,y=4,z=96}",21,5,MovementTraverse,205,52,52,,
3633,0,Husk,T3/39,MOVING,66.055,4.000,96.500,"GoalBlock{x=80,y=4,z=96}",21,5,MovementTraverse,205,52,52,,
3634,0,Husk,T3/39,MOVING,66.336,4.000,96.500,"GoalBlock{x=80,y=4,z=96}",21,6,MovementTraverse,205,52,52,,
3635,0,Husk,T3/39,MOVING,66.617,4.000,96.500,"GoalBlock{x=80,y=4,z=96}",21,6,MovementTraverse,205,52,52,,
3636,0,Husk,T3/39,MOVING,66.897,4.000,96.500,"GoalBlock{x=80,y=4,z=96}",21,6,MovementTraverse,205,52,52,,
3637,0,Husk,T3/39,MOVING,67.178,4.000,96.500,"GoalBlock{x=80,y=4,z=96}",21,6,MovementTraverse,205,52,52,,
3638,0,Husk,T3/39,MOVING,67.459,4.000,96.500,"GoalBlock{x=80,y=4,z=96}",21,7,MovementTraverse,205,52,52,,
3639,0,Husk,T3/39,MOVING,67.739,4.000,96.500,"GoalBlock{x=80,y=4,z=96}",21,7,MovementTraverse,205,52,52,,
3640,0,Husk,T3/39,MOVING,68.020,4.000,96.500,"GoalBlock{x=80,y=4,z=96}",21,7,MovementTraverse,205,52,52,,
3641,0,Husk,T3/39,MOVING,68.283,4.000,96.564,"GoalBlock{x=80,y=4,z=96}",21,8,MovementDiagonal,205,52,52,,
3642,0,Husk,T3/39,MOVING,68.528,4.000,96.676,"GoalBlock{x=80,y=4,z=96}",21,8,MovementDiagonal,205,52,52,,
3643,0,Husk,T3/39,MOVING,68.759,4.000,96.820,"GoalBlock{x=80,y=4,z=96}",21,8,MovementDiagonal,205,52,52,,
3644,0,Husk,T3/39,MOVING,68.979,4.000,96.985,"GoalBlock{x=80,y=4,z=96}",21,8,MovementDiagonal,205,52,52,,
3645,0,Husk,T3/39,MOVING,69.190,4.000,97.164,"GoalBlock{x=80,y=4,z=96}",21,8,MovementDiagonal,205,52,52,,
3646,0,Husk,T3/39,MOVING,69.428,4.000,97.294,"GoalBlock{x=80,y=4,z=96}",21,9,MovementTraverse,205,52,52,,
3647,0,Husk,T3/39,MOVING,69.683,4.000,97.390,"GoalBlock{x=80,y=4,z=96}",21,9,MovementTraverse,205,52,52,,
3648,0,Husk,T3/39,MOVING,69.949,4.000,97.459,"GoalBlock{x=80,y=4,z=96}",21,9,MovementTraverse,205,52,52,,
3649,0,Husk,T3/39,MOVING,70.221,4.000,97.506,"GoalBlock{x=80,y=4,z=96}",21,9,MovementTraverse,205,52,52,,
3650,0,Husk,T3/39,MOVING,70.497,4.000,97.531,"GoalBlock{x=80,y=4,z=96}",21,10,MovementTraverse,205,52,52,,
3651,0,Husk,T3/39,MOVING,70.775,4.000,97.541,"GoalBlock{x=80,y=4,z=96}",21,10,MovementTraverse,205,52,52,,
3652,0,Husk,T3/39,MOVING,71.054,4.000,97.539,"GoalBlock{x=80,y=4,z=96}",21,10,MovementTraverse,205,52,52,,
3653,0,Husk,T3/39,MOVING,71.333,4.000,97.536,"GoalBlock{x=80,y=4,z=96}",21,11,MovementTraverse,205,52,52,,
3654,0,Husk,T3/39,MOVING,71.613,4.000,97.532,"GoalBlock{x=80,y=4,z=96}",21,11,MovementTraverse,205,52,52,,
3655,0,Husk,T3/39,MOVING,71.894,4.000,97.527,"GoalBlock{x=80,y=4,z=96}",21,11,MovementTraverse,205,52,52,,
3656,0,Husk,T3/39,MOVING,72.174,4.000,97.521,"GoalBlock{x=80,y=4,z=96}",21,11,MovementTraverse,205,52,52,,
3657,0,Husk,T3/39,MOVING,72.454,4.000,97.516,"GoalBlock{x=80,y=4,z=96}",21,12,MovementTraverse,205,52,52,,
3658,0,Husk,T3/39,MOVING,72.735,4.000,97.514,"GoalBlock{x=80,y=4,z=96}",21,12,MovementTraverse,205,52,52,,
3659,0,Husk,T3/39,MOVING,73.015,4.000,97.512,"GoalBlock{x=80,y=4,z=96}",21,12,MovementTraverse,205,52,52,,
3660,0,Husk,T3/39,MOVING,73.296,4.000,97.511,"GoalBlock{x=80,y=4,z=96}",21,13,MovementTraverse,205,52,52,,
3661,0,Husk,T3/39,MOVING,73.576,4.000,97.510,"GoalBlock{x=80,y=4,z=96}",21,13,MovementTraverse,205,52,52,,
3662,0,Husk,T3/39,MOVING,73.857,4.000,97.508,"GoalBlock{x=80,y=4,z=96}",21,13,MovementTraverse,205,52,52,,
3663,0,Husk,T3/39,MOVING,74.138,4.000,97.507,"GoalBlock{x=80,y=4,z=96}",21,13,MovementTraverse,205,52,52,,
3664,0,Husk,T3/39,MOVING,74.418,4.000,97.506,"GoalBlock{x=80,y=4,z=96}",21,14,MovementTraverse,205,52,52,,
3665,0,Husk,T3/39,MOVING,74.699,4.000,97.505,"GoalBlock{x=80,y=4,z=96}",21,14,MovementTraverse,205,52,52,,
3666,0,Husk,T3/39,MOVING,74.979,4.000,97.505,"GoalBlock{x=80,y=4,z=96}",21,14,MovementTraverse,205,52,52,,
3667,0,Husk,T3/39,MOVING,75.260,4.000,97.503,"GoalBlock{x=80,y=4,z=96}",21,14,MovementTraverse,205,52,52,,
3668,0,Husk,T3/39,MOVING,75.541,4.000,97.503,"GoalBlock{x=80,y=4,z=96}",21,15,MovementTraverse,205,52,52,,
3669,0,Husk,T3/39,MOVING,75.821,4.000,97.503,"GoalBlock{x=80,y=4,z=96}",21,15,MovementTraverse,205,52,52,,
3670,0,Husk,T3/39,MOVING,76.102,4.000,97.502,"GoalBlock{x=80,y=4,z=96}",21,15,MovementTraverse,205,52,52,,
3671,0,Husk,T3/39,MOVING,76.382,4.000,97.502,"GoalBlock{x=80,y=4,z=96}",21,16,MovementTraverse,205,52,52,,
3672,0,Husk,T3/39,MOVING,76.663,4.000,97.502,"GoalBlock{x=80,y=4,z=96}",21,16,MovementTraverse,205,52,52,,
3673,0,Husk,T3/39,MOVING,76.944,4.000,97.502,"GoalBlock{x=80,y=4,z=96}",21,16,MovementTraverse,205,52,52,,
3674,0,Husk,T3/39,MOVING,77.224,4.000,97.501,"GoalBlock{x=80,y=4,z=96}",21,16,MovementTraverse,205,52,52,,
3675,0,Husk,T3/39,MOVING,77.505,4.000,97.501,"GoalBlock{x=80,y=4,z=96}",21,17,MovementTraverse,205,52,52,,
3676,0,Husk,T3/39,MOVING,77.786,4.000,97.501,"GoalBlock{x=80,y=4,z=96}",21,17,MovementTraverse,205,52,52,,
3677,0,Husk,T3/39,MOVING,78.066,4.000,97.501,"GoalBlock{x=80,y=4,z=96}",21,17,MovementTraverse,205,52,52,,
3678,0,Husk,T3/39,MOVING,78.347,4.000,97.501,"GoalBlock{x=80,y=4,z=96}",21,18,MovementTraverse,205,52,52,,
3679,0,Husk,T3/39,MOVING,78.627,4.000,97.501,"GoalBlock{x=80,y=4,z=96}",21,18,MovementTraverse,205,52,52,,
3680,0,Husk,T3/39,MOVING,78.908,4.000,97.501,"GoalBlock{x=80,y=4,z=96}",21,18,MovementTraverse,205,52,52,,
3681,0,Husk,T3/39,MOVING,79.189,4.000,97.500,"GoalBlock{x=80,y=4,z=96}",21,18,MovementTraverse,205,52,52,,
3682,0,Husk,T3/39,MOVING,79.452,4.000,97.437,"GoalBlock{x=80,y=4,z=96}",21,19,MovementDiagonal,205,52,52,,
3683,0,Husk,T3/39,MOVING,79.691,4.000,97.317,"GoalBlock{x=80,y=4,z=96}",21,19,MovementDiagonal,205,52,52,,
3684,0,Husk,T3/39,MOVING,79.911,4.000,97.161,"GoalBlock{x=80,y=4,z=96}",21,19,MovementDiagonal,205,52,52,,
3685,0,Husk,T3/39,MOVING,80.116,4.000,96.981,"GoalBlock{x=80,y=4,z=96}",21,19,MovementDiagonal,205,52,52,,
3686,0,Husk,T3/39,ARRIVED,80.228,4.000,96.882,,-1,-1,,205,52,52,,CANCELED
3687,0,Husk,T3/40,ARRIVED,60.500,14.000,108.500,,-1,-1,,205,52,52,,CANCELED|CANCELED
3688,0,Husk,T3/40,ARRIVED,60.500,14.000,108.500,,-1,-1,,205,52,52,,
3689,0,Husk,T3/40,ARRIVED,60.500,14.000,108.500,,-1,-1,,205,52,52,,
3690,0,Husk,T3/40,ARRIVED,60.500,14.000,108.500,,-1,-1,,205,52,52,,
3691,0,Husk,T3/40,ARRIVED,60.500,14.000,108.500,,-1,-1,,205,52,52,,
3692,0,Husk,T3/40,ARRIVED,60.500,14.000,108.500,,-1,-1,,205,52,52,,
3693,0,Husk,T3/40,ARRIVED,60.500,14.000,108.500,,-1,-1,,205,52,52,,
3694,0,Husk,T3/40,ARRIVED,60.500,14.000,108.500,,-1,-1,,205,52,52,,
3695,0,Husk,T3/40,ARRIVED,60.500,14.000,108.500,,-1,-1,,205,52,52,,
3696,0,Husk,T3/40,ARRIVED,60.500,14.000,108.500,,-1,-1,,205,52,52,,
3697,0,Husk,T3/40,SEARCHING,60.500,14.000,108.500,"GoalBlock{x=75,y=4,z=108}",-1,-1,,205,53,53,,CALC_STARTED
3698,0,Husk,T3/40,MOVING,60.627,14.000,108.500,"GoalBlock{x=75,y=4,z=108}",16,0,MovementTraverse,865,53,53,,CALC_FINISHED_NOW_EXECUTING
3699,0,Husk,T3/40,MOVING,60.824,14.000,108.500,"GoalBlock{x=75,y=4,z=108}",16,0,MovementTraverse,865,53,53,,
3700,0,Husk,T3/40,MOVING,61.059,14.000,108.500,"GoalBlock{x=75,y=4,z=108}",16,0,MovementTraverse,865,53,53,,
3701,0,Husk,T3/40,MOVING,61.315,14.000,108.500,"GoalBlock{x=75,y=4,z=108}",16,1,MovementTraverse,865,53,53,,
3702,0,Husk,T3/40,MOVING,61.582,14.000,108.500,"GoalBlock{x=75,y=4,z=108}",16,1,MovementTraverse,865,53,53,,
3703,0,Husk,T3/40,MOVING,61.855,14.000,108.500,"GoalBlock{x=75,y=4,z=108}",16,1,MovementTraverse,865,53,53,,
3704,0,Husk,T3/40,MOVING,62.132,14.000,108.500,"GoalBlock{x=75,y=4,z=108}",16,1,MovementTraverse,865,53,53,,
3705,0,Husk,T3/40,MOVING,62.410,14.000,108.500,"GoalBlock{x=75,y=4,z=108}",16,2,MovementTraverse,865,53,53,,
3706,0,Husk,T3/40,MOVING,62.690,14.000,108.500,"GoalBlock{x=75,y=4,z=108}",16,2,MovementTraverse,865,53,53,,
3707,0,Husk,T3/40,MOVING,62.969,14.000,108.500,"GoalBlock{x=75,y=4,z=108}",16,2,MovementTraverse,865,53,53,,
3708,0,Husk,T3/40,MOVING,63.250,14.000,108.500,"GoalBlock{x=75,y=4,z=108}",16,2,MovementTraverse,865,53,53,,
3709,0,Husk,T3/40,MOVING,63.501,14.000,108.500,"GoalBlock{x=75,y=4,z=108}",16,3,MovementFall,865,53,53,,
3710,0,Husk,T3/40,MOVING,63.736,14.000,108.500,"GoalBlock{x=75,y=4,z=108}",16,3,MovementFall,865,53,53,,
3711,0,Husk,T3/40,MOVING,63.962,14.000,108.500,"GoalBlock{x=75,y=4,z=108}",16,3,MovementFall,865,53,53,,
3712,0,Husk,T3/40,MOVING,64.184,14.000,108.500,"GoalBlock{x=75,y=4,z=108}",16,3,MovementFall,865,53,53,,
3713,0,Husk,T3/40,MOVING,64.403,13.922,108.500,"GoalBlock{x=75,y=4,z=108}",16,3,MovementFall,865,53,53,,
3714,0,Husk,T3/40,MOVING,64.522,13.766,108.500,"GoalBlock{x=75,y=4,z=108}",16,3,MovementFall,865,53,53,,
3715,0,Husk,T3/40,MOVING,64.641,13.536,108.483,"GoalBlock{x=75,y=4,z=108}",16,3,MovementFall,865,53,53,,
3716,0,Husk,T3/40,MOVING,64.749,13.232,108.448,"GoalBlock{x=75,y=4,z=108}",16,3,MovementFall,865,53,53,,
3717,0,Husk,T3/40,MOVING,64.837,12.855,108.399,"GoalBlock{x=75,y=4,z=108}",16,3,MovementFall,865,53,53,,
3718,0,Husk,T3/40,MOVING,64.913,12.407,108.352,"GoalBlock{x=75,y=4,z=108}",16,3,MovementFall,865,53,53,,
3719,0,Husk,T3/40,MOVING,64.975,11.890,108.309,"GoalBlock{x=75,y=4,z=108}",16,3,MovementFall,865,53,53,,
3720,0,Husk,T3/40,MOVING,65.027,11.305,108.271,"GoalBlock{x=75,y=4,z=108}",16,3,MovementFall,865,53,53,,
3721,0,Husk,T3/40,MOVING,65.068,10.654,108.239,"GoalBlock{x=75,y=4,z=108}",16,3,MovementFall,865,53,53,,
3722,0,Husk,T3/40,MOVING,65.100,9.937,108.212,"GoalBlock{x=75,y=4,z=108}",16,3,MovementFall,865,53,53,,
3723,0,Husk,T3/40,MOVING,65.124,9.156,108.189,"GoalBlock{x=75,y=4,z=108}",16,3,MovementFall,865,53,53,,
3724,0,Husk,T3/40,MOVING,65.140,8.312,108.171,"GoalBlock{x=75,y=4,z=108}",16,3,MovementFall,865,53,53,,
3725,0,Husk,T3/40,MOVING,65.149,7.406,108.157,"GoalBlock{x=75,y=4,z=108}",16,3,MovementFall,865,53,53,,
3726,0,Husk,T3/40,MOVING,65.152,6.440,108.146,"GoalBlock{x=75,y=4,z=108}",16,3,MovementFall,865,53,53,,
3727,0,Husk,T3/40,MOVING,65.147,5.416,108.139,"GoalBlock{x=75,y=4,z=108}",16,3,MovementFall,865,53,53,,
3728,0,Husk,T3/40,MOVING,65.137,4.333,108.135,"GoalBlock{x=75,y=4,z=108}",16,3,MovementFall,865,53,53,,
3729,0,Husk,T3/40,MOVING,65.122,3.193,108.133,"GoalBlock{x=75,y=4,z=108}",16,3,MovementFall,865,53,53,,
3730,0,Husk,T3/40,MOVING,65.104,2.038,108.136,"GoalBlock{x=75,y=4,z=108}",16,3,MovementFall,865,53,53,,
3731,0,Husk,T3/40,MOVING,65.084,2.000,108.139,"GoalBlock{x=75,y=4,z=108}",16,3,MovementFall,865,53,53,,
3732,0,Husk,T3/40,MOVING,65.050,2.020,108.148,"GoalBlock{x=75,y=4,z=108}",16,3,MovementFall,865,53,53,,
3733,0,Husk,T3/40,MOVING,65.006,2.056,108.164,"GoalBlock{x=75,y=4,z=108}",16,3,MovementFall,865,53,53,,
3734,0,Husk,T3/40,MOVING,64.953,2.105,108.186,"GoalBlock{x=75,y=4,z=108}",16,3,MovementFall,865,53,53,,
3735,0,Husk,T3/40,MOVING,64.894,2.164,108.213,"GoalBlock{x=75,y=4,z=108}",16,3,MovementFall,865,53,53,,
3736,0,Husk,T3/40,MOVING,64.829,2.231,108.244,"GoalBlock{x=75,y=4,z=108}",16,3,MovementFall,865,53,53,,
3737,0,Husk,T3/40,MOVING,64.760,2.305,108.279,"GoalBlock{x=75,y=4,z=108}",16,3,MovementFall,865,53,53,,
3738,0,Husk,T3/40,MOVING,64.688,2.384,108.316,"GoalBlock{x=75,y=4,z=108}",16,3,MovementFall,865,53,53,,
3739,0,Husk,T3/40,MOVING,64.614,2.467,108.356,"GoalBlock{x=75,y=4,z=108}",16,3,MovementFall,865,53,53,,
3740,0,Husk,T3/40,MOVING,64.537,2.554,108.398,"GoalBlock{x=75,y=4,z=108}",16,3,MovementFall,865,53,53,,
3741,0,Husk,T3/40,MOVING,64.476,2.643,108.432,"GoalBlock{x=75,y=4,z=108}",16,3,MovementFall,865,53,53,,
3742,0,Husk,T3/40,MOVING,64.427,2.734,108.458,"GoalBlock{x=75,y=4,z=108}",16,3,MovementFall,865,53,53,,
3743,0,Husk,T3/40,MOVING,64.373,2.827,108.492,"GoalBlock{x=75,y=4,z=108}",16,3,MovementFall,865,53,53,,
3744,0,Husk,T3/40,MOVING,64.322,2.922,108.537,"GoalBlock{x=75,y=4,z=108}",16,3,MovementFall,865,53,53,,
3745,0,Husk,T3/40,MOVING,64.284,3.018,108.593,"GoalBlock{x=75,y=4,z=108}",16,4,MovementTraverse,865,53,53,,
3746,0,Husk,T3/40,MOVING,64.266,3.114,108.653,"GoalBlock{x=75,y=4,z=108}",16,4,MovementTraverse,865,53,53,,
3747,0,Husk,T3/40,MOVING,64.270,3.211,108.708,"GoalBlock{x=75,y=4,z=108}",16,4,MovementTraverse,865,53,53,,
3748,0,Husk,T3/40,MOVING,64.293,3.309,108.749,"GoalBlock{x=75,y=4,z=108}",16,4,MovementTraverse,865,53,53,,
3749,0,Husk,T3/40,MOVING,64.330,3.407,108.778,"GoalBlock{x=75,y=4,z=108}",16,4,MovementTraverse,865,53,53,,
3750,0,Husk,T3/40,MOVING,64.379,3.506,108.796,"GoalBlock{x=75,y=4,z=108}",16,4,MovementTraverse,865,53,53,,
3751,0,Husk,T3/40,MOVING,64.437,3.605,108.806,"GoalBlock{x=75,y=4,z=108}",16,4,MovementTraverse,865,53,53,,
3752,0,Husk,T3/40,MOVING,64.507,3.664,108.807,"GoalBlock{x=75,y=4,z=108}",16,4,MovementTraverse,865,53,53,,
3753,0,Husk,T3/40,MOVING,64.596,3.643,108.800,"GoalBlock{x=75,y=4,z=108}",16,4,MovementTraverse,865,53,53,,
3754,0,Husk,T3/40,MOVING,64.701,3.545,108.785,"GoalBlock{x=75,y=4,z=108}",16,4,MovementTraverse,865,53,53,,
3755,0,Husk,T3/40,MOVING,64.815,3.410,108.765,"GoalBlock{x=75,y=4,z=108}",16,4,MovementTraverse,865,53,53,,
3756,0,Husk,T3/40,MOVING,64.925,3.322,108.741,"GoalBlock{x=75,y=4,z=108}",16,4,MovementTraverse,865,53,53,,
3757,0,Husk,T3/40,MOVING,65.030,3.271,108.715,"GoalBlock{x=75,y=4,z=108}",16,4,MovementTraverse,865,53,53,,
3758,0,Husk,T3/40,MOVING,65.134,3.251,108.692,"GoalBlock{x=75,y=4,z=108}",16,5,MovementTraverse,865,53,53,,
3759,0,Husk,T3/40,MOVING,65.237,3.255,108.670,"GoalBlock{x=75,y=4,z=108}",16,5,MovementTraverse,865,53,53,,
3760,0,Husk,T3/40,MOVING,65.338,3.278,108.650,"GoalBlock{x=75,y=4,z=108}",16,5,MovementTraverse,865,53,53,,
3761,0,Husk,T3/40,MOVING,65.439,3.318,108.631,"GoalBlock{x=75,y=4,z=108}",16,5,MovementTraverse,865,53,53,,
3762,0,Husk,T3/40,MOVING,65.539,3.370,108.614,"GoalBlock{x=75,y=4,z=108}",16,5,MovementTraverse,865,53,53,,
3763,0,Husk,T3/40,MOVING,65.638,3.432,108.598,"GoalBlock{x=75,y=4,z=108}",16,5,MovementTraverse,865,53,53,,
3764,0,Husk,T3/40,MOVING,65.737,3.501,108.583,"GoalBlock{x=75,y=4,z=108}",16,5,MovementTraverse,865,53,53,,
3765,0,Husk,T3/40,MOVING,65.836,3.576,108.569,"GoalBlock{x=75,y=4,z=108}",16,5,MovementTraverse,865,53,53,,
3766,0,Husk,T3/40,MOVING,65.935,3.657,108.556,"GoalBlock{x=75,y=4,z=108}",16,5,MovementTraverse,865,53,53,,
3767,0,Husk,T3/40,MOVING,66.039,3.701,108.542,"GoalBlock{x=75,y=4,z=108}",16,5,MovementTraverse,865,53,53,,
3768,0,Husk,T3/40,MOVING,66.159,3.666,108.530,"GoalBlock{x=75,y=4,z=108}",16,6,MovementTraverse,865,53,53,,
3769,0,Husk,T3/40,MOVING,66.294,3.553,108.517,"GoalBlock{x=75,y=4,z=108}",16,6,MovementTraverse,865,53,53,,
3770,0,Husk,T3/40,MOVING,66.436,3.404,108.506,"GoalBlock{x=75,y=4,z=108}",16,6,MovementTraverse,865,53,53,,
3771,0,Husk,T3/40,MOVING,66.570,3.305,108.497,"GoalBlock{x=75,y=4,z=108}",16,6,MovementTraverse,865,53,53,,
3772,0,Husk,T3/40,MOVING,66.696,3.246,108.490,"GoalBlock{x=75,y=4,z=108}",16,6,MovementTraverse,865,53,53,,
3773,0,Husk,T3/40,MOVING,66.817,3.219,108.484,"GoalBlock{x=75,y=4,z=108}",16,6,MovementTraverse,865,53,53,,
3774,0,Husk,T3/40,MOVING,66.933,3.217,108.480,"GoalBlock{x=75,y=4,z=108}",16,6,MovementTraverse,865,53,53,,
3775,0,Husk,T3/40,MOVING,67.045,3.235,108.478,"GoalBlock{x=75,y=4,z=108}",16,6,MovementTraverse,865,53,53,,
3776,0,Husk,T3/40,MOVING,67.155,3.270,108.478,"GoalBlock{x=75,y=4,z=108}",16,7,MovementTraverse,865,53,53,,
3777,0,Husk,T3/40,MOVING,67.262,3.318,108.478,"GoalBlock{x=75,y=4,z=108}",16,7,MovementTraverse,865,53,53,,
3778,0,Husk,T3/40,MOVING,67.368,3.376,108.479,"GoalBlock{x=75,y=4,z=108}",16,7,MovementTraverse,865,53,53,,
3779,0,Husk,T3/40,MOVING,67.472,3.442,108.479,"GoalBlock{x=75,y=4,z=108}",16,7,MovementTraverse,865,53,53,,
3780,0,Husk,T3/40,MOVING,67.574,3.516,108.479,"GoalBlock{x=75,y=4,z=108}",16,7,MovementTraverse,865,53,53,,
3781,0,Husk,T3/40,MOVING,67.676,3.594,108.480,"GoalBlock{x=75,y=4,z=108}",16,7,MovementTraverse,865,53,53,,
3782,0,Husk,T3/40,MOVING,67.777,3.677,108.480,"GoalBlock{x=75,y=4,z=108}",16,7,MovementTraverse,865,53,53,,
3783,0,Husk,T3/40,MOVING,67.883,3.724,108.481,"GoalBlock{x=75,y=4,z=108}",16,7,MovementTraverse,865,53,53,,
3784,0,Husk,T3/40,MOVING,68.006,3.691,108.482,"GoalBlock{x=75,y=4,z=108}",16,7,MovementTraverse,865,53,53,,
3785,0,Husk,T3/40,MOVING,68.136,3.580,108.482,"GoalBlock{x=75,y=4,z=108}",16,8,MovementAscend,865,53,53,,
3786,0,Husk,T3/40,MOVING,68.275,3.433,108.482,"GoalBlock{x=75,y=4,z=108}",16,8,MovementAscend,865,53,53,,
3787,0,Husk,T3/40,MOVING,68.405,3.335,108.483,"GoalBlock{x=75,y=4,z=108}",16,8,MovementAscend,865,53,53,,
3788,0,Husk,T3/40,MOVING,68.529,3.277,108.483,"GoalBlock{x=75,y=4,z=108}",16,8,MovementAscend,865,53,53,,
3789,0,Husk,T3/40,MOVING,68.648,3.251,108.483,"GoalBlock{x=75,y=4,z=108}",16,8,MovementAscend,865,53,53,,
3790,0,Husk,T3/40,MOVING,68.763,3.250,108.484,"GoalBlock{x=75,y=4,z=108}",16,8,MovementAscend,865,53,53,,
3791,0,Husk,T3/40,MOVING,68.820,3.269,108.484,"GoalBlock{x=75,y=4,z=108}",16,8,MovementAscend,865,53,53,,
3792,0,Husk,T3/40,MOVING,68.820,3.304,108.484,"GoalBlock{x=75,y=4,z=108}",16,8,MovementAscend,865,53,53,,
3793,0,Husk,T3/40,MOVING,68.820,3.352,108.485,"GoalBlock{x=75,y=4,z=108}",16,8,MovementAscend,865,53,53,,
3794,0,Husk,T3/40,MOVING,68.820,3.411,108.485,"GoalBlock{x=75,y=4,z=108}",16,8,MovementAscend,865,53,53,,
3795,0,Husk,T3/40,MOVING,68.820,3.478,108.486,"GoalBlock{x=75,y=4,z=108}",16,8,MovementAscend,865,53,53,,
3796,0,Husk,T3/40,MOVING,68.820,3.818,108.486,"GoalBlock{x=75,y=4,z=108}",16,8,MovementAscend,865,53,53,,
3797,0,Husk,T3/40,MOVING,68.840,4.118,108.487,"GoalBlock{x=75,y=4,z=108}",16,8,MovementAscend,865,53,53,,
3798,0,Husk,T3/40,MOVING,68.877,4.333,108.487,"GoalBlock{x=75,y=4,z=108}",16,8,MovementAscend,865,53,53,,
3799,0,Husk,T3/40,MOVING,68.931,4.466,108.487,"GoalBlock{x=75,y=4,z=108}",16,8,MovementAscend,865,53,53,,
3800,0,Husk,T3/40,MOVING,68.999,4.518,108.488,"GoalBlock{x=75,y=4,z=108}",16,8,MovementAscend,865,53,53,,
3801,0,Husk,T3/40,MOVING,69.081,4.490,108.488,"GoalBlock{x=75,y=4,z=108}",16,8,MovementAscend,865,53,53,,
3802,0,Husk,T3/40,MOVING,69.181,4.385,108.489,"GoalBlock{x=75,y=4,z=108}",16,9,MovementTraverse,865,53,53,,
3803,0,Husk,T3/40,MOVING,69.297,4.203,108.489,"GoalBlock{x=75,y=4,z=108}",16,9,MovementTraverse,865,53,53,,
3804,0,Husk,T3/40,MOVING,69.429,4.000,108.489,"GoalBlock{x=75,y=4,z=108}",16,9,MovementTraverse,865,53,53,,
3805,0,Husk,T3/40,MOVING,69.676,4.000,108.490,"GoalBlock{x=75,y=4,z=108}",16,9,MovementTraverse,865,53,53,,
3806,0,Husk,T3/40,MOVING,69.938,4.000,108.492,"GoalBlock{x=75,y=4,z=108}",16,9,MovementTraverse,865,53,53,,
3807,0,Husk,T3/40,MOVING,70.209,4.000,108.494,"GoalBlock{x=75,y=4,z=108}",16,9,MovementTraverse,865,53,53,,
3808,0,Husk,T3/40,MOVING,70.484,4.000,108.494,"GoalBlock{x=75,y=4,z=108}",16,10,MovementTraverse,865,53,53,,
3809,0,Husk,T3/40,MOVING,70.761,4.000,108.495,"GoalBlock{x=75,y=4,z=108}",16,10,MovementTraverse,865,53,53,,
3810,0,Husk,T3/40,MOVING,71.040,4.000,108.496,"GoalBlock{x=75,y=4,z=108}",16,10,MovementTraverse,865,53,53,,
3811,0,Husk,T3/40,MOVING,71.320,4.000,108.496,"GoalBlock{x=75,y=4,z=108}",16,11,MovementTraverse,865,53,53,,
3812,0,Husk,T3/40,MOVING,71.600,4.000,108.497,"GoalBlock{x=75,y=4,z=108}",16,11,MovementTraverse,865,53,53,,
3813,0,Husk,T3/40,MOVING,71.881,4.000,108.497,"GoalBlock{x=75,y=4,z=108}",16,11,MovementTraverse,865,53,53,,
3814,0,Husk,T3/40,MOVING,72.161,4.000,108.498,"GoalBlock{x=75,y=4,z=108}",16,11,MovementTraverse,865,53,53,,
3815,0,Husk,T3/40,MOVING,72.442,4.000,108.498,"GoalBlock{x=75,y=4,z=108}",16,12,MovementTraverse,865,53,53,,
3816,0,Husk,T3/40,MOVING,72.722,4.000,108.498,"GoalBlock{x=75,y=4,z=108}",16,12,MovementTraverse,865,53,53,,
3817,0,Husk,T3/40,MOVING,73.003,4.000,108.499,"GoalBlock{x=75,y=4,z=108}",16,12,MovementTraverse,865,53,53,,
3818,0,Husk,T3/40,MOVING,73.283,4.000,108.499,"GoalBlock{x=75,y=4,z=108}",16,13,MovementTraverse,865,53,53,,
3819,0,Husk,T3/40,MOVING,73.564,4.000,108.499,"GoalBlock{x=75,y=4,z=108}",16,13,MovementTraverse,865,53,53,,
3820,0,Husk,T3/40,MOVING,73.845,4.000,108.499,"GoalBlock{x=75,y=4,z=108}",16,13,MovementTraverse,865,53,53,,
3821,0,Husk,T3/40,MOVING,74.125,4.000,108.499,"GoalBlock{x=75,y=4,z=108}",16,13,MovementTraverse,865,53,53,,
3822,0,Husk,T3/40,MOVING,74.406,4.000,108.499,"GoalBlock{x=75,y=4,z=108}",16,14,MovementTraverse,865,53,53,,
3823,0,Husk,T3/40,MOVING,74.686,4.000,108.499,"GoalBlock{x=75,y=4,z=108}",16,14,MovementTraverse,865,53,53,,
3824,0,Husk,T3/40,MOVING,74.967,4.000,108.499,"GoalBlock{x=75,y=4,z=108}",16,14,MovementTraverse,865,53,53,,
3825,0,Husk,T3/40,MOVING,75.248,4.000,108.500,"GoalBlock{x=75,y=4,z=108}",16,14,MovementTraverse,865,53,53,,
3826,0,Husk,T3/40,ARRIVED,75.401,4.000,108.500,,-1,-1,,865,53,53,,CANCELED
3827,0,Husk,T3/41,ARRIVED,0.500,4.000,0.500,,-1,-1,,865,53,53,,CANCELED|CANCELED
3828,0,Husk,T3/41,ARRIVED,0.500,4.000,0.500,,-1,-1,,865,53,53,,
3829,0,Husk,T3/41,ARRIVED,0.500,4.000,0.500,,-1,-1,,865,53,53,,
3830,0,Husk,T3/41,ARRIVED,0.500,4.000,0.500,,-1,-1,,865,53,53,,
3831,0,Husk,T3/41,ARRIVED,0.500,4.000,0.500,,-1,-1,,865,53,53,,
3832,0,Husk,T3/41,ARRIVED,0.500,4.000,0.500,,-1,-1,,865,53,53,,
3833,0,Husk,T3/41,ARRIVED,0.500,4.000,0.500,,-1,-1,,865,53,53,,
3834,0,Husk,T3/41,ARRIVED,0.500,4.000,0.500,,-1,-1,,865,53,53,,
3835,0,Husk,T3/41,ARRIVED,0.500,4.000,0.500,,-1,-1,,865,53,53,,
3836,0,Husk,T3/41,ARRIVED,0.500,4.000,0.500,,-1,-1,,865,53,53,,
3837,0,Husk,T3/41,SEARCHING,0.500,4.000,0.500,"GoalBlock{x=30,y=4,z=0}",-1,-1,,865,54,54,,CALC_STARTED
3838,0,Husk,T3/41,MOVING,0.627,4.000,0.500,"GoalBlock{x=30,y=4,z=0}",31,0,MovementTraverse,235,54,54,,CALC_FINISHED_NOW_EXECUTING
3839,0,Husk,T3/41,MOVING,0.824,4.000,0.500,"GoalBlock{x=30,y=4,z=0}",31,0,MovementTraverse,235,54,54,,
3840,0,Husk,T3/41,MOVING,1.059,4.000,0.500,"GoalBlock{x=30,y=4,z=0}",31,0,MovementTraverse,235,54,54,,
3841,0,Husk,T3/41,MOVING,1.315,4.000,0.500,"GoalBlock{x=30,y=4,z=0}",31,1,MovementTraverse,235,54,54,,
3842,0,Husk,T3/41,MOVING,1.582,4.000,0.500,"GoalBlock{x=30,y=4,z=0}",31,1,MovementTraverse,235,54,54,,
3843,0,Husk,T3/41,MOVING,1.855,4.000,0.500,"GoalBlock{x=30,y=4,z=0}",31,1,MovementTraverse,235,54,54,,
3844,0,Husk,T3/41,MOVING,2.132,4.000,0.500,"GoalBlock{x=30,y=4,z=0}",31,1,MovementTraverse,235,54,54,,
3845,0,Husk,T3/41,MOVING,2.410,4.000,0.500,"GoalBlock{x=30,y=4,z=0}",31,2,MovementTraverse,235,54,54,,
3846,0,Husk,T3/41,MOVING,2.690,4.000,0.500,"GoalBlock{x=30,y=4,z=0}",31,2,MovementTraverse,235,54,54,,
3847,0,Husk,T3/41,MOVING,2.969,4.000,0.500,"GoalBlock{x=30,y=4,z=0}",31,2,MovementTraverse,235,54,54,,
3848,0,Husk,T3/41,MOVING,3.250,4.000,0.500,"GoalBlock{x=30,y=4,z=0}",31,2,MovementTraverse,235,54,54,,
3849,0,Husk,T3/41,MOVING,3.530,4.000,0.500,"GoalBlock{x=30,y=4,z=0}",31,3,MovementTraverse,235,54,54,,
3850,0,Husk,T3/41,MOVING,3.811,4.000,0.500,"GoalBlock{x=30,y=4,z=0}",31,3,MovementTraverse,235,54,54,,
3851,0,Husk,T3/41,MOVING,4.091,4.000,0.500,"GoalBlock{x=30,y=4,z=0}",31,3,MovementTraverse,235,54,54,,
3852,0,Husk,T3/41,MOVING,4.372,4.000,0.500,"GoalBlock{x=30,y=4,z=0}",31,4,MovementTraverse,235,54,54,,
3853,0,Husk,T3/41,MOVING,4.652,4.000,0.500,"GoalBlock{x=30,y=4,z=0}",31,4,MovementTraverse,235,54,54,,
3854,0,Husk,T3/41,MOVING,4.933,4.000,0.500,"GoalBlock{x=30,y=4,z=0}",31,4,MovementTraverse,235,54,54,,
3855,0,Husk,T3/41,MOVING,5.214,4.000,0.500,"GoalBlock{x=30,y=4,z=0}",31,4,MovementTraverse,235,54,54,,
3856,0,Husk,T3/41,MOVING,5.494,4.000,0.500,"GoalBlock{x=30,y=4,z=0}",31,5,MovementTraverse,235,54,54,,
3857,0,Husk,T3/41,MOVING,5.775,4.000,0.500,"GoalBlock{x=30,y=4,z=0}",31,5,MovementTraverse,235,54,54,,
3858,0,Husk,T3/41,MOVING,6.055,4.000,0.500,"GoalBlock{x=30,y=4,z=0}",31,5,MovementTraverse,235,54,54,,
3859,0,Husk,T3/41,MOVING,6.336,4.000,0.500,"GoalBlock{x=30,y=4,z=0}",31,6,MovementTraverse,235,54,54,,
3860,0,Husk,T3/41,MOVING,6.617,4.000,0.500,"GoalBlock{x=30,y=4,z=0}",31,6,MovementTraverse,235,54,54,,
3861,0,Husk,T3/41,MOVING,6.897,4.000,0.500,"GoalBlock{x=30,y=4,z=0}",31,6,MovementTraverse,235,54,54,,
3862,0,Husk,T3/41,MOVING,7.178,4.000,0.500,"GoalBlock{x=30,y=4,z=0}",31,6,MovementTraverse,235,54,54,,
3863,0,Husk,T3/41,MOVING,7.459,4.000,0.500,"GoalBlock{x=30,y=4,z=0}",31,7,MovementTraverse,235,54,54,,
3864,0,Husk,T3/41,MOVING,7.739,4.000,0.500,"GoalBlock{x=30,y=4,z=0}",31,7,MovementTraverse,235,54,54,,
3865,0,Husk,T3/41,MOVING,8.020,4.000,0.500,"GoalBlock{x=30,y=4,z=0}",31,7,MovementTraverse,235,54,54,,
3866,0,Husk,T3/41,MOVING,8.300,4.000,0.500,"GoalBlock{x=30,y=4,z=0}",31,8,MovementTraverse,235,54,54,,
3867,0,Husk,T3/41,MOVING,8.581,4.000,0.500,"GoalBlock{x=30,y=4,z=0}",31,8,MovementTraverse,235,54,54,,
3868,0,Husk,T3/41,MOVING,8.862,4.000,0.500,"GoalBlock{x=30,y=4,z=0}",31,8,MovementTraverse,235,54,54,,
3869,0,Husk,T3/41,MOVING,9.142,4.000,0.500,"GoalBlock{x=30,y=4,z=0}",31,8,MovementTraverse,235,54,54,,
3870,0,Husk,T3/41,MOVING,9.423,4.000,0.500,"GoalBlock{x=30,y=4,z=0}",31,9,MovementTraverse,235,54,54,,
3871,0,Husk,T3/41,MOVING,9.703,4.000,0.500,"GoalBlock{x=30,y=4,z=0}",31,9,MovementTraverse,235,54,54,,
3872,0,Husk,T3/41,MOVING,9.984,4.000,0.500,"GoalBlock{x=30,y=4,z=0}",31,9,MovementTraverse,235,54,54,,
3873,0,Husk,T3/41,MOVING,10.265,4.000,0.500,"GoalBlock{x=30,y=4,z=0}",31,9,MovementTraverse,235,54,54,,
3874,0,Husk,T3/41,MOVING,10.545,4.000,0.500,"GoalBlock{x=30,y=4,z=0}",31,10,MovementTraverse,235,54,54,,
3875,0,Husk,T3/41,MOVING,10.826,4.000,0.500,"GoalBlock{x=30,y=4,z=0}",31,10,MovementTraverse,235,54,54,,
3876,0,Husk,T3/41,MOVING,11.107,4.000,0.500,"GoalBlock{x=30,y=4,z=0}",31,10,MovementTraverse,235,54,54,,
3877,0,Husk,T3/41,MOVING,11.387,4.000,0.500,"GoalBlock{x=30,y=4,z=0}",31,11,MovementTraverse,235,54,54,,
3878,0,Husk,T3/41,MOVING,11.668,4.000,0.500,"GoalBlock{x=30,y=4,z=0}",31,11,MovementTraverse,235,54,54,,
3879,0,Husk,T3/41,MOVING,11.948,4.000,0.500,"GoalBlock{x=30,y=4,z=0}",31,11,MovementTraverse,235,54,54,,
3880,0,Husk,T3/41,MOVING,12.229,4.000,0.500,"GoalBlock{x=30,y=4,z=0}",31,11,MovementTraverse,235,54,54,,
3881,0,Husk,T3/41,MOVING,12.510,4.000,0.500,"GoalBlock{x=30,y=4,z=0}",31,12,MovementTraverse,235,54,54,,
3882,0,Husk,T3/41,MOVING,12.790,4.000,0.500,"GoalBlock{x=30,y=4,z=0}",31,12,MovementTraverse,235,54,54,,
3883,0,Husk,T3/41,MOVING,13.071,4.000,0.500,"GoalBlock{x=30,y=4,z=0}",31,12,MovementTraverse,235,54,54,,
3884,0,Husk,T3/41,MOVING,13.352,4.000,0.500,"GoalBlock{x=30,y=4,z=0}",31,13,MovementTraverse,235,54,54,,
3885,0,Husk,T3/41,MOVING,13.632,4.000,0.500,"GoalBlock{x=30,y=4,z=0}",31,13,MovementTraverse,235,54,54,,
3886,0,Husk,T3/41,MOVING,13.913,4.000,0.500,"GoalBlock{x=30,y=4,z=0}",31,13,MovementTraverse,235,54,54,,
3887,0,Husk,T3/41,MOVING,14.193,4.000,0.500,"GoalBlock{x=30,y=4,z=0}",31,13,MovementTraverse,235,54,54,,
3888,0,Husk,T3/41,MOVING,14.474,4.000,0.500,"GoalBlock{x=30,y=4,z=0}",31,14,MovementTraverse,235,54,54,,
3889,0,Husk,T3/41,MOVING,14.755,4.000,0.500,"GoalBlock{x=30,y=4,z=0}",31,14,MovementTraverse,235,54,54,,
3890,0,Husk,T3/41,MOVING,15.035,4.000,0.500,"GoalBlock{x=30,y=4,z=0}",31,14,MovementTraverse,235,54,54,,
3891,0,Husk,T3/41,MOVING,15.316,4.000,0.500,"GoalBlock{x=30,y=4,z=0}",31,15,MovementTraverse,235,54,54,,
3892,0,Husk,T3/41,MOVING,15.596,4.000,0.500,"GoalBlock{x=30,y=4,z=0}",31,15,MovementTraverse,235,54,54,,
3893,0,Husk,T3/41,MOVING,15.877,4.000,0.500,"GoalBlock{x=30,y=4,z=0}",31,15,MovementTraverse,235,54,54,,
3894,0,Husk,T3/41,MOVING,16.158,4.000,0.500,"GoalBlock{x=30,y=4,z=0}",31,15,MovementTraverse,235,54,54,,
3895,0,Husk,T3/41,MOVING,16.438,4.000,0.500,"GoalBlock{x=30,y=4,z=0}",31,16,MovementTraverse,235,54,54,,
3896,0,Husk,T3/41,MOVING,16.719,4.000,0.500,"GoalBlock{x=30,y=4,z=0}",31,16,MovementTraverse,235,54,54,,
3897,0,Husk,T3/41,MOVING,17.000,4.000,0.500,"GoalBlock{x=30,y=4,z=0}",31,16,MovementTraverse,235,54,54,,
3898,0,Husk,T3/41,MOVING,17.280,4.000,0.500,"GoalBlock{x=30,y=4,z=0}",31,16,MovementTraverse,235,54,54,,
3899,0,Husk,T3/41,MOVING,17.561,4.000,0.500,"GoalBlock{x=30,y=4,z=0}",31,17,MovementTraverse,235,54,54,,
3900,0,Husk,T3/41,MOVING,17.841,4.000,0.500,"GoalBlock{x=30,y=4,z=0}",31,17,MovementTraverse,235,54,54,,
3901,0,Husk,T3/41,MOVING,18.122,4.000,0.500,"GoalBlock{x=30,y=4,z=0}",31,17,MovementTraverse,235,54,54,,
3902,0,Husk,T3/41,MOVING,18.403,4.000,0.500,"GoalBlock{x=30,y=4,z=0}",31,18,MovementTraverse,235,54,54,,
3903,0,Husk,T3/41,MOVING,18.683,4.000,0.500,"GoalBlock{x=30,y=4,z=0}",31,18,MovementTraverse,235,54,54,,
3904,0,Husk,T3/41,MOVING,18.964,4.000,0.500,"GoalBlock{x=30,y=4,z=0}",31,18,MovementTraverse,235,54,54,,
3905,0,Husk,T3/41,MOVING,19.244,4.000,0.500,"GoalBlock{x=30,y=4,z=0}",31,18,MovementTraverse,235,54,54,,
3906,0,Husk,T3/41,MOVING,19.525,4.000,0.500,"GoalBlock{x=30,y=4,z=0}",31,19,MovementTraverse,235,54,54,,
3907,0,Husk,T3/41,MOVING,19.806,4.000,0.500,"GoalBlock{x=30,y=4,z=0}",31,19,MovementTraverse,235,54,54,,
3908,0,Husk,T3/41,MOVING,20.086,4.000,0.500,"GoalBlock{x=30,y=4,z=0}",31,19,MovementTraverse,235,54,54,,
3909,0,Husk,T3/41,MOVING,20.367,4.000,0.500,"GoalBlock{x=30,y=4,z=0}",31,20,MovementTraverse,235,54,54,,
3910,0,Husk,T3/41,MOVING,20.648,4.000,0.500,"GoalBlock{x=30,y=4,z=0}",31,20,MovementTraverse,235,54,54,,
3911,0,Husk,T3/41,MOVING,20.928,4.000,0.500,"GoalBlock{x=30,y=4,z=0}",31,20,MovementTraverse,235,54,54,,
3912,0,Husk,T3/41,MOVING,21.209,4.000,0.500,"GoalBlock{x=30,y=4,z=0}",31,20,MovementTraverse,235,54,54,,
3913,0,Husk,T3/41,MOVING,21.489,4.000,0.500,"GoalBlock{x=30,y=4,z=0}",31,21,MovementTraverse,235,54,54,,
3914,0,Husk,T3/41,MOVING,21.770,4.000,0.500,"GoalBlock{x=30,y=4,z=0}",31,21,MovementTraverse,235,54,54,,
3915,0,Husk,T3/41,MOVING,22.051,4.000,0.500,"GoalBlock{x=30,y=4,z=0}",31,21,MovementTraverse,235,54,54,,
3916,0,Husk,T3/41,MOVING,22.331,4.000,0.500,"GoalBlock{x=30,y=4,z=0}",31,22,MovementTraverse,235,54,54,,
3917,0,Husk,T3/41,MOVING,22.612,4.000,0.500,"GoalBlock{x=30,y=4,z=0}",31,22,MovementTraverse,235,54,54,,
3918,0,Husk,T3/41,MOVING,22.892,4.000,0.500,"GoalBlock{x=30,y=4,z=0}",31,22,MovementTraverse,235,54,54,,
3919,0,Husk,T3/41,MOVING,23.173,4.000,0.500,"GoalBlock{x=30,y=4,z=0}",31,22,MovementTraverse,235,54,54,,
3920,0,Husk,T3/41,MOVING,23.454,4.000,0.500,"GoalBlock{x=30,y=4,z=0}",31,23,MovementTraverse,235,54,54,,
3921,0,Husk,T3/41,MOVING,23.734,4.000,0.500,"GoalBlock{x=30,y=4,z=0}",31,23,MovementTraverse,235,54,54,,
3922,0,Husk,T3/41,MOVING,24.015,4.000,0.500,"GoalBlock{x=30,y=4,z=0}",31,23,MovementTraverse,235,54,54,,
3923,0,Husk,T3/41,MOVING,24.296,4.000,0.500,"GoalBlock{x=30,y=4,z=0}",31,24,MovementTraverse,235,54,54,,
3924,0,Husk,T3/41,MOVING,24.576,4.000,0.500,"GoalBlock{x=30,y=4,z=0}",31,24,MovementTraverse,235,54,54,,
3925,0,Husk,T3/41,MOVING,24.857,4.000,0.500,"GoalBlock{x=30,y=4,z=0}",31,24,MovementTraverse,235,54,54,,
3926,0,Husk,T3/41,MOVING,25.137,4.000,0.500,"GoalBlock{x=30,y=4,z=0}",31,24,MovementTraverse,235,54,54,,
3927,0,Husk,T3/41,MOVING,25.418,4.000,0.500,"GoalBlock{x=30,y=4,z=0}",31,25,MovementTraverse,235,54,54,,
3928,0,Husk,T3/41,MOVING,25.699,4.000,0.500,"GoalBlock{x=30,y=4,z=0}",31,25,MovementTraverse,235,54,54,,
3929,0,Husk,T3/41,MOVING,25.979,4.000,0.500,"GoalBlock{x=30,y=4,z=0}",31,25,MovementTraverse,235,54,54,,
3930,0,Husk,T3/41,MOVING,26.260,4.000,0.500,"GoalBlock{x=30,y=4,z=0}",31,25,MovementTraverse,235,54,54,,
3931,0,Husk,T3/41,MOVING,26.540,4.000,0.500,"GoalBlock{x=30,y=4,z=0}",31,26,MovementTraverse,235,54,54,,
3932,0,Husk,T3/41,MOVING,26.821,4.000,0.500,"GoalBlock{x=30,y=4,z=0}",31,26,MovementTraverse,235,54,54,,
3933,0,Husk,T3/41,MOVING,27.102,4.000,0.500,"GoalBlock{x=30,y=4,z=0}",31,26,MovementTraverse,235,54,54,,
3934,0,Husk,T3/41,MOVING,27.382,4.000,0.500,"GoalBlock{x=30,y=4,z=0}",31,27,MovementTraverse,235,54,54,,
3935,0,Husk,T3/41,MOVING,27.663,4.000,0.500,"GoalBlock{x=30,y=4,z=0}",31,27,MovementTraverse,235,54,54,,
3936,0,Husk,T3/41,MOVING,27.944,4.000,0.500,"GoalBlock{x=30,y=4,z=0}",31,27,MovementTraverse,235,54,54,,
3937,0,Husk,T3/41,MOVING,28.224,4.000,0.500,"GoalBlock{x=30,y=4,z=0}",31,27,MovementTraverse,235,54,54,,
3938,0,Husk,T3/41,MOVING,28.505,4.000,0.500,"GoalBlock{x=30,y=4,z=0}",31,28,MovementTraverse,235,54,54,,
3939,0,Husk,T3/41,MOVING,28.785,4.000,0.500,"GoalBlock{x=30,y=4,z=0}",31,28,MovementTraverse,235,54,54,,
3940,0,Husk,T3/41,MOVING,29.066,4.000,0.500,"GoalBlock{x=30,y=4,z=0}",31,28,MovementTraverse,235,54,54,,
3941,0,Husk,T3/41,MOVING,29.347,4.000,0.500,"GoalBlock{x=30,y=4,z=0}",31,29,MovementTraverse,235,54,54,,
3942,0,Husk,T3/41,MOVING,29.627,4.000,0.500,"GoalBlock{x=30,y=4,z=0}",31,29,MovementTraverse,235,54,54,,
3943,0,Husk,T3/41,MOVING,29.908,4.000,0.500,"GoalBlock{x=30,y=4,z=0}",31,29,MovementTraverse,235,54,54,,
3944,0,Husk,T3/41,MOVING,30.189,4.000,0.500,"GoalBlock{x=30,y=4,z=0}",31,29,MovementTraverse,235,54,54,,
3945,0,Husk,T3/41,ARRIVED,30.342,4.000,0.500,,-1,-1,,235,54,54,,CANCELED
3946,0,Husk,T3/42,ARRIVED,0.500,4.000,12.500,,-1,-1,,235,54,54,,CANCELED|CANCELED
3947,0,Husk,T3/42,ARRIVED,0.500,4.000,12.500,,-1,-1,,235,54,54,,
3948,0,Husk,T3/42,ARRIVED,0.500,4.000,12.500,,-1,-1,,235,54,54,,
3949,0,Husk,T3/42,ARRIVED,0.500,4.000,12.500,,-1,-1,,235,54,54,,
3950,0,Husk,T3/42,ARRIVED,0.500,4.000,12.500,,-1,-1,,235,54,54,,
3951,0,Husk,T3/42,ARRIVED,0.500,4.000,12.500,,-1,-1,,235,54,54,,
3952,0,Husk,T3/42,ARRIVED,0.500,4.000,12.500,,-1,-1,,235,54,54,,
3953,0,Husk,T3/42,ARRIVED,0.500,4.000,12.500,,-1,-1,,235,54,54,,
3954,0,Husk,T3/42,ARRIVED,0.500,4.000,12.500,,-1,-1,,235,54,54,,
3955,0,Husk,T3/42,ARRIVED,0.500,4.000,12.500,,-1,-1,,235,54,54,,
3956,0,Husk,T3/42,SEARCHING,0.500,4.000,12.500,"GoalBlock{x=20,y=4,z=12}",-1,-1,,235,55,55,,CALC_STARTED
3957,0,Husk,T3/42,MOVING,0.627,4.000,12.500,"GoalBlock{x=20,y=4,z=12}",21,0,MovementTraverse,352,55,55,,CALC_FINISHED_NOW_EXECUTING
3958,0,Husk,T3/42,MOVING,0.824,4.000,12.500,"GoalBlock{x=20,y=4,z=12}",21,0,MovementTraverse,352,55,55,,
3959,0,Husk,T3/42,MOVING,1.059,4.000,12.500,"GoalBlock{x=20,y=4,z=12}",21,0,MovementTraverse,352,55,55,,
3960,0,Husk,T3/42,MOVING,1.315,4.000,12.500,"GoalBlock{x=20,y=4,z=12}",21,1,MovementTraverse,352,55,55,,
3961,0,Husk,T3/42,MOVING,1.582,4.000,12.500,"GoalBlock{x=20,y=4,z=12}",21,1,MovementTraverse,352,55,55,,
3962,0,Husk,T3/42,MOVING,1.855,4.000,12.500,"GoalBlock{x=20,y=4,z=12}",21,1,MovementTraverse,352,55,55,,
3963,0,Husk,T3/42,MOVING,2.132,4.000,12.500,"GoalBlock{x=20,y=4,z=12}",21,1,MovementTraverse,352,55,55,,
3964,0,Husk,T3/42,MOVING,2.410,4.000,12.500,"GoalBlock{x=20,y=4,z=12}",21,2,MovementTraverse,352,55,55,,
3965,0,Husk,T3/42,MOVING,2.690,4.000,12.500,"GoalBlock{x=20,y=4,z=12}",21,2,MovementTraverse,352,55,55,,
3966,0,Husk,T3/42,MOVING,2.969,4.000,12.500,"GoalBlock{x=20,y=4,z=12}",21,2,MovementTraverse,352,55,55,,
3967,0,Husk,T3/42,MOVING,3.250,4.000,12.500,"GoalBlock{x=20,y=4,z=12}",21,2,MovementTraverse,352,55,55,,
3968,0,Husk,T3/42,MOVING,3.530,4.000,12.500,"GoalBlock{x=20,y=4,z=12}",21,3,MovementTraverse,352,55,55,,
3969,0,Husk,T3/42,MOVING,3.811,4.000,12.500,"GoalBlock{x=20,y=4,z=12}",21,3,MovementTraverse,352,55,55,,
3970,0,Husk,T3/42,MOVING,4.091,4.000,12.500,"GoalBlock{x=20,y=4,z=12}",21,3,MovementTraverse,352,55,55,,
3971,0,Husk,T3/42,MOVING,4.372,4.000,12.500,"GoalBlock{x=20,y=4,z=12}",21,4,MovementTraverse,352,55,55,,
3972,0,Husk,T3/42,MOVING,4.652,4.000,12.500,"GoalBlock{x=20,y=4,z=12}",21,4,MovementTraverse,352,55,55,,
3973,0,Husk,T3/42,MOVING,4.933,4.000,12.500,"GoalBlock{x=20,y=4,z=12}",21,4,MovementTraverse,352,55,55,,
3974,0,Husk,T3/42,MOVING,5.214,4.000,12.500,"GoalBlock{x=20,y=4,z=12}",21,4,MovementTraverse,352,55,55,,
3975,0,Husk,T3/42,MOVING,5.494,4.000,12.500,"GoalBlock{x=20,y=4,z=12}",21,5,MovementTraverse,352,55,55,,
3976,0,Husk,T3/42,MOVING,5.775,4.000,12.500,"GoalBlock{x=20,y=4,z=12}",21,5,MovementTraverse,352,55,55,,
3977,0,Husk,T3/42,MOVING,6.055,4.000,12.500,"GoalBlock{x=20,y=4,z=12}",21,5,MovementTraverse,352,55,55,,
3978,0,Husk,T3/42,MOVING,6.319,4.000,12.564,"GoalBlock{x=20,y=4,z=12}",21,6,MovementDiagonal,352,55,55,,
3979,0,Husk,T3/42,MOVING,6.563,4.000,12.678,"GoalBlock{x=20,y=4,z=12}",21,6,MovementDiagonal,352,55,55,,
3980,0,Husk,T3/42,MOVING,6.792,4.000,12.824,"GoalBlock{x=20,y=4,z=12}",21,6,MovementDiagonal,352,55,55,,
3981,0,Husk,T3/42,MOVING,7.009,4.000,12.992,"GoalBlock{x=20,y=4,z=12}",21,6,MovementDiagonal,352,55,55,,
3982,0,Husk,T3/42,MOVING,7.216,4.000,13.175,"GoalBlock{x=20,y=4,z=12}",21,6,MovementDiagonal,352,55,55,,
3983,0,Husk,T3/42,MOVING,7.417,4.000,13.366,"GoalBlock{x=20,y=4,z=12}",21,7,MovementDiagonal,352,55,55,,
3984,0,Husk,T3/42,MOVING,7.616,4.000,13.563,"GoalBlock{x=20,y=4,z=12}",21,7,MovementDiagonal,352,55,55,,
3985,0,Husk,T3/42,MOVING,7.811,4.000,13.763,"GoalBlock{x=20,y=4,z=12}",21,7,MovementDiagonal,352,55,55,,
3986,0,Husk,T3/42,MOVING,8.005,4.000,13.965,"GoalBlock{x=20,y=4,z=12}",21,7,MovementDiagonal,352,55,55,,
3987,0,Husk,T3/42,MOVING,8.197,4.000,14.169,"GoalBlock{x=20,y=4,z=12}",21,7,MovementDiagonal,352,55,55,,
3988,0,Husk,T3/42,MOVING,8.392,4.000,14.372,"GoalBlock{x=20,y=4,z=12}",21,8,MovementDiagonal,352,55,55,,
3989,0,Husk,T3/42,MOVING,8.587,4.000,14.573,"GoalBlock{x=20,y=4,z=12}",21,8,MovementDiagonal,352,55,55,,
3990,0,Husk,T3/42,MOVING,8.783,4.000,14.774,"GoalBlock{x=20,y=4,z=12}",21,8,MovementDiagonal,352,55,55,,
3991,0,Husk,T3/42,MOVING,8.979,4.000,14.974,"GoalBlock{x=20,y=4,z=12}",21,8,MovementDiagonal,352,55,55,,
3992,0,Husk,T3/42,MOVING,9.176,4.000,15.174,"GoalBlock{x=20,y=4,z=12}",21,8,MovementDiagonal,352,55,55,,
3993,0,Husk,T3/42,MOVING,9.407,4.000,15.317,"GoalBlock{x=20,y=4,z=12}",21,9,MovementTraverse,352,55,55,,
3994,0,Husk,T3/42,MOVING,9.658,4.000,15.416,"GoalBlock{x=20,y=4,z=12}",21,9,MovementTraverse,352,55,55,,
3995,0,Husk,T3/42,MOVING,9.922,4.000,15.482,"GoalBlock{x=20,y=4,z=12}",21,9,MovementTraverse,352,55,55,,
3996,0,Husk,T3/42,MOVING,10.194,4.000,15.523,"GoalBlock{x=20,y=4,z=12}",21,9,MovementTraverse,352,55,55,,
3997,0,Husk,T3/42,MOVING,10.469,4.000,15.543,"GoalBlock{x=20,y=4,z=12}",21,10,MovementTraverse,352,55,55,,
3998,0,Husk,T3/42,MOVING,10.747,4.000,15.548,"GoalBlock{x=20,y=4,z=12}",21,10,MovementTraverse,352,55,55,,
3999,0,Husk,T3/42,MOVING,11.026,4.000,15.543,"GoalBlock{x=20,y=4,z=12}",21,10,MovementTraverse,352,55,55,,
4000,0,Husk,T3/42,MOVING,11.306,4.000,15.539,"GoalBlock{x=20,y=4,z=12}",21,11,MovementTraverse,352,55,55,,
4001,0,Husk,T3/42,MOVING,11.586,4.000,15.535,"GoalBlock{x=20,y=4,z=12}",21,11,MovementTraverse,352,55,55,,
4002,0,Husk,T3/42,MOVING,11.866,4.000,15.530,"GoalBlock{x=20,y=4,z=12}",21,11,MovementTraverse,352,55,55,,
4003,0,Husk,T3/42,MOVING,12.146,4.000,15.524,"GoalBlock{x=20,y=4,z=12}",21,11,MovementTraverse,352,55,55,,
4004,0,Husk,T3/42,MOVING,12.426,4.000,15.519,"GoalBlock{x=20,y=4,z=12}",21,12,MovementTraverse,352,55,55,,
4005,0,Husk,T3/42,MOVING,12.707,4.000,15.513,"GoalBlock{x=20,y=4,z=12}",21,12,MovementTraverse,352,55,55,,
4006,0,Husk,T3/42,MOVING,12.987,4.000,15.511,"GoalBlock{x=20,y=4,z=12}",21,12,MovementTraverse,352,55,55,,
4007,0,Husk,T3/42,MOVING,13.268,4.000,15.508,"GoalBlock{x=20,y=4,z=12}",21,12,MovementTraverse,352,55,55,,
4008,0,Husk,T3/42,MOVING,13.548,4.000,15.508,"GoalBlock{x=20,y=4,z=12}",21,13,MovementTraverse,352,55,55,,
4009,0,Husk,T3/42,MOVING,13.829,4.000,15.507,"GoalBlock{x=20,y=4,z=12}",21,13,MovementTraverse,352,55,55,,
4010,0,Husk,T3/42,MOVING,14.110,4.000,15.505,"GoalBlock{x=20,y=4,z=12}",21,13,MovementTraverse,352,55,55,,
4011,0,Husk,T3/42,MOVING,14.390,4.000,15.505,"GoalBlock{x=20,y=4,z=12}",21,14,MovementTraverse,352,55,55,,
4012,0,Husk,T3/42,MOVING,14.671,4.000,15.504,"GoalBlock{x=20,y=4,z=12}",21,14,MovementTraverse,352,55,55,,
4013,0,Husk,T3/42,MOVING,14.951,4.000,15.504,"GoalBlock{x=20,y=4,z=12}",21,14,MovementTraverse,352,55,55,,
4014,0,Husk,T3/42,MOVING,15.232,4.000,15.503,"GoalBlock{x=20,y=4,z=12}",21,14,MovementTraverse,352,55,55,,
4015,0,Husk,T3/42,MOVING,15.513,4.000,15.503,"GoalBlock{x=20,y=4,z=12}",21,15,MovementTraverse,352,55,55,,
4016,0,Husk,T3/42,MOVING,15.793,4.000,15.502,"GoalBlock{x=20,y=4,z=12}",21,15,MovementTraverse,352,55,55,,
4017,0,Husk,T3/42,MOVING,16.074,4.000,15.502,"GoalBlock{x=20,y=4,z=12}",21,15,MovementTraverse,352,55,55,,
4018,0,Husk,T3/42,MOVING,16.354,4.000,15.502,"GoalBlock{x=20,y=4,z=12}",21,16,MovementTraverse,352,55,55,,
4019,0,Husk,T3/42,MOVING,16.635,4.000,15.501,"GoalBlock{x=20,y=4,z=12}",21,16,MovementTraverse,352,55,55,,
4020,0,Husk,T3/42,MOVING,16.916,4.000,15.501,"GoalBlock{x=20,y=4,z=12}",21,16,MovementTraverse,352,55,55,,
4021,0,Husk,T3/42,MOVING,17.196,4.000,15.501,"GoalBlock{x=20,y=4,z=12}",21,16,MovementTraverse,352,55,55,,
4022,0,Husk,T3/42,MOVING,17.460,4.000,15.437,"GoalBlock{x=20,y=4,z=12}",21,17,MovementDiagonal,352,55,55,,
4023,0,Husk,T3/42,MOVING,17.698,4.000,15.317,"GoalBlock{x=20,y=4,z=12}",21,17,MovementDiagonal,352,55,55,,
4024,0,Husk,T3/42,MOVING,17.918,4.000,15.160,"GoalBlock{x=20,y=4,z=12}",21,17,MovementDiagonal,352,55,55,,
4025,0,Husk,T3/42,MOVING,18.122,4.000,14.979,"GoalBlock{x=20,y=4,z=12}",21,17,MovementDiagonal,352,55,55,,
4026,0,Husk,T3/42,MOVING,18.320,4.000,14.787,"GoalBlock{x=20,y=4,z=12}",21,18,MovementDiagonal,352,55,55,,
4027,0,Husk,T3/42,MOVING,18.514,4.000,14.589,"GoalBlock{x=20,y=4,z=12}",21,18,MovementDiagonal,352,55,55,,
4028,0,Husk,T3/42,MOVING,18.706,4.000,14.386,"GoalBlock{x=20,y=4,z=12}",21,18,MovementDiagonal,352,55,55,,
4029,0,Husk,T3/42,MOVING,18.896,4.000,14.180,"GoalBlock{x=20,y=4,z=12}",21,18,MovementDiagonal,352,55,55,,
4030,0,Husk,T3/42,MOVING,19.084,4.000,13.972,"GoalBlock{x=20,y=4,z=12}",21,18,MovementDiagonal,352,55,55,,
4031,0,Husk,T3/42,MOVING,19.275,4.000,13.767,"GoalBlock{x=20,y=4,z=12}",21,19,MovementDiagonal,352,55,55,,
4032,0,Husk,T3/42,MOVING,19.468,4.000,13.564,"GoalBlock{x=20,y=4,z=12}",21,19,MovementDiagonal,352,55,55,,
4033,0,Husk,T3/42,MOVING,19.662,4.000,13.361,"GoalBlock{x=20,y=4,z=12}",21,19,MovementDiagonal,352,55,55,,
4034,0,Husk,T3/42,MOVING,19.857,4.000,13.159,"GoalBlock{x=20,y=4,z=12}",21,19,MovementDiagonal,352,55,55,,
4035,0,Husk,T3/42,MOVING,20.052,4.000,12.958,"GoalBlock{x=20,y=4,z=12}",21,19,MovementDiagonal,352,55,55,,
4036,0,Husk,T3/42,ARRIVED,20.159,4.000,12.848,,-1,-1,,352,55,55,,CANCELED
4037,0,Husk,T3/43,ARRIVED,0.500,4.000,24.500,,-1,-1,,352,55,55,,CANCELED|CANCELED
4038,0,Husk,T3/43,ARRIVED,0.500,4.000,24.500,,-1,-1,,352,55,55,,
4039,0,Husk,T3/43,ARRIVED,0.500,4.000,24.500,,-1,-1,,352,55,55,,
4040,0,Husk,T3/43,ARRIVED,0.500,4.000,24.500,,-1,-1,,352,55,55,,
4041,0,Husk,T3/43,ARRIVED,0.500,4.000,24.500,,-1,-1,,352,55,55,,
4042,0,Husk,T3/43,ARRIVED,0.500,4.000,24.500,,-1,-1,,352,55,55,,
4043,0,Husk,T3/43,ARRIVED,0.500,4.000,24.500,,-1,-1,,352,55,55,,
4044,0,Husk,T3/43,ARRIVED,0.500,4.000,24.500,,-1,-1,,352,55,55,,
4045,0,Husk,T3/43,ARRIVED,0.500,4.000,24.500,,-1,-1,,352,55,55,,
4046,0,Husk,T3/43,ARRIVED,0.500,4.000,24.500,,-1,-1,,352,55,55,,
4047,0,Husk,T3/43,SEARCHING,0.500,4.000,24.500,"GoalBlock{x=15,y=7,z=24}",-1,-1,,352,56,56,,CALC_STARTED
4048,0,Husk,T3/43,MOVING,0.627,4.000,24.500,"GoalBlock{x=15,y=7,z=24}",16,0,MovementTraverse,124,56,56,,CALC_FINISHED_NOW_EXECUTING
4049,0,Husk,T3/43,MOVING,0.824,4.000,24.500,"GoalBlock{x=15,y=7,z=24}",16,0,MovementTraverse,124,56,56,,
4050,0,Husk,T3/43,MOVING,1.059,4.000,24.500,"GoalBlock{x=15,y=7,z=24}",16,0,MovementTraverse,124,56,56,,
4051,0,Husk,T3/43,MOVING,1.315,4.000,24.500,"GoalBlock{x=15,y=7,z=24}",16,1,MovementTraverse,124,56,56,,
4052,0,Husk,T3/43,MOVING,1.582,4.000,24.500,"GoalBlock{x=15,y=7,z=24}",16,1,MovementTraverse,124,56,56,,
4053,0,Husk,T3/43,MOVING,1.855,4.000,24.500,"GoalBlock{x=15,y=7,z=24}",16,1,MovementTraverse,124,56,56,,
4054,0,Husk,T3/43,MOVING,2.132,4.000,24.500,"GoalBlock{x=15,y=7,z=24}",16,1,MovementTraverse,124,56,56,,
4055,0,Husk,T3/43,MOVING,2.410,4.000,24.500,"GoalBlock{x=15,y=7,z=24}",16,2,MovementTraverse,124,56,56,,
4056,0,Husk,T3/43,MOVING,2.690,4.000,24.500,"GoalBlock{x=15,y=7,z=24}",16,2,MovementTraverse,124,56,56,,
4057,0,Husk,T3/43,MOVING,2.969,4.000,24.500,"GoalBlock{x=15,y=7,z=24}",16,2,MovementTraverse,124,56,56,,
4058,0,Husk,T3/43,MOVING,3.250,4.000,24.500,"GoalBlock{x=15,y=7,z=24}",16,2,MovementTraverse,124,56,56,,
4059,0,Husk,T3/43,MOVING,3.730,4.420,24.500,"GoalBlock{x=15,y=7,z=24}",16,4,MovementAscend,124,56,56,,
4060,0,Husk,T3/43,MOVING,4.018,4.753,24.500,"GoalBlock{x=15,y=7,z=24}",16,4,MovementAscend,124,56,56,,
4061,0,Husk,T3/43,MOVING,4.305,5.001,24.500,"GoalBlock{x=15,y=7,z=24}",16,4,MovementAscend,124,56,56,,
4062,0,Husk,T3/43,MOVING,4.592,5.166,24.500,"GoalBlock{x=15,y=7,z=24}",16,4,MovementAscend,124,56,56,,
4063,0,Husk,T3/43,MOVING,4.879,5.249,24.500,"GoalBlock{x=15,y=7,z=24}",16,4,MovementAscend,124,56,56,,
4064,0,Husk,T3/43,MOVING,5.165,5.252,24.500,"GoalBlock{x=15,y=7,z=24}",16,4,MovementAscend,124,56,56,,
4065,0,Husk,T3/43,MOVING,5.451,5.177,24.500,"GoalBlock{x=15,y=7,z=24}",16,5,MovementTraverse,124,56,56,,
4066,0,Husk,T3/43,MOVING,5.737,5.024,24.500,"GoalBlock{x=15,y=7,z=24}",16,5,MovementTraverse,124,56,56,,
4067,0,Husk,T3/43,MOVING,6.023,5.000,24.500,"GoalBlock{x=15,y=7,z=24}",16,5,MovementTraverse,124,56,56,,
4068,0,Husk,T3/43,MOVING,6.610,5.420,24.500,"GoalBlock{x=15,y=7,z=24}",16,7,MovementAscend,124,56,56,,
4069,0,Husk,T3/43,MOVING,6.956,5.753,24.500,"GoalBlock{x=15,y=7,z=24}",16,7,MovementAscend,124,56,56,,
4070,0,Husk,T3/43,MOVING,7.296,6.001,24.500,"GoalBlock{x=15,y=7,z=24}",16,7,MovementAscend,124,56,56,,
4071,0,Husk,T3/43,MOVING,7.632,6.166,24.500,"GoalBlock{x=15,y=7,z=24}",16,7,MovementAscend,124,56,56,,
4072,0,Husk,T3/43,MOVING,7.962,6.249,24.500,"GoalBlock{x=15,y=7,z=24}",16,7,MovementAscend,124,56,56,,
4073,0,Husk,T3/43,MOVING,8.289,6.252,24.500,"GoalBlock{x=15,y=7,z=24}",16,7,MovementAscend,124,56,56,,
4074,0,Husk,T3/43,MOVING,8.611,6.177,24.500,"GoalBlock{x=15,y=7,z=24}",16,8,MovementTraverse,124,56,56,,
4075,0,Husk,T3/43,MOVING,8.930,6.024,24.500,"GoalBlock{x=15,y=7,z=24}",16,8,MovementTraverse,124,56,56,,
4076,0,Husk,T3/43,MOVING,9.246,6.000,24.500,"GoalBlock{x=15,y=7,z=24}",16,8,MovementTraverse,124,56,56,,
4077,0,Husk,T3/43,MOVING,9.860,6.420,24.500,"GoalBlock{x=15,y=7,z=24}",16,10,MovementAscend,124,56,56,,
4078,0,Husk,T3/43,MOVING,10.221,6.753,24.500,"GoalBlock{x=15,y=7,z=24}",16,10,MovementAscend,124,56,56,,
4079,0,Husk,T3/43,MOVING,10.575,7.001,24.500,"GoalBlock{x=15,y=7,z=24}",16,10,MovementAscend,124,56,56,,
4080,0,Husk,T3/43,MOVING,10.923,7.166,24.500,"GoalBlock{x=15,y=7,z=24}",16,10,MovementAscend,124,56,56,,
4081,0,Husk,T3/43,MOVING,11.265,7.249,24.500,"GoalBlock{x=15,y=7,z=24}",16,10,MovementAscend,124,56,56,,
4082,0,Husk,T3/43,MOVING,11.601,7.252,24.500,"GoalBlock{x=15,y=7,z=24}",16,11,MovementTraverse,124,56,56,,
4083,0,Husk,T3/43,MOVING,11.933,7.177,24.500,"GoalBlock{x=15,y=7,z=24}",16,11,MovementTraverse,124,56,56,,
4084,0,Husk,T3/43,MOVING,12.261,7.024,24.500,"GoalBlock{x=15,y=7,z=24}",16,11,MovementTraverse,124,56,56,,
4085,0,Husk,T3/43,MOVING,12.584,7.000,24.500,"GoalBlock{x=15,y=7,z=24}",16,12,MovementTraverse,124,56,56,,
4086,0,Husk,T3/43,MOVING,13.006,7.000,24.500,"GoalBlock{x=15,y=7,z=24}",16,12,MovementTraverse,124,56,56,,
4087,0,Husk,T3/43,MOVING,13.363,7.000,24.500,"GoalBlock{x=15,y=7,z=24}",16,13,MovementTraverse,124,56,56,,
4088,0,Husk,T3/43,MOVING,13.686,7.000,24.500,"GoalBlock{x=15,y=7,z=24}",16,13,MovementTraverse,124,56,56,,
4089,0,Husk,T3/43,MOVING,13.990,7.000,24.500,"GoalBlock{x=15,y=7,z=24}",16,13,MovementTraverse,124,56,56,,
4090,0,Husk,T3/43,MOVING,14.283,7.000,24.500,"GoalBlock{x=15,y=7,z=24}",16,13,MovementTraverse,124,56,56,,
4091,0,Husk,T3/43,MOVING,14.570,7.000,24.500,"GoalBlock{x=15,y=7,z=24}",16,14,MovementTraverse,124,56,56,,
4092,0,Husk,T3/43,MOVING,14.855,7.000,24.500,"GoalBlock{x=15,y=7,z=24}",16,14,MovementTraverse,124,56,56,,
4093,0,Husk,T3/43,MOVING,15.137,7.000,24.500,"GoalBlock{x=15,y=7,z=24}",16,14,MovementTraverse,124,56,56,,
4094,0,Husk,T3/43,ARRIVED,15.292,7.000,24.500,,-1,-1,,124,56,56,,CANCELED
4095,0,Husk,T3/44,ARRIVED,3.500,8.000,36.500,,-1,-1,,124,56,56,,CANCELED|CANCELED
4096,0,Husk,T3/44,ARRIVED,3.500,8.000,36.500,,-1,-1,,124,56,56,,
4097,0,Husk,T3/44,ARRIVED,3.500,8.000,36.500,,-1,-1,,124,56,56,,
4098,0,Husk,T3/44,ARRIVED,3.500,8.000,36.500,,-1,-1,,124,56,56,,
4099,0,Husk,T3/44,ARRIVED,3.500,8.000,36.500,,-1,-1,,124,56,56,,
4100,0,Husk,T3/44,ARRIVED,3.500,8.000,36.500,,-1,-1,,124,56,56,,
4101,0,Husk,T3/44,ARRIVED,3.500,8.000,36.500,,-1,-1,,124,56,56,,
4102,0,Husk,T3/44,ARRIVED,3.500,8.000,36.500,,-1,-1,,124,56,56,,
4103,0,Husk,T3/44,ARRIVED,3.500,8.000,36.500,,-1,-1,,124,56,56,,
4104,0,Husk,T3/44,ARRIVED,3.500,8.000,36.500,,-1,-1,,124,56,56,,
4105,0,Husk,T3/44,SEARCHING,3.500,8.000,36.500,"GoalBlock{x=12,y=4,z=36}",-1,-1,,124,57,57,,CALC_STARTED
4106,0,Husk,T3/44,MOVING,3.627,8.000,36.500,"GoalBlock{x=12,y=4,z=36}",11,0,MovementTraverse,244,57,57,,CALC_FINISHED_NOW_EXECUTING
4107,0,Husk,T3/44,MOVING,3.824,8.000,36.500,"GoalBlock{x=12,y=4,z=36}",11,0,MovementTraverse,244,57,57,,
4108,0,Husk,T3/44,MOVING,4.059,8.000,36.500,"GoalBlock{x=12,y=4,z=36}",11,0,MovementTraverse,244,57,57,,
4109,0,Husk,T3/44,MOVING,4.298,8.000,36.436,"GoalBlock{x=12,y=4,z=36}",11,1,MovementDiagonal,244,57,57,,
4110,0,Husk,T3/44,MOVING,4.529,8.000,36.323,"GoalBlock{x=12,y=4,z=36}",11,1,MovementDiagonal,244,57,57,,
4111,0,Husk,T3/44,MOVING,4.752,8.000,36.179,"GoalBlock{x=12,y=4,z=36}",11,1,MovementDiagonal,244,57,57,,
4112,0,Husk,T3/44,MOVING,4.968,8.000,36.015,"GoalBlock{x=12,y=4,z=36}",11,1,MovementDiagonal,244,57,57,,
4113,0,Husk,T3/44,MOVING,5.178,8.000,35.837,"GoalBlock{x=12,y=4,z=36}",11,1,MovementDiagonal,244,57,57,,
4114,0,Husk,T3/44,MOVING,5.382,8.000,35.649,"GoalBlock{x=12,y=4,z=36}",11,2,MovementDiagonal,244,57,57,,
4115,0,Husk,T3/44,MOVING,5.582,8.000,35.455,"GoalBlock{x=12,y=4,z=36}",11,2,MovementDiagonal,244,57,57,,
4116,0,Husk,T3/44,MOVING,5.780,8.000,35.257,"GoalBlock{x=12,y=4,z=36}",11,2,MovementDiagonal,244,57,57,,
4117,0,Husk,T3/44,MOVING,5.975,8.000,35.057,"GoalBlock{x=12,y=4,z=36}",11,2,MovementDiagonal,244,57,57,,
4118,0,Husk,T3/44,MOVING,6.170,8.000,34.855,"GoalBlock{x=12,y=4,z=36}",11,2,MovementDiagonal,244,57,57,,
4119,0,Husk,T3/44,MOVING,6.301,8.000,34.650,"GoalBlock{x=12,y=4,z=36}",11,3,MovementFall,244,57,57,,
4120,0,Husk,T3/44,MOVING,6.392,8.000,34.442,"GoalBlock{x=12,y=4,z=36}",11,3,MovementFall,244,57,57,,
4121,0,Husk,T3/44,MOVING,6.454,8.000,34.231,"GoalBlock{x=12,y=4,z=36}",11,3,MovementFall,244,57,57,,
4122,0,Husk,T3/44,MOVING,6.495,8.000,34.018,"GoalBlock{x=12,y=4,z=36}",11,3,MovementFall,244,57,57,,
4123,0,Husk,T3/44,MOVING,6.519,8.000,33.804,"GoalBlock{x=12,y=4,z=36}",11,3,MovementFall,244,57,57,,
4124,0,Husk,T3/44,MOVING,6.522,8.000,33.590,"GoalBlock{x=12,y=4,z=36}",11,3,MovementFall,244,57,57,,
4125,0,Husk,T3/44,MOVING,6.522,7.922,33.472,"GoalBlock{x=12,y=4,z=36}",11,3,MovementFall,244,57,57,,
4126,0,Husk,T3/44,MOVING,6.522,7.766,33.409,"GoalBlock{x=12,y=4,z=36}",11,3,MovementFall,244,57,57,,
4127,0,Husk,T3/44,MOVING,6.502,7.536,33.352,"GoalBlock{x=12,y=4,z=36}",11,3,MovementFall,244,57,57,,
4128,0,Husk,T3/44,MOVING,6.469,7.232,33.313,"GoalBlock{x=12,y=4,z=36}",11,3,MovementFall,244,57,57,,
4129,0,Husk,T3/44,MOVING,6.430,6.855,33.295,"GoalBlock{x=12,y=4,z=36}",11,3,MovementFall,244,57,57,,
4130,0,Husk,T3/44,MOVING,6.396,6.407,33.284,"GoalBlock{x=12,y=4,z=36}",11,3,MovementFall,244,57,57,,
4131,0,Husk,T3/44,MOVING,6.366,6.000,33.280,"GoalBlock{x=12,y=4,z=36}",11,3,MovementFall,244,57,57,,
4132,0,Husk,T3/44,MOVING,6.432,6.000,33.364,"GoalBlock{x=12,y=4,z=36}",11,4,MovementFall,244,57,57,,
4133,0,Husk,T3/44,MOVING,6.593,6.000,33.438,"GoalBlock{x=12,y=4,z=36}",11,4,MovementFall,244,57,57,,
4134,0,Husk,T3/44,MOVING,6.808,6.000,33.481,"GoalBlock{x=12,y=4,z=36}",11,4,MovementFall,244,57,57,,
4135,0,Husk,T3/44,MOVING,7.052,6.000,33.506,"GoalBlock{x=12,y=4,z=36}",11,4,MovementFall,244,57,57,,
4136,0,Husk,T3/44,MOVING,7.313,6.000,33.519,"GoalBlock{x=12,y=4,z=36}",11,4,MovementFall,244,57,57,,
4137,0,Husk,T3/44,MOVING,7.583,5.922,33.525,"GoalBlock{x=12,y=4,z=36}",11,4,MovementFall,244,57,57,,
4138,0,Husk,T3/44,MOVING,7.756,5.766,33.528,"GoalBlock{x=12,y=4,z=36}",11,4,MovementFall,244,57,57,,
4139,0,Husk,T3/44,MOVING,7.939,5.536,33.528,"GoalBlock{x=12,y=4,z=36}",11,4,MovementFall,244,57,57,,
4140,0,Husk,T3/44,MOVING,8.131,5.232,33.527,"GoalBlock{x=12,y=4,z=36}",11,4,MovementFall,244,57,57,,
4141,0,Husk,T3/44,MOVING,8.331,4.855,33.526,"GoalBlock{x=12,y=4,z=36}",11,4,MovementFall,244,57,57,,
4142,0,Husk,T3/44,MOVING,8.538,4.407,33.525,"GoalBlock{x=12,y=4,z=36}",11,4,MovementFall,244,57,57,,
4143,0,Husk,T3/44,MOVING,8.752,4.000,33.524,"GoalBlock{x=12,y=4,z=36}",11,4,MovementFall,244,57,57,,
4144,0,Husk,T3/44,MOVING,9.075,4.000,33.515,"GoalBlock{x=12,y=4,z=36}",11,4,MovementFall,244,57,57,,
4145,0,Husk,T3/44,MOVING,9.365,4.000,33.566,"GoalBlock{x=12,y=4,z=36}",11,7,MovementDiagonal,244,57,57,,
4146,0,Husk,T3/44,MOVING,9.622,4.000,33.675,"GoalBlock{x=12,y=4,z=36}",11,7,MovementDiagonal,244,57,57,,
4147,0,Husk,T3/44,MOVING,9.855,4.000,33.822,"GoalBlock{x=12,y=4,z=36}",11,7,MovementDiagonal,244,57,57,,
4148,0,Husk,T3/44,MOVING,10.070,4.000,33.994,"GoalBlock{x=12,y=4,z=36}",11,7,MovementDiagonal,244,57,57,,
4149,0,Husk,T3/44,MOVING,10.270,4.000,34.185,"GoalBlock{x=12,y=4,z=36}",11,7,MovementDiagonal,244,57,57,,
4150,0,Husk,T3/44,MOVING,10.466,4.000,34.383,"GoalBlock{x=12,y=4,z=36}",11,8,MovementDiagonal,244,57,57,,
4151,0,Husk,T3/44,MOVING,10.660,4.000,34.584,"GoalBlock{x=12,y=4,z=36}",11,8,MovementDiagonal,244,57,57,,
4152,0,Husk,T3/44,MOVING,10.852,4.000,34.788,"GoalBlock{x=12,y=4,z=36}",11,8,MovementDiagonal,244,57,57,,
4153,0,Husk,T3/44,MOVING,11.042,4.000,34.993,"GoalBlock{x=12,y=4,z=36}",11,8,MovementDiagonal,244,57,57,,
4154,0,Husk,T3/44,MOVING,11.232,4.000,35.200,"GoalBlock{x=12,y=4,z=36}",11,8,MovementDiagonal,244,57,57,,
4155,0,Husk,T3/44,MOVING,11.424,4.000,35.404,"GoalBlock{x=12,y=4,z=36}",11,9,MovementDiagonal,244,57,57,,
4156,0,Husk,T3/44,MOVING,11.618,4.000,35.607,"GoalBlock{x=12,y=4,z=36}",11,9,MovementDiagonal,244,57,57,,
4157,0,Husk,T3/44,MOVING,11.814,4.000,35.808,"GoalBlock{x=12,y=4,z=36}",11,9,MovementDiagonal,244,57,57,,
4158,0,Husk,T3/44,MOVING,12.010,4.000,36.008,"GoalBlock{x=12,y=4,z=36}",11,9,MovementDiagonal,244,57,57,,
4159,0,Husk,T3/44,ARRIVED,12.118,4.000,36.117,,-1,-1,,244,57,57,,CANCELED
4160,0,Husk,T3/45,ARRIVED,0.500,4.000,48.500,,-1,-1,,244,57,57,,CANCELED|CANCELED
4161,0,Husk,T3/45,ARRIVED,0.500,4.000,48.500,,-1,-1,,244,57,57,,
4162,0,Husk,T3/45,ARRIVED,0.500,4.000,48.500,,-1,-1,,244,57,57,,
4163,0,Husk,T3/45,ARRIVED,0.500,4.000,48.500,,-1,-1,,244,57,57,,
4164,0,Husk,T3/45,ARRIVED,0.500,4.000,48.500,,-1,-1,,244,57,57,,
4165,0,Husk,T3/45,ARRIVED,0.500,4.000,48.500,,-1,-1,,244,57,57,,
4166,0,Husk,T3/45,ARRIVED,0.500,4.000,48.500,,-1,-1,,244,57,57,,
4167,0,Husk,T3/45,ARRIVED,0.500,4.000,48.500,,-1,-1,,244,57,57,,
4168,0,Husk,T3/45,ARRIVED,0.500,4.000,48.500,,-1,-1,,244,57,57,,
4169,0,Husk,T3/45,ARRIVED,0.500,4.000,48.500,,-1,-1,,244,57,57,,
4170,0,Husk,T3/45,SEARCHING,0.500,4.000,48.500,"GoalBlock{x=5,y=4,z=53}",-1,-1,,244,58,58,,CALC_STARTED
4171,0,Husk,T3/45,MOVING,0.610,4.000,48.564,"GoalBlock{x=5,y=4,z=53}",7,0,MovementTraverse,133,58,58,,CALC_FINISHED_NOW_EXECUTING
4172,0,Husk,T3/45,MOVING,0.700,4.000,48.709,"GoalBlock{x=5,y=4,z=53}",7,0,MovementTraverse,133,58,58,,
4173,0,Husk,T3/45,MOVING,0.700,4.000,48.915,"GoalBlock{x=5,y=4,z=53}",7,0,MovementTraverse,133,58,58,,
4174,0,Husk,T3/45,MOVING,0.659,4.000,49.149,"GoalBlock{x=5,y=4,z=53}",7,0,MovementTraverse,133,58,58,,
4175,0,Husk,T3/45,MOVING,0.661,4.000,49.401,"GoalBlock{x=5,y=4,z=53}",7,1,MovementDiagonal,133,58,58,,
4176,0,Husk,T3/45,MOVING,0.738,4.000,49.640,"GoalBlock{x=5,y=4,z=53}",7,1,MovementDiagonal,133,58,58,,
4177,0,Husk,T3/45,MOVING,0.865,4.000,49.866,"GoalBlock{x=5,y=4,z=53}",7,1,MovementDiagonal,133,58,58,,
4178,0,Husk,T3/45,MOVING,1.024,4.000,50.079,"GoalBlock{x=5,y=4,z=53}",7,1,MovementDiagonal,133,58,58,,
4179,0,Husk,T3/45,MOVING,1.203,4.000,50.284,"GoalBlock{x=5,y=4,z=53}",7,2,MovementDiagonal,133,58,58,,
4180,0,Husk,T3/45,MOVING,1.394,4.000,50.483,"GoalBlock{x=5,y=4,z=53}",7,2,MovementDiagonal,133,58,58,,
4181,0,Husk,T3/45,MOVING,1.591,4.000,50.678,"GoalBlock{x=5,y=4,z=53}",7,2,MovementDiagonal,133,58,58,,
4182,0,Husk,T3/45,MOVING,1.794,4.000,50.870,"GoalBlock{x=5,y=4,z=53}",7,2,MovementDiagonal,133,58,58,,
4183,0,Husk,T3/45,MOVING,2.000,4.000,51.059,"GoalBlock{x=5,y=4,z=53}",7,2,MovementDiagonal,133,58,58,,
4184,0,Husk,T3/45,MOVING,2.207,4.000,51.247,"GoalBlock{x=5,y=4,z=53}",7,2,MovementDiagonal,133,58,58,,
4185,0,Husk,T3/45,MOVING,2.412,4.000,51.438,"GoalBlock{x=5,y=4,z=53}",7,3,MovementDiagonal,133,58,58,,
4186,0,Husk,T3/45,MOVING,2.615,4.000,51.632,"GoalBlock{x=5,y=4,z=53}",7,3,MovementDiagonal,133,58,58,,
4187,0,Husk,T3/45,MOVING,2.817,4.000,51.826,"GoalBlock{x=5,y=4,z=53}",7,3,MovementDiagonal,133,58,58,,
4188,0,Husk,T3/45,MOVING,3.018,4.000,52.022,"GoalBlock{x=5,y=4,z=53}",7,3,MovementDiagonal,133,58,58,,
4189,0,Husk,T3/45,MOVING,3.218,4.000,52.219,"GoalBlock{x=5,y=4,z=53}",7,4,MovementDiagonal,133,58,58,,
4190,0,Husk,T3/45,MOVING,3.417,4.000,52.417,"GoalBlock{x=5,y=4,z=53}",7,4,MovementDiagonal,133,58,58,,
4191,0,Husk,T3/45,MOVING,3.616,4.000,52.615,"GoalBlock{x=5,y=4,z=53}",7,4,MovementDiagonal,133,58,58,,
4192,0,Husk,T3/45,MOVING,3.815,4.000,52.813,"GoalBlock{x=5,y=4,z=53}",7,4,MovementDiagonal,133,58,58,,
4193,0,Husk,T3/45,MOVING,4.013,4.000,53.011,"GoalBlock{x=5,y=4,z=53}",7,4,MovementDiagonal,133,58,58,,
4194,0,Husk,T3/45,MOVING,4.242,4.000,53.159,"GoalBlock{x=5,y=4,z=53}",7,5,MovementTraverse,133,58,58,,
4195,0,Husk,T3/45,MOVING,4.491,4.000,53.274,"GoalBlock{x=5,y=4,z=53}",7,5,MovementTraverse,133,58,58,,
4196,0,Husk,T3/45,MOVING,4.700,4.000,53.364,"GoalBlock{x=5,y=4,z=53}",7,5,MovementTraverse,133,58,58,,
4197,0,Husk,T3/45,MOVING,4.826,4.000,53.434,"GoalBlock{x=5,y=4,z=53}",7,5,MovementTraverse,133,58,58,,
4198,0,Husk,T3/45,MOVING,5.021,4.000,53.485,"GoalBlock{x=5,y=4,z=53}",7,5,MovementTraverse,133,58,58,,
4199,0,Husk,T3/45,ARRIVED,5.128,4.000,53.513,,-1,-1,,133,58,58,,CANCELED
4200,0,Husk,T3/46,ARRIVED,0.500,4.000,60.500,,-1,-1,,133,58,58,,CANCELED|CANCELED
4201,0,Husk,T3/46,ARRIVED,0.500,4.000,60.500,,-1,-1,,133,58,58,,
4202,0,Husk,T3/46,ARRIVED,0.500,4.000,60.500,,-1,-1,,133,58,58,,
4203,0,Husk,T3/46,ARRIVED,0.500,4.000,60.500,,-1,-1,,133,58,58,,
4204,0,Husk,T3/46,ARRIVED,0.500,4.000,60.500,,-1,-1,,133,58,58,,
4205,0,Husk,T3/46,ARRIVED,0.500,4.000,60.500,,-1,-1,,133,58,58,,
4206,0,Husk,T3/46,ARRIVED,0.500,4.000,60.500,,-1,-1,,133,58,58,,
4207,0,Husk,T3/46,ARRIVED,0.500,4.000,60.500,,-1,-1,,133,58,58,,
4208,0,Husk,T3/46,ARRIVED,0.500,4.000,60.500,,-1,-1,,133,58,58,,
4209,0,Husk,T3/46,ARRIVED,0.500,4.000,60.500,,-1,-1,,133,58,58,,
4210,0,Husk,T3/46,SEARCHING,0.500,4.000,60.500,"GoalBlock{x=11,y=4,z=60}",-1,-1,,133,59,59,,CALC_STARTED
4211,0,Husk,T3/46,MOVING,0.627,4.000,60.500,"GoalBlock{x=11,y=4,z=60}",12,0,MovementTraverse,97,59,59,,CALC_FINISHED_NOW_EXECUTING
4212,0,Husk,T3/46,MOVING,0.824,4.000,60.500,"GoalBlock{x=11,y=4,z=60}",12,0,MovementTraverse,97,59,59,,
4213,0,Husk,T3/46,MOVING,1.059,4.000,60.500,"GoalBlock{x=11,y=4,z=60}",12,0,MovementTraverse,97,59,59,,
4214,0,Husk,T3/46,MOVING,1.315,4.000,60.500,"GoalBlock{x=11,y=4,z=60}",12,1,MovementTraverse,97,59,59,,
4215,0,Husk,T3/46,MOVING,1.582,4.000,60.500,"GoalBlock{x=11,y=4,z=60}",12,1,MovementTraverse,97,59,59,,
4216,0,Husk,T3/46,MOVING,1.855,4.000,60.500,"GoalBlock{x=11,y=4,z=60}",12,1,MovementTraverse,97,59,59,,
4217,0,Husk,T3/46,MOVING,2.132,4.000,60.500,"GoalBlock{x=11,y=4,z=60}",12,1,MovementTraverse,97,59,59,,
4218,0,Husk,T3/46,MOVING,2.410,4.000,60.500,"GoalBlock{x=11,y=4,z=60}",12,2,MovementTraverse,97,59,59,,
4219,0,Husk,T3/46,MOVING,2.690,4.000,60.500,"GoalBlock{x=11,y=4,z=60}",12,2,MovementTraverse,97,59,59,,
4220,0,Husk,T3/46,MOVING,2.969,4.000,60.500,"GoalBlock{x=11,y=4,z=60}",12,2,MovementTraverse,97,59,59,,
4221,0,Husk,T3/46,MOVING,3.250,4.000,60.500,"GoalBlock{x=11,y=4,z=60}",12,2,MovementTraverse,97,59,59,,
4222,0,Husk,T3/46,MOVING,3.530,4.000,60.500,"GoalBlock{x=11,y=4,z=60}",12,3,MovementTraverse,97,59,59,,
4223,0,Husk,T3/46,MOVING,3.811,4.000,60.500,"GoalBlock{x=11,y=4,z=60}",12,3,MovementTraverse,97,59,59,,
4224,0,Husk,T3/46,MOVING,4.091,4.000,60.500,"GoalBlock{x=11,y=4,z=60}",12,3,MovementTraverse,97,59,59,,
4225,0,Husk,T3/46,MOVING,4.372,4.000,60.500,"GoalBlock{x=11,y=4,z=60}",12,4,MovementTraverse,97,59,59,,
4226,0,Husk,T3/46,MOVING,4.652,4.000,60.500,"GoalBlock{x=11,y=4,z=60}",12,4,MovementTraverse,97,59,59,,
4227,0,Husk,T3/46,MOVING,4.933,4.000,60.500,"GoalBlock{x=11,y=4,z=60}",12,4,MovementTraverse,97,59,59,,
4228,0,Husk,T3/46,MOVING,5.214,4.000,60.500,"GoalBlock{x=11,y=4,z=60}",12,4,MovementTraverse,97,59,59,,
4229,0,Husk,T3/46,MOVING,5.494,4.000,60.500,"GoalBlock{x=11,y=4,z=60}",12,5,MovementTraverse,97,59,59,,
4230,0,Husk,T3/46,MOVING,5.775,4.000,60.500,"GoalBlock{x=11,y=4,z=60}",12,5,MovementTraverse,97,59,59,,
4231,0,Husk,T3/46,MOVING,6.055,4.000,60.500,"GoalBlock{x=11,y=4,z=60}",12,5,MovementTraverse,97,59,59,,
4232,0,Husk,T3/46,MOVING,6.336,4.000,60.500,"GoalBlock{x=11,y=4,z=60}",12,6,MovementTraverse,97,59,59,,
4233,0,Husk,T3/46,MOVING,6.617,4.000,60.500,"GoalBlock{x=11,y=4,z=60}",12,6,MovementTraverse,97,59,59,,
4234,0,Husk,T3/46,MOVING,6.897,4.000,60.500,"GoalBlock{x=11,y=4,z=60}",12,6,MovementTraverse,97,59,59,,
4235,0,Husk,T3/46,MOVING,7.178,4.000,60.500,"GoalBlock{x=11,y=4,z=60}",12,6,MovementTraverse,97,59,59,,
4236,0,Husk,T3/46,MOVING,7.459,4.000,60.500,"GoalBlock{x=11,y=4,z=60}",12,7,MovementTraverse,97,59,59,,
4237,0,Husk,T3/46,MOVING,7.739,4.000,60.500,"GoalBlock{x=11,y=4,z=60}",12,7,MovementTraverse,97,59,59,,
4238,0,Husk,T3/46,MOVING,8.020,4.000,60.500,"GoalBlock{x=11,y=4,z=60}",12,7,MovementTraverse,97,59,59,,
4239,0,Husk,T3/46,MOVING,8.300,4.000,60.500,"GoalBlock{x=11,y=4,z=60}",12,8,MovementTraverse,97,59,59,,
4240,0,Husk,T3/46,MOVING,8.581,4.000,60.500,"GoalBlock{x=11,y=4,z=60}",12,8,MovementTraverse,97,59,59,,
4241,0,Husk,T3/46,MOVING,8.862,4.000,60.500,"GoalBlock{x=11,y=4,z=60}",12,8,MovementTraverse,97,59,59,,
4242,0,Husk,T3/46,MOVING,9.142,4.000,60.500,"GoalBlock{x=11,y=4,z=60}",12,8,MovementTraverse,97,59,59,,
4243,0,Husk,T3/46,MOVING,9.423,4.000,60.500,"GoalBlock{x=11,y=4,z=60}",12,9,MovementTraverse,97,59,59,,
4244,0,Husk,T3/46,MOVING,9.703,4.000,60.500,"GoalBlock{x=11,y=4,z=60}",12,9,MovementTraverse,97,59,59,,
4245,0,Husk,T3/46,MOVING,9.984,4.000,60.500,"GoalBlock{x=11,y=4,z=60}",12,9,MovementTraverse,97,59,59,,
4246,0,Husk,T3/46,MOVING,10.265,4.000,60.500,"GoalBlock{x=11,y=4,z=60}",12,9,MovementTraverse,97,59,59,,
4247,0,Husk,T3/46,MOVING,10.545,4.000,60.500,"GoalBlock{x=11,y=4,z=60}",12,10,MovementTraverse,97,59,59,,
4248,0,Husk,T3/46,MOVING,10.826,4.000,60.500,"GoalBlock{x=11,y=4,z=60}",12,10,MovementTraverse,97,59,59,,
4249,0,Husk,T3/46,MOVING,11.107,4.000,60.500,"GoalBlock{x=11,y=4,z=60}",12,10,MovementTraverse,97,59,59,,
4250,0,Husk,T3/46,ARRIVED,11.260,4.000,60.500,,-1,-1,,97,59,59,,CANCELED
4251,0,Husk,T3/47,ARRIVED,0.500,4.000,72.500,,-1,-1,,97,59,59,,CANCELED|CANCELED
4252,0,Husk,T3/47,ARRIVED,0.500,4.000,72.500,,-1,-1,,97,59,59,,
4253,0,Husk,T3/47,ARRIVED,0.500,4.000,72.500,,-1,-1,,97,59,59,,
4254,0,Husk,T3/47,ARRIVED,0.500,4.000,72.500,,-1,-1,,97,59,59,,
4255,0,Husk,T3/47,ARRIVED,0.500,4.000,72.500,,-1,-1,,97,59,59,,
4256,0,Husk,T3/47,ARRIVED,0.500,4.000,72.500,,-1,-1,,97,59,59,,
4257,0,Husk,T3/47,ARRIVED,0.500,4.000,72.500,,-1,-1,,97,59,59,,
4258,0,Husk,T3/47,ARRIVED,0.500,4.000,72.500,,-1,-1,,97,59,59,,
4259,0,Husk,T3/47,ARRIVED,0.500,4.000,72.500,,-1,-1,,97,59,59,,
4260,0,Husk,T3/47,ARRIVED,0.500,4.000,72.500,,-1,-1,,97,59,59,,
4261,0,Husk,T3/47,SEARCHING,0.500,4.000,72.500,"GoalBlock{x=20,y=4,z=72}",-1,-1,,97,60,60,,CALC_STARTED
4262,0,Husk,T3/47,MOVING,0.627,4.000,72.500,"GoalBlock{x=20,y=4,z=72}",21,0,MovementTraverse,431,60,60,,CALC_FINISHED_NOW_EXECUTING
4263,0,Husk,T3/47,MOVING,0.824,4.000,72.500,"GoalBlock{x=20,y=4,z=72}",21,0,MovementTraverse,431,60,60,,
4264,0,Husk,T3/47,MOVING,1.059,4.000,72.500,"GoalBlock{x=20,y=4,z=72}",21,0,MovementTraverse,431,60,60,,
4265,0,Husk,T3/47,MOVING,1.315,4.000,72.500,"GoalBlock{x=20,y=4,z=72}",21,1,MovementTraverse,431,60,60,,
4266,0,Husk,T3/47,MOVING,1.582,4.000,72.500,"GoalBlock{x=20,y=4,z=72}",21,1,MovementTraverse,431,60,60,,
4267,0,Husk,T3/47,MOVING,1.855,4.000,72.500,"GoalBlock{x=20,y=4,z=72}",21,1,MovementTraverse,431,60,60,,
4268,0,Husk,T3/47,MOVING,2.132,4.000,72.500,"GoalBlock{x=20,y=4,z=72}",21,1,MovementTraverse,431,60,60,,
4269,0,Husk,T3/47,MOVING,2.410,4.000,72.500,"GoalBlock{x=20,y=4,z=72}",21,2,MovementTraverse,431,60,60,,
4270,0,Husk,T3/47,MOVING,2.690,4.000,72.500,"GoalBlock{x=20,y=4,z=72}",21,2,MovementTraverse,431,60,60,,
4271,0,Husk,T3/47,MOVING,2.969,4.000,72.500,"GoalBlock{x=20,y=4,z=72}",21,2,MovementTraverse,431,60,60,,
4272,0,Husk,T3/47,MOVING,3.250,4.000,72.500,"GoalBlock{x=20,y=4,z=72}",21,2,MovementTraverse,431,60,60,,
4273,0,Husk,T3/47,MOVING,3.530,4.000,72.500,"GoalBlock{x=20,y=4,z=72}",21,3,MovementTraverse,431,60,60,,
4274,0,Husk,T3/47,MOVING,3.811,4.000,72.500,"GoalBlock{x=20,y=4,z=72}",21,3,MovementTraverse,431,60,60,,
4275,0,Husk,T3/47,MOVING,4.091,4.000,72.500,"GoalBlock{x=20,y=4,z=72}",21,3,MovementTraverse,431,60,60,,
4276,0,Husk,T3/47,MOVING,4.372,4.000,72.500,"GoalBlock{x=20,y=4,z=72}",21,4,MovementTraverse,431,60,60,,
4277,0,Husk,T3/47,MOVING,4.652,4.000,72.500,"GoalBlock{x=20,y=4,z=72}",21,4,MovementTraverse,431,60,60,,
4278,0,Husk,T3/47,MOVING,4.933,4.000,72.500,"GoalBlock{x=20,y=4,z=72}",21,4,MovementTraverse,431,60,60,,
4279,0,Husk,T3/47,MOVING,5.214,4.000,72.500,"GoalBlock{x=20,y=4,z=72}",21,4,MovementTraverse,431,60,60,,
4280,0,Husk,T3/47,MOVING,5.477,4.000,72.436,"GoalBlock{x=20,y=4,z=72}",21,5,MovementDiagonal,431,60,60,,
4281,0,Husk,T3/47,MOVING,5.715,4.000,72.316,"GoalBlock{x=20,y=4,z=72}",21,5,MovementDiagonal,431,60,60,,
4282,0,Husk,T3/47,MOVING,5.933,4.000,72.158,"GoalBlock{x=20,y=4,z=72}",21,5,MovementDiagonal,431,60,60,,
4283,0,Husk,T3/47,MOVING,6.136,4.000,71.975,"GoalBlock{x=20,y=4,z=72}",21,5,MovementDiagonal,431,60,60,,
4284,0,Husk,T3/47,MOVING,6.333,4.000,71.782,"GoalBlock{x=20,y=4,z=72}",21,6,MovementDiagonal,431,60,60,,
4285,0,Husk,T3/47,MOVING,6.526,4.000,71.582,"GoalBlock{x=20,y=4,z=72}",21,6,MovementDiagonal,431,60,60,,
4286,0,Husk,T3/47,MOVING,6.717,4.000,71.378,"GoalBlock{x=20,y=4,z=72}",21,6,MovementDiagonal,431,60,60,,
4287,0,Husk,T3/47,MOVING,6.906,4.000,71.172,"GoalBlock{x=20,y=4,z=72}",21,6,MovementDiagonal,431,60,60,,
4288,0,Husk,T3/47,MOVING,7.093,4.000,70.964,"GoalBlock{x=20,y=4,z=72}",21,6,MovementDiagonal,431,60,60,,
4289,0,Husk,T3/47,MOVING,7.284,4.000,70.759,"GoalBlock{x=20,y=4,z=72}",21,7,MovementDiagonal,431,60,60,,
4290,0,Husk,T3/47,MOVING,7.477,4.000,70.555,"GoalBlock{x=20,y=4,z=72}",21,7,MovementDiagonal,431,60,60,,
4291,0,Husk,T3/47,MOVING,7.670,4.000,70.352,"GoalBlock{x=20,y=4,z=72}",21,7,MovementDiagonal,431,60,60,,
4292,0,Husk,T3/47,MOVING,7.865,4.000,70.150,"GoalBlock{x=20,y=4,z=72}",21,7,MovementDiagonal,431,60,60,,
4293,0,Husk,T3/47,MOVING,8.061,4.000,69.949,"GoalBlock{x=20,y=4,z=72}",21,7,MovementDiagonal,431,60,60,,
4294,0,Husk,T3/47,MOVING,8.257,4.000,69.748,"GoalBlock{x=20,y=4,z=72}",21,8,MovementDiagonal,431,60,60,,
4295,0,Husk,T3/47,MOVING,8.454,4.000,69.549,"GoalBlock{x=20,y=4,z=72}",21,8,MovementDiagonal,431,60,60,,
4296,0,Husk,T3/47,MOVING,8.652,4.000,69.349,"GoalBlock{x=20,y=4,z=72}",21,8,MovementDiagonal,431,60,60,,
4297,0,Husk,T3/47,MOVING,8.850,4.000,69.151,"GoalBlock{x=20,y=4,z=72}",21,8,MovementDiagonal,431,60,60,,
4298,0,Husk,T3/47,MOVING,9.048,4.000,68.952,"GoalBlock{x=20,y=4,z=72}",21,8,MovementDiagonal,431,60,60,,
4299,0,Husk,T3/47,MOVING,9.278,4.000,68.805,"GoalBlock{x=20,y=4,z=72}",21,9,MovementTraverse,431,60,60,,
4300,0,Husk,T3/47,MOVING,9.527,4.000,68.695,"GoalBlock{x=20,y=4,z=72}",21,9,MovementTraverse,431,60,60,,
4301,0,Husk,T3/47,MOVING,9.788,4.000,68.609,"GoalBlock{x=20,y=4,z=72}",21,9,MovementTraverse,431,60,60,,
4302,0,Husk,T3/47,MOVING,10.056,4.000,68.543,"GoalBlock{x=20,y=4,z=72}",21,9,MovementTraverse,431,60,60,,
4303,0,Husk,T3/47,MOVING,10.330,4.000,68.503,"GoalBlock{x=20,y=4,z=72}",21,10,MovementTraverse,431,60,60,,
4304,0,Husk,T3/47,MOVING,10.607,4.000,68.481,"GoalBlock{x=20,y=4,z=72}",21,10,MovementTraverse,431,60,60,,
4305,0,Husk,T3/47,MOVING,10.886,4.000,68.472,"GoalBlock{x=20,y=4,z=72}",21,10,MovementTraverse,431,60,60,,
4306,0,Husk,T3/47,MOVING,11.165,4.000,68.473,"GoalBlock{x=20,y=4,z=72}",21,10,MovementTraverse,431,60,60,,
4307,0,Husk,T3/47,MOVING,11.445,4.000,68.475,"GoalBlock{x=20,y=4,z=72}",21,11,MovementTraverse,431,60,60,,
4308,0,Husk,T3/47,MOVING,11.725,4.000,68.478,"GoalBlock{x=20,y=4,z=72}",21,11,MovementTraverse,431,60,60,,
4309,0,Husk,T3/47,MOVING,12.005,4.000,68.482,"GoalBlock{x=20,y=4,z=72}",21,11,MovementTraverse,431,60,60,,
4310,0,Husk,T3/47,MOVING,12.286,4.000,68.483,"GoalBlock{x=20,y=4,z=72}",21,12,MovementTraverse,431,60,60,,
4311,0,Husk,T3/47,MOVING,12.566,4.000,68.485,"GoalBlock{x=20,y=4,z=72}",21,12,MovementTraverse,431,60,60,,
4312,0,Husk,T3/47,MOVING,12.847,4.000,68.487,"GoalBlock{x=20,y=4,z=72}",21,12,MovementTraverse,431,60,60,,
4313,0,Husk,T3/47,MOVING,13.127,4.000,68.490,"GoalBlock{x=20,y=4,z=72}",21,12,MovementTraverse,431,60,60,,
4314,0,Husk,T3/47,MOVING,13.408,4.000,68.491,"GoalBlock{x=20,y=4,z=72}",21,13,MovementTraverse,431,60,60,,
4315,0,Husk,T3/47,MOVING,13.689,4.000,68.492,"GoalBlock{x=20,y=4,z=72}",21,13,MovementTraverse,431,60,60,,
4316,0,Husk,T3/47,MOVING,13.969,4.000,68.493,"GoalBlock{x=20,y=4,z=72}",21,13,MovementTraverse,431,60,60,,
4317,0,Husk,T3/47,MOVING,14.250,4.000,68.495,"GoalBlock{x=20,y=4,z=72}",21,13,MovementTraverse,431,60,60,,
4318,0,Husk,T3/47,MOVING,14.530,4.000,68.495,"GoalBlock{x=20,y=4,z=72}",21,14,MovementTraverse,431,60,60,,
4319,0,Husk,T3/47,MOVING,14.811,4.000,68.496,"GoalBlock{x=20,y=4,z=72}",21,14,MovementTraverse,431,60,60,,
4320,0,Husk,T3/47,MOVING,15.092,4.000,68.497,"GoalBlock{x=20,y=4,z=72}",21,14,MovementTraverse,431,60,60,,
4321,0,Husk,T3/47,MOVING,15.372,4.000,68.497,"GoalBlock{x=20,y=4,z=72}",21,15,MovementTraverse,431,60,60,,
4322,0,Husk,T3/47,MOVING,15.653,4.000,68.497,"GoalBlock{x=20,y=4,z=72}",21,15,MovementTraverse,431,60,60,,
4323,0,Husk,T3/47,MOVING,15.933,4.000,68.498,"GoalBlock{x=20,y=4,z=72}",21,15,MovementTraverse,431,60,60,,
4324,0,Husk,T3/47,MOVING,16.214,4.000,68.498,"GoalBlock{x=20,y=4,z=72}",21,15,MovementTraverse,431,60,60,,
4325,0,Husk,T3/47,MOVING,16.477,4.000,68.562,"GoalBlock{x=20,y=4,z=72}",21,16,MovementDiagonal,431,60,60,,
4326,0,Husk,T3/47,MOVING,16.715,4.000,68.683,"GoalBlock{x=20,y=4,z=72}",21,16,MovementDiagonal,431,60,60,,
4327,0,Husk,T3/47,MOVING,16.933,4.000,68.841,"GoalBlock{x=20,y=4,z=72}",21,16,MovementDiagonal,431,60,60,,
4328,0,Husk,T3/47,MOVING,17.135,4.000,69.024,"GoalBlock{x=20,y=4,z=72}",21,16,MovementDiagonal,431,60,60,,
4329,0,Husk,T3/47,MOVING,17.332,4.000,69.218,"GoalBlock{x=20,y=4,z=72}",21,17,MovementDiagonal,431,60,60,,
4330,0,Husk,T3/47,MOVING,17.525,4.000,69.417,"GoalBlock{x=20,y=4,z=72}",21,17,MovementDiagonal,431,60,60,,
4331,0,Husk,T3/47,MOVING,17.716,4.000,69.621,"GoalBlock{x=20,y=4,z=72}",21,17,MovementDiagonal,431,60,60,,
4332,0,Husk,T3/47,MOVING,17.905,4.000,69.827,"GoalBlock{x=20,y=4,z=72}",21,17,MovementDiagonal,431,60,60,,
4333,0,Husk,T3/47,MOVING,18.093,4.000,70.035,"GoalBlock{x=20,y=4,z=72}",21,17,MovementDiagonal,431,60,60,,
4334,0,Husk,T3/47,MOVING,18.283,4.000,70.241,"GoalBlock{x=20,y=4,z=72}",21,18,MovementDiagonal,431,60,60,,
4335,0,Husk,T3/47,MOVING,18.476,4.000,70.445,"GoalBlock{x=20,y=4,z=72}",21,18,MovementDiagonal,431,60,60,,
4336,0,Husk,T3/47,MOVING,18.670,4.000,70.647,"GoalBlock{x=20,y=4,z=72}",21,18,MovementDiagonal,431,60,60,,
4337,0,Husk,T3/47,MOVING,18.865,4.000,70.849,"GoalBlock{x=20,y=4,z=72}",21,18,MovementDiagonal,431,60,60,,
4338,0,Husk,T3/47,MOVING,19.060,4.000,71.051,"GoalBlock{x=20,y=4,z=72}",21,18,MovementDiagonal,431,60,60,,
4339,0,Husk,T3/47,MOVING,19.256,4.000,71.251,"GoalBlock{x=20,y=4,z=72}",21,19,MovementDiagonal,431,60,60,,
4340,0,Husk,T3/47,MOVING,19.453,4.000,71.451,"GoalBlock{x=20,y=4,z=72}",21,19,MovementDiagonal,431,60,60,,
4341,0,Husk,T3/47,MOVING,19.651,4.000,71.650,"GoalBlock{x=20,y=4,z=72}",21,19,MovementDiagonal,431,60,60,,
4342,0,Husk,T3/47,MOVING,19.849,4.000,71.849,"GoalBlock{x=20,y=4,z=72}",21,19,MovementDiagonal,431,60,60,,
4343,0,Husk,T3/47,MOVING,20.047,4.000,72.048,"GoalBlock{x=20,y=4,z=72}",21,19,MovementDiagonal,431,60,60,,
4344,0,Husk,T3/47,ARRIVED,20.155,4.000,72.156,,-1,-1,,431,60,60,,CANCELED
4345,0,Husk,T3/48,ARRIVED,20.500,4.000,84.500,,-1,-1,,431,60,60,,CANCELED|CANCELED
4346,0,Husk,T3/48,ARRIVED,20.500,4.000,84.500,,-1,-1,,431,60,60,,
4347,0,Husk,T3/48,ARRIVED,20.500,4.000,84.500,,-1,-1,,431,60,60,,
4348,0,Husk,T3/48,ARRIVED,20.500,4.000,84.500,,-1,-1,,431,60,60,,
4349,0,Husk,T3/48,ARRIVED,20.500,4.000,84.500,,-1,-1,,431,60,60,,
4350,0,Husk,T3/48,ARRIVED,20.500,4.000,84.500,,-1,-1,,431,60,60,,
4351,0,Husk,T3/48,ARRIVED,20.500,4.000,84.500,,-1,-1,,431,60,60,,
4352,0,Husk,T3/48,ARRIVED,20.500,4.000,84.500,,-1,-1,,431,60,60,,
4353,0,Husk,T3/48,ARRIVED,20.500,4.000,84.500,,-1,-1,,431,60,60,,
4354,0,Husk,T3/48,ARRIVED,20.500,4.000,84.500,,-1,-1,,431,60,60,,
4355,0,Husk,T3/48,SEARCHING,20.500,4.000,84.500,"GoalBlock{x=8,y=4,z=84}",-1,-1,,431,61,61,,CALC_STARTED
4356,0,Husk,T3/48,MOVING,20.610,4.000,84.436,"GoalBlock{x=8,y=4,z=84}",13,0,MovementTraverse,135,61,61,,CALC_FINISHED_NOW_EXECUTING
4357,0,Husk,T3/48,MOVING,20.734,4.000,84.291,"GoalBlock{x=8,y=4,z=84}",13,0,MovementTraverse,135,61,61,,
4358,0,Husk,T3/48,MOVING,20.802,4.000,84.085,"GoalBlock{x=8,y=4,z=84}",13,0,MovementTraverse,135,61,61,,
4359,0,Husk,T3/48,MOVING,20.775,4.000,83.861,"GoalBlock{x=8,y=4,z=84}",13,0,MovementTraverse,135,61,61,,
4360,0,Husk,T3/48,MOVING,20.650,4.000,83.676,"GoalBlock{x=8,y=4,z=84}",13,0,MovementTraverse,135,61,61,,
4361,0,Husk,T3/48,MOVING,20.455,4.000,83.575,"GoalBlock{x=8,y=4,z=84}",13,0,MovementTraverse,135,61,61,,
4362,0,Husk,T3/48,MOVING,20.238,4.000,83.583,"GoalBlock{x=8,y=4,z=84}",13,0,MovementTraverse,135,61,61,,
4363,0,Husk,T3/48,MOVING,20.039,4.000,83.687,"GoalBlock{x=8,y=4,z=84}",13,0,MovementTraverse,135,61,61,,
4364,0,Husk,T3/48,MOVING,19.860,4.000,83.850,"GoalBlock{x=8,y=4,z=84}",13,0,MovementTraverse,135,61,61,,
4365,0,Husk,T3/48,MOVING,19.701,4.000,84.050,"GoalBlock{x=8,y=4,z=84}",13,0,MovementTraverse,135,61,61,,
4366,0,Husk,T3/48,MOVING,19.505,4.000,84.225,"GoalBlock{x=8,y=4,z=84}",13,1,MovementTraverse,135,61,61,,
4367,0,Husk,T3/48,MOVING,19.275,4.000,84.354,"GoalBlock{x=8,y=4,z=84}",13,1,MovementTraverse,135,61,61,,
4368,0,Husk,T3/48,MOVING,19.024,4.000,84.448,"GoalBlock{x=8,y=4,z=84}",13,1,MovementTraverse,135,61,61,,
4369,0,Husk,T3/48,MOVING,18.760,4.000,84.512,"GoalBlock{x=8,y=4,z=84}",13,1,MovementTraverse,135,61,61,,
4370,0,Husk,T3/48,MOVING,18.489,4.000,84.546,"GoalBlock{x=8,y=4,z=84}",13,2,MovementTraverse,135,61,61,,
4371,0,Husk,T3/48,MOVING,18.214,4.000,84.558,"GoalBlock{x=8,y=4,z=84}",13,2,MovementTraverse,135,61,61,,
4372,0,Husk,T3/48,MOVING,17.936,4.000,84.555,"GoalBlock{x=8,y=4,z=84}",13,2,MovementTraverse,135,61,61,,
4373,0,Husk,T3/48,MOVING,17.657,4.000,84.550,"GoalBlock{x=8,y=4,z=84}",13,3,MovementTraverse,135,61,61,,
4374,0,Husk,T3/48,MOVING,17.378,4.000,84.544,"GoalBlock{x=8,y=4,z=84}",13,3,MovementTraverse,135,61,61,,
4375,0,Husk,T3/48,MOVING,17.098,4.000,84.538,"GoalBlock{x=8,y=4,z=84}",13,3,MovementTraverse,135,61,61,,
4376,0,Husk,T3/48,MOVING,16.818,4.000,84.526,"GoalBlock{x=8,y=4,z=84}",13,3,MovementTraverse,135,61,61,,
4377,0,Husk,T3/48,MOVING,16.538,4.000,84.517,"GoalBlock{x=8,y=4,z=84}",13,4,MovementTraverse,135,61,61,,
4378,0,Husk,T3/48,MOVING,16.258,4.000,84.510,"GoalBlock{x=8,y=4,z=84}",13,4,MovementTraverse,135,61,61,,
4379,0,Husk,T3/48,MOVING,15.977,4.000,84.505,"GoalBlock{x=8,y=4,z=84}",13,4,MovementTraverse,135,61,61,,
4380,0,Husk,T3/48,MOVING,15.697,4.000,84.501,"GoalBlock{x=8,y=4,z=84}",13,5,MovementTraverse,135,61,61,,
4381,0,Husk,T3/48,MOVING,15.416,4.000,84.501,"GoalBlock{x=8,y=4,z=84}",13,5,MovementTraverse,135,61,61,,
4382,0,Husk,T3/48,MOVING,15.135,4.000,84.501,"GoalBlock{x=8,y=4,z=84}",13,5,MovementTraverse,135,61,61,,
4383,0,Husk,T3/48,MOVING,14.855,4.000,84.501,"GoalBlock{x=8,y=4,z=84}",13,5,MovementTraverse,135,61,61,,
4384,0,Husk,T3/48,MOVING,14.574,4.000,84.501,"GoalBlock{x=8,y=4,z=84}",13,6,MovementTraverse,135,61,61,,
4385,0,Husk,T3/48,MOVING,14.294,4.000,84.501,"GoalBlock{x=8,y=4,z=84}",13,6,MovementTraverse,135,61,61,,
4386,0,Husk,T3/48,MOVING,14.013,4.000,84.501,"GoalBlock{x=8,y=4,z=84}",13,6,MovementTraverse,135,61,61,,
4387,0,Husk,T3/48,MOVING,13.732,4.000,84.500,"GoalBlock{x=8,y=4,z=84}",13,6,MovementTraverse,135,61,61,,
4388,0,Husk,T3/48,MOVING,13.452,4.000,84.500,"GoalBlock{x=8,y=4,z=84}",13,7,MovementTraverse,135,61,61,,
4389,0,Husk,T3/48,MOVING,13.171,4.000,84.500,"GoalBlock{x=8,y=4,z=84}",13,7,MovementTraverse,135,61,61,,
4390,0,Husk,T3/48,MOVING,12.890,4.000,84.500,"GoalBlock{x=8,y=4,z=84}",13,7,MovementTraverse,135,61,61,,
4391,0,Husk,T3/48,MOVING,12.610,4.000,84.500,"GoalBlock{x=8,y=4,z=84}",13,8,MovementTraverse,135,61,61,,
4392,0,Husk,T3/48,MOVING,12.329,4.000,84.500,"GoalBlock{x=8,y=4,z=84}",13,8,MovementTraverse,135,61,61,,
4393,0,Husk,T3/48,MOVING,12.049,4.000,84.500,"GoalBlock{x=8,y=4,z=84}",13,8,MovementTraverse,135,61,61,,
4394,0,Husk,T3/48,MOVING,11.768,4.000,84.500,"GoalBlock{x=8,y=4,z=84}",13,8,MovementTraverse,135,61,61,,
4395,0,Husk,T3/48,MOVING,11.487,4.000,84.500,"GoalBlock{x=8,y=4,z=84}",13,9,MovementTraverse,135,61,61,,
4396,0,Husk,T3/48,MOVING,11.207,4.000,84.500,"GoalBlock{x=8,y=4,z=84}",13,9,MovementTraverse,135,61,61,,
4397,0,Husk,T3/48,MOVING,10.926,4.000,84.500,"GoalBlock{x=8,y=4,z=84}",13,9,MovementTraverse,135,61,61,,
4398,0,Husk,T3/48,MOVING,10.646,4.000,84.500,"GoalBlock{x=8,y=4,z=84}",13,10,MovementTraverse,135,61,61,,
4399,0,Husk,T3/48,MOVING,10.365,4.000,84.500,"GoalBlock{x=8,y=4,z=84}",13,10,MovementTraverse,135,61,61,,
4400,0,Husk,T3/48,MOVING,10.084,4.000,84.500,"GoalBlock{x=8,y=4,z=84}",13,10,MovementTraverse,135,61,61,,
4401,0,Husk,T3/48,MOVING,9.804,4.000,84.500,"GoalBlock{x=8,y=4,z=84}",13,10,MovementTraverse,135,61,61,,
4402,0,Husk,T3/48,MOVING,9.523,4.000,84.500,"GoalBlock{x=8,y=4,z=84}",13,11,MovementTraverse,135,61,61,,
4403,0,Husk,T3/48,MOVING,9.242,4.000,84.500,"GoalBlock{x=8,y=4,z=84}",13,11,MovementTraverse,135,61,61,,
4404,0,Husk,T3/48,MOVING,8.962,4.000,84.500,"GoalBlock{x=8,y=4,z=84}",13,11,MovementTraverse,135,61,61,,
4405,0,Husk,T3/48,ARRIVED,8.809,4.000,84.500,,-1,-1,,135,61,61,,CANCELED
4406,0,Husk,T3/49,ARRIVED,0.500,4.000,96.500,,-1,-1,,135,61,61,,CANCELED|CANCELED
4407,0,Husk,T3/49,ARRIVED,0.500,4.000,96.500,,-1,-1,,135,61,61,,
4408,0,Husk,T3/49,ARRIVED,0.500,4.000,96.500,,-1,-1,,135,61,61,,
4409,0,Husk,T3/49,ARRIVED,0.500,4.000,96.500,,-1,-1,,135,61,61,,
4410,0,Husk,T3/49,ARRIVED,0.500,4.000,96.500,,-1,-1,,135,61,61,,
4411,0,Husk,T3/49,ARRIVED,0.500,4.000,96.500,,-1,-1,,135,61,61,,
4412,0,Husk,T3/49,ARRIVED,0.500,4.000,96.500,,-1,-1,,135,61,61,,
4413,0,Husk,T3/49,ARRIVED,0.500,4.000,96.500,,-1,-1,,135,61,61,,
4414,0,Husk,T3/49,ARRIVED,0.500,4.000,96.500,,-1,-1,,135,61,61,,
4415,0,Husk,T3/49,ARRIVED,0.500,4.000,96.500,,-1,-1,,135,61,61,,
4416,0,Husk,T3/49,SEARCHING,0.500,4.000,96.500,"GoalBlock{x=10,y=4,z=94}",-1,-1,,135,62,62,,CALC_STARTED
4417,0,Husk,T3/49,MOVING,0.610,4.000,96.436,"GoalBlock{x=10,y=4,z=94}",13,0,MovementDiagonal,342,62,62,,CALC_FINISHED_NOW_EXECUTING
4418,0,Husk,T3/49,MOVING,0.758,4.000,96.309,"GoalBlock{x=10,y=4,z=94}",13,0,MovementDiagonal,342,62,62,,
4419,0,Husk,T3/49,MOVING,0.925,4.000,96.146,"GoalBlock{x=10,y=4,z=94}",13,0,MovementDiagonal,342,62,62,,
4420,0,Husk,T3/49,MOVING,1.101,4.000,95.962,"GoalBlock{x=10,y=4,z=94}",13,0,MovementDiagonal,342,62,62,,
4421,0,Husk,T3/49,MOVING,1.285,4.000,95.769,"GoalBlock{x=10,y=4,z=94}",13,1,MovementDiagonal,342,62,62,,
4422,0,Husk,T3/49,MOVING,1.474,4.000,95.572,"GoalBlock{x=10,y=4,z=94}",13,1,MovementDiagonal,342,62,62,,
4423,0,Husk,T3/49,MOVING,1.665,4.000,95.372,"GoalBlock{x=10,y=4,z=94}",13,1,MovementDiagonal,342,62,62,,
4424,0,Husk,T3/49,MOVING,1.857,4.000,95.171,"GoalBlock{x=10,y=4,z=94}",13,1,MovementDiagonal,342,62,62,,
4425,0,Husk,T3/49,MOVING,2.051,4.000,94.969,"GoalBlock{x=10,y=4,z=94}",13,1,MovementDiagonal,342,62,62,,
4426,0,Husk,T3/49,MOVING,2.246,4.000,94.768,"GoalBlock{x=10,y=4,z=94}",13,2,MovementDiagonal,342,62,62,,
4427,0,Husk,T3/49,MOVING,2.442,4.000,94.568,"GoalBlock{x=10,y=4,z=94}",13,2,MovementDiagonal,342,62,62,,
4428,0,Husk,T3/49,MOVING,2.638,4.000,94.368,"GoalBlock{x=10,y=4,z=94}",13,2,MovementDiagonal,342,62,62,,
4429,0,Husk,T3/49,MOVING,2.835,4.000,94.169,"GoalBlock{x=10,y=4,z=94}",13,2,MovementDiagonal,342,62,62,,
4430,0,Husk,T3/49,MOVING,3.033,4.000,93.969,"GoalBlock{x=10,y=4,z=94}",13,2,MovementDiagonal,342,62,62,,
4431,0,Husk,T3/49,MOVING,3.231,4.000,93.770,"GoalBlock{x=10,y=4,z=94}",13,3,MovementDiagonal,342,62,62,,
4432,0,Husk,T3/49,MOVING,3.429,4.000,93.572,"GoalBlock{x=10,y=4,z=94}",13,3,MovementDiagonal,342,62,62,,
4433,0,Husk,T3/49,MOVING,3.627,4.000,93.373,"GoalBlock{x=10,y=4,z=94}",13,3,MovementDiagonal,342,62,62,,
4434,0,Husk,T3/49,MOVING,3.825,4.000,93.174,"GoalBlock{x=10,y=4,z=94}",13,3,MovementDiagonal,342,62,62,,
4435,0,Husk,T3/49,MOVING,4.024,4.000,92.976,"GoalBlock{x=10,y=4,z=94}",13,3,MovementDiagonal,342,62,62,,
4436,0,Husk,T3/49,MOVING,4.171,4.000,92.746,"GoalBlock{x=10,y=4,z=94}",13,4,MovementTraverse,342,62,62,,
4437,0,Husk,T3/49,MOVING,4.284,4.000,92.498,"GoalBlock{x=10,y=4,z=94}",13,4,MovementTraverse,342,62,62,,
4438,0,Husk,T3/49,MOVING,4.373,4.000,92.238,"GoalBlock{x=10,y=4,z=94}",13,4,MovementTraverse,342,62,62,,
4439,0,Husk,T3/49,MOVING,4.443,4.000,91.970,"GoalBlock{x=10,y=4,z=94}",13,4,MovementTraverse,342,62,62,,
4440,0,Husk,T3/49,MOVING,4.486,4.000,91.697,"GoalBlock{x=10,y=4,z=94}",13,5,MovementTraverse,342,62,62,,
4441,0,Husk,T3/49,MOVING,4.511,4.000,91.420,"GoalBlock{x=10,y=4,z=94}",13,5,MovementTraverse,342,62,62,,
4442,0,Husk,T3/49,MOVING,4.523,4.000,91.141,"GoalBlock{x=10,y=4,z=94}",13,5,MovementTraverse,342,62,62,,
4443,0,Husk,T3/49,MOVING,4.525,4.000,90.862,"GoalBlock{x=10,y=4,z=94}",13,5,MovementTraverse,342,62,62,,
4444,0,Husk,T3/49,MOVING,4.585,4.000,90.597,"GoalBlock{x=10,y=4,z=94}",13,6,MovementTraverse,342,62,62,,
4445,0,Husk,T3/49,MOVING,4.725,4.000,90.385,"GoalBlock{x=10,y=4,z=94}",13,6,MovementTraverse,342,62,62,,
4446,0,Husk,T3/49,MOVING,4.930,4.000,90.264,"GoalBlock{x=10,y=4,z=94}",13,6,MovementTraverse,342,62,62,,
4447,0,Husk,T3/49,MOVING,5.159,4.000,90.247,"GoalBlock{x=10,y=4,z=94}",13,6,MovementTraverse,342,62,62,,
4448,0,Husk,T3/49,MOVING,5.409,4.000,90.261,"GoalBlock{x=10,y=4,z=94}",13,7,MovementTraverse,342,62,62,,
4449,0,Husk,T3/49,MOVING,5.670,4.000,90.296,"GoalBlock{x=10,y=4,z=94}",13,7,MovementTraverse,342,62,62,,
4450,0,Husk,T3/49,MOVING,5.936,4.000,90.346,"GoalBlock{x=10,y=4,z=94}",13,7,MovementTraverse,342,62,62,,
4451,0,Husk,T3/49,MOVING,6.205,4.000,90.406,"GoalBlock{x=10,y=4,z=94}",13,7,MovementTraverse,342,62,62,,
4452,0,Husk,T3/49,MOVING,6.448,4.000,90.522,"GoalBlock{x=10,y=4,z=94}",13,8,MovementDiagonal,342,62,62,,
4453,0,Husk,T3/49,MOVING,6.675,4.000,90.671,"GoalBlock{x=10,y=4,z=94}",13,8,MovementDiagonal,342,62,62,,
4454,0,Husk,T3/49,MOVING,6.888,4.000,90.843,"GoalBlock{x=10,y=4,z=94}",13,8,MovementDiagonal,342,62,62,,
4455,0,Husk,T3/49,MOVING,7.092,4.000,91.031,"GoalBlock{x=10,y=4,z=94}",13,8,MovementDiagonal,342,62,62,,
4456,0,Husk,T3/49,MOVING,7.291,4.000,91.225,"GoalBlock{x=10,y=4,z=94}",13,9,MovementDiagonal,342,62,62,,
4457,0,Husk,T3/49,MOVING,7.487,4.000,91.423,"GoalBlock{x=10,y=4,z=94}",13,9,MovementDiagonal,342,62,62,,
4458,0,Husk,T3/49,MOVING,7.682,4.000,91.624,"GoalBlock{x=10,y=4,z=94}",13,9,MovementDiagonal,342,62,62,,
4459,0,Husk,T3/49,MOVING,7.875,4.000,91.827,"GoalBlock{x=10,y=4,z=94}",13,9,MovementDiagonal,342,62,62,,
4460,0,Husk,T3/49,MOVING,8.067,4.000,92.031,"GoalBlock{x=10,y=4,z=94}",13,9,MovementDiagonal,342,62,62,,
4461,0,Husk,T3/49,MOVING,8.261,4.000,92.234,"GoalBlock{x=10,y=4,z=94}",13,10,MovementDiagonal,342,62,62,,
4462,0,Husk,T3/49,MOVING,8.456,4.000,92.436,"GoalBlock{x=10,y=4,z=94}",13,10,MovementDiagonal,342,62,62,,
4463,0,Husk,T3/49,MOVING,8.652,4.000,92.637,"GoalBlock{x=10,y=4,z=94}",13,10,MovementDiagonal,342,62,62,,
4464,0,Husk,T3/49,MOVING,8.848,4.000,92.837,"GoalBlock{x=10,y=4,z=94}",13,10,MovementDiagonal,342,62,62,,
4465,0,Husk,T3/49,MOVING,9.044,4.000,93.038,"GoalBlock{x=10,y=4,z=94}",13,10,MovementDiagonal,342,62,62,,
4466,0,Husk,T3/49,MOVING,9.241,4.000,93.237,"GoalBlock{x=10,y=4,z=94}",13,11,MovementDiagonal,342,62,62,,
4467,0,Husk,T3/49,MOVING,9.439,4.000,93.437,"GoalBlock{x=10,y=4,z=94}",13,11,MovementDiagonal,342,62,62,,
4468,0,Husk,T3/49,MOVING,9.637,4.000,93.636,"GoalBlock{x=10,y=4,z=94}",13,11,MovementDiagonal,342,62,62,,
4469,0,Husk,T3/49,MOVING,9.835,4.000,93.834,"GoalBlock{x=10,y=4,z=94}",13,11,MovementDiagonal,342,62,62,,
4470,0,Husk,T3/49,MOVING,10.033,4.000,94.033,"GoalBlock{x=10,y=4,z=94}",13,11,MovementDiagonal,342,62,62,,
4471,0,Husk,T3/49,ARRIVED,10.141,4.000,94.142,,-1,-1,,342,62,62,,CANCELED
4472,0,Husk,T3/50,ARRIVED,0.500,4.000,108.500,,-1,-1,,342,62,62,,CANCELED|CANCELED
4473,0,Husk,T3/50,ARRIVED,0.500,4.000,108.500,,-1,-1,,342,62,62,,
4474,0,Husk,T3/50,ARRIVED,0.500,4.000,108.500,,-1,-1,,342,62,62,,
4475,0,Husk,T3/50,ARRIVED,0.500,4.000,108.500,,-1,-1,,342,62,62,,
4476,0,Husk,T3/50,ARRIVED,0.500,4.000,108.500,,-1,-1,,342,62,62,,
4477,0,Husk,T3/50,ARRIVED,0.500,4.000,108.500,,-1,-1,,342,62,62,,
4478,0,Husk,T3/50,ARRIVED,0.500,4.000,108.500,,-1,-1,,342,62,62,,
4479,0,Husk,T3/50,ARRIVED,0.500,4.000,108.500,,-1,-1,,342,62,62,,
4480,0,Husk,T3/50,ARRIVED,0.500,4.000,108.500,,-1,-1,,342,62,62,,
4481,0,Husk,T3/50,ARRIVED,0.500,4.000,108.500,,-1,-1,,342,62,62,,
4482,0,Husk,T3/50,SEARCHING,0.500,4.000,108.500,"GoalBlock{x=15,y=4,z=108}",-1,-1,,342,63,63,,CALC_STARTED
4483,0,Husk,T3/50,MOVING,0.627,4.000,108.500,"GoalBlock{x=15,y=4,z=108}",14,0,MovementTraverse,6278,64,64,,CALC_FINISHED_NOW_EXECUTING|NEXT_SEGMENT_CALC_STARTED
4484,0,Husk,T3/50,MOVING,0.824,4.000,108.500,"GoalBlock{x=15,y=4,z=108}",14,0,MovementTraverse,6396,64,64,,NEXT_CALC_FAILED
4485,0,Husk,T3/50,MOVING,1.059,4.000,108.500,"GoalBlock{x=15,y=4,z=108}",14,0,MovementTraverse,6396,64,64,,
4486,0,Husk,T3/50,MOVING,1.315,4.000,108.500,"GoalBlock{x=15,y=4,z=108}",14,1,MovementTraverse,6396,64,64,,
4487,0,Husk,T3/50,MOVING,1.582,4.000,108.500,"GoalBlock{x=15,y=4,z=108}",14,1,MovementTraverse,6396,64,64,,
4488,0,Husk,T3/50,MOVING,1.855,4.000,108.500,"GoalBlock{x=15,y=4,z=108}",14,1,MovementTraverse,6396,64,64,,
4489,0,Husk,T3/50,MOVING,2.132,4.000,108.500,"GoalBlock{x=15,y=4,z=108}",14,1,MovementTraverse,6396,64,64,,
4490,0,Husk,T3/50,MOVING,2.410,4.000,108.500,"GoalBlock{x=15,y=4,z=108}",14,2,MovementTraverse,6396,64,64,,
4491,0,Husk,T3/50,MOVING,2.690,4.000,108.500,"GoalBlock{x=15,y=4,z=108}",14,2,MovementTraverse,6396,64,64,,
4492,0,Husk,T3/50,MOVING,2.969,4.000,108.500,"GoalBlock{x=15,y=4,z=108}",14,2,MovementTraverse,6396,64,64,,
4493,0,Husk,T3/50,MOVING,3.250,4.000,108.500,"GoalBlock{x=15,y=4,z=108}",14,2,MovementTraverse,6396,64,64,,
4494,0,Husk,T3/50,MOVING,3.530,4.000,108.500,"GoalBlock{x=15,y=4,z=108}",14,3,MovementTraverse,6396,64,64,,
4495,0,Husk,T3/50,MOVING,3.811,4.000,108.500,"GoalBlock{x=15,y=4,z=108}",14,3,MovementTraverse,6396,64,64,,
4496,0,Husk,T3/50,MOVING,4.091,4.000,108.500,"GoalBlock{x=15,y=4,z=108}",14,3,MovementTraverse,6396,64,64,,
4497,0,Husk,T3/50,MOVING,4.372,4.000,108.500,"GoalBlock{x=15,y=4,z=108}",14,4,MovementTraverse,6396,64,64,,
4498,0,Husk,T3/50,MOVING,4.652,4.000,108.500,"GoalBlock{x=15,y=4,z=108}",14,4,MovementTraverse,6396,64,64,,
4499,0,Husk,T3/50,MOVING,4.933,4.000,108.500,"GoalBlock{x=15,y=4,z=108}",14,4,MovementTraverse,6396,64,64,,
4500,0,Husk,T3/50,MOVING,5.214,4.000,108.500,"GoalBlock{x=15,y=4,z=108}",14,4,MovementTraverse,6396,64,64,,
4501,0,Husk,T3/50,MOVING,5.494,4.000,108.500,"GoalBlock{x=15,y=4,z=108}",14,5,MovementTraverse,6396,64,64,,
4502,0,Husk,T3/50,MOVING,5.775,4.000,108.500,"GoalBlock{x=15,y=4,z=108}",14,5,MovementTraverse,6396,64,64,,
4503,0,Husk,T3/50,MOVING,6.055,4.000,108.500,"GoalBlock{x=15,y=4,z=108}",14,5,MovementTraverse,6396,64,64,,
4504,0,Husk,T3/50,MOVING,6.336,4.000,108.500,"GoalBlock{x=15,y=4,z=108}",14,6,MovementTraverse,6396,64,64,,
4505,0,Husk,T3/50,MOVING,6.617,4.000,108.500,"GoalBlock{x=15,y=4,z=108}",14,6,MovementTraverse,6396,64,64,,
4506,0,Husk,T3/50,MOVING,6.897,4.000,108.500,"GoalBlock{x=15,y=4,z=108}",14,6,MovementTraverse,6396,64,64,,
4507,0,Husk,T3/50,MOVING,7.178,4.000,108.500,"GoalBlock{x=15,y=4,z=108}",14,6,MovementTraverse,6396,64,64,,
4508,0,Husk,T3/50,MOVING,7.459,4.000,108.500,"GoalBlock{x=15,y=4,z=108}",14,7,MovementTraverse,6396,64,64,,
4509,0,Husk,T3/50,MOVING,7.739,4.000,108.500,"GoalBlock{x=15,y=4,z=108}",14,7,MovementTraverse,6396,64,64,,
4510,0,Husk,T3/50,MOVING,8.020,4.000,108.500,"GoalBlock{x=15,y=4,z=108}",14,7,MovementTraverse,6396,64,64,,
4511,0,Husk,T3/50,MOVING,8.300,4.000,108.500,"GoalBlock{x=15,y=4,z=108}",14,8,MovementTraverse,6396,64,64,,
4512,0,Husk,T3/50,MOVING,8.581,4.000,108.500,"GoalBlock{x=15,y=4,z=108}",14,8,MovementTraverse,6396,64,64,,
4513,0,Husk,T3/50,MOVING,8.862,4.000,108.500,"GoalBlock{x=15,y=4,z=108}",14,8,MovementTraverse,6396,64,64,,
4514,0,Husk,T3/50,MOVING,9.142,4.000,108.500,"GoalBlock{x=15,y=4,z=108}",14,8,MovementTraverse,6396,64,64,,
4515,0,Husk,T3/50,MOVING,9.423,4.000,108.500,"GoalBlock{x=15,y=4,z=108}",14,9,MovementTraverse,6396,64,64,,
4516,0,Husk,T3/50,MOVING,9.703,4.000,108.500,"GoalBlock{x=15,y=4,z=108}",14,9,MovementTraverse,6396,64,64,,
4517,0,Husk,T3/50,MOVING,9.984,4.000,108.500,"GoalBlock{x=15,y=4,z=108}",14,9,MovementTraverse,6396,64,64,,
4518,0,Husk,T3/50,MOVING,10.265,4.000,108.500,"GoalBlock{x=15,y=4,z=108}",14,9,MovementTraverse,6396,64,64,,
4519,0,Husk,T3/50,MOVING,10.545,4.000,108.500,"GoalBlock{x=15,y=4,z=108}",14,10,MovementTraverse,6396,64,64,,
4520,0,Husk,T3/50,MOVING,10.826,4.000,108.500,"GoalBlock{x=15,y=4,z=108}",14,10,MovementTraverse,6396,64,64,,
4521,0,Husk,T3/50,MOVING,11.107,4.000,108.500,"GoalBlock{x=15,y=4,z=108}",14,10,MovementTraverse,6396,64,64,,
4522,0,Husk,T3/50,MOVING,11.387,4.000,108.500,"GoalBlock{x=15,y=4,z=108}",14,11,MovementTraverse,6396,64,64,,
4523,0,Husk,T3/50,MOVING,11.668,4.000,108.500,"GoalBlock{x=15,y=4,z=108}",14,11,MovementTraverse,6396,64,64,,
4524,0,Husk,T3/50,MOVING,11.948,4.000,108.500,"GoalBlock{x=15,y=4,z=108}",14,11,MovementTraverse,6396,64,64,,
4525,0,Husk,T3/50,MOVING,12.229,4.000,108.500,"GoalBlock{x=15,y=4,z=108}",14,11,MovementTraverse,6396,64,64,,
4526,0,Husk,T3/50,MOVING,12.510,4.000,108.500,"GoalBlock{x=15,y=4,z=108}",14,12,MovementTraverse,6396,64,64,,
4527,0,Husk,T3/50,MOVING,12.790,4.000,108.500,"GoalBlock{x=15,y=4,z=108}",14,12,MovementTraverse,6396,64,64,,
4528,0,Husk,T3/50,MOVING,13.071,4.000,108.500,"GoalBlock{x=15,y=4,z=108}",14,12,MovementTraverse,6396,64,64,,
4529,0,Husk,T3/50,SEARCHING,13.224,4.000,108.500,"GoalBlock{x=15,y=4,z=108}",-1,-1,,6396,65,65,,CALC_STARTED
4530,0,Husk,T3/50,FAILED,13.308,4.000,108.500,,-1,-1,,4669,65,65,no_path,CALC_FAILED
4531,0,Husk,T3/50,FAILED,13.353,4.000,108.500,,-1,-1,,4669,65,65,no_path,
4532,0,Husk,T3/51,FAILED,60.500,4.000,0.500,,-1,-1,,4669,65,65,no_path,CANCELED|CANCELED
4533,0,Husk,T3/51,FAILED,60.500,4.000,0.500,,-1,-1,,4669,65,65,no_path,
4534,0,Husk,T3/51,FAILED,60.500,4.000,0.500,,-1,-1,,4669,65,65,no_path,
4535,0,Husk,T3/51,FAILED,60.500,4.000,0.500,,-1,-1,,4669,65,65,no_path,
4536,0,Husk,T3/51,FAILED,60.500,4.000,0.500,,-1,-1,,4669,65,65,no_path,
4537,0,Husk,T3/51,FAILED,60.500,4.000,0.500,,-1,-1,,4669,65,65,no_path,
4538,0,Husk,T3/51,FAILED,60.500,4.000,0.500,,-1,-1,,4669,65,65,no_path,
4539,0,Husk,T3/51,FAILED,60.500,4.000,0.500,,-1,-1,,4669,65,65,no_path,
4540,0,Husk,T3/51,FAILED,60.500,4.000,0.500,,-1,-1,,4669,65,65,no_path,
4541,0,Husk,T3/51,FAILED,60.500,4.000,0.500,,-1,-1,,4669,65,65,no_path,
4542,0,Husk,T3/51,SEARCHING,60.500,4.000,0.500,"GoalBlock{x=80,y=4,z=0}",-1,-1,,4669,66,66,,CALC_STARTED
4543,0,Husk,T3/51,MOVING,60.627,4.000,0.500,"GoalBlock{x=80,y=4,z=0}",21,0,MovementTraverse,125,66,66,,CALC_FINISHED_NOW_EXECUTING
4544,0,Husk,T3/51,MOVING,60.824,4.000,0.500,"GoalBlock{x=80,y=4,z=0}",21,0,MovementTraverse,125,66,66,,
4545,0,Husk,T3/51,MOVING,61.059,4.000,0.500,"GoalBlock{x=80,y=4,z=0}",21,0,MovementTraverse,125,66,66,,
4546,0,Husk,T3/51,MOVING,61.315,4.000,0.500,"GoalBlock{x=80,y=4,z=0}",21,1,MovementTraverse,125,66,66,,
4547,0,Husk,T3/51,MOVING,61.582,4.000,0.500,"GoalBlock{x=80,y=4,z=0}",21,1,MovementTraverse,125,66,66,,
4548,0,Husk,T3/51,MOVING,61.855,4.000,0.500,"GoalBlock{x=80,y=4,z=0}",21,1,MovementTraverse,125,66,66,,
4549,0,Husk,T3/51,MOVING,62.132,4.000,0.500,"GoalBlock{x=80,y=4,z=0}",21,1,MovementTraverse,125,66,66,,
4550,0,Husk,T3/51,MOVING,62.410,4.000,0.500,"GoalBlock{x=80,y=4,z=0}",21,2,MovementTraverse,125,66,66,,
4551,0,Husk,T3/51,MOVING,62.690,4.000,0.500,"GoalBlock{x=80,y=4,z=0}",21,2,MovementTraverse,125,66,66,,
4552,0,Husk,T3/51,MOVING,62.969,4.000,0.500,"GoalBlock{x=80,y=4,z=0}",21,2,MovementTraverse,125,66,66,,
4553,0,Husk,T3/51,MOVING,63.250,4.000,0.500,"GoalBlock{x=80,y=4,z=0}",21,2,MovementTraverse,125,66,66,,
4554,0,Husk,T3/51,MOVING,63.530,4.000,0.500,"GoalBlock{x=80,y=4,z=0}",21,3,MovementTraverse,125,66,66,,
4555,0,Husk,T3/51,MOVING,63.811,4.000,0.500,"GoalBlock{x=80,y=4,z=0}",21,3,MovementTraverse,125,66,66,,
4556,0,Husk,T3/51,MOVING,64.091,4.000,0.500,"GoalBlock{x=80,y=4,z=0}",21,3,MovementTraverse,125,66,66,,
4557,0,Husk,T3/51,MOVING,64.372,4.000,0.500,"GoalBlock{x=80,y=4,z=0}",21,4,MovementTraverse,125,66,66,,
4558,0,Husk,T3/51,MOVING,64.652,4.000,0.500,"GoalBlock{x=80,y=4,z=0}",21,4,MovementTraverse,125,66,66,,
4559,0,Husk,T3/51,MOVING,64.933,4.000,0.500,"GoalBlock{x=80,y=4,z=0}",21,4,MovementTraverse,125,66,66,,
4560,0,Husk,T3/51,MOVING,65.214,4.000,0.500,"GoalBlock{x=80,y=4,z=0}",21,4,MovementTraverse,125,66,66,,
4561,0,Husk,T3/51,MOVING,65.494,4.000,0.500,"GoalBlock{x=80,y=4,z=0}",21,5,MovementTraverse,125,66,66,,
4562,0,Husk,T3/51,MOVING,65.775,4.000,0.500,"GoalBlock{x=80,y=4,z=0}",21,5,MovementTraverse,125,66,66,,
4563,0,Husk,T3/51,MOVING,66.055,4.000,0.500,"GoalBlock{x=80,y=4,z=0}",21,5,MovementTraverse,125,66,66,,
4564,0,Husk,T3/51,MOVING,66.336,4.000,0.500,"GoalBlock{x=80,y=4,z=0}",21,6,MovementTraverse,125,66,66,,
4565,0,Husk,T3/51,MOVING,66.617,4.000,0.500,"GoalBlock{x=80,y=4,z=0}",21,6,MovementTraverse,125,66,66,,
4566,0,Husk,T3/51,MOVING,66.897,4.000,0.500,"GoalBlock{x=80,y=4,z=0}",21,6,MovementTraverse,125,66,66,,
4567,0,Husk,T3/51,MOVING,67.178,4.000,0.500,"GoalBlock{x=80,y=4,z=0}",21,6,MovementTraverse,125,66,66,,
4568,0,Husk,T3/51,MOVING,67.459,4.000,0.500,"GoalBlock{x=80,y=4,z=0}",21,7,MovementTraverse,125,66,66,,
4569,0,Husk,T3/51,MOVING,67.739,4.000,0.500,"GoalBlock{x=80,y=4,z=0}",21,7,MovementTraverse,125,66,66,,
4570,0,Husk,T3/51,MOVING,68.020,4.000,0.500,"GoalBlock{x=80,y=4,z=0}",21,7,MovementTraverse,125,66,66,,
4571,0,Husk,T3/51,MOVING,68.300,4.000,0.500,"GoalBlock{x=80,y=4,z=0}",21,8,MovementTraverse,125,66,66,,
4572,0,Husk,T3/51,MOVING,68.581,4.000,0.500,"GoalBlock{x=80,y=4,z=0}",21,8,MovementTraverse,125,66,66,,
4573,0,Husk,T3/51,MOVING,68.862,4.000,0.500,"GoalBlock{x=80,y=4,z=0}",21,8,MovementTraverse,125,66,66,,
4574,0,Husk,T3/51,MOVING,69.142,4.000,0.500,"GoalBlock{x=80,y=4,z=0}",21,8,MovementTraverse,125,66,66,,
4575,0,Husk,T3/51,MOVING,69.295,4.000,0.500,"GoalBlock{x=80,y=4,z=0}",21,9,MovementTraverse,125,66,66,,
4576,0,Husk,T3/51,MOVING,69.507,4.000,0.500,"GoalBlock{x=80,y=4,z=0}",21,9,MovementTraverse,125,66,66,,
4577,0,Husk,T3/51,MOVING,69.749,4.000,0.500,"GoalBlock{x=80,y=4,z=0}",21,9,MovementTraverse,125,66,66,,
4578,0,Husk,T3/51,MOVING,70.009,4.000,0.500,"GoalBlock{x=80,y=4,z=0}",21,9,MovementTraverse,125,66,66,,
4579,0,Husk,T3/51,MOVING,70.278,4.000,0.500,"GoalBlock{x=80,y=4,z=0}",21,10,MovementTraverse,125,66,66,,
4580,0,Husk,T3/51,MOVING,70.553,4.000,0.500,"GoalBlock{x=80,y=4,z=0}",21,10,MovementTraverse,125,66,66,,
4581,0,Husk,T3/51,MOVING,70.830,4.000,0.500,"GoalBlock{x=80,y=4,z=0}",21,10,MovementTraverse,125,66,66,,
4582,0,Husk,T3/51,MOVING,71.109,4.000,0.500,"GoalBlock{x=80,y=4,z=0}",21,10,MovementTraverse,125,66,66,,
4583,0,Husk,T3/51,MOVING,71.388,4.000,0.500,"GoalBlock{x=80,y=4,z=0}",21,11,MovementTraverse,125,66,66,,
4584,0,Husk,T3/51,MOVING,71.668,4.000,0.500,"GoalBlock{x=80,y=4,z=0}",21,11,MovementTraverse,125,66,66,,
4585,0,Husk,T3/51,MOVING,71.949,4.000,0.500,"GoalBlock{x=80,y=4,z=0}",21,11,MovementTraverse,125,66,66,,
4586,0,Husk,T3/51,MOVING,72.229,4.000,0.500,"GoalBlock{x=80,y=4,z=0}",21,11,MovementTraverse,125,66,66,,
4587,0,Husk,T3/51,MOVING,72.510,4.000,0.500,"GoalBlock{x=80,y=4,z=0}",21,12,MovementTraverse,125,66,66,,
4588,0,Husk,T3/51,MOVING,72.790,4.000,0.500,"GoalBlock{x=80,y=4,z=0}",21,12,MovementTraverse,125,66,66,,
4589,0,Husk,T3/51,MOVING,73.071,4.000,0.500,"GoalBlock{x=80,y=4,z=0}",21,12,MovementTraverse,125,66,66,,
4590,0,Husk,T3/51,MOVING,73.352,4.000,0.500,"GoalBlock{x=80,y=4,z=0}",21,13,MovementTraverse,125,66,66,,
4591,0,Husk,T3/51,MOVING,73.632,4.000,0.500,"GoalBlock{x=80,y=4,z=0}",21,13,MovementTraverse,125,66,66,,
4592,0,Husk,T3/51,MOVING,73.913,4.000,0.500,"GoalBlock{x=80,y=4,z=0}",21,13,MovementTraverse,125,66,66,,
4593,0,Husk,T3/51,MOVING,74.193,4.000,0.500,"GoalBlock{x=80,y=4,z=0}",21,13,MovementTraverse,125,66,66,,
4594,0,Husk,T3/51,MOVING,74.474,4.000,0.500,"GoalBlock{x=80,y=4,z=0}",21,14,MovementTraverse,125,66,66,,
4595,0,Husk,T3/51,MOVING,74.755,4.000,0.500,"GoalBlock{x=80,y=4,z=0}",21,14,MovementTraverse,125,66,66,,
4596,0,Husk,T3/51,MOVING,75.035,4.000,0.500,"GoalBlock{x=80,y=4,z=0}",21,14,MovementTraverse,125,66,66,,
4597,0,Husk,T3/51,MOVING,75.316,4.000,0.500,"GoalBlock{x=80,y=4,z=0}",21,15,MovementTraverse,125,66,66,,
4598,0,Husk,T3/51,MOVING,75.596,4.000,0.500,"GoalBlock{x=80,y=4,z=0}",21,15,MovementTraverse,125,66,66,,
4599,0,Husk,T3/51,MOVING,75.877,4.000,0.500,"GoalBlock{x=80,y=4,z=0}",21,15,MovementTraverse,125,66,66,,
4600,0,Husk,T3/51,MOVING,76.158,4.000,0.500,"GoalBlock{x=80,y=4,z=0}",21,15,MovementTraverse,125,66,66,,
4601,0,Husk,T3/51,MOVING,76.438,4.000,0.500,"GoalBlock{x=80,y=4,z=0}",21,16,MovementTraverse,125,66,66,,
4602,0,Husk,T3/51,MOVING,76.719,4.000,0.500,"GoalBlock{x=80,y=4,z=0}",21,16,MovementTraverse,125,66,66,,
4603,0,Husk,T3/51,MOVING,77.000,4.000,0.500,"GoalBlock{x=80,y=4,z=0}",21,16,MovementTraverse,125,66,66,,
4604,0,Husk,T3/51,MOVING,77.280,4.000,0.500,"GoalBlock{x=80,y=4,z=0}",21,16,MovementTraverse,125,66,66,,
4605,0,Husk,T3/51,MOVING,77.561,4.000,0.500,"GoalBlock{x=80,y=4,z=0}",21,17,MovementTraverse,125,66,66,,
4606,0,Husk,T3/51,MOVING,77.841,4.000,0.500,"GoalBlock{x=80,y=4,z=0}",21,17,MovementTraverse,125,66,66,,
4607,0,Husk,T3/51,MOVING,78.122,4.000,0.500,"GoalBlock{x=80,y=4,z=0}",21,17,MovementTraverse,125,66,66,,
4608,0,Husk,T3/51,MOVING,78.403,4.000,0.500,"GoalBlock{x=80,y=4,z=0}",21,18,MovementTraverse,125,66,66,,
4609,0,Husk,T3/51,MOVING,78.683,4.000,0.500,"GoalBlock{x=80,y=4,z=0}",21,18,MovementTraverse,125,66,66,,
4610,0,Husk,T3/51,MOVING,78.964,4.000,0.500,"GoalBlock{x=80,y=4,z=0}",21,18,MovementTraverse,125,66,66,,
4611,0,Husk,T3/51,MOVING,79.244,4.000,0.500,"GoalBlock{x=80,y=4,z=0}",21,18,MovementTraverse,125,66,66,,
4612,0,Husk,T3/51,MOVING,79.525,4.000,0.500,"GoalBlock{x=80,y=4,z=0}",21,19,MovementTraverse,125,66,66,,
4613,0,Husk,T3/51,MOVING,79.806,4.000,0.500,"GoalBlock{x=80,y=4,z=0}",21,19,MovementTraverse,125,66,66,,
4614,0,Husk,T3/51,MOVING,80.086,4.000,0.500,"GoalBlock{x=80,y=4,z=0}",21,19,MovementTraverse,125,66,66,,
4615,0,Husk,T3/51,ARRIVED,80.240,4.000,0.500,,-1,-1,,125,66,66,,CANCELED
4616,0,Husk,T3/52,ARRIVED,60.500,4.000,12.500,,-1,-1,,125,66,66,,CANCELED|CANCELED
4617,0,Husk,T3/52,ARRIVED,60.500,4.000,12.500,,-1,-1,,125,66,66,,
4618,0,Husk,T3/52,ARRIVED,60.500,4.000,12.500,,-1,-1,,125,66,66,,
4619,0,Husk,T3/52,ARRIVED,60.500,4.000,12.500,,-1,-1,,125,66,66,,
4620,0,Husk,T3/52,ARRIVED,60.500,4.000,12.500,,-1,-1,,125,66,66,,
4621,0,Husk,T3/52,ARRIVED,60.500,4.000,12.500,,-1,-1,,125,66,66,,
4622,0,Husk,T3/52,ARRIVED,60.500,4.000,12.500,,-1,-1,,125,66,66,,
4623,0,Husk,T3/52,ARRIVED,60.500,4.000,12.500,,-1,-1,,125,66,66,,
4624,0,Husk,T3/52,ARRIVED,60.500,4.000,12.500,,-1,-1,,125,66,66,,
4625,0,Husk,T3/52,ARRIVED,60.500,4.000,12.500,,-1,-1,,125,66,66,,
4626,0,Husk,T3/52,SEARCHING,60.500,4.000,12.500,"GoalBlock{x=80,y=4,z=12}",-1,-1,,125,67,67,,CALC_STARTED
4627,0,Husk,T3/52,MOVING,60.627,4.000,12.500,"GoalBlock{x=80,y=4,z=12}",10,0,MovementTraverse,328,68,68,,CALC_FINISHED_NOW_EXECUTING|NEXT_SEGMENT_CALC_STARTED
4628,0,Husk,T3/52,MOVING,60.824,4.000,12.500,"GoalBlock{x=80,y=4,z=12}",10,0,MovementTraverse,405,68,68,,NEXT_CALC_FAILED
4629,0,Husk,T3/52,MOVING,61.059,4.000,12.500,"GoalBlock{x=80,y=4,z=12}",10,0,MovementTraverse,405,68,68,,
4630,0,Husk,T3/52,MOVING,61.315,4.000,12.500,"GoalBlock{x=80,y=4,z=12}",10,1,MovementTraverse,405,68,68,,
4631,0,Husk,T3/52,MOVING,61.582,4.000,12.500,"GoalBlock{x=80,y=4,z=12}",10,1,MovementTraverse,405,68,68,,
4632,0,Husk,T3/52,MOVING,61.855,4.000,12.500,"GoalBlock{x=80,y=4,z=12}",10,1,MovementTraverse,405,68,68,,
4633,0,Husk,T3/52,MOVING,62.132,4.000,12.500,"GoalBlock{x=80,y=4,z=12}",10,1,MovementTraverse,405,68,68,,
4634,0,Husk,T3/52,MOVING,62.410,4.000,12.500,"GoalBlock{x=80,y=4,z=12}",10,2,MovementTraverse,405,68,68,,
4635,0,Husk,T3/52,MOVING,62.690,4.000,12.500,"GoalBlock{x=80,y=4,z=12}",10,2,MovementTraverse,405,68,68,,
4636,0,Husk,T3/52,MOVING,62.969,4.000,12.500,"GoalBlock{x=80,y=4,z=12}",10,2,MovementTraverse,405,68,68,,
4637,0,Husk,T3/52,MOVING,63.250,4.000,12.500,"GoalBlock{x=80,y=4,z=12}",10,2,MovementTraverse,405,68,68,,
4638,0,Husk,T3/52,MOVING,63.530,4.000,12.500,"GoalBlock{x=80,y=4,z=12}",10,3,MovementTraverse,405,68,68,,
4639,0,Husk,T3/52,MOVING,63.811,4.000,12.500,"GoalBlock{x=80,y=4,z=12}",10,3,MovementTraverse,405,68,68,,
4640,0,Husk,T3/52,MOVING,64.091,4.000,12.500,"GoalBlock{x=80,y=4,z=12}",10,3,MovementTraverse,405,68,68,,
4641,0,Husk,T3/52,MOVING,64.372,4.000,12.500,"GoalBlock{x=80,y=4,z=12}",10,4,MovementTraverse,405,68,68,,
4642,0,Husk,T3/52,MOVING,64.652,4.000,12.500,"GoalBlock{x=80,y=4,z=12}",10,4,MovementTraverse,405,68,68,,
4643,0,Husk,T3/52,MOVING,64.933,4.000,12.500,"GoalBlock{x=80,y=4,z=12}",10,4,MovementTraverse,405,68,68,,
4644,0,Husk,T3/52,MOVING,65.214,4.000,12.500,"GoalBlock{x=80,y=4,z=12}",10,4,MovementTraverse,405,68,68,,
4645,0,Husk,T3/52,MOVING,65.494,4.000,12.500,"GoalBlock{x=80,y=4,z=12}",10,5,MovementTraverse,405,68,68,,
4646,0,Husk,T3/52,MOVING,65.775,4.000,12.500,"GoalBlock{x=80,y=4,z=12}",10,5,MovementTraverse,405,68,68,,
4647,0,Husk,T3/52,MOVING,66.055,4.000,12.500,"GoalBlock{x=80,y=4,z=12}",10,5,MovementTraverse,405,68,68,,
4648,0,Husk,T3/52,MOVING,66.336,4.000,12.500,"GoalBlock{x=80,y=4,z=12}",10,6,MovementTraverse,405,68,68,,
4649,0,Husk,T3/52,MOVING,66.617,4.000,12.500,"GoalBlock{x=80,y=4,z=12}",10,6,MovementTraverse,405,68,68,,
4650,0,Husk,T3/52,MOVING,66.897,4.000,12.500,"GoalBlock{x=80,y=4,z=12}",10,6,MovementTraverse,405,68,68,,
4651,0,Husk,T3/52,MOVING,67.178,4.000,12.500,"GoalBlock{x=80,y=4,z=12}",10,6,MovementTraverse,405,68,68,,
4652,0,Husk,T3/52,MOVING,67.459,4.000,12.500,"GoalBlock{x=80,y=4,z=12}",10,7,MovementTraverse,405,68,68,,
4653,0,Husk,T3/52,MOVING,67.739,4.000,12.500,"GoalBlock{x=80,y=4,z=12}",10,7,MovementTraverse,405,68,68,,
4654,0,Husk,T3/52,MOVING,68.020,4.000,12.500,"GoalBlock{x=80,y=4,z=12}",10,7,MovementTraverse,405,68,68,,
4655,0,Husk,T3/52,MOVING,68.300,4.000,12.500,"GoalBlock{x=80,y=4,z=12}",10,8,MovementTraverse,405,68,68,,
4656,0,Husk,T3/52,MOVING,68.581,4.000,12.500,"GoalBlock{x=80,y=4,z=12}",10,8,MovementTraverse,405,68,68,,
4657,0,Husk,T3/52,MOVING,68.862,4.000,12.500,"GoalBlock{x=80,y=4,z=12}",10,8,MovementTraverse,405,68,68,,
4658,0,Husk,T3/52,MOVING,69.142,4.000,12.500,"GoalBlock{x=80,y=4,z=12}",10,8,MovementTraverse,405,68,68,,
4659,0,Husk,T3/52,SEARCHING,69.295,4.000,12.500,"GoalBlock{x=80,y=4,z=12}",-1,-1,,405,69,69,,CALC_STARTED
4660,0,Husk,T3/52,FAILED,69.379,4.000,12.500,,-1,-1,,375,69,69,no_path,CALC_FAILED
4661,0,Husk,T3/52,FAILED,69.425,4.000,12.500,,-1,-1,,375,69,69,no_path,
4662,0,Husk,T3/53,FAILED,60.500,4.000,24.500,,-1,-1,,375,69,69,no_path,CANCELED|CANCELED
4663,0,Husk,T3/53,FAILED,60.500,4.000,24.500,,-1,-1,,375,69,69,no_path,
4664,0,Husk,T3/53,FAILED,60.500,4.000,24.500,,-1,-1,,375,69,69,no_path,
4665,0,Husk,T3/53,FAILED,60.500,4.000,24.500,,-1,-1,,375,69,69,no_path,
4666,0,Husk,T3/53,FAILED,60.500,4.000,24.500,,-1,-1,,375,69,69,no_path,
4667,0,Husk,T3/53,FAILED,60.500,4.000,24.500,,-1,-1,,375,69,69,no_path,
4668,0,Husk,T3/53,FAILED,60.500,4.000,24.500,,-1,-1,,375,69,69,no_path,
4669,0,Husk,T3/53,FAILED,60.500,4.000,24.500,,-1,-1,,375,69,69,no_path,
4670,0,Husk,T3/53,FAILED,60.500,4.000,24.500,,-1,-1,,375,69,69,no_path,
4671,0,Husk,T3/53,FAILED,60.500,4.000,24.500,,-1,-1,,375,69,69,no_path,
4672,0,Husk,T3/53,SEARCHING,60.500,4.000,24.500,"GoalBlock{x=80,y=4,z=24}",-1,-1,,375,70,70,,CALC_STARTED
4673,0,Husk,T3/53,MOVING,60.627,4.000,24.500,"GoalBlock{x=80,y=4,z=24}",21,0,MovementTraverse,132,70,70,,CALC_FINISHED_NOW_EXECUTING
4674,0,Husk,T3/53,MOVING,60.824,4.000,24.500,"GoalBlock{x=80,y=4,z=24}",21,0,MovementTraverse,132,70,70,,
4675,0,Husk,T3/53,MOVING,61.059,4.000,24.500,"GoalBlock{x=80,y=4,z=24}",21,0,MovementTraverse,132,70,70,,
4676,0,Husk,T3/53,MOVING,61.315,4.000,24.500,"GoalBlock{x=80,y=4,z=24}",21,1,MovementTraverse,132,70,70,,
4677,0,Husk,T3/53,MOVING,61.582,4.000,24.500,"GoalBlock{x=80,y=4,z=24}",21,1,MovementTraverse,132,70,70,,
4678,0,Husk,T3/53,MOVING,61.855,4.000,24.500,"GoalBlock{x=80,y=4,z=24}",21,1,MovementTraverse,132,70,70,,
4679,0,Husk,T3/53,MOVING,62.132,4.000,24.500,"GoalBlock{x=80,y=4,z=24}",21,1,MovementTraverse,132,70,70,,
4680,0,Husk,T3/53,MOVING,62.410,4.000,24.500,"GoalBlock{x=80,y=4,z=24}",21,2,MovementTraverse,132,70,70,,
4681,0,Husk,T3/53,MOVING,62.690,4.000,24.500,"GoalBlock{x=80,y=4,z=24}",21,2,MovementTraverse,132,70,70,,
4682,0,Husk,T3/53,MOVING,62.969,4.000,24.500,"GoalBlock{x=80,y=4,z=24}",21,2,MovementTraverse,132,70,70,,
4683,0,Husk,T3/53,MOVING,63.250,4.000,24.500,"GoalBlock{x=80,y=4,z=24}",21,2,MovementTraverse,132,70,70,,
4684,0,Husk,T3/53,MOVING,63.530,4.000,24.500,"GoalBlock{x=80,y=4,z=24}",21,3,MovementTraverse,132,70,70,,
4685,0,Husk,T3/53,MOVING,63.811,4.000,24.500,"GoalBlock{x=80,y=4,z=24}",21,3,MovementTraverse,132,70,70,,
4686,0,Husk,T3/53,MOVING,64.091,4.000,24.500,"GoalBlock{x=80,y=4,z=24}",21,3,MovementTraverse,132,70,70,,
4687,0,Husk,T3/53,MOVING,64.372,4.000,24.500,"GoalBlock{x=80,y=4,z=24}",21,4,MovementTraverse,132,70,70,,
4688,0,Husk,T3/53,MOVING,64.652,4.000,24.500,"GoalBlock{x=80,y=4,z=24}",21,4,MovementTraverse,132,70,70,,
4689,0,Husk,T3/53,MOVING,64.933,4.000,24.500,"GoalBlock{x=80,y=4,z=24}",21,4,MovementTraverse,132,70,70,,
4690,0,Husk,T3/53,MOVING,65.214,4.000,24.500,"GoalBlock{x=80,y=4,z=24}",21,4,MovementTraverse,132,70,70,,
4691,0,Husk,T3/53,MOVING,65.494,4.000,24.500,"GoalBlock{x=80,y=4,z=24}",21,5,MovementTraverse,132,70,70,,
4692,0,Husk,T3/53,MOVING,65.775,4.000,24.500,"GoalBlock{x=80,y=4,z=24}",21,5,MovementTraverse,132,70,70,,
4693,0,Husk,T3/53,MOVING,66.055,4.000,24.500,"GoalBlock{x=80,y=4,z=24}",21,5,MovementTraverse,132,70,70,,
4694,0,Husk,T3/53,MOVING,66.336,4.000,24.500,"GoalBlock{x=80,y=4,z=24}",21,6,MovementTraverse,132,70,70,,
4695,0,Husk,T3/53,MOVING,66.617,4.000,24.500,"GoalBlock{x=80,y=4,z=24}",21,6,MovementTraverse,132,70,70,,
4696,0,Husk,T3/53,MOVING,66.897,4.000,24.500,"GoalBlock{x=80,y=4,z=24}",21,6,MovementTraverse,132,70,70,,
4697,0,Husk,T3/53,MOVING,67.178,4.000,24.500,"GoalBlock{x=80,y=4,z=24}",21,6,MovementTraverse,132,70,70,,
4698,0,Husk,T3/53,MOVING,67.459,4.000,24.500,"GoalBlock{x=80,y=4,z=24}",21,7,MovementTraverse,132,70,70,,
4699,0,Husk,T3/53,MOVING,67.739,4.000,24.500,"GoalBlock{x=80,y=4,z=24}",21,7,MovementTraverse,132,70,70,,
4700,0,Husk,T3/53,MOVING,68.020,4.000,24.500,"GoalBlock{x=80,y=4,z=24}",21,7,MovementTraverse,132,70,70,,
4701,0,Husk,T3/53,MOVING,68.300,4.000,24.500,"GoalBlock{x=80,y=4,z=24}",21,8,MovementTraverse,132,70,70,,
4702,0,Husk,T3/53,MOVING,68.581,4.000,24.500,"GoalBlock{x=80,y=4,z=24}",21,8,MovementTraverse,132,70,70,,
4703,0,Husk,T3/53,MOVING,68.862,4.000,24.500,"GoalBlock{x=80,y=4,z=24}",21,8,MovementTraverse,132,70,70,,
4704,0,Husk,T3/53,MOVING,69.142,4.000,24.500,"GoalBlock{x=80,y=4,z=24}",21,8,MovementTraverse,132,70,70,,
4705,0,Husk,T3/53,MOVING,69.295,4.000,24.500,"GoalBlock{x=80,y=4,z=24}",21,9,MovementTraverse,132,70,70,,
4706,0,Husk,T3/53,MOVING,69.507,4.000,24.500,"GoalBlock{x=80,y=4,z=24}",21,9,MovementTraverse,132,70,70,,
4707,0,Husk,T3/53,MOVING,69.749,4.000,24.500,"GoalBlock{x=80,y=4,z=24}",21,9,MovementTraverse,132,70,70,,
4708,0,Husk,T3/53,MOVING,70.009,4.000,24.500,"GoalBlock{x=80,y=4,z=24}",21,9,MovementTraverse,132,70,70,,
4709,0,Husk,T3/53,MOVING,70.278,4.000,24.500,"GoalBlock{x=80,y=4,z=24}",21,10,MovementTraverse,132,70,70,,
4710,0,Husk,T3/53,MOVING,70.553,4.000,24.500,"GoalBlock{x=80,y=4,z=24}",21,10,MovementTraverse,132,70,70,,
4711,0,Husk,T3/53,MOVING,70.830,4.000,24.500,"GoalBlock{x=80,y=4,z=24}",21,10,MovementTraverse,132,70,70,,
4712,0,Husk,T3/53,MOVING,71.109,4.000,24.500,"GoalBlock{x=80,y=4,z=24}",21,10,MovementTraverse,132,70,70,,
4713,0,Husk,T3/53,MOVING,71.388,4.000,24.500,"GoalBlock{x=80,y=4,z=24}",21,11,MovementTraverse,132,70,70,,
4714,0,Husk,T3/53,MOVING,71.668,4.000,24.500,"GoalBlock{x=80,y=4,z=24}",21,11,MovementTraverse,132,70,70,,
4715,0,Husk,T3/53,MOVING,71.949,4.000,24.500,"GoalBlock{x=80,y=4,z=24}",21,11,MovementTraverse,132,70,70,,
4716,0,Husk,T3/53,MOVING,72.229,4.000,24.500,"GoalBlock{x=80,y=4,z=24}",21,11,MovementTraverse,132,70,70,,
4717,0,Husk,T3/53,MOVING,72.510,4.000,24.500,"GoalBlock{x=80,y=4,z=24}",21,12,MovementTraverse,132,70,70,,
4718,0,Husk,T3/53,MOVING,72.790,4.000,24.500,"GoalBlock{x=80,y=4,z=24}",21,12,MovementTraverse,132,70,70,,
4719,0,Husk,T3/53,MOVING,73.071,4.000,24.500,"GoalBlock{x=80,y=4,z=24}",21,12,MovementTraverse,132,70,70,,
4720,0,Husk,T3/53,MOVING,73.352,4.000,24.500,"GoalBlock{x=80,y=4,z=24}",21,13,MovementTraverse,132,70,70,,
4721,0,Husk,T3/53,MOVING,73.632,4.000,24.500,"GoalBlock{x=80,y=4,z=24}",21,13,MovementTraverse,132,70,70,,
4722,0,Husk,T3/53,MOVING,73.913,4.000,24.500,"GoalBlock{x=80,y=4,z=24}",21,13,MovementTraverse,132,70,70,,
4723,0,Husk,T3/53,MOVING,74.193,4.000,24.500,"GoalBlock{x=80,y=4,z=24}",21,13,MovementTraverse,132,70,70,,
4724,0,Husk,T3/53,MOVING,74.474,4.000,24.500,"GoalBlock{x=80,y=4,z=24}",21,14,MovementTraverse,132,70,70,,
4725,0,Husk,T3/53,MOVING,74.755,4.000,24.500,"GoalBlock{x=80,y=4,z=24}",21,14,MovementTraverse,132,70,70,,
4726,0,Husk,T3/53,MOVING,75.035,4.000,24.500,"GoalBlock{x=80,y=4,z=24}",21,14,MovementTraverse,132,70,70,,
4727,0,Husk,T3/53,MOVING,75.316,4.000,24.500,"GoalBlock{x=80,y=4,z=24}",21,15,MovementTraverse,132,70,70,,
4728,0,Husk,T3/53,MOVING,75.596,4.000,24.500,"GoalBlock{x=80,y=4,z=24}",21,15,MovementTraverse,132,70,70,,
4729,0,Husk,T3/53,MOVING,75.877,4.000,24.500,"GoalBlock{x=80,y=4,z=24}",21,15,MovementTraverse,132,70,70,,
4730,0,Husk,T3/53,MOVING,76.158,4.000,24.500,"GoalBlock{x=80,y=4,z=24}",21,15,MovementTraverse,132,70,70,,
4731,0,Husk,T3/53,MOVING,76.438,4.000,24.500,"GoalBlock{x=80,y=4,z=24}",21,16,MovementTraverse,132,70,70,,
4732,0,Husk,T3/53,MOVING,76.719,4.000,24.500,"GoalBlock{x=80,y=4,z=24}",21,16,MovementTraverse,132,70,70,,
4733,0,Husk,T3/53,MOVING,77.000,4.000,24.500,"GoalBlock{x=80,y=4,z=24}",21,16,MovementTraverse,132,70,70,,
4734,0,Husk,T3/53,MOVING,77.280,4.000,24.500,"GoalBlock{x=80,y=4,z=24}",21,16,MovementTraverse,132,70,70,,
4735,0,Husk,T3/53,MOVING,77.561,4.000,24.500,"GoalBlock{x=80,y=4,z=24}",21,17,MovementTraverse,132,70,70,,
4736,0,Husk,T3/53,MOVING,77.841,4.000,24.500,"GoalBlock{x=80,y=4,z=24}",21,17,MovementTraverse,132,70,70,,
4737,0,Husk,T3/53,MOVING,78.122,4.000,24.500,"GoalBlock{x=80,y=4,z=24}",21,17,MovementTraverse,132,70,70,,
4738,0,Husk,T3/53,MOVING,78.403,4.000,24.500,"GoalBlock{x=80,y=4,z=24}",21,18,MovementTraverse,132,70,70,,
4739,0,Husk,T3/53,MOVING,78.683,4.000,24.500,"GoalBlock{x=80,y=4,z=24}",21,18,MovementTraverse,132,70,70,,
4740,0,Husk,T3/53,MOVING,78.964,4.000,24.500,"GoalBlock{x=80,y=4,z=24}",21,18,MovementTraverse,132,70,70,,
4741,0,Husk,T3/53,MOVING,79.244,4.000,24.500,"GoalBlock{x=80,y=4,z=24}",21,18,MovementTraverse,132,70,70,,
4742,0,Husk,T3/53,MOVING,79.525,4.000,24.500,"GoalBlock{x=80,y=4,z=24}",21,19,MovementTraverse,132,70,70,,
4743,0,Husk,T3/53,MOVING,79.806,4.000,24.500,"GoalBlock{x=80,y=4,z=24}",21,19,MovementTraverse,132,70,70,,
4744,0,Husk,T3/53,MOVING,80.086,4.000,24.500,"GoalBlock{x=80,y=4,z=24}",21,19,MovementTraverse,132,70,70,,
4745,0,Husk,T3/53,ARRIVED,80.240,4.000,24.500,,-1,-1,,132,70,70,,CANCELED
4746,0,Husk,T3/54,ARRIVED,60.500,4.000,36.500,,-1,-1,,132,70,70,,CANCELED|CANCELED
4747,0,Husk,T3/54,ARRIVED,60.500,4.000,36.500,,-1,-1,,132,70,70,,
4748,0,Husk,T3/54,ARRIVED,60.500,4.000,36.500,,-1,-1,,132,70,70,,
4749,0,Husk,T3/54,ARRIVED,60.500,4.000,36.500,,-1,-1,,132,70,70,,
4750,0,Husk,T3/54,ARRIVED,60.500,4.000,36.500,,-1,-1,,132,70,70,,
4751,0,Husk,T3/54,ARRIVED,60.500,4.000,36.500,,-1,-1,,132,70,70,,
4752,0,Husk,T3/54,ARRIVED,60.500,4.000,36.500,,-1,-1,,132,70,70,,
4753,0,Husk,T3/54,ARRIVED,60.500,4.000,36.500,,-1,-1,,132,70,70,,
4754,0,Husk,T3/54,ARRIVED,60.500,4.000,36.500,,-1,-1,,132,70,70,,
4755,0,Husk,T3/54,ARRIVED,60.500,4.000,36.500,,-1,-1,,132,70,70,,
4756,0,Husk,T3/54,SEARCHING,60.500,4.000,36.500,"GoalBlock{x=75,y=9,z=36}",-1,-1,,132,71,71,,CALC_STARTED
4757,0,Husk,T3/54,MOVING,60.627,4.000,36.500,"GoalBlock{x=75,y=9,z=36}",20,0,MovementTraverse,557,71,71,,CALC_FINISHED_NOW_EXECUTING
4758,0,Husk,T3/54,MOVING,60.824,4.000,36.500,"GoalBlock{x=75,y=9,z=36}",20,0,MovementTraverse,557,71,71,,
4759,0,Husk,T3/54,MOVING,61.059,4.000,36.500,"GoalBlock{x=75,y=9,z=36}",20,0,MovementTraverse,557,71,71,,
4760,0,Husk,T3/54,MOVING,61.315,4.000,36.500,"GoalBlock{x=75,y=9,z=36}",20,1,MovementTraverse,557,71,71,,
4761,0,Husk,T3/54,MOVING,61.582,4.000,36.500,"GoalBlock{x=75,y=9,z=36}",20,1,MovementTraverse,557,71,71,,
4762,0,Husk,T3/54,MOVING,61.855,4.000,36.500,"GoalBlock{x=75,y=9,z=36}",20,1,MovementTraverse,557,71,71,,
4763,0,Husk,T3/54,MOVING,62.132,4.000,36.500,"GoalBlock{x=75,y=9,z=36}",20,1,MovementTraverse,557,71,71,,
4764,0,Husk,T3/54,MOVING,62.410,4.000,36.500,"GoalBlock{x=75,y=9,z=36}",20,2,MovementTraverse,557,71,71,,
4765,0,Husk,T3/54,MOVING,62.690,4.000,36.500,"GoalBlock{x=75,y=9,z=36}",20,2,MovementTraverse,557,71,71,,
4766,0,Husk,T3/54,MOVING,62.969,4.000,36.500,"GoalBlock{x=75,y=9,z=36}",20,2,MovementTraverse,557,71,71,,
4767,0,Husk,T3/54,MOVING,63.250,4.000,36.500,"GoalBlock{x=75,y=9,z=36}",20,2,MovementTraverse,557,71,71,,
4768,0,Husk,T3/54,MOVING,63.530,4.000,36.500,"GoalBlock{x=75,y=9,z=36}",20,3,MovementTraverse,557,71,71,,
4769,0,Husk,T3/54,MOVING,63.811,4.000,36.500,"GoalBlock{x=75,y=9,z=36}",20,3,MovementTraverse,557,71,71,,
4770,0,Husk,T3/54,MOVING,64.091,4.000,36.500,"GoalBlock{x=75,y=9,z=36}",20,3,MovementTraverse,557,71,71,,
4771,0,Husk,T3/54,MOVING,64.372,4.000,36.500,"GoalBlock{x=75,y=9,z=36}",20,4,MovementTraverse,557,71,71,,
4772,0,Husk,T3/54,MOVING,64.652,4.000,36.500,"GoalBlock{x=75,y=9,z=36}",20,4,MovementTraverse,557,71,71,,
4773,0,Husk,T3/54,MOVING,64.933,4.000,36.500,"GoalBlock{x=75,y=9,z=36}",20,4,MovementTraverse,557,71,71,,
4774,0,Husk,T3/54,MOVING,65.214,4.000,36.500,"GoalBlock{x=75,y=9,z=36}",20,4,MovementTraverse,557,71,71,,
4775,0,Husk,T3/54,MOVING,65.494,4.000,36.500,"GoalBlock{x=75,y=9,z=36}",20,5,MovementTraverse,557,71,71,,
4776,0,Husk,T3/54,MOVING,65.775,4.000,36.500,"GoalBlock{x=75,y=9,z=36}",20,5,MovementTraverse,557,71,71,,
4777,0,Husk,T3/54,MOVING,66.055,4.000,36.500,"GoalBlock{x=75,y=9,z=36}",20,5,MovementTraverse,557,71,71,,
4778,0,Husk,T3/54,MOVING,66.336,4.000,36.500,"GoalBlock{x=75,y=9,z=36}",20,6,MovementTraverse,557,71,71,,
4779,0,Husk,T3/54,MOVING,66.617,4.000,36.500,"GoalBlock{x=75,y=9,z=36}",20,6,MovementTraverse,557,71,71,,
4780,0,Husk,T3/54,MOVING,66.897,4.000,36.500,"GoalBlock{x=75,y=9,z=36}",20,6,MovementTraverse,557,71,71,,
4781,0,Husk,T3/54,MOVING,67.178,4.000,36.500,"GoalBlock{x=75,y=9,z=36}",20,6,MovementTraverse,557,71,71,,
4782,0,Husk,T3/54,MOVING,67.459,4.000,36.500,"GoalBlock{x=75,y=9,z=36}",20,7,MovementTraverse,557,71,71,,
4783,0,Husk,T3/54,MOVING,67.739,4.000,36.500,"GoalBlock{x=75,y=9,z=36}",20,7,MovementTraverse,557,71,71,,
4784,0,Husk,T3/54,MOVING,68.020,4.000,36.500,"GoalBlock{x=75,y=9,z=36}",20,7,MovementTraverse,557,71,71,,
4785,0,Husk,T3/54,MOVING,68.271,4.420,36.500,"GoalBlock{x=75,y=9,z=36}",20,8,MovementAscend,557,71,71,,
4786,0,Husk,T3/54,MOVING,68.428,4.753,36.500,"GoalBlock{x=75,y=9,z=36}",20,8,MovementAscend,557,71,71,,
4787,0,Husk,T3/54,MOVING,68.590,5.001,36.500,"GoalBlock{x=75,y=9,z=36}",20,8,MovementAscend,557,71,71,,
4788,0,Husk,T3/54,MOVING,68.757,5.166,36.500,"GoalBlock{x=75,y=9,z=36}",20,8,MovementAscend,557,71,71,,
4789,0,Husk,T3/54,MOVING,68.929,5.249,36.500,"GoalBlock{x=75,y=9,z=36}",20,8,MovementAscend,557,71,71,,
4790,0,Husk,T3/54,MOVING,69.105,5.252,36.500,"GoalBlock{x=75,y=9,z=36}",20,8,MovementAscend,557,71,71,,
4791,0,Husk,T3/54,MOVING,69.255,5.177,36.500,"GoalBlock{x=75,y=9,z=36}",20,9,MovementPillar,557,71,71,,
4792,0,Husk,T3/54,MOVING,69.397,5.027,36.500,"GoalBlock{x=75,y=9,z=36}",20,9,MovementPillar,557,71,71,,
4793,0,Husk,T3/54,MOVING,69.512,4.877,36.500,"GoalBlock{x=75,y=9,z=36}",20,9,MovementPillar,557,71,71,,
4794,0,Husk,T3/54,MOVING,69.512,4.994,36.500,"GoalBlock{x=75,y=9,z=36}",20,9,MovementPillar,557,71,71,,
4795,0,Husk,T3/54,MOVING,69.512,5.112,36.500,"GoalBlock{x=75,y=9,z=36}",20,9,MovementPillar,557,71,71,,
4796,0,Husk,T3/54,MOVING,69.512,5.230,36.500,"GoalBlock{x=75,y=9,z=36}",20,9,MovementPillar,557,71,71,,
4797,0,Husk,T3/54,MOVING,69.512,5.347,36.500,"GoalBlock{x=75,y=9,z=36}",20,9,MovementPillar,557,71,71,,
4798,0,Husk,T3/54,MOVING,69.512,5.465,36.500,"GoalBlock{x=75,y=9,z=36}",20,9,MovementPillar,557,71,71,,
4799,0,Husk,T3/54,MOVING,69.512,5.582,36.500,"GoalBlock{x=75,y=9,z=36}",20,9,MovementPillar,557,71,71,,
4800,0,Husk,T3/54,MOVING,69.512,5.700,36.500,"GoalBlock{x=75,y=9,z=36}",20,9,MovementPillar,557,71,71,,
4801,0,Husk,T3/54,MOVING,69.512,5.818,36.500,"GoalBlock{x=75,y=9,z=36}",20,9,MovementPillar,557,71,71,,
4802,0,Husk,T3/54,MOVING,69.512,5.935,36.500,"GoalBlock{x=75,y=9,z=36}",20,9,MovementPillar,557,71,71,,
4803,0,Husk,T3/54,MOVING,69.512,6.053,36.500,"GoalBlock{x=75,y=9,z=36}",20,10,MovementPillar,557,71,71,,
4804,0,Husk,T3/54,MOVING,69.512,6.170,36.500,"GoalBlock{x=75,y=9,z=36}",20,10,MovementPillar,557,71,71,,
4805,0,Husk,T3/54,MOVING,69.512,6.288,36.500,"GoalBlock{x=75,y=9,z=36}",20,10,MovementPillar,557,71,71,,
4806,0,Husk,T3/54,MOVING,69.512,6.406,36.500,"GoalBlock{x=75,y=9,z=36}",20,10,MovementPillar,557,71,71,,
4807,0,Husk,T3/54,MOVING,69.512,6.523,36.500,"GoalBlock{x=75,y=9,z=36}",20,10,MovementPillar,557,71,71,,
4808,0,Husk,T3/54,MOVING,69.512,6.641,36.500,"GoalBlock{x=75,y=9,z=36}",20,10,MovementPillar,557,71,71,,
4809,0,Husk,T3/54,MOVING,69.512,6.758,36.500,"GoalBlock{x=75,y=9,z=36}",20,10,MovementPillar,557,71,71,,
4810,0,Husk,T3/54,MOVING,69.512,6.876,36.500,"GoalBlock{x=75,y=9,z=36}",20,10,MovementPillar,557,71,71,,
4811,0,Husk,T3/54,MOVING,69.512,6.994,36.500,"GoalBlock{x=75,y=9,z=36}",20,11,MovementPillar,557,71,71,,
4812,0,Husk,T3/54,MOVING,69.512,7.111,36.500,"GoalBlock{x=75,y=9,z=36}",20,11,MovementPillar,557,71,71,,
4813,0,Husk,T3/54,MOVING,69.512,7.229,36.500,"GoalBlock{x=75,y=9,z=36}",20,11,MovementPillar,557,71,71,,
4814,0,Husk,T3/54,MOVING,69.512,7.346,36.500,"GoalBlock{x=75,y=9,z=36}",20,11,MovementPillar,557,71,71,,
4815,0,Husk,T3/54,MOVING,69.512,7.464,36.500,"GoalBlock{x=75,y=9,z=36}",20,11,MovementPillar,557,71,71,,
4816,0,Husk,T3/54,MOVING,69.512,7.582,36.500,"GoalBlock{x=75,y=9,z=36}",20,11,MovementPillar,557,71,71,,
4817,0,Husk,T3/54,MOVING,69.512,7.699,36.500,"GoalBlock{x=75,y=9,z=36}",20,11,MovementPillar,557,71,71,,
4818,0,Husk,T3/54,MOVING,69.512,7.817,36.500,"GoalBlock{x=75,y=9,z=36}",20,11,MovementPillar,557,71,71,,
4819,0,Husk,T3/54,MOVING,69.512,7.934,36.500,"GoalBlock{x=75,y=9,z=36}",20,11,MovementPillar,557,71,71,,
4820,0,Husk,T3/54,MOVING,69.512,8.052,36.500,"GoalBlock{x=75,y=9,z=36}",20,12,MovementPillar,557,71,71,,
4821,0,Husk,T3/54,MOVING,69.512,8.170,36.500,"GoalBlock{x=75,y=9,z=36}",20,12,MovementPillar,557,71,71,,
4822,0,Husk,T3/54,MOVING,69.512,8.287,36.500,"GoalBlock{x=75,y=9,z=36}",20,12,MovementPillar,557,71,71,,
4823,0,Husk,T3/54,MOVING,69.512,8.405,36.500,"GoalBlock{x=75,y=9,z=36}",20,12,MovementPillar,557,71,71,,
4824,0,Husk,T3/54,MOVING,69.512,8.522,36.500,"GoalBlock{x=75,y=9,z=36}",20,12,MovementPillar,557,71,71,,
4825,0,Husk,T3/54,MOVING,69.512,8.640,36.500,"GoalBlock{x=75,y=9,z=36}",20,12,MovementPillar,557,71,71,,
4826,0,Husk,T3/54,MOVING,69.512,8.758,36.500,"GoalBlock{x=75,y=9,z=36}",20,12,MovementPillar,557,71,71,,
4827,0,Husk,T3/54,MOVING,69.512,8.875,36.500,"GoalBlock{x=75,y=9,z=36}",20,12,MovementPillar,557,71,71,,
4828,0,Husk,T3/54,MOVING,69.512,8.993,36.500,"GoalBlock{x=75,y=9,z=36}",20,13,MovementTraverse,557,71,71,,
4829,0,Husk,T3/54,MOVING,69.538,9.110,36.500,"GoalBlock{x=75,y=9,z=36}",20,13,MovementTraverse,557,71,71,,
4830,0,Husk,T3/54,MOVING,69.587,9.147,36.500,"GoalBlock{x=75,y=9,z=36}",20,13,MovementTraverse,557,71,71,,
4831,0,Husk,T3/54,MOVING,69.656,9.105,36.500,"GoalBlock{x=75,y=9,z=36}",20,13,MovementTraverse,557,71,71,,
4832,0,Husk,T3/54,MOVING,69.745,9.000,36.500,"GoalBlock{x=75,y=9,z=36}",20,13,MovementTraverse,557,71,71,,
4833,0,Husk,T3/54,MOVING,69.954,9.000,36.500,"GoalBlock{x=75,y=9,z=36}",20,13,MovementTraverse,557,71,71,,
4834,0,Husk,T3/54,MOVING,70.195,9.000,36.500,"GoalBlock{x=75,y=9,z=36}",20,13,MovementTraverse,557,71,71,,
4835,0,Husk,T3/54,MOVING,70.454,9.000,36.500,"GoalBlock{x=75,y=9,z=36}",20,14,MovementTraverse,557,71,71,,
4836,0,Husk,T3/54,MOVING,70.723,9.000,36.500,"GoalBlock{x=75,y=9,z=36}",20,14,MovementTraverse,557,71,71,,
4837,0,Husk,T3/54,MOVING,70.997,9.000,36.500,"GoalBlock{x=75,y=9,z=36}",20,14,MovementTraverse,557,71,71,,
4838,0,Husk,T3/54,MOVING,71.274,9.000,36.500,"GoalBlock{x=75,y=9,z=36}",20,14,MovementTraverse,557,71,71,,
4839,0,Husk,T3/54,MOVING,71.553,9.000,36.500,"GoalBlock{x=75,y=9,z=36}",20,15,MovementTraverse,557,71,71,,
4840,0,Husk,T3/54,MOVING,71.832,9.000,36.500,"GoalBlock{x=75,y=9,z=36}",20,15,MovementTraverse,557,71,71,,
4841,0,Husk,T3/54,MOVING,72.112,9.000,36.500,"GoalBlock{x=75,y=9,z=36}",20,15,MovementTraverse,557,71,71,,
4842,0,Husk,T3/54,MOVING,72.393,9.000,36.500,"GoalBlock{x=75,y=9,z=36}",20,16,MovementTraverse,557,71,71,,
4843,0,Husk,T3/54,MOVING,72.673,9.000,36.500,"GoalBlock{x=75,y=9,z=36}",20,16,MovementTraverse,557,71,71,,
4844,0,Husk,T3/54,MOVING,72.954,9.000,36.500,"GoalBlock{x=75,y=9,z=36}",20,16,MovementTraverse,557,71,71,,
4845,0,Husk,T3/54,MOVING,73.234,9.000,36.500,"GoalBlock{x=75,y=9,z=36}",20,16,MovementTraverse,557,71,71,,
4846,0,Husk,T3/54,MOVING,73.515,9.000,36.500,"GoalBlock{x=75,y=9,z=36}",20,17,MovementTraverse,557,71,71,,
4847,0,Husk,T3/54,MOVING,73.795,9.000,36.500,"GoalBlock{x=75,y=9,z=36}",20,17,MovementTraverse,557,71,71,,
4848,0,Husk,T3/54,MOVING,74.076,9.000,36.500,"GoalBlock{x=75,y=9,z=36}",20,17,MovementTraverse,557,71,71,,
4849,0,Husk,T3/54,MOVING,74.357,9.000,36.500,"GoalBlock{x=75,y=9,z=36}",20,18,MovementTraverse,557,71,71,,
4850,0,Husk,T3/54,MOVING,74.637,9.000,36.500,"GoalBlock{x=75,y=9,z=36}",20,18,MovementTraverse,557,71,71,,
4851,0,Husk,T3/54,MOVING,74.918,9.000,36.500,"GoalBlock{x=75,y=9,z=36}",20,18,MovementTraverse,557,71,71,,
4852,0,Husk,T3/54,MOVING,75.199,9.000,36.500,"GoalBlock{x=75,y=9,z=36}",20,18,MovementTraverse,557,71,71,,
4853,0,Husk,T3/54,ARRIVED,75.352,9.000,36.500,,-1,-1,,557,71,71,,CANCELED
4854,0,Husk,T3/55,ARRIVED,60.500,9.000,48.500,,-1,-1,,557,71,71,,CANCELED|CANCELED
4855,0,Husk,T3/55,ARRIVED,60.500,9.000,48.500,,-1,-1,,557,71,71,,
4856,0,Husk,T3/55,ARRIVED,60.500,9.000,48.500,,-1,-1,,557,71,71,,
4857,0,Husk,T3/55,ARRIVED,60.500,9.000,48.500,,-1,-1,,557,71,71,,
4858,0,Husk,T3/55,ARRIVED,60.500,9.000,48.500,,-1,-1,,557,71,71,,
4859,0,Husk,T3/55,ARRIVED,60.500,9.000,48.500,,-1,-1,,557,71,71,,
4860,0,Husk,T3/55,ARRIVED,60.500,9.000,48.500,,-1,-1,,557,71,71,,
4861,0,Husk,T3/55,ARRIVED,60.500,9.000,48.500,,-1,-1,,557,71,71,,
4862,0,Husk,T3/55,ARRIVED,60.500,9.000,48.500,,-1,-1,,557,71,71,,
4863,0,Husk,T3/55,ARRIVED,60.500,9.000,48.500,,-1,-1,,557,71,71,,
4864,0,Husk,T3/55,SEARCHING,60.500,9.000,48.500,"GoalBlock{x=80,y=4,z=48}",-1,-1,,557,72,72,,CALC_STARTED
4865,0,Husk,T3/55,MOVING,60.627,9.000,48.500,"GoalBlock{x=80,y=4,z=48}",26,0,MovementTraverse,253,72,72,,CALC_FINISHED_NOW_EXECUTING
4866,0,Husk,T3/55,MOVING,60.824,9.000,48.500,"GoalBlock{x=80,y=4,z=48}",26,0,MovementTraverse,253,72,72,,
4867,0,Husk,T3/55,MOVING,61.059,9.000,48.500,"GoalBlock{x=80,y=4,z=48}",26,0,MovementTraverse,253,72,72,,
4868,0,Husk,T3/55,MOVING,61.315,9.000,48.500,"GoalBlock{x=80,y=4,z=48}",26,1,MovementTraverse,253,72,72,,
4869,0,Husk,T3/55,MOVING,61.582,9.000,48.500,"GoalBlock{x=80,y=4,z=48}",26,1,MovementTraverse,253,72,72,,
4870,0,Husk,T3/55,MOVING,61.855,9.000,48.500,"GoalBlock{x=80,y=4,z=48}",26,1,MovementTraverse,253,72,72,,
4871,0,Husk,T3/55,MOVING,62.132,9.000,48.500,"GoalBlock{x=80,y=4,z=48}",26,1,MovementTraverse,253,72,72,,
4872,0,Husk,T3/55,MOVING,62.410,9.000,48.500,"GoalBlock{x=80,y=4,z=48}",26,2,MovementTraverse,253,72,72,,
4873,0,Husk,T3/55,MOVING,62.690,9.000,48.500,"GoalBlock{x=80,y=4,z=48}",26,2,MovementTraverse,253,72,72,,
4874,0,Husk,T3/55,MOVING,62.969,9.000,48.500,"GoalBlock{x=80,y=4,z=48}",26,2,MovementTraverse,253,72,72,,
4875,0,Husk,T3/55,MOVING,63.250,9.000,48.500,"GoalBlock{x=80,y=4,z=48}",26,2,MovementTraverse,253,72,72,,
4876,0,Husk,T3/55,MOVING,63.530,9.000,48.500,"GoalBlock{x=80,y=4,z=48}",26,3,MovementTraverse,253,72,72,,
4877,0,Husk,T3/55,MOVING,63.811,9.000,48.500,"GoalBlock{x=80,y=4,z=48}",26,3,MovementTraverse,253,72,72,,
4878,0,Husk,T3/55,MOVING,64.091,9.000,48.500,"GoalBlock{x=80,y=4,z=48}",26,3,MovementTraverse,253,72,72,,
4879,0,Husk,T3/55,MOVING,64.372,9.000,48.500,"GoalBlock{x=80,y=4,z=48}",26,4,MovementTraverse,253,72,72,,
4880,0,Husk,T3/55,MOVING,64.652,9.000,48.500,"GoalBlock{x=80,y=4,z=48}",26,4,MovementTraverse,253,72,72,,
4881,0,Husk,T3/55,MOVING,64.933,9.000,48.500,"GoalBlock{x=80,y=4,z=48}",26,4,MovementTraverse,253,72,72,,
4882,0,Husk,T3/55,MOVING,65.214,9.000,48.500,"GoalBlock{x=80,y=4,z=48}",26,4,MovementTraverse,253,72,72,,
4883,0,Husk,T3/55,MOVING,65.494,9.000,48.500,"GoalBlock{x=80,y=4,z=48}",26,5,MovementTraverse,253,72,72,,
4884,0,Husk,T3/55,MOVING,65.775,9.000,48.500,"GoalBlock{x=80,y=4,z=48}",26,5,MovementTraverse,253,72,72,,
4885,0,Husk,T3/55,MOVING,66.055,9.000,48.500,"GoalBlock{x=80,y=4,z=48}",26,5,MovementTraverse,253,72,72,,
4886,0,Husk,T3/55,MOVING,66.336,9.000,48.500,"GoalBlock{x=80,y=4,z=48}",26,6,MovementTraverse,253,72,72,,
4887,0,Husk,T3/55,MOVING,66.617,9.000,48.500,"GoalBlock{x=80,y=4,z=48}",26,6,MovementTraverse,253,72,72,,
4888,0,Husk,T3/55,MOVING,66.897,9.000,48.500,"GoalBlock{x=80,y=4,z=48}",26,6,MovementTraverse,253,72,72,,
4889,0,Husk,T3/55,MOVING,67.178,9.000,48.500,"GoalBlock{x=80,y=4,z=48}",26,6,MovementTraverse,253,72,72,,
4890,0,Husk,T3/55,MOVING,67.459,9.000,48.500,"GoalBlock{x=80,y=4,z=48}",26,7,MovementTraverse,253,72,72,,
4891,0,Husk,T3/55,MOVING,67.739,9.000,48.500,"GoalBlock{x=80,y=4,z=48}",26,7,MovementTraverse,253,72,72,,
4892,0,Husk,T3/55,MOVING,68.020,9.000,48.500,"GoalBlock{x=80,y=4,z=48}",26,7,MovementTraverse,253,72,72,,
4893,0,Husk,T3/55,MOVING,68.300,9.000,48.500,"GoalBlock{x=80,y=4,z=48}",26,8,MovementTraverse,253,72,72,,
4894,0,Husk,T3/55,MOVING,68.581,9.000,48.500,"GoalBlock{x=80,y=4,z=48}",26,8,MovementTraverse,253,72,72,,
4895,0,Husk,T3/55,MOVING,68.862,9.000,48.500,"GoalBlock{x=80,y=4,z=48}",26,8,MovementTraverse,253,72,72,,
4896,0,Husk,T3/55,MOVING,69.142,9.000,48.500,"GoalBlock{x=80,y=4,z=48}",26,8,MovementTraverse,253,72,72,,
4897,0,Husk,T3/55,MOVING,69.393,9.000,48.500,"GoalBlock{x=80,y=4,z=48}",26,9,MovementDownward,253,72,72,,
4898,0,Husk,T3/55,MOVING,69.531,9.000,48.500,"GoalBlock{x=80,y=4,z=48}",26,9,MovementDownward,253,72,72,,
4899,0,Husk,T3/55,MOVING,69.606,8.922,48.500,"GoalBlock{x=80,y=4,z=48}",26,9,MovementDownward,253,72,72,,
4900,0,Husk,T3/55,MOVING,69.646,8.772,48.500,"GoalBlock{x=80,y=4,z=48}",26,9,MovementDownward,253,72,72,,
4901,0,Husk,T3/55,MOVING,69.684,8.622,48.500,"GoalBlock{x=80,y=4,z=48}",26,10,MovementDownward,253,72,72,,
4902,0,Husk,T3/55,MOVING,69.717,8.472,48.500,"GoalBlock{x=80,y=4,z=48}",26,10,MovementDownward,253,72,72,,
4903,0,Husk,T3/55,MOVING,69.765,8.322,48.490,"GoalBlock{x=80,y=4,z=48}",26,10,MovementDownward,253,72,72,,
4904,0,Husk,T3/55,MOVING,69.819,8.172,48.464,"GoalBlock{x=80,y=4,z=48}",26,10,MovementDownward,253,72,72,,
4905,0,Husk,T3/55,MOVING,69.867,8.022,48.421,"GoalBlock{x=80,y=4,z=48}",26,10,MovementDownward,253,72,72,,
4906,0,Husk,T3/55,MOVING,69.901,7.872,48.365,"GoalBlock{x=80,y=4,z=48}",26,10,MovementDownward,253,72,72,,
4907,0,Husk,T3/55,MOVING,69.916,7.722,48.304,"GoalBlock{x=80,y=4,z=48}",26,11,MovementDownward,253,72,72,,
4908,0,Husk,T3/55,MOVING,69.909,7.572,48.248,"GoalBlock{x=80,y=4,z=48}",26,11,MovementDownward,253,72,72,,
4909,0,Husk,T3/55,MOVING,69.886,7.422,48.208,"GoalBlock{x=80,y=4,z=48}",26,11,MovementDownward,253,72,72,,
4910,0,Husk,T3/55,MOVING,69.849,7.272,48.182,"GoalBlock{x=80,y=4,z=48}",26,11,MovementDownward,253,72,72,,
4911,0,Husk,T3/55,MOVING,69.802,7.122,48.173,"GoalBlock{x=80,y=4,z=48}",26,11,MovementDownward,253,72,72,,
4912,0,Husk,T3/55,MOVING,69.745,6.972,48.178,"GoalBlock{x=80,y=4,z=48}",26,11,MovementDownward,253,72,72,,
4913,0,Husk,T3/55,MOVING,69.681,6.822,48.199,"GoalBlock{x=80,y=4,z=48}",26,11,MovementDownward,253,72,72,,
4914,0,Husk,T3/55,MOVING,69.614,6.672,48.234,"GoalBlock{x=80,y=4,z=48}",26,12,MovementDownward,253,72,72,,
4915,0,Husk,T3/55,MOVING,69.544,6.522,48.285,"GoalBlock{x=80,y=4,z=48}",26,12,MovementDownward,253,72,72,,
4916,0,Husk,T3/55,MOVING,69.488,6.372,48.350,"GoalBlock{x=80,y=4,z=48}",26,12,MovementDownward,253,72,72,,
4917,0,Husk,T3/55,MOVING,69.488,6.489,48.409,"GoalBlock{x=80,y=4,z=48}",26,12,MovementDownward,253,72,72,,
4918,0,Husk,T3/55,MOVING,69.488,6.526,48.463,"GoalBlock{x=80,y=4,z=48}",26,12,MovementDownward,253,72,72,,
4919,0,Husk,T3/55,MOVING,69.488,6.484,48.512,"GoalBlock{x=80,y=4,z=48}",26,12,MovementDownward,253,72,72,,
4920,0,Husk,T3/55,MOVING,69.488,6.364,48.557,"GoalBlock{x=80,y=4,z=48}",26,12,MovementDownward,253,72,72,,
4921,0,Husk,T3/55,MOVING,69.488,6.214,48.597,"GoalBlock{x=80,y=4,z=48}",26,12,MovementDownward,253,72,72,,
4922,0,Husk,T3/55,MOVING,69.488,6.064,48.634,"GoalBlock{x=80,y=4,z=48}",26,12,MovementDownward,253,72,72,,
4923,0,Husk,T3/55,MOVING,69.488,5.914,48.668,"GoalBlock{x=80,y=4,z=48}",26,12,MovementDownward,253,72,72,,
4924,0,Husk,T3/55,MOVING,69.488,5.764,48.713,"GoalBlock{x=80,y=4,z=48}",26,12,MovementDownward,253,72,72,,
4925,0,Husk,T3/55,MOVING,69.488,5.882,48.760,"GoalBlock{x=80,y=4,z=48}",26,13,MovementDownward,253,72,72,,
4926,0,Husk,T3/55,MOVING,69.488,5.999,48.799,"GoalBlock{x=80,y=4,z=48}",26,12,MovementDownward,253,72,72,,
4927,0,Husk,T3/55,MOVING,69.488,6.117,48.822,"GoalBlock{x=80,y=4,z=48}",26,12,MovementDownward,253,72,72,,
4928,0,Husk,T3/55,MOVING,69.488,6.234,48.824,"GoalBlock{x=80,y=4,z=48}",26,12,MovementDownward,253,72,72,,
4929,0,Husk,T3/55,MOVING,69.488,6.352,48.805,"GoalBlock{x=80,y=4,z=48}",26,12,MovementDownward,253,72,72,,
4930,0,Husk,T3/55,MOVING,69.489,6.389,48.767,"GoalBlock{x=80,y=4,z=48}",26,12,MovementDownward,253,72,72,,
4931,0,Husk,T3/55,MOVING,69.490,6.346,48.714,"GoalBlock{x=80,y=4,z=48}",26,12,MovementDownward,253,72,72,,
4932,0,Husk,T3/55,MOVING,69.491,6.227,48.645,"GoalBlock{x=80,y=4,z=48}",26,12,MovementDownward,253,72,72,,
4933,0,Husk,T3/55,MOVING,69.491,6.077,48.583,"GoalBlock{x=80,y=4,z=48}",26,12,MovementDownward,253,72,72,,
4934,0,Husk,T3/55,MOVING,69.491,5.927,48.526,"GoalBlock{x=80,y=4,z=48}",26,12,MovementDownward,253,72,72,,
4935,0,Husk,T3/55,MOVING,69.491,5.777,48.475,"GoalBlock{x=80,y=4,z=48}",26,12,MovementDownward,253,72,72,,
4936,0,Husk,T3/55,MOVING,69.491,5.627,48.428,"GoalBlock{x=80,y=4,z=48}",26,13,MovementDownward,253,72,72,,
4937,0,Husk,T3/55,MOVING,69.491,5.477,48.385,"GoalBlock{x=80,y=4,z=48}",26,13,MovementDownward,253,72,72,,
4938,0,Husk,T3/55,MOVING,69.491,5.327,48.346,"GoalBlock{x=80,y=4,z=48}",26,13,MovementDownward,253,72,72,,
4939,0,Husk,T3/55,MOVING,69.491,5.177,48.311,"GoalBlock{x=80,y=4,z=48}",26,13,MovementDownward,253,72,72,,
4940,0,Husk,T3/55,MOVING,69.491,5.027,48.279,"GoalBlock{x=80,y=4,z=48}",26,13,MovementDownward,253,72,72,,
4941,0,Husk,T3/55,MOVING,69.501,4.877,48.233,"GoalBlock{x=80,y=4,z=48}",26,13,MovementDownward,253,72,72,,
4942,0,Husk,T3/55,MOVING,69.528,4.727,48.183,"GoalBlock{x=80,y=4,z=48}",26,13,MovementDownward,253,72,72,,
4943,0,Husk,T3/55,MOVING,69.553,4.577,48.137,"GoalBlock{x=80,y=4,z=48}",26,14,MovementTraverse,253,72,72,,
4944,0,Husk,T3/55,MOVING,69.575,4.427,48.095,"GoalBlock{x=80,y=4,z=48}",26,14,MovementTraverse,253,72,72,,
4945,0,Husk,T3/55,MOVING,69.596,4.277,48.056,"GoalBlock{x=80,y=4,z=48}",26,14,MovementTraverse,253,72,72,,
4946,0,Husk,T3/55,MOVING,69.614,4.127,48.022,"GoalBlock{x=80,y=4,z=48}",26,14,MovementTraverse,253,72,72,,
4947,0,Husk,T3/55,MOVING,69.631,4.000,47.990,"GoalBlock{x=80,y=4,z=48}",26,14,MovementTraverse,253,72,72,,
4948,0,Husk,T3/55,MOVING,69.757,4.000,48.026,"GoalBlock{x=80,y=4,z=48}",26,14,MovementTraverse,253,72,72,,
4949,0,Husk,T3/55,MOVING,69.907,4.000,48.114,"GoalBlock{x=80,y=4,z=48}",26,14,MovementTraverse,253,72,72,,
4950,0,Husk,T3/55,MOVING,70.057,4.000,48.231,"GoalBlock{x=80,y=4,z=48}",26,14,MovementTraverse,253,72,72,,
4951,0,Husk,T3/55,MOVING,70.264,4.000,48.319,"GoalBlock{x=80,y=4,z=48}",26,15,MovementTraverse,253,72,72,,
4952,0,Husk,T3/55,MOVING,70.503,4.000,48.385,"GoalBlock{x=80,y=4,z=48}",26,15,MovementTraverse,253,72,72,,
4953,0,Husk,T3/55,MOVING,70.760,4.000,48.436,"GoalBlock{x=80,y=4,z=48}",26,15,MovementTraverse,253,72,72,,
4954,0,Husk,T3/55,MOVING,71.027,4.000,48.475,"GoalBlock{x=80,y=4,z=48}",26,15,MovementTraverse,253,72,72,,
4955,0,Husk,T3/55,MOVING,71.301,4.000,48.498,"GoalBlock{x=80,y=4,z=48}",26,16,MovementTraverse,253,72,72,,
4956,0,Husk,T3/55,MOVING,71.577,4.000,48.511,"GoalBlock{x=80,y=4,z=48}",26,16,MovementTraverse,253,72,72,,
4957,0,Husk,T3/55,MOVING,71.856,4.000,48.516,"GoalBlock{x=80,y=4,z=48}",26,16,MovementTraverse,253,72,72,,
4958,0,Husk,T3/55,MOVING,72.135,4.000,48.516,"GoalBlock{x=80,y=4,z=48}",26,16,MovementTraverse,253,72,72,,
4959,0,Husk,T3/55,MOVING,72.415,4.000,48.515,"GoalBlock{x=80,y=4,z=48}",26,17,MovementTraverse,253,72,72,,
4960,0,Husk,T3/55,MOVING,72.695,4.000,48.513,"GoalBlock{x=80,y=4,z=48}",26,17,MovementTraverse,253,72,72,,
4961,0,Husk,T3/55,MOVING,72.976,4.000,48.511,"GoalBlock{x=80,y=4,z=48}",26,17,MovementTraverse,253,72,72,,
4962,0,Husk,T3/55,MOVING,73.256,4.000,48.508,"GoalBlock{x=80,y=4,z=48}",26,17,MovementTraverse,253,72,72,,
4963,0,Husk,T3/55,MOVING,73.537,4.000,48.507,"GoalBlock{x=80,y=4,z=48}",26,18,MovementTraverse,253,72,72,,
4964,0,Husk,T3/55,MOVING,73.817,4.000,48.506,"GoalBlock{x=80,y=4,z=48}",26,18,MovementTraverse,253,72,72,,
4965,0,Husk,T3/55,MOVING,74.098,4.000,48.505,"GoalBlock{x=80,y=4,z=48}",26,18,MovementTraverse,253,72,72,,
4966,0,Husk,T3/55,MOVING,74.378,4.000,48.505,"GoalBlock{x=80,y=4,z=48}",26,19,MovementTraverse,253,72,72,,
4967,0,Husk,T3/55,MOVING,74.659,4.000,48.504,"GoalBlock{x=80,y=4,z=48}",26,19,MovementTraverse,253,72,72,,
4968,0,Husk,T3/55,MOVING,74.940,4.000,48.504,"GoalBlock{x=80,y=4,z=48}",26,19,MovementTraverse,253,72,72,,
4969,0,Husk,T3/55,MOVING,75.220,4.000,48.503,"GoalBlock{x=80,y=4,z=48}",26,19,MovementTraverse,253,72,72,,
4970,0,Husk,T3/55,MOVING,75.501,4.000,48.503,"GoalBlock{x=80,y=4,z=48}",26,20,MovementTraverse,253,72,72,,
4971,0,Husk,T3/55,MOVING,75.781,4.000,48.502,"GoalBlock{x=80,y=4,z=48}",26,20,MovementTraverse,253,72,72,,
4972,0,Husk,T3/55,MOVING,76.062,4.000,48.502,"GoalBlock{x=80,y=4,z=48}",26,20,MovementTraverse,253,72,72,,
4973,0,Husk,T3/55,MOVING,76.343,4.000,48.502,"GoalBlock{x=80,y=4,z=48}",26,21,MovementTraverse,253,72,72,,
4974,0,Husk,T3/55,MOVING,76.623,4.000,48.502,"GoalBlock{x=80,y=4,z=48}",26,21,MovementTraverse,253,72,72,,
4975,0,Husk,T3/55,MOVING,76.904,4.000,48.501,"GoalBlock{x=80,y=4,z=48}",26,21,MovementTraverse,253,72,72,,
4976,0,Husk,T3/55,MOVING,77.185,4.000,48.501,"GoalBlock{x=80,y=4,z=48}",26,21,MovementTraverse,253,72,72,,
4977,0,Husk,T3/55,MOVING,77.465,4.000,48.501,"GoalBlock{x=80,y=4,z=48}",26,22,MovementTraverse,253,72,72,,
4978,0,Husk,T3/55,MOVING,77.746,4.000,48.501,"GoalBlock{x=80,y=4,z=48}",26,22,MovementTraverse,253,72,72,,
4979,0,Husk,T3/55,MOVING,78.026,4.000,48.501,"GoalBlock{x=80,y=4,z=48}",26,22,MovementTraverse,253,72,72,,
4980,0,Husk,T3/55,MOVING,78.307,4.000,48.501,"GoalBlock{x=80,y=4,z=48}",26,23,MovementTraverse,253,72,72,,
4981,0,Husk,T3/55,MOVING,78.588,4.000,48.501,"GoalBlock{x=80,y=4,z=48}",26,23,MovementTraverse,253,72,72,,
4982,0,Husk,T3/55,MOVING,78.868,4.000,48.501,"GoalBlock{x=80,y=4,z=48}",26,23,MovementTraverse,253,72,72,,
4983,0,Husk,T3/55,MOVING,79.149,4.000,48.500,"GoalBlock{x=80,y=4,z=48}",26,23,MovementTraverse,253,72,72,,
4984,0,Husk,T3/55,MOVING,79.429,4.000,48.500,"GoalBlock{x=80,y=4,z=48}",26,24,MovementTraverse,253,72,72,,
4985,0,Husk,T3/55,MOVING,79.710,4.000,48.500,"GoalBlock{x=80,y=4,z=48}",26,24,MovementTraverse,253,72,72,,
4986,0,Husk,T3/55,MOVING,79.991,4.000,48.500,"GoalBlock{x=80,y=4,z=48}",26,24,MovementTraverse,253,72,72,,
4987,0,Husk,T3/55,MOVING,80.271,4.000,48.500,"GoalBlock{x=80,y=4,z=48}",26,24,MovementTraverse,253,72,72,,
4988,0,Husk,T3/55,ARRIVED,80.425,4.000,48.500,,-1,-1,,253,72,72,,CANCELED
4989,0,Husk,T3/56,ARRIVED,60.500,4.000,60.500,,-1,-1,,253,72,72,,CANCELED|CANCELED
4990,0,Husk,T3/56,ARRIVED,60.500,4.000,60.500,,-1,-1,,253,72,72,,
4991,0,Husk,T3/56,ARRIVED,60.500,4.000,60.500,,-1,-1,,253,72,72,,
4992,0,Husk,T3/56,ARRIVED,60.500,4.000,60.500,,-1,-1,,253,72,72,,
4993,0,Husk,T3/56,ARRIVED,60.500,4.000,60.500,,-1,-1,,253,72,72,,
4994,0,Husk,T3/56,ARRIVED,60.500,4.000,60.500,,-1,-1,,253,72,72,,
4995,0,Husk,T3/56,ARRIVED,60.500,4.000,60.500,,-1,-1,,253,72,72,,
4996,0,Husk,T3/56,ARRIVED,60.500,4.000,60.500,,-1,-1,,253,72,72,,
4997,0,Husk,T3/56,ARRIVED,60.500,4.000,60.500,,-1,-1,,253,72,72,,
4998,0,Husk,T3/56,ARRIVED,60.500,4.000,60.500,,-1,-1,,253,72,72,,
4999,0,Husk,T3/56,SEARCHING,60.500,4.000,60.500,"GoalBlock{x=80,y=4,z=60}",-1,-1,,253,73,73,,CALC_STARTED
5000,0,Husk,T3/56,MOVING,60.627,4.000,60.500,"GoalBlock{x=80,y=4,z=60}",21,0,MovementTraverse,419,73,73,,CALC_FINISHED_NOW_EXECUTING
5001,0,Husk,T3/56,MOVING,60.824,4.000,60.500,"GoalBlock{x=80,y=4,z=60}",21,0,MovementTraverse,419,73,73,,
5002,0,Husk,T3/56,MOVING,61.059,4.000,60.500,"GoalBlock{x=80,y=4,z=60}",21,0,MovementTraverse,419,73,73,,
5003,0,Husk,T3/56,MOVING,61.315,4.000,60.500,"GoalBlock{x=80,y=4,z=60}",21,1,MovementTraverse,419,73,73,,
5004,0,Husk,T3/56,MOVING,61.582,4.000,60.500,"GoalBlock{x=80,y=4,z=60}",21,1,MovementTraverse,419,73,73,,
5005,0,Husk,T3/56,MOVING,61.855,4.000,60.500,"GoalBlock{x=80,y=4,z=60}",21,1,MovementTraverse,419,73,73,,
5006,0,Husk,T3/56,MOVING,62.132,4.000,60.500,"GoalBlock{x=80,y=4,z=60}",21,1,MovementTraverse,419,73,73,,
5007,0,Husk,T3/56,MOVING,62.410,4.000,60.500,"GoalBlock{x=80,y=4,z=60}",21,2,MovementTraverse,419,73,73,,
5008,0,Husk,T3/56,MOVING,62.690,4.000,60.500,"GoalBlock{x=80,y=4,z=60}",21,2,MovementTraverse,419,73,73,,
5009,0,Husk,T3/56,MOVING,62.969,4.000,60.500,"GoalBlock{x=80,y=4,z=60}",21,2,MovementTraverse,419,73,73,,
5010,0,Husk,T3/56,MOVING,63.250,4.000,60.500,"GoalBlock{x=80,y=4,z=60}",21,2,MovementTraverse,419,73,73,,
5011,0,Husk,T3/56,MOVING,63.530,4.000,60.500,"GoalBlock{x=80,y=4,z=60}",21,3,MovementTraverse,419,73,73,,
5012,0,Husk,T3/56,MOVING,63.811,4.000,60.500,"GoalBlock{x=80,y=4,z=60}",21,3,MovementTraverse,419,73,73,,
5013,0,Husk,T3/56,MOVING,64.091,4.000,60.500,"GoalBlock{x=80,y=4,z=60}",21,3,MovementTraverse,419,73,73,,
5014,0,Husk,T3/56,MOVING,64.372,4.000,60.500,"GoalBlock{x=80,y=4,z=60}",21,4,MovementTraverse,419,73,73,,
5015,0,Husk,T3/56,MOVING,64.652,4.000,60.500,"GoalBlock{x=80,y=4,z=60}",21,4,MovementTraverse,419,73,73,,
5016,0,Husk,T3/56,MOVING,64.933,4.000,60.500,"GoalBlock{x=80,y=4,z=60}",21,4,MovementTraverse,419,73,73,,
5017,0,Husk,T3/56,MOVING,65.214,4.000,60.500,"GoalBlock{x=80,y=4,z=60}",21,4,MovementTraverse,419,73,73,,
5018,0,Husk,T3/56,MOVING,65.494,4.000,60.500,"GoalBlock{x=80,y=4,z=60}",21,5,MovementTraverse,419,73,73,,
5019,0,Husk,T3/56,MOVING,65.775,4.000,60.500,"GoalBlock{x=80,y=4,z=60}",21,5,MovementTraverse,419,73,73,,
5020,0,Husk,T3/56,MOVING,66.055,4.000,60.500,"GoalBlock{x=80,y=4,z=60}",21,5,MovementTraverse,419,73,73,,
5021,0,Husk,T3/56,MOVING,66.336,4.000,60.500,"GoalBlock{x=80,y=4,z=60}",21,6,MovementTraverse,419,73,73,,
5022,0,Husk,T3/56,MOVING,66.617,4.000,60.500,"GoalBlock{x=80,y=4,z=60}",21,6,MovementTraverse,419,73,73,,
5023,0,Husk,T3/56,MOVING,66.897,4.000,60.500,"GoalBlock{x=80,y=4,z=60}",21,6,MovementTraverse,419,73,73,,
5024,0,Husk,T3/56,MOVING,67.178,4.000,60.500,"GoalBlock{x=80,y=4,z=60}",21,6,MovementTraverse,419,73,73,,
5025,0,Husk,T3/56,MOVING,67.429,4.000,60.500,"GoalBlock{x=80,y=4,z=60}",21,7,MovementDescend,419,73,73,,
5026,0,Husk,T3/56,MOVING,67.664,4.000,60.500,"GoalBlock{x=80,y=4,z=60}",21,7,MovementDescend,419,73,73,,
5027,0,Husk,T3/56,MOVING,67.891,4.000,60.500,"GoalBlock{x=80,y=4,z=60}",21,7,MovementDescend,419,73,73,,
5028,0,Husk,T3/56,MOVING,68.112,4.000,60.500,"GoalBlock{x=80,y=4,z=60}",21,7,MovementDescend,419,73,73,,
5029,0,Husk,T3/56,MOVING,68.331,4.000,60.500,"GoalBlock{x=80,y=4,z=60}",21,7,MovementDescend,419,73,73,,
5030,0,Husk,T3/56,MOVING,68.536,3.922,60.451,"GoalBlock{x=80,y=4,z=60}",21,7,MovementDescend,419,73,73,,
5031,0,Husk,T3/56,MOVING,68.657,3.766,60.407,"GoalBlock{x=80,y=4,z=60}",21,7,MovementDescend,419,73,73,,
5032,0,Husk,T3/56,MOVING,68.790,3.536,60.355,"GoalBlock{x=80,y=4,z=60}",21,8,MovementTraverse,419,73,73,,
5033,0,Husk,T3/56,MOVING,68.930,3.272,60.307,"GoalBlock{x=80,y=4,z=60}",21,8,MovementTraverse,419,73,73,,
5034,0,Husk,T3/56,MOVING,69.061,3.080,60.275,"GoalBlock{x=80,y=4,z=60}",21,8,MovementTraverse,419,73,73,,
5035,0,Husk,T3/56,MOVING,69.185,3.000,60.252,"GoalBlock{x=80,y=4,z=60}",21,9,MovementTraverse,419,73,73,,
5036,0,Husk,T3/56,MOVING,69.303,3.020,60.238,"GoalBlock{x=80,y=4,z=60}",21,9,MovementTraverse,419,73,73,,
5037,0,Husk,T3/56,MOVING,69.417,3.056,60.231,"GoalBlock{x=80,y=4,z=60}",21,9,MovementTraverse,419,73,73,,
5038,0,Husk,T3/56,MOVING,69.527,3.105,60.230,"GoalBlock{x=80,y=4,z=60}",21,9,MovementTraverse,419,73,73,,
5039,0,Husk,T3/56,MOVING,69.634,3.164,60.235,"GoalBlock{x=80,y=4,z=60}",21,9,MovementTraverse,419,73,73,,
5040,0,Husk,T3/56,MOVING,69.739,3.231,60.245,"GoalBlock{x=80,y=4,z=60}",21,9,MovementTraverse,419,73,73,,
5041,0,Husk,T3/56,MOVING,69.841,3.305,60.259,"GoalBlock{x=80,y=4,z=60}",21,9,MovementTraverse,419,73,73,,
5042,0,Husk,T3/56,MOVING,69.941,3.384,60.277,"GoalBlock{x=80,y=4,z=60}",21,9,MovementTraverse,419,73,73,,
5043,0,Husk,T3/56,MOVING,70.039,3.467,60.299,"GoalBlock{x=80,y=4,z=60}",21,9,MovementTraverse,419,73,73,,
5044,0,Husk,T3/56,MOVING,70.137,3.554,60.319,"GoalBlock{x=80,y=4,z=60}",21,10,MovementTraverse,419,73,73,,
5045,0,Husk,T3/56,MOVING,70.235,3.643,60.337,"GoalBlock{x=80,y=4,z=60}",21,10,MovementTraverse,419,73,73,,
5046,0,Husk,T3/56,MOVING,70.338,3.694,60.356,"GoalBlock{x=80,y=4,z=60}",21,10,MovementTraverse,419,73,73,,
5047,0,Husk,T3/56,MOVING,70.458,3.666,60.375,"GoalBlock{x=80,y=4,z=60}",21,10,MovementTraverse,419,73,73,,
5048,0,Husk,T3/56,MOVING,70.592,3.560,60.396,"GoalBlock{x=80,y=4,z=60}",21,10,MovementTraverse,419,73,73,,
5049,0,Husk,T3/56,MOVING,70.733,3.418,60.417,"GoalBlock{x=80,y=4,z=60}",21,10,MovementTraverse,419,73,73,,
5050,0,Husk,T3/56,MOVING,70.866,3.325,60.436,"GoalBlock{x=80,y=4,z=60}",21,10,MovementTraverse,419,73,73,,
5051,0,Husk,T3/56,MOVING,70.992,3.270,60.454,"GoalBlock{x=80,y=4,z=60}",21,10,MovementTraverse,419,73,73,,
5052,0,Husk,T3/56,MOVING,71.112,3.246,60.469,"GoalBlock{x=80,y=4,z=60}",21,10,MovementTraverse,419,73,73,,
5053,0,Husk,T3/56,MOVING,71.227,3.247,60.482,"GoalBlock{x=80,y=4,z=60}",21,11,MovementTraverse,419,73,73,,
5054,0,Husk,T3/56,MOVING,71.339,3.267,60.493,"GoalBlock{x=80,y=4,z=60}",21,11,MovementTraverse,419,73,73,,
5055,0,Husk,T3/56,MOVING,71.449,3.304,60.501,"GoalBlock{x=80,y=4,z=60}",21,11,MovementTraverse,419,73,73,,
5056,0,Husk,T3/56,MOVING,71.556,3.353,60.508,"GoalBlock{x=80,y=4,z=60}",21,11,MovementTraverse,419,73,73,,
5057,0,Husk,T3/56,MOVING,71.661,3.412,60.513,"GoalBlock{x=80,y=4,z=60}",21,11,MovementTraverse,419,73,73,,
5058,0,Husk,T3/56,MOVING,71.765,3.480,60.517,"GoalBlock{x=80,y=4,z=60}",21,11,MovementTraverse,419,73,73,,
5059,0,Husk,T3/56,MOVING,71.867,3.554,60.520,"GoalBlock{x=80,y=4,z=60}",21,11,MovementTraverse,419,73,73,,
5060,0,Husk,T3/56,MOVING,71.969,3.633,60.519,"GoalBlock{x=80,y=4,z=60}",21,11,MovementTraverse,419,73,73,,
5061,0,Husk,T3/56,MOVING,72.076,3.676,60.519,"GoalBlock{x=80,y=4,z=60}",21,11,MovementTraverse,419,73,73,,
5062,0,Husk,T3/56,MOVING,72.192,3.640,60.518,"GoalBlock{x=80,y=4,z=60}",21,12,MovementAscend,419,73,73,,
5063,0,Husk,T3/56,MOVING,72.318,3.527,60.518,"GoalBlock{x=80,y=4,z=60}",21,12,MovementAscend,419,73,73,,
5064,0,Husk,T3/56,MOVING,72.452,3.377,60.518,"GoalBlock{x=80,y=4,z=60}",21,12,MovementAscend,419,73,73,,
5065,0,Husk,T3/56,MOVING,72.579,3.277,60.517,"GoalBlock{x=80,y=4,z=60}",21,12,MovementAscend,419,73,73,,
5066,0,Husk,T3/56,MOVING,72.700,3.218,60.517,"GoalBlock{x=80,y=4,z=60}",21,12,MovementAscend,419,73,73,,
5067,0,Husk,T3/56,MOVING,72.700,3.190,60.517,"GoalBlock{x=80,y=4,z=60}",21,12,MovementAscend,419,73,73,,
5068,0,Husk,T3/56,MOVING,72.700,3.187,60.516,"GoalBlock{x=80,y=4,z=60}",21,12,MovementAscend,419,73,73,,
5069,0,Husk,T3/56,MOVING,72.700,3.206,60.516,"GoalBlock{x=80,y=4,z=60}",21,12,MovementAscend,419,73,73,,
5070,0,Husk,T3/56,MOVING,72.700,3.240,60.515,"GoalBlock{x=80,y=4,z=60}",21,12,MovementAscend,419,73,73,,
5071,0,Husk,T3/56,MOVING,72.700,3.288,60.515,"GoalBlock{x=80,y=4,z=60}",21,12,MovementAscend,419,73,73,,
5072,0,Husk,T3/56,MOVING,72.700,3.346,60.515,"GoalBlock{x=80,y=4,z=60}",21,12,MovementAscend,419,73,73,,
5073,0,Husk,T3/56,MOVING,72.700,3.412,60.514,"GoalBlock{x=80,y=4,z=60}",21,12,MovementAscend,419,73,73,,
5074,0,Husk,T3/56,MOVING,72.700,3.486,60.514,"GoalBlock{x=80,y=4,z=60}",21,12,MovementAscend,419,73,73,,
5075,0,Husk,T3/56,MOVING,72.700,3.826,60.514,"GoalBlock{x=80,y=4,z=60}",21,12,MovementAscend,419,73,73,,
5076,0,Husk,T3/56,MOVING,72.720,4.126,60.513,"GoalBlock{x=80,y=4,z=60}",21,12,MovementAscend,419,73,73,,
5077,0,Husk,T3/56,MOVING,72.757,4.341,60.513,"GoalBlock{x=80,y=4,z=60}",21,12,MovementAscend,419,73,73,,
5078,0,Husk,T3/56,MOVING,72.811,4.474,60.513,"GoalBlock{x=80,y=4,z=60}",21,12,MovementAscend,419,73,73,,
5079,0,Husk,T3/56,MOVING,72.879,4.526,60.512,"GoalBlock{x=80,y=4,z=60}",21,12,MovementAscend,419,73,73,,
5080,0,Husk,T3/56,MOVING,72.961,4.498,60.512,"GoalBlock{x=80,y=4,z=60}",21,12,MovementAscend,419,73,73,,
5081,0,Husk,T3/56,MOVING,73.055,4.393,60.511,"GoalBlock{x=80,y=4,z=60}",21,12,MovementAscend,419,73,73,,
5082,0,Husk,T3/56,MOVING,73.166,4.211,60.511,"GoalBlock{x=80,y=4,z=60}",21,13,MovementTraverse,419,73,73,,
5083,0,Husk,T3/56,MOVING,73.293,4.000,60.511,"GoalBlock{x=80,y=4,z=60}",21,13,MovementTraverse,419,73,73,,
5084,0,Husk,T3/56,MOVING,73.535,4.000,60.510,"GoalBlock{x=80,y=4,z=60}",21,13,MovementTraverse,419,73,73,,
5085,0,Husk,T3/56,MOVING,73.795,4.000,60.509,"GoalBlock{x=80,y=4,z=60}",21,13,MovementTraverse,419,73,73,,
5086,0,Husk,T3/56,MOVING,74.064,4.000,60.507,"GoalBlock{x=80,y=4,z=60}",21,13,MovementTraverse,419,73,73,,
5087,0,Husk,T3/56,MOVING,74.339,4.000,60.506,"GoalBlock{x=80,y=4,z=60}",21,14,MovementTraverse,419,73,73,,
5088,0,Husk,T3/56,MOVING,74.616,4.000,60.506,"GoalBlock{x=80,y=4,z=60}",21,14,MovementTraverse,419,73,73,,
5089,0,Husk,T3/56,MOVING,74.895,4.000,60.505,"GoalBlock{x=80,y=4,z=60}",21,14,MovementTraverse,419,73,73,,
5090,0,Husk,T3/56,MOVING,75.174,4.000,60.504,"GoalBlock{x=80,y=4,z=60}",21,14,MovementTraverse,419,73,73,,
5091,0,Husk,T3/56,MOVING,75.455,4.000,60.504,"GoalBlock{x=80,y=4,z=60}",21,15,MovementTraverse,419,73,73,,
5092,0,Husk,T3/56,MOVING,75.735,4.000,60.503,"GoalBlock{x=80,y=4,z=60}",21,15,MovementTraverse,419,73,73,,
5093,0,Husk,T3/56,MOVING,76.015,4.000,60.503,"GoalBlock{x=80,y=4,z=60}",21,15,MovementTraverse,419,73,73,,
5094,0,Husk,T3/56,MOVING,76.296,4.000,60.502,"GoalBlock{x=80,y=4,z=60}",21,16,MovementTraverse,419,73,73,,
5095,0,Husk,T3/56,MOVING,76.576,4.000,60.502,"GoalBlock{x=80,y=4,z=60}",21,16,MovementTraverse,419,73,73,,
5096,0,Husk,T3/56,MOVING,76.857,4.000,60.502,"GoalBlock{x=80,y=4,z=60}",21,16,MovementTraverse,419,73,73,,
5097,0,Husk,T3/56,MOVING,77.138,4.000,60.501,"GoalBlock{x=80,y=4,z=60}",21,16,MovementTraverse,419,73,73,,
5098,0,Husk,T3/56,MOVING,77.418,4.000,60.501,"GoalBlock{x=80,y=4,z=60}",21,17,MovementTraverse,419,73,73,,
5099,0,Husk,T3/56,MOVING,77.699,4.000,60.501,"GoalBlock{x=80,y=4,z=60}",21,17,MovementTraverse,419,73,73,,
5100,0,Husk,T3/56,MOVING,77.979,4.000,60.501,"GoalBlock{x=80,y=4,z=60}",21,17,MovementTraverse,419,73,73,,
5101,0,Husk,T3/56,MOVING,78.260,4.000,60.501,"GoalBlock{x=80,y=4,z=60}",21,17,MovementTraverse,419,73,73,,
5102,0,Husk,T3/56,MOVING,78.541,4.000,60.501,"GoalBlock{x=80,y=4,z=60}",21,18,MovementTraverse,419,73,73,,
5103,0,Husk,T3/56,MOVING,78.821,4.000,60.501,"GoalBlock{x=80,y=4,z=60}",21,18,MovementTraverse,419,73,73,,
5104,0,Husk,T3/56,MOVING,79.102,4.000,60.501,"GoalBlock{x=80,y=4,z=60}",21,18,MovementTraverse,419,73,73,,
5105,0,Husk,T3/56,MOVING,79.382,4.000,60.500,"GoalBlock{x=80,y=4,z=60}",21,19,MovementTraverse,419,73,73,,
5106,0,Husk,T3/56,MOVING,79.663,4.000,60.500,"GoalBlock{x=80,y=4,z=60}",21,19,MovementTraverse,419,73,73,,
5107,0,Husk,T3/56,MOVING,79.944,4.000,60.500,"GoalBlock{x=80,y=4,z=60}",21,19,MovementTraverse,419,73,73,,
5108,0,Husk,T3/56,MOVING,80.224,4.000,60.500,"GoalBlock{x=80,y=4,z=60}",21,19,MovementTraverse,419,73,73,,
5109,0,Husk,T3/56,ARRIVED,80.378,4.000,60.500,,-1,-1,,419,73,73,,CANCELED
5110,0,Husk,T3/57,ARRIVED,60.500,4.000,72.500,,-1,-1,,419,73,73,,CANCELED|CANCELED
5111,0,Husk,T3/57,ARRIVED,60.500,4.000,72.500,,-1,-1,,419,73,73,,
5112,0,Husk,T3/57,ARRIVED,60.500,4.000,72.500,,-1,-1,,419,73,73,,
5113,0,Husk,T3/57,ARRIVED,60.500,4.000,72.500,,-1,-1,,419,73,73,,
5114,0,Husk,T3/57,ARRIVED,60.500,4.000,72.500,,-1,-1,,419,73,73,,
5115,0,Husk,T3/57,ARRIVED,60.500,4.000,72.500,,-1,-1,,419,73,73,,
5116,0,Husk,T3/57,ARRIVED,60.500,4.000,72.500,,-1,-1,,419,73,73,,
5117,0,Husk,T3/57,ARRIVED,60.500,4.000,72.500,,-1,-1,,419,73,73,,
5118,0,Husk,T3/57,ARRIVED,60.500,4.000,72.500,,-1,-1,,419,73,73,,
5119,0,Husk,T3/57,ARRIVED,60.500,4.000,72.500,,-1,-1,,419,73,73,,
5120,0,Husk,T3/57,SEARCHING,60.500,4.000,72.500,"GoalBlock{x=80,y=4,z=72}",-1,-1,,419,74,74,,CALC_STARTED
5121,0,Husk,T3/57,MOVING,60.627,4.000,72.500,"GoalBlock{x=80,y=4,z=72}",21,0,MovementTraverse,532,74,74,,CALC_FINISHED_NOW_EXECUTING
5122,0,Husk,T3/57,MOVING,60.824,4.000,72.500,"GoalBlock{x=80,y=4,z=72}",21,0,MovementTraverse,532,74,74,,
5123,0,Husk,T3/57,MOVING,61.059,4.000,72.500,"GoalBlock{x=80,y=4,z=72}",21,0,MovementTraverse,532,74,74,,
5124,0,Husk,T3/57,MOVING,61.315,4.000,72.500,"GoalBlock{x=80,y=4,z=72}",21,1,MovementTraverse,532,74,74,,
5125,0,Husk,T3/57,MOVING,61.582,4.000,72.500,"GoalBlock{x=80,y=4,z=72}",21,1,MovementTraverse,532,74,74,,
5126,0,Husk,T3/57,MOVING,61.855,4.000,72.500,"GoalBlock{x=80,y=4,z=72}",21,1,MovementTraverse,532,74,74,,
5127,0,Husk,T3/57,MOVING,62.132,4.000,72.500,"GoalBlock{x=80,y=4,z=72}",21,1,MovementTraverse,532,74,74,,
5128,0,Husk,T3/57,MOVING,62.410,4.000,72.500,"GoalBlock{x=80,y=4,z=72}",21,2,MovementTraverse,532,74,74,,
5129,0,Husk,T3/57,MOVING,62.690,4.000,72.500,"GoalBlock{x=80,y=4,z=72}",21,2,MovementTraverse,532,74,74,,
5130,0,Husk,T3/57,MOVING,62.969,4.000,72.500,"GoalBlock{x=80,y=4,z=72}",21,2,MovementTraverse,532,74,74,,
5131,0,Husk,T3/57,MOVING,63.250,4.000,72.500,"GoalBlock{x=80,y=4,z=72}",21,2,MovementTraverse,532,74,74,,
5132,0,Husk,T3/57,MOVING,63.530,4.000,72.500,"GoalBlock{x=80,y=4,z=72}",21,3,MovementTraverse,532,74,74,,
5133,0,Husk,T3/57,MOVING,63.811,4.000,72.500,"GoalBlock{x=80,y=4,z=72}",21,3,MovementTraverse,532,74,74,,
5134,0,Husk,T3/57,MOVING,64.091,4.000,72.500,"GoalBlock{x=80,y=4,z=72}",21,3,MovementTraverse,532,74,74,,
5135,0,Husk,T3/57,MOVING,64.372,4.000,72.500,"GoalBlock{x=80,y=4,z=72}",21,4,MovementTraverse,532,74,74,,
5136,0,Husk,T3/57,MOVING,64.652,4.000,72.500,"GoalBlock{x=80,y=4,z=72}",21,4,MovementTraverse,532,74,74,,
5137,0,Husk,T3/57,MOVING,64.933,4.000,72.500,"GoalBlock{x=80,y=4,z=72}",21,4,MovementTraverse,532,74,74,,
5138,0,Husk,T3/57,MOVING,65.214,4.000,72.500,"GoalBlock{x=80,y=4,z=72}",21,4,MovementTraverse,532,74,74,,
5139,0,Husk,T3/57,MOVING,65.494,4.000,72.500,"GoalBlock{x=80,y=4,z=72}",21,5,MovementTraverse,532,74,74,,
5140,0,Husk,T3/57,MOVING,65.775,4.000,72.500,"GoalBlock{x=80,y=4,z=72}",21,5,MovementTraverse,532,74,74,,
5141,0,Husk,T3/57,MOVING,66.055,4.000,72.500,"GoalBlock{x=80,y=4,z=72}",21,5,MovementTraverse,532,74,74,,
5142,0,Husk,T3/57,MOVING,66.336,4.000,72.500,"GoalBlock{x=80,y=4,z=72}",21,6,MovementTraverse,532,74,74,,
5143,0,Husk,T3/57,MOVING,66.617,4.000,72.500,"GoalBlock{x=80,y=4,z=72}",21,6,MovementTraverse,532,74,74,,
5144,0,Husk,T3/57,MOVING,66.897,4.000,72.500,"GoalBlock{x=80,y=4,z=72}",21,6,MovementTraverse,532,74,74,,
5145,0,Husk,T3/57,MOVING,67.178,4.000,72.500,"GoalBlock{x=80,y=4,z=72}",21,6,MovementTraverse,532,74,74,,
5146,0,Husk,T3/57,MOVING,67.429,4.000,72.500,"GoalBlock{x=80,y=4,z=72}",21,7,MovementDescend,532,74,74,,
5147,0,Husk,T3/57,MOVING,67.664,4.000,72.500,"GoalBlock{x=80,y=4,z=72}",21,7,MovementDescend,532,74,74,,
5148,0,Husk,T3/57,MOVING,67.891,4.000,72.500,"GoalBlock{x=80,y=4,z=72}",21,7,MovementDescend,532,74,74,,
5149,0,Husk,T3/57,MOVING,68.112,4.000,72.500,"GoalBlock{x=80,y=4,z=72}",21,7,MovementDescend,532,74,74,,
5150,0,Husk,T3/57,MOVING,68.331,4.000,72.500,"GoalBlock{x=80,y=4,z=72}",21,7,MovementDescend,532,74,74,,
5151,0,Husk,T3/57,MOVING,68.536,3.922,72.451,"GoalBlock{x=80,y=4,z=72}",21,7,MovementDescend,532,74,74,,
5152,0,Husk,T3/57,MOVING,68.657,3.766,72.407,"GoalBlock{x=80,y=4,z=72}",21,7,MovementDescend,532,74,74,,
5153,0,Husk,T3/57,MOVING,68.790,3.536,72.355,"GoalBlock{x=80,y=4,z=72}",21,8,MovementTraverse,532,74,74,,
5154,0,Husk,T3/57,MOVING,68.930,3.272,72.307,"GoalBlock{x=80,y=4,z=72}",21,8,MovementTraverse,532,74,74,,
5155,0,Husk,T3/57,MOVING,69.061,3.080,72.275,"GoalBlock{x=80,y=4,z=72}",21,8,MovementTraverse,532,74,74,,
5156,0,Husk,T3/57,MOVING,69.185,2.947,72.252,"GoalBlock{x=80,y=4,z=72}",21,9,MovementTraverse,532,74,74,,
5157,0,Husk,T3/57,MOVING,69.303,2.860,72.238,"GoalBlock{x=80,y=4,z=72}",21,9,MovementTraverse,532,74,74,,
5158,0,Husk,T3/57,MOVING,69.398,2.811,72.227,"GoalBlock{x=80,y=4,z=72}",21,9,MovementTraverse,532,74,74,,
5159,0,Husk,T3/57,MOVING,69.474,2.792,72.217,"GoalBlock{x=80,y=4,z=72}",21,9,MovementTraverse,532,74,74,,
5160,0,Husk,T3/57,MOVING,69.534,2.796,72.210,"GoalBlock{x=80,y=4,z=72}",21,9,MovementTraverse,532,74,74,,
5161,0,Husk,T3/57,MOVING,69.583,2.820,72.204,"GoalBlock{x=80,y=4,z=72}",21,9,MovementTraverse,532,74,74,,
5162,0,Husk,T3/57,MOVING,69.622,2.860,72.199,"GoalBlock{x=80,y=4,z=72}",21,9,MovementTraverse,532,74,74,,
5163,0,Husk,T3/57,MOVING,69.653,2.912,72.196,"GoalBlock{x=80,y=4,z=72}",21,9,MovementTraverse,532,74,74,,
5164,0,Husk,T3/57,MOVING,69.696,2.973,72.199,"GoalBlock{x=80,y=4,z=72}",21,9,MovementTraverse,532,74,74,,
5165,0,Husk,T3/57,MOVING,69.749,3.043,72.206,"GoalBlock{x=80,y=4,z=72}",21,9,MovementTraverse,532,74,74,,
5166,0,Husk,T3/57,MOVING,69.810,3.118,72.219,"GoalBlock{x=80,y=4,z=72}",21,9,MovementTraverse,532,74,74,,
5167,0,Husk,T3/57,MOVING,69.876,3.199,72.236,"GoalBlock{x=80,y=4,z=72}",21,9,MovementTraverse,532,74,74,,
5168,0,Husk,T3/57,MOVING,69.948,3.283,72.258,"GoalBlock{x=80,y=4,z=72}",21,9,MovementTraverse,532,74,74,,
5169,0,Husk,T3/57,MOVING,70.023,3.370,72.283,"GoalBlock{x=80,y=4,z=72}",21,9,MovementTraverse,532,74,74,,
5170,0,Husk,T3/57,MOVING,70.102,3.460,72.306,"GoalBlock{x=80,y=4,z=72}",21,10,MovementTraverse,532,74,74,,
5171,0,Husk,T3/57,MOVING,70.185,3.552,72.327,"GoalBlock{x=80,y=4,z=72}",21,10,MovementTraverse,532,74,74,,
5172,0,Husk,T3/57,MOVING,70.271,3.646,72.346,"GoalBlock{x=80,y=4,z=72}",21,10,MovementTraverse,532,74,74,,
5173,0,Husk,T3/57,MOVING,70.365,3.700,72.365,"GoalBlock{x=80,y=4,z=72}",21,10,MovementTraverse,532,74,74,,
5174,0,Husk,T3/57,MOVING,70.476,3.676,72.385,"GoalBlock{x=80,y=4,z=72}",21,10,MovementTraverse,532,74,74,,
5175,0,Husk,T3/57,MOVING,70.602,3.573,72.406,"GoalBlock{x=80,y=4,z=72}",21,10,MovementTraverse,532,74,74,,
5176,0,Husk,T3/57,MOVING,70.736,3.434,72.427,"GoalBlock{x=80,y=4,z=72}",21,10,MovementTraverse,532,74,74,,
5177,0,Husk,T3/57,MOVING,70.863,3.343,72.446,"GoalBlock{x=80,y=4,z=72}",21,10,MovementTraverse,532,74,74,,
5178,0,Husk,T3/57,MOVING,70.984,3.290,72.463,"GoalBlock{x=80,y=4,z=72}",21,10,MovementTraverse,532,74,74,,
5179,0,Husk,T3/57,MOVING,71.100,3.268,72.478,"GoalBlock{x=80,y=4,z=72}",21,10,MovementTraverse,532,74,74,,
5180,0,Husk,T3/57,MOVING,71.213,3.270,72.490,"GoalBlock{x=80,y=4,z=72}",21,11,MovementTraverse,532,74,74,,
5181,0,Husk,T3/57,MOVING,71.323,3.292,72.500,"GoalBlock{x=80,y=4,z=72}",21,11,MovementTraverse,532,74,74,,
5182,0,Husk,T3/57,MOVING,71.430,3.332,72.508,"GoalBlock{x=80,y=4,z=72}",21,11,MovementTraverse,532,74,74,,
5183,0,Husk,T3/57,MOVING,71.536,3.384,72.514,"GoalBlock{x=80,y=4,z=72}",21,11,MovementTraverse,532,74,74,,
5184,0,Husk,T3/57,MOVING,71.640,3.445,72.518,"GoalBlock{x=80,y=4,z=72}",21,11,MovementTraverse,532,74,74,,
5185,0,Husk,T3/57,MOVING,71.743,3.515,72.522,"GoalBlock{x=80,y=4,z=72}",21,11,MovementTraverse,532,74,74,,
5186,0,Husk,T3/57,MOVING,71.845,3.590,72.521,"GoalBlock{x=80,y=4,z=72}",21,11,MovementTraverse,532,74,74,,
5187,0,Husk,T3/57,MOVING,71.946,3.671,72.520,"GoalBlock{x=80,y=4,z=72}",21,11,MovementTraverse,532,74,74,,
5188,0,Husk,T3/57,MOVING,72.052,3.715,72.520,"GoalBlock{x=80,y=4,z=72}",21,11,MovementTraverse,532,74,74,,
5189,0,Husk,T3/57,MOVING,72.174,3.680,72.519,"GoalBlock{x=80,y=4,z=72}",21,12,MovementTraverse,532,74,74,,
5190,0,Husk,T3/57,MOVING,72.311,3.567,72.519,"GoalBlock{x=80,y=4,z=72}",21,12,MovementTraverse,532,74,74,,
5191,0,Husk,T3/57,MOVING,72.455,3.418,72.519,"GoalBlock{x=80,y=4,z=72}",21,12,MovementTraverse,532,74,74,,
5192,0,Husk,T3/57,MOVING,72.590,3.319,72.518,"GoalBlock{x=80,y=4,z=72}",21,12,MovementTraverse,532,74,74,,
5193,0,Husk,T3/57,MOVING,72.717,3.260,72.518,"GoalBlock{x=80,y=4,z=72}",21,12,MovementTraverse,532,74,74,,
5194,0,Husk,T3/57,MOVING,72.839,3.232,72.517,"GoalBlock{x=80,y=4,z=72}",21,12,MovementTraverse,532,74,74,,
5195,0,Husk,T3/57,MOVING,72.955,3.231,72.517,"GoalBlock{x=80,y=4,z=72}",21,12,MovementTraverse,532,74,74,,
5196,0,Husk,T3/57,MOVING,73.069,3.249,72.516,"GoalBlock{x=80,y=4,z=72}",21,12,MovementTraverse,532,74,74,,
5197,0,Husk,T3/57,MOVING,73.179,3.284,72.516,"GoalBlock{x=80,y=4,z=72}",21,13,MovementTraverse,532,74,74,,
5198,0,Husk,T3/57,MOVING,73.286,3.332,72.516,"GoalBlock{x=80,y=4,z=72}",21,13,MovementTraverse,532,74,74,,
5199,0,Husk,T3/57,MOVING,73.392,3.390,72.516,"GoalBlock{x=80,y=4,z=72}",21,13,MovementTraverse,532,74,74,,
5200,0,Husk,T3/57,MOVING,73.496,3.456,72.515,"GoalBlock{x=80,y=4,z=72}",21,13,MovementTraverse,532,74,74,,
5201,0,Husk,T3/57,MOVING,73.599,3.530,72.515,"GoalBlock{x=80,y=4,z=72}",21,13,MovementTraverse,532,74,74,,
5202,0,Husk,T3/57,MOVING,73.701,3.608,72.515,"GoalBlock{x=80,y=4,z=72}",21,13,MovementTraverse,532,74,74,,
5203,0,Husk,T3/57,MOVING,73.808,3.651,72.514,"GoalBlock{x=80,y=4,z=72}",21,13,MovementTraverse,532,74,74,,
5204,0,Husk,T3/57,MOVING,73.931,3.615,72.514,"GoalBlock{x=80,y=4,z=72}",21,13,MovementTraverse,532,74,74,,
5205,0,Husk,T3/57,MOVING,74.068,3.501,72.513,"GoalBlock{x=80,y=4,z=72}",21,13,MovementTraverse,532,74,74,,
5206,0,Husk,T3/57,MOVING,74.213,3.351,72.513,"GoalBlock{x=80,y=4,z=72}",21,14,MovementAscend,532,74,74,,
5207,0,Husk,T3/57,MOVING,74.348,3.251,72.513,"GoalBlock{x=80,y=4,z=72}",21,14,MovementAscend,532,74,74,,
5208,0,Husk,T3/57,MOVING,74.476,3.190,72.512,"GoalBlock{x=80,y=4,z=72}",21,14,MovementAscend,532,74,74,,
5209,0,Husk,T3/57,MOVING,74.597,3.162,72.512,"GoalBlock{x=80,y=4,z=72}",21,14,MovementAscend,532,74,74,,
5210,0,Husk,T3/57,MOVING,74.700,3.160,72.512,"GoalBlock{x=80,y=4,z=72}",21,14,MovementAscend,532,74,74,,
5211,0,Husk,T3/57,MOVING,74.700,3.178,72.512,"GoalBlock{x=80,y=4,z=72}",21,14,MovementAscend,532,74,74,,
5212,0,Husk,T3/57,MOVING,74.700,3.212,72.511,"GoalBlock{x=80,y=4,z=72}",21,14,MovementAscend,532,74,74,,
5213,0,Husk,T3/57,MOVING,74.700,3.260,72.511,"GoalBlock{x=80,y=4,z=72}",21,14,MovementAscend,532,74,74,,
5214,0,Husk,T3/57,MOVING,74.700,3.318,72.511,"GoalBlock{x=80,y=4,z=72}",21,14,MovementAscend,532,74,74,,
5215,0,Husk,T3/57,MOVING,74.700,3.384,72.511,"GoalBlock{x=80,y=4,z=72}",21,14,MovementAscend,532,74,74,,
5216,0,Husk,T3/57,MOVING,74.700,3.457,72.510,"GoalBlock{x=80,y=4,z=72}",21,14,MovementAscend,532,74,74,,
5217,0,Husk,T3/57,MOVING,74.700,3.797,72.510,"GoalBlock{x=80,y=4,z=72}",21,14,MovementAscend,532,74,74,,
5218,0,Husk,T3/57,MOVING,74.720,4.097,72.510,"GoalBlock{x=80,y=4,z=72}",21,14,MovementAscend,532,74,74,,
5219,0,Husk,T3/57,MOVING,74.757,4.313,72.510,"GoalBlock{x=80,y=4,z=72}",21,14,MovementAscend,532,74,74,,
5220,0,Husk,T3/57,MOVING,74.811,4.446,72.509,"GoalBlock{x=80,y=4,z=72}",21,14,MovementAscend,532,74,74,,
5221,0,Husk,T3/57,MOVING,74.879,4.498,72.509,"GoalBlock{x=80,y=4,z=72}",21,14,MovementAscend,532,74,74,,
5222,0,Husk,T3/57,MOVING,74.961,4.470,72.509,"GoalBlock{x=80,y=4,z=72}",21,14,MovementAscend,532,74,74,,
5223,0,Husk,T3/57,MOVING,75.055,4.365,72.508,"GoalBlock{x=80,y=4,z=72}",21,14,MovementAscend,532,74,74,,
5224,0,Husk,T3/57,MOVING,75.166,4.183,72.508,"GoalBlock{x=80,y=4,z=72}",21,15,MovementTraverse,532,74,74,,
5225,0,Husk,T3/57,MOVING,75.293,4.000,72.508,"GoalBlock{x=80,y=4,z=72}",21,15,MovementTraverse,532,74,74,,
5226,0,Husk,T3/57,MOVING,75.535,4.000,72.507,"GoalBlock{x=80,y=4,z=72}",21,15,MovementTraverse,532,74,74,,
5227,0,Husk,T3/57,MOVING,75.795,4.000,72.506,"GoalBlock{x=80,y=4,z=72}",21,15,MovementTraverse,532,74,74,,
5228,0,Husk,T3/57,MOVING,76.065,4.000,72.505,"GoalBlock{x=80,y=4,z=72}",21,15,MovementTraverse,532,74,74,,
5229,0,Husk,T3/57,MOVING,76.339,4.000,72.505,"GoalBlock{x=80,y=4,z=72}",21,16,MovementTraverse,532,74,74,,
5230,0,Husk,T3/57,MOVING,76.616,4.000,72.504,"GoalBlock{x=80,y=4,z=72}",21,16,MovementTraverse,532,74,74,,
5231,0,Husk,T3/57,MOVING,76.895,4.000,72.504,"GoalBlock{x=80,y=4,z=72}",21,16,MovementTraverse,532,74,74,,
5232,0,Husk,T3/57,MOVING,77.175,4.000,72.503,"GoalBlock{x=80,y=4,z=72}",21,16,MovementTraverse,532,74,74,,
5233,0,Husk,T3/57,MOVING,77.455,4.000,72.503,"GoalBlock{x=80,y=4,z=72}",21,17,MovementTraverse,532,74,74,,
5234,0,Husk,T3/57,MOVING,77.735,4.000,72.502,"GoalBlock{x=80,y=4,z=72}",21,17,MovementTraverse,532,74,74,,
5235,0,Husk,T3/57,MOVING,78.015,4.000,72.502,"GoalBlock{x=80,y=4,z=72}",21,17,MovementTraverse,532,74,74,,
5236,0,Husk,T3/57,MOVING,78.296,4.000,72.502,"GoalBlock{x=80,y=4,z=72}",21,18,MovementTraverse,532,74,74,,
5237,0,Husk,T3/57,MOVING,78.576,4.000,72.502,"GoalBlock{x=80,y=4,z=72}",21,18,MovementTraverse,532,74,74,,
5238,0,Husk,T3/57,MOVING,78.857,4.000,72.501,"GoalBlock{x=80,y=4,z=72}",21,18,MovementTraverse,532,74,74,,
5239,0,Husk,T3/57,MOVING,79.138,4.000,72.501,"GoalBlock{x=80,y=4,z=72}",21,18,MovementTraverse,532,74,74,,
5240,0,Husk,T3/57,MOVING,79.418,4.000,72.501,"GoalBlock{x=80,y=4,z=72}",21,19,MovementTraverse,532,74,74,,
5241,0,Husk,T3/57,MOVING,79.699,4.000,72.501,"GoalBlock{x=80,y=4,z=72}",21,19,MovementTraverse,532,74,74,,
5242,0,Husk,T3/57,MOVING,79.979,4.000,72.501,"GoalBlock{x=80,y=4,z=72}",21,19,MovementTraverse,532,74,74,,
5243,0,Husk,T3/57,MOVING,80.260,4.000,72.501,"GoalBlock{x=80,y=4,z=72}",21,19,MovementTraverse,532,74,74,,
5244,0,Husk,T3/57,ARRIVED,80.413,4.000,72.501,,-1,-1,,532,74,74,,CANCELED
5245,0,Husk,T3/58,ARRIVED,60.500,4.000,84.500,,-1,-1,,532,74,74,,CANCELED|CANCELED
5246,0,Husk,T3/58,ARRIVED,60.500,4.000,84.500,,-1,-1,,532,74,74,,
5247,0,Husk,T3/58,ARRIVED,60.500,4.000,84.500,,-1,-1,,532,74,74,,
5248,0,Husk,T3/58,ARRIVED,60.500,4.000,84.500,,-1,-1,,532,74,74,,
5249,0,Husk,T3/58,ARRIVED,60.500,4.000,84.500,,-1,-1,,532,74,74,,
5250,0,Husk,T3/58,ARRIVED,60.500,4.000,84.500,,-1,-1,,532,74,74,,
5251,0,Husk,T3/58,ARRIVED,60.500,4.000,84.500,,-1,-1,,532,74,74,,
5252,0,Husk,T3/58,ARRIVED,60.500,4.000,84.500,,-1,-1,,532,74,74,,
5253,0,Husk,T3/58,ARRIVED,60.500,4.000,84.500,,-1,-1,,532,74,74,,
5254,0,Husk,T3/58,ARRIVED,60.500,4.000,84.500,,-1,-1,,532,74,74,,
5255,0,Husk,T3/58,SEARCHING,60.500,4.000,84.500,"GoalBlock{x=80,y=4,z=84}",-1,-1,,532,75,75,,CALC_STARTED
5256,0,Husk,T3/58,MOVING,60.627,4.000,84.500,"GoalBlock{x=80,y=4,z=84}",21,0,MovementTraverse,339,75,75,,CALC_FINISHED_NOW_EXECUTING
5257,0,Husk,T3/58,MOVING,60.824,4.000,84.500,"GoalBlock{x=80,y=4,z=84}",21,0,MovementTraverse,339,75,75,,
5258,0,Husk,T3/58,MOVING,61.059,4.000,84.500,"GoalBlock{x=80,y=4,z=84}",21,0,MovementTraverse,339,75,75,,
5259,0,Husk,T3/58,MOVING,61.315,4.000,84.500,"GoalBlock{x=80,y=4,z=84}",21,1,MovementTraverse,339,75,75,,
5260,0,Husk,T3/58,MOVING,61.582,4.000,84.500,"GoalBlock{x=80,y=4,z=84}",21,1,MovementTraverse,339,75,75,,
5261,0,Husk,T3/58,MOVING,61.855,4.000,84.500,"GoalBlock{x=80,y=4,z=84}",21,1,MovementTraverse,339,75,75,,
5262,0,Husk,T3/58,MOVING,62.132,4.000,84.500,"GoalBlock{x=80,y=4,z=84}",21,1,MovementTraverse,339,75,75,,
5263,0,Husk,T3/58,MOVING,62.410,4.000,84.500,"GoalBlock{x=80,y=4,z=84}",21,2,MovementTraverse,339,75,75,,
5264,0,Husk,T3/58,MOVING,62.690,4.000,84.500,"GoalBlock{x=80,y=4,z=84}",21,2,MovementTraverse,339,75,75,,
5265,0,Husk,T3/58,MOVING,62.969,4.000,84.500,"GoalBlock{x=80,y=4,z=84}",21,2,MovementTraverse,339,75,75,,
5266,0,Husk,T3/58,MOVING,63.250,4.000,84.500,"GoalBlock{x=80,y=4,z=84}",21,2,MovementTraverse,339,75,75,,
5267,0,Husk,T3/58,MOVING,63.530,4.000,84.500,"GoalBlock{x=80,y=4,z=84}",21,3,MovementTraverse,339,75,75,,
5268,0,Husk,T3/58,MOVING,63.811,4.000,84.500,"GoalBlock{x=80,y=4,z=84}",21,3,MovementTraverse,339,75,75,,
5269,0,Husk,T3/58,MOVING,64.091,4.000,84.500,"GoalBlock{x=80,y=4,z=84}",21,3,MovementTraverse,339,75,75,,
5270,0,Husk,T3/58,MOVING,64.372,4.000,84.500,"GoalBlock{x=80,y=4,z=84}",21,4,MovementTraverse,339,75,75,,
5271,0,Husk,T3/58,MOVING,64.652,4.000,84.500,"GoalBlock{x=80,y=4,z=84}",21,4,MovementTraverse,339,75,75,,
5272,0,Husk,T3/58,MOVING,64.933,4.000,84.500,"GoalBlock{x=80,y=4,z=84}",21,4,MovementTraverse,339,75,75,,
5273,0,Husk,T3/58,MOVING,65.214,4.000,84.500,"GoalBlock{x=80,y=4,z=84}",21,4,MovementTraverse,339,75,75,,
5274,0,Husk,T3/58,MOVING,65.477,4.000,84.564,"GoalBlock{x=80,y=4,z=84}",21,5,MovementDiagonal,339,75,75,,
5275,0,Husk,T3/58,MOVING,65.715,4.000,84.684,"GoalBlock{x=80,y=4,z=84}",21,5,MovementDiagonal,339,75,75,,
5276,0,Husk,T3/58,MOVING,65.933,4.000,84.842,"GoalBlock{x=80,y=4,z=84}",21,5,MovementDiagonal,339,75,75,,
5277,0,Husk,T3/58,MOVING,66.136,4.000,85.025,"GoalBlock{x=80,y=4,z=84}",21,5,MovementDiagonal,339,75,75,,
5278,0,Husk,T3/58,MOVING,66.333,4.000,85.218,"GoalBlock{x=80,y=4,z=84}",21,6,MovementDiagonal,339,75,75,,
5279,0,Husk,T3/58,MOVING,66.526,4.000,85.418,"GoalBlock{x=80,y=4,z=84}",21,6,MovementDiagonal,339,75,75,,
5280,0,Husk,T3/58,MOVING,66.717,4.000,85.622,"GoalBlock{x=80,y=4,z=84}",21,6,MovementDiagonal,339,75,75,,
5281,0,Husk,T3/58,MOVING,66.906,4.000,85.828,"GoalBlock{x=80,y=4,z=84}",21,6,MovementDiagonal,339,75,75,,
5282,0,Husk,T3/58,MOVING,67.093,4.000,86.036,"GoalBlock{x=80,y=4,z=84}",21,6,MovementDiagonal,339,75,75,,
5283,0,Husk,T3/58,MOVING,67.284,4.000,86.241,"GoalBlock{x=80,y=4,z=84}",21,7,MovementDiagonal,339,75,75,,
5284,0,Husk,T3/58,MOVING,67.476,4.000,86.445,"GoalBlock{x=80,y=4,z=84}",21,7,MovementDiagonal,339,75,75,,
5285,0,Husk,T3/58,MOVING,67.670,4.000,86.648,"GoalBlock{x=80,y=4,z=84}",21,7,MovementDiagonal,339,75,75,,
5286,0,Husk,T3/58,MOVING,67.865,4.000,86.850,"GoalBlock{x=80,y=4,z=84}",21,7,MovementDiagonal,339,75,75,,
5287,0,Husk,T3/58,MOVING,68.060,4.000,87.051,"GoalBlock{x=80,y=4,z=84}",21,7,MovementDiagonal,339,75,75,,
5288,0,Husk,T3/58,MOVING,68.257,4.000,87.252,"GoalBlock{x=80,y=4,z=84}",21,8,MovementDiagonal,339,75,75,,
5289,0,Husk,T3/58,MOVING,68.454,4.000,87.451,"GoalBlock{x=80,y=4,z=84}",21,8,MovementDiagonal,339,75,75,,
5290,0,Husk,T3/58,MOVING,68.652,4.000,87.650,"GoalBlock{x=80,y=4,z=84}",21,8,MovementDiagonal,339,75,75,,
5291,0,Husk,T3/58,MOVING,68.850,4.000,87.849,"GoalBlock{x=80,y=4,z=84}",21,8,MovementDiagonal,339,75,75,,
5292,0,Husk,T3/58,MOVING,69.048,4.000,88.048,"GoalBlock{x=80,y=4,z=84}",21,8,MovementDiagonal,339,75,75,,
5293,0,Husk,T3/58,MOVING,69.277,4.000,88.194,"GoalBlock{x=80,y=4,z=84}",21,9,MovementTraverse,339,75,75,,
5294,0,Husk,T3/58,MOVING,69.527,4.000,88.305,"GoalBlock{x=80,y=4,z=84}",21,9,MovementTraverse,339,75,75,,
5295,0,Husk,T3/58,MOVING,69.787,4.000,88.391,"GoalBlock{x=80,y=4,z=84}",21,9,MovementTraverse,339,75,75,,
5296,0,Husk,T3/58,MOVING,70.056,4.000,88.457,"GoalBlock{x=80,y=4,z=84}",21,9,MovementTraverse,339,75,75,,
5297,0,Husk,T3/58,MOVING,70.330,4.000,88.497,"GoalBlock{x=80,y=4,z=84}",21,10,MovementTraverse,339,75,75,,
5298,0,Husk,T3/58,MOVING,70.607,4.000,88.519,"GoalBlock{x=80,y=4,z=84}",21,10,MovementTraverse,339,75,75,,
5299,0,Husk,T3/58,MOVING,70.885,4.000,88.528,"GoalBlock{x=80,y=4,z=84}",21,10,MovementTraverse,339,75,75,,
5300,0,Husk,T3/58,MOVING,71.165,4.000,88.527,"GoalBlock{x=80,y=4,z=84}",21,10,MovementTraverse,339,75,75,,
5301,0,Husk,T3/58,MOVING,71.445,4.000,88.525,"GoalBlock{x=80,y=4,z=84}",21,11,MovementTraverse,339,75,75,,
5302,0,Husk,T3/58,MOVING,71.725,4.000,88.522,"GoalBlock{x=80,y=4,z=84}",21,11,MovementTraverse,339,75,75,,
5303,0,Husk,T3/58,MOVING,72.005,4.000,88.518,"GoalBlock{x=80,y=4,z=84}",21,11,MovementTraverse,339,75,75,,
5304,0,Husk,T3/58,MOVING,72.286,4.000,88.517,"GoalBlock{x=80,y=4,z=84}",21,12,MovementTraverse,339,75,75,,
5305,0,Husk,T3/58,MOVING,72.566,4.000,88.515,"GoalBlock{x=80,y=4,z=84}",21,12,MovementTraverse,339,75,75,,
5306,0,Husk,T3/58,MOVING,72.847,4.000,88.513,"GoalBlock{x=80,y=4,z=84}",21,12,MovementTraverse,339,75,75,,
5307,0,Husk,T3/58,MOVING,73.127,4.000,88.510,"GoalBlock{x=80,y=4,z=84}",21,12,MovementTraverse,339,75,75,,
5308,0,Husk,T3/58,MOVING,73.408,4.000,88.509,"GoalBlock{x=80,y=4,z=84}",21,13,MovementTraverse,339,75,75,,
5309,0,Husk,T3/58,MOVING,73.688,4.000,88.508,"GoalBlock{x=80,y=4,z=84}",21,13,MovementTraverse,339,75,75,,
5310,0,Husk,T3/58,MOVING,73.969,4.000,88.507,"GoalBlock{x=80,y=4,z=84}",21,13,MovementTraverse,339,75,75,,
5311,0,Husk,T3/58,MOVING,74.249,4.000,88.505,"GoalBlock{x=80,y=4,z=84}",21,13,MovementTraverse,339,75,75,,
5312,0,Husk,T3/58,MOVING,74.530,4.000,88.505,"GoalBlock{x=80,y=4,z=84}",21,14,MovementTraverse,339,75,75,,
5313,0,Husk,T3/58,MOVING,74.811,4.000,88.504,"GoalBlock{x=80,y=4,z=84}",21,14,MovementTraverse,339,75,75,,
5314,0,Husk,T3/58,MOVING,75.091,4.000,88.503,"GoalBlock{x=80,y=4,z=84}",21,14,MovementTraverse,339,75,75,,
5315,0,Husk,T3/58,MOVING,75.372,4.000,88.503,"GoalBlock{x=80,y=4,z=84}",21,15,MovementTraverse,339,75,75,,
5316,0,Husk,T3/58,MOVING,75.653,4.000,88.503,"GoalBlock{x=80,y=4,z=84}",21,15,MovementTraverse,339,75,75,,
5317,0,Husk,T3/58,MOVING,75.933,4.000,88.502,"GoalBlock{x=80,y=4,z=84}",21,15,MovementTraverse,339,75,75,,
5318,0,Husk,T3/58,MOVING,76.214,4.000,88.502,"GoalBlock{x=80,y=4,z=84}",21,15,MovementTraverse,339,75,75,,
5319,0,Husk,T3/58,MOVING,76.477,4.000,88.438,"GoalBlock{x=80,y=4,z=84}",21,16,MovementDiagonal,339,75,75,,
5320,0,Husk,T3/58,MOVING,76.715,4.000,88.317,"GoalBlock{x=80,y=4,z=84}",21,16,MovementDiagonal,339,75,75,,
5321,0,Husk,T3/58,MOVING,76.933,4.000,88.159,"GoalBlock{x=80,y=4,z=84}",21,16,MovementDiagonal,339,75,75,,
5322,0,Husk,T3/58,MOVING,77.135,4.000,87.976,"GoalBlock{x=80,y=4,z=84}",21,16,MovementDiagonal,339,75,75,,
5323,0,Husk,T3/58,MOVING,77.332,4.000,87.783,"GoalBlock{x=80,y=4,z=84}",21,17,MovementDiagonal,339,75,75,,
5324,0,Husk,T3/58,MOVING,77.525,4.000,87.583,"GoalBlock{x=80,y=4,z=84}",21,17,MovementDiagonal,339,75,75,,
5325,0,Husk,T3/58,MOVING,77.716,4.000,87.379,"GoalBlock{x=80,y=4,z=84}",21,17,MovementDiagonal,339,75,75,,
5326,0,Husk,T3/58,MOVING,77.905,4.000,87.173,"GoalBlock{x=80,y=4,z=84}",21,17,MovementDiagonal,339,75,75,,
5327,0,Husk,T3/58,MOVING,78.093,4.000,86.965,"GoalBlock{x=80,y=4,z=84}",21,17,MovementDiagonal,339,75,75,,
5328,0,Husk,T3/58,MOVING,78.283,4.000,86.759,"GoalBlock{x=80,y=4,z=84}",21,18,MovementDiagonal,339,75,75,,
5329,0,Husk,T3/58,MOVING,78.476,4.000,86.555,"GoalBlock{x=80,y=4,z=84}",21,18,MovementDiagonal,339,75,75,,
5330,0,Husk,T3/58,MOVING,78.670,4.000,86.353,"GoalBlock{x=80,y=4,z=84}",21,18,MovementDiagonal,339,75,75,,
5331,0,Husk,T3/58,MOVING,78.865,4.000,86.151,"GoalBlock{x=80,y=4,z=84}",21,18,MovementDiagonal,339,75,75,,
5332,0,Husk,T3/58,MOVING,79.060,4.000,85.949,"GoalBlock{x=80,y=4,z=84}",21,18,MovementDiagonal,339,75,75,,
5333,0,Husk,T3/58,MOVING,79.256,4.000,85.749,"GoalBlock{x=80,y=4,z=84}",21,19,MovementDiagonal,339,75,75,,
5334,0,Husk,T3/58,MOVING,79.454,4.000,85.549,"GoalBlock{x=80,y=4,z=84}",21,19,MovementDiagonal,339,75,75,,
5335,0,Husk,T3/58,MOVING,79.651,4.000,85.350,"GoalBlock{x=80,y=4,z=84}",21,19,MovementDiagonal,339,75,75,,
5336,0,Husk,T3/58,MOVING,79.849,4.000,85.151,"GoalBlock{x=80,y=4,z=84}",21,19,MovementDiagonal,339,75,75,,
5337,0,Husk,T3/58,MOVING,80.047,4.000,84.952,"GoalBlock{x=80,y=4,z=84}",21,19,MovementDiagonal,339,75,75,,
5338,0,Husk,T3/58,ARRIVED,80.155,4.000,84.844,,-1,-1,,339,75,75,,CANCELED
5339,0,Husk,T3/59,ARRIVED,60.500,4.000,96.500,,-1,-1,,339,75,75,,CANCELED|CANCELED
5340,0,Husk,T3/59,ARRIVED,60.500,4.000,96.500,,-1,-1,,339,75,75,,
5341,0,Husk,T3/59,ARRIVED,60.500,4.000,96.500,,-1,-1,,339,75,75,,
5342,0,Husk,T3/59,ARRIVED,60.500,4.000,96.500,,-1,-1,,339,75,75,,
5343,0,Husk,T3/59,ARRIVED,60.500,4.000,96.500,,-1,-1,,339,75,75,,
5344,0,Husk,T3/59,ARRIVED,60.500,4.000,96.500,,-1,-1,,339,75,75,,
5345,0,Husk,T3/59,ARRIVED,60.500,4.000,96.500,,-1,-1,,339,75,75,,
5346,0,Husk,T3/59,ARRIVED,60.500,4.000,96.500,,-1,-1,,339,75,75,,
5347,0,Husk,T3/59,ARRIVED,60.500,4.000,96.500,,-1,-1,,339,75,75,,
5348,0,Husk,T3/59,ARRIVED,60.500,4.000,96.500,,-1,-1,,339,75,75,,
5349,0,Husk,T3/59,SEARCHING,60.500,4.000,96.500,"GoalBlock{x=80,y=4,z=96}",-1,-1,,339,76,76,,CALC_STARTED
5350,0,Husk,T3/59,MOVING,60.627,4.000,96.500,"GoalBlock{x=80,y=4,z=96}",21,0,MovementTraverse,178,76,76,,CALC_FINISHED_NOW_EXECUTING
5351,0,Husk,T3/59,MOVING,60.824,4.000,96.500,"GoalBlock{x=80,y=4,z=96}",21,0,MovementTraverse,178,76,76,,
5352,0,Husk,T3/59,MOVING,61.059,4.000,96.500,"GoalBlock{x=80,y=4,z=96}",21,0,MovementTraverse,178,76,76,,
5353,0,Husk,T3/59,MOVING,61.315,4.000,96.500,"GoalBlock{x=80,y=4,z=96}",21,1,MovementTraverse,178,76,76,,
5354,0,Husk,T3/59,MOVING,61.582,4.000,96.500,"GoalBlock{x=80,y=4,z=96}",21,1,MovementTraverse,178,76,76,,
5355,0,Husk,T3/59,MOVING,61.855,4.000,96.500,"GoalBlock{x=80,y=4,z=96}",21,1,MovementTraverse,178,76,76,,
5356,0,Husk,T3/59,MOVING,62.132,4.000,96.500,"GoalBlock{x=80,y=4,z=96}",21,1,MovementTraverse,178,76,76,,
5357,0,Husk,T3/59,MOVING,62.410,4.000,96.500,"GoalBlock{x=80,y=4,z=96}",21,2,MovementTraverse,178,76,76,,
5358,0,Husk,T3/59,MOVING,62.690,4.000,96.500,"GoalBlock{x=80,y=4,z=96}",21,2,MovementTraverse,178,76,76,,
5359,0,Husk,T3/59,MOVING,62.969,4.000,96.500,"GoalBlock{x=80,y=4,z=96}",21,2,MovementTraverse,178,76,76,,
5360,0,Husk,T3/59,MOVING,63.250,4.000,96.500,"GoalBlock{x=80,y=4,z=96}",21,2,MovementTraverse,178,76,76,,
5361,0,Husk,T3/59,MOVING,63.530,4.000,96.500,"GoalBlock{x=80,y=4,z=96}",21,3,MovementTraverse,178,76,76,,
5362,0,Husk,T3/59,MOVING,63.811,4.000,96.500,"GoalBlock{x=80,y=4,z=96}",21,3,MovementTraverse,178,76,76,,
5363,0,Husk,T3/59,MOVING,64.091,4.000,96.500,"GoalBlock{x=80,y=4,z=96}",21,3,MovementTraverse,178,76,76,,
5364,0,Husk,T3/59,MOVING,64.372,4.000,96.500,"GoalBlock{x=80,y=4,z=96}",21,4,MovementTraverse,178,76,76,,
5365,0,Husk,T3/59,MOVING,64.652,4.000,96.500,"GoalBlock{x=80,y=4,z=96}",21,4,MovementTraverse,178,76,76,,
5366,0,Husk,T3/59,MOVING,64.933,4.000,96.500,"GoalBlock{x=80,y=4,z=96}",21,4,MovementTraverse,178,76,76,,
5367,0,Husk,T3/59,MOVING,65.214,4.000,96.500,"GoalBlock{x=80,y=4,z=96}",21,4,MovementTraverse,178,76,76,,
5368,0,Husk,T3/59,MOVING,65.494,4.000,96.500,"GoalBlock{x=80,y=4,z=96}",21,5,MovementTraverse,178,76,76,,
5369,0,Husk,T3/59,MOVING,65.775,4.000,96.500,"GoalBlock{x=80,y=4,z=96}",21,5,MovementTraverse,178,76,76,,
5370,0,Husk,T3/59,MOVING,66.055,4.000,96.500,"GoalBlock{x=80,y=4,z=96}",21,5,MovementTraverse,178,76,76,,
5371,0,Husk,T3/59,MOVING,66.336,4.000,96.500,"GoalBlock{x=80,y=4,z=96}",21,6,MovementTraverse,178,76,76,,
5372,0,Husk,T3/59,MOVING,66.617,4.000,96.500,"GoalBlock{x=80,y=4,z=96}",21,6,MovementTraverse,178,76,76,,
5373,0,Husk,T3/59,MOVING,66.897,4.000,96.500,"GoalBlock{x=80,y=4,z=96}",21,6,MovementTraverse,178,76,76,,
5374,0,Husk,T3/59,MOVING,67.178,4.000,96.500,"GoalBlock{x=80,y=4,z=96}",21,6,MovementTraverse,178,76,76,,
5375,0,Husk,T3/59,MOVING,67.459,4.000,96.500,"GoalBlock{x=80,y=4,z=96}",21,7,MovementTraverse,178,76,76,,
5376,0,Husk,T3/59,MOVING,67.739,4.000,96.500,"GoalBlock{x=80,y=4,z=96}",21,7,MovementTraverse,178,76,76,,
5377,0,Husk,T3/59,MOVING,68.020,4.000,96.500,"GoalBlock{x=80,y=4,z=96}",21,7,MovementTraverse,178,76,76,,
5378,0,Husk,T3/59,MOVING,68.283,4.000,96.564,"GoalBlock{x=80,y=4,z=96}",21,8,MovementDiagonal,178,76,76,,
5379,0,Husk,T3/59,MOVING,68.528,4.000,96.676,"GoalBlock{x=80,y=4,z=96}",21,8,MovementDiagonal,178,76,76,,
5380,0,Husk,T3/59,MOVING,68.759,4.000,96.820,"GoalBlock{x=80,y=4,z=96}",21,8,MovementDiagonal,178,76,76,,
5381,0,Husk,T3/59,MOVING,68.979,4.000,96.985,"GoalBlock{x=80,y=4,z=96}",21,8,MovementDiagonal,178,76,76,,
5382,0,Husk,T3/59,MOVING,69.190,4.000,97.164,"GoalBlock{x=80,y=4,z=96}",21,8,MovementDiagonal,178,76,76,,
5383,0,Husk,T3/59,MOVING,69.428,4.000,97.294,"GoalBlock{x=80,y=4,z=96}",21,9,MovementTraverse,178,76,76,,
5384,0,Husk,T3/59,MOVING,69.683,4.000,97.390,"GoalBlock{x=80,y=4,z=96}",21,9,MovementTraverse,178,76,76,,
5385,0,Husk,T3/59,MOVING,69.949,4.000,97.459,"GoalBlock{x=80,y=4,z=96}",21,9,MovementTraverse,178,76,76,,
5386,0,Husk,T3/59,MOVING,70.221,4.000,97.506,"GoalBlock{x=80,y=4,z=96}",21,9,MovementTraverse,178,76,76,,
5387,0,Husk,T3/59,MOVING,70.497,4.000,97.531,"GoalBlock{x=80,y=4,z=96}",21,10,MovementTraverse,178,76,76,,
5388,0,Husk,T3/59,MOVING,70.775,4.000,97.541,"GoalBlock{x=80,y=4,z=96}",21,10,MovementTraverse,178,76,76,,
5389,0,Husk,T3/59,MOVING,71.054,4.000,97.539,"GoalBlock{x=80,y=4,z=96}",21,10,MovementTraverse,178,76,76,,
5390,0,Husk,T3/59,MOVING,71.333,4.000,97.536,"GoalBlock{x=80,y=4,z=96}",21,11,MovementTraverse,178,76,76,,
5391,0,Husk,T3/59,MOVING,71.613,4.000,97.532,"GoalBlock{x=80,y=4,z=96}",21,11,MovementTraverse,178,76,76,,
5392,0,Husk,T3/59,MOVING,71.894,4.000,97.527,"GoalBlock{x=80,y=4,z=96}",21,11,MovementTraverse,178,76,76,,
5393,0,Husk,T3/59,MOVING,72.174,4.000,97.521,"GoalBlock{x=80,y=4,z=96}",21,11,MovementTraverse,178,76,76,,
5394,0,Husk,T3/59,MOVING,72.454,4.000,97.516,"GoalBlock{x=80,y=4,z=96}",21,12,MovementTraverse,178,76,76,,
5395,0,Husk,T3/59,MOVING,72.735,4.000,97.514,"GoalBlock{x=80,y=4,z=96}",21,12,MovementTraverse,178,76,76,,
5396,0,Husk,T3/59,MOVING,73.015,4.000,97.512,"GoalBlock{x=80,y=4,z=96}",21,12,MovementTraverse,178,76,76,,
5397,0,Husk,T3/59,MOVING,73.296,4.000,97.511,"GoalBlock{x=80,y=4,z=96}",21,13,MovementTraverse,178,76,76,,
5398,0,Husk,T3/59,MOVING,73.576,4.000,97.510,"GoalBlock{x=80,y=4,z=96}",21,13,MovementTraverse,178,76,76,,
5399,0,Husk,T3/59,MOVING,73.857,4.000,97.508,"GoalBlock{x=80,y=4,z=96}",21,13,MovementTraverse,178,76,76,,
5400,0,Husk,T3/59,MOVING,74.138,4.000,97.507,"GoalBlock{x=80,y=4,z=96}",21,13,MovementTraverse,178,76,76,,
5401,0,Husk,T3/59,MOVING,74.418,4.000,97.506,"GoalBlock{x=80,y=4,z=96}",21,14,MovementTraverse,178,76,76,,
5402,0,Husk,T3/59,MOVING,74.699,4.000,97.505,"GoalBlock{x=80,y=4,z=96}",21,14,MovementTraverse,178,76,76,,
5403,0,Husk,T3/59,MOVING,74.979,4.000,97.505,"GoalBlock{x=80,y=4,z=96}",21,14,MovementTraverse,178,76,76,,
5404,0,Husk,T3/59,MOVING,75.260,4.000,97.503,"GoalBlock{x=80,y=4,z=96}",21,14,MovementTraverse,178,76,76,,
5405,0,Husk,T3/59,MOVING,75.541,4.000,97.503,"GoalBlock{x=80,y=4,z=96}",21,15,MovementTraverse,178,76,76,,
5406,0,Husk,T3/59,MOVING,75.821,4.000,97.503,"GoalBlock{x=80,y=4,z=96}",21,15,MovementTraverse,178,76,76,,
5407,0,Husk,T3/59,MOVING,76.102,4.000,97.502,"GoalBlock{x=80,y=4,z=96}",21,15,MovementTraverse,178,76,76,,
5408,0,Husk,T3/59,MOVING,76.382,4.000,97.502,"GoalBlock{x=80,y=4,z=96}",21,16,MovementTraverse,178,76,76,,
5409,0,Husk,T3/59,MOVING,76.663,4.000,97.502,"GoalBlock{x=80,y=4,z=96}",21,16,MovementTraverse,178,76,76,,
5410,0,Husk,T3/59,MOVING,76.944,4.000,97.502,"GoalBlock{x=80,y=4,z=96}",21,16,MovementTraverse,178,76,76,,
5411,0,Husk,T3/59,MOVING,77.224,4.000,97.501,"GoalBlock{x=80,y=4,z=96}",21,16,MovementTraverse,178,76,76,,
5412,0,Husk,T3/59,MOVING,77.505,4.000,97.501,"GoalBlock{x=80,y=4,z=96}",21,17,MovementTraverse,178,76,76,,
5413,0,Husk,T3/59,MOVING,77.786,4.000,97.501,"GoalBlock{x=80,y=4,z=96}",21,17,MovementTraverse,178,76,76,,
5414,0,Husk,T3/59,MOVING,78.066,4.000,97.501,"GoalBlock{x=80,y=4,z=96}",21,17,MovementTraverse,178,76,76,,
5415,0,Husk,T3/59,MOVING,78.347,4.000,97.501,"GoalBlock{x=80,y=4,z=96}",21,18,MovementTraverse,178,76,76,,
5416,0,Husk,T3/59,MOVING,78.627,4.000,97.501,"GoalBlock{x=80,y=4,z=96}",21,18,MovementTraverse,178,76,76,,
5417,0,Husk,T3/59,MOVING,78.908,4.000,97.501,"GoalBlock{x=80,y=4,z=96}",21,18,MovementTraverse,178,76,76,,
5418,0,Husk,T3/59,MOVING,79.189,4.000,97.500,"GoalBlock{x=80,y=4,z=96}",21,18,MovementTraverse,178,76,76,,
5419,0,Husk,T3/59,MOVING,79.452,4.000,97.437,"GoalBlock{x=80,y=4,z=96}",21,19,MovementDiagonal,178,76,76,,
5420,0,Husk,T3/59,MOVING,79.691,4.000,97.317,"GoalBlock{x=80,y=4,z=96}",21,19,MovementDiagonal,178,76,76,,
5421,0,Husk,T3/59,MOVING,79.911,4.000,97.161,"GoalBlock{x=80,y=4,z=96}",21,19,MovementDiagonal,178,76,76,,
5422,0,Husk,T3/59,MOVING,80.116,4.000,96.981,"GoalBlock{x=80,y=4,z=96}",21,19,MovementDiagonal,178,76,76,,
5423,0,Husk,T3/59,ARRIVED,80.228,4.000,96.882,,-1,-1,,178,76,76,,CANCELED
5424,0,Husk,T3/60,ARRIVED,60.500,14.000,108.500,,-1,-1,,178,76,76,,CANCELED|CANCELED
5425,0,Husk,T3/60,ARRIVED,60.500,14.000,108.500,,-1,-1,,178,76,76,,
5426,0,Husk,T3/60,ARRIVED,60.500,14.000,108.500,,-1,-1,,178,76,76,,
5427,0,Husk,T3/60,ARRIVED,60.500,14.000,108.500,,-1,-1,,178,76,76,,
5428,0,Husk,T3/60,ARRIVED,60.500,14.000,108.500,,-1,-1,,178,76,76,,
5429,0,Husk,T3/60,ARRIVED,60.500,14.000,108.500,,-1,-1,,178,76,76,,
5430,0,Husk,T3/60,ARRIVED,60.500,14.000,108.500,,-1,-1,,178,76,76,,
5431,0,Husk,T3/60,ARRIVED,60.500,14.000,108.500,,-1,-1,,178,76,76,,
5432,0,Husk,T3/60,ARRIVED,60.500,14.000,108.500,,-1,-1,,178,76,76,,
5433,0,Husk,T3/60,ARRIVED,60.500,14.000,108.500,,-1,-1,,178,76,76,,
5434,0,Husk,T3/60,SEARCHING,60.500,14.000,108.500,"GoalBlock{x=75,y=4,z=108}",-1,-1,,178,77,77,,CALC_STARTED
5435,0,Husk,T3/60,MOVING,60.627,14.000,108.500,"GoalBlock{x=75,y=4,z=108}",16,0,MovementTraverse,214,77,77,,CALC_FINISHED_NOW_EXECUTING
5436,0,Husk,T3/60,MOVING,60.824,14.000,108.500,"GoalBlock{x=75,y=4,z=108}",16,0,MovementTraverse,214,77,77,,
5437,0,Husk,T3/60,MOVING,61.059,14.000,108.500,"GoalBlock{x=75,y=4,z=108}",16,0,MovementTraverse,214,77,77,,
5438,0,Husk,T3/60,MOVING,61.315,14.000,108.500,"GoalBlock{x=75,y=4,z=108}",16,1,MovementTraverse,214,77,77,,
5439,0,Husk,T3/60,MOVING,61.582,14.000,108.500,"GoalBlock{x=75,y=4,z=108}",16,1,MovementTraverse,214,77,77,,
5440,0,Husk,T3/60,MOVING,61.855,14.000,108.500,"GoalBlock{x=75,y=4,z=108}",16,1,MovementTraverse,214,77,77,,
5441,0,Husk,T3/60,MOVING,62.132,14.000,108.500,"GoalBlock{x=75,y=4,z=108}",16,1,MovementTraverse,214,77,77,,
5442,0,Husk,T3/60,MOVING,62.410,14.000,108.500,"GoalBlock{x=75,y=4,z=108}",16,2,MovementTraverse,214,77,77,,
5443,0,Husk,T3/60,MOVING,62.690,14.000,108.500,"GoalBlock{x=75,y=4,z=108}",16,2,MovementTraverse,214,77,77,,
5444,0,Husk,T3/60,MOVING,62.969,14.000,108.500,"GoalBlock{x=75,y=4,z=108}",16,2,MovementTraverse,214,77,77,,
5445,0,Husk,T3/60,MOVING,63.250,14.000,108.500,"GoalBlock{x=75,y=4,z=108}",16,2,MovementTraverse,214,77,77,,
5446,0,Husk,T3/60,MOVING,63.501,14.000,108.500,"GoalBlock{x=75,y=4,z=108}",16,3,MovementFall,214,77,77,,
5447,0,Husk,T3/60,MOVING,63.736,14.000,108.500,"GoalBlock{x=75,y=4,z=108}",16,3,MovementFall,214,77,77,,
5448,0,Husk,T3/60,MOVING,63.962,14.000,108.500,"GoalBlock{x=75,y=4,z=108}",16,3,MovementFall,214,77,77,,
5449,0,Husk,T3/60,MOVING,64.184,14.000,108.500,"GoalBlock{x=75,y=4,z=108}",16,3,MovementFall,214,77,77,,
5450,0,Husk,T3/60,MOVING,64.403,14.000,108.500,"GoalBlock{x=75,y=4,z=108}",16,3,MovementFall,214,77,77,,
5451,0,Husk,T3/60,MOVING,64.522,13.922,108.500,"GoalBlock{x=75,y=4,z=108}",16,3,MovementFall,214,77,77,,
5452,0,Husk,T3/60,MOVING,64.588,13.766,108.500,"GoalBlock{x=75,y=4,z=108}",16,3,MovementFall,214,77,77,,
5453,0,Husk,T3/60,MOVING,64.647,13.536,108.480,"GoalBlock{x=75,y=4,z=108}",16,3,MovementFall,214,77,77,,
5454,0,Husk,T3/60,MOVING,64.691,13.232,108.446,"GoalBlock{x=75,y=4,z=108}",16,3,MovementFall,214,77,77,,
5455,0,Husk,T3/60,MOVING,64.715,12.855,108.404,"GoalBlock{x=75,y=4,z=108}",16,3,MovementFall,214,77,77,,
5456,0,Husk,T3/60,MOVING,64.730,12.407,108.366,"GoalBlock{x=75,y=4,z=108}",16,3,MovementFall,214,77,77,,
5457,0,Husk,T3/60,MOVING,64.738,11.890,108.334,"GoalBlock{x=75,y=4,z=108}",16,3,MovementFall,214,77,77,,
5458,0,Husk,T3/60,MOVING,64.741,11.305,108.307,"GoalBlock{x=75,y=4,z=108}",16,3,MovementFall,214,77,77,,
5459,0,Husk,T3/60,MOVING,64.735,10.654,108.285,"GoalBlock{x=75,y=4,z=108}",16,3,MovementFall,214,77,77,,
5460,0,Husk,T3/60,MOVING,64.726,9.937,108.269,"GoalBlock{x=75,y=4,z=108}",16,3,MovementFall,214,77,77,,
5461,0,Husk,T3/60,MOVING,64.712,9.156,108.257,"GoalBlock{x=75,y=4,z=108}",16,3,MovementFall,214,77,77,,
5462,0,Husk,T3/60,MOVING,64.695,8.312,108.249,"GoalBlock{x=75,y=4,z=108}",16,3,MovementFall,214,77,77,,
5463,0,Husk,T3/60,MOVING,64.674,7.406,108.246,"GoalBlock{x=75,y=4,z=108}",16,3,MovementFall,214,77,77,,
5464,0,Husk,T3/60,MOVING,64.651,6.440,108.250,"GoalBlock{x=75,y=4,z=108}",16,3,MovementFall,214,77,77,,
5465,0,Husk,T3/60,MOVING,64.626,5.416,108.257,"GoalBlock{x=75,y=4,z=108}",16,3,MovementFall,214,77,77,,
5466,0,Husk,T3/60,MOVING,64.598,4.333,108.268,"GoalBlock{x=75,y=4,z=108}",16,3,MovementFall,214,77,77,,
5467,0,Husk,T3/60,MOVING,64.570,3.193,108.282,"GoalBlock{x=75,y=4,z=108}",16,3,MovementFall,214,77,77,,
5468,0,Husk,T3/60,MOVING,64.539,2.038,108.299,"GoalBlock{x=75,y=4,z=108}",16,3,MovementFall,214,77,77,,
5469,0,Husk,T3/60,MOVING,64.511,2.000,108.318,"GoalBlock{x=75,y=4,z=108}",16,3,MovementFall,214,77,77,,
5470,0,Husk,T3/60,MOVING,64.477,2.020,108.348,"GoalBlock{x=75,y=4,z=108}",16,3,MovementFall,214,77,77,,
5471,0,Husk,T3/60,MOVING,64.439,2.056,108.388,"GoalBlock{x=75,y=4,z=108}",16,3,MovementFall,214,77,77,,
5472,0,Husk,T3/60,MOVING,64.409,2.105,108.421,"GoalBlock{x=75,y=4,z=108}",16,3,MovementFall,214,77,77,,
5473,0,Husk,T3/60,MOVING,64.377,2.164,108.465,"GoalBlock{x=75,y=4,z=108}",16,3,MovementFall,214,77,77,,
5474,0,Husk,T3/60,MOVING,64.350,2.231,108.520,"GoalBlock{x=75,y=4,z=108}",16,3,MovementFall,214,77,77,,
5475,0,Husk,T3/60,MOVING,64.338,2.305,108.581,"GoalBlock{x=75,y=4,z=108}",16,3,MovementFall,214,77,77,,
5476,0,Husk,T3/60,MOVING,64.345,2.384,108.640,"GoalBlock{x=75,y=4,z=108}",16,3,MovementFall,214,77,77,,
5477,0,Husk,T3/60,MOVING,64.370,2.467,108.689,"GoalBlock{x=75,y=4,z=108}",16,3,MovementFall,214,77,77,,
5478,0,Husk,T3/60,MOVING,64.407,2.554,108.719,"GoalBlock{x=75,y=4,z=108}",16,3,MovementFall,214,77,77,,
5479,0,Husk,T3/60,MOVING,64.447,2.643,108.726,"GoalBlock{x=75,y=4,z=108}",16,3,MovementFall,214,77,77,,
5480,0,Husk,T3/60,MOVING,64.481,2.734,108.712,"GoalBlock{x=75,y=4,z=108}",16,3,MovementFall,214,77,77,,
5481,0,Husk,T3/60,MOVING,64.498,2.827,108.683,"GoalBlock{x=75,y=4,z=108}",16,3,MovementFall,214,77,77,,
5482,0,Husk,T3/60,MOVING,64.502,2.922,108.644,"GoalBlock{x=75,y=4,z=108}",16,3,MovementFall,214,77,77,,
5483,0,Husk,T3/60,MOVING,64.500,3.018,108.594,"GoalBlock{x=75,y=4,z=108}",16,4,MovementTraverse,214,77,77,,
5484,0,Husk,T3/60,MOVING,64.509,3.114,108.535,"GoalBlock{x=75,y=4,z=108}",16,4,MovementTraverse,214,77,77,,
5485,0,Husk,T3/60,MOVING,64.532,3.211,108.478,"GoalBlock{x=75,y=4,z=108}",16,4,MovementTraverse,214,77,77,,
5486,0,Husk,T3/60,MOVING,64.570,3.309,108.430,"GoalBlock{x=75,y=4,z=108}",16,4,MovementTraverse,214,77,77,,
5487,0,Husk,T3/60,MOVING,64.620,3.407,108.394,"GoalBlock{x=75,y=4,z=108}",16,4,MovementTraverse,214,77,77,,
5488,0,Husk,T3/60,MOVING,64.680,3.506,108.367,"GoalBlock{x=75,y=4,z=108}",16,4,MovementTraverse,214,77,77,,
5489,0,Husk,T3/60,MOVING,64.747,3.605,108.349,"GoalBlock{x=75,y=4,z=108}",16,4,MovementTraverse,214,77,77,,
5490,0,Husk,T3/60,MOVING,64.825,3.664,108.339,"GoalBlock{x=75,y=4,z=108}",16,4,MovementTraverse,214,77,77,,
5491,0,Husk,T3/60,MOVING,64.921,3.643,108.336,"GoalBlock{x=75,y=4,z=108}",16,4,MovementTraverse,214,77,77,,
5492,0,Husk,T3/60,MOVING,65.034,3.545,108.343,"GoalBlock{x=75,y=4,z=108}",16,4,MovementTraverse,214,77,77,,
5493,0,Husk,T3/60,MOVING,65.155,3.410,108.352,"GoalBlock{x=75,y=4,z=108}",16,5,MovementTraverse,214,77,77,,
5494,0,Husk,T3/60,MOVING,65.272,3.322,108.360,"GoalBlock{x=75,y=4,z=108}",16,5,MovementTraverse,214,77,77,,
5495,0,Husk,T3/60,MOVING,65.384,3.271,108.370,"GoalBlock{x=75,y=4,z=108}",16,5,MovementTraverse,214,77,77,,
5496,0,Husk,T3/60,MOVING,65.494,3.251,108.380,"GoalBlock{x=75,y=4,z=108}",16,5,MovementTraverse,214,77,77,,
5497,0,Husk,T3/60,MOVING,65.601,3.255,108.390,"GoalBlock{x=75,y=4,z=108}",16,5,MovementTraverse,214,77,77,,
5498,0,Husk,T3/60,MOVING,65.707,3.278,108.400,"GoalBlock{x=75,y=4,z=108}",16,5,MovementTraverse,214,77,77,,
5499,0,Husk,T3/60,MOVING,65.810,3.318,108.411,"GoalBlock{x=75,y=4,z=108}",16,5,MovementTraverse,214,77,77,,
5500,0,Husk,T3/60,MOVING,65.913,3.370,108.422,"GoalBlock{x=75,y=4,z=108}",16,5,MovementTraverse,214,77,77,,
5501,0,Husk,T3/60,MOVING,66.014,3.432,108.434,"GoalBlock{x=75,y=4,z=108}",16,5,MovementTraverse,214,77,77,,
5502,0,Husk,T3/60,MOVING,66.115,3.501,108.444,"GoalBlock{x=75,y=4,z=108}",16,6,MovementTraverse,214,77,77,,
5503,0,Husk,T3/60,MOVING,66.215,3.576,108.453,"GoalBlock{x=75,y=4,z=108}",16,6,MovementTraverse,214,77,77,,
5504,0,Husk,T3/60,MOVING,66.314,3.657,108.460,"GoalBlock{x=75,y=4,z=108}",16,6,MovementTraverse,214,77,77,,
5505,0,Husk,T3/60,MOVING,66.420,3.701,108.468,"GoalBlock{x=75,y=4,z=108}",16,6,MovementTraverse,214,77,77,,
5506,0,Husk,T3/60,MOVING,66.541,3.666,108.475,"GoalBlock{x=75,y=4,z=108}",16,6,MovementTraverse,214,77,77,,
5507,0,Husk,T3/60,MOVING,66.677,3.553,108.482,"GoalBlock{x=75,y=4,z=108}",16,6,MovementTraverse,214,77,77,,
5508,0,Husk,T3/60,MOVING,66.820,3.404,108.489,"GoalBlock{x=75,y=4,z=108}",16,6,MovementTraverse,214,77,77,,
5509,0,Husk,T3/60,MOVING,66.954,3.305,108.495,"GoalBlock{x=75,y=4,z=108}",16,6,MovementTraverse,214,77,77,,
5510,0,Husk,T3/60,MOVING,67.081,3.246,108.500,"GoalBlock{x=75,y=4,z=108}",16,6,MovementTraverse,214,77,77,,
5511,0,Husk,T3/60,MOVING,67.202,3.219,108.504,"GoalBlock{x=75,y=4,z=108}",16,7,MovementTraverse,214,77,77,,
5512,0,Husk,T3/60,MOVING,67.318,3.217,108.507,"GoalBlock{x=75,y=4,z=108}",16,7,MovementTraverse,214,77,77,,
5513,0,Husk,T3/60,MOVING,67.431,3.235,108.507,"GoalBlock{x=75,y=4,z=108}",16,7,MovementTraverse,214,77,77,,
5514,0,Husk,T3/60,MOVING,67.541,3.270,108.507,"GoalBlock{x=75,y=4,z=108}",16,7,MovementTraverse,214,77,77,,
5515,0,Husk,T3/60,MOVING,67.648,3.318,108.507,"GoalBlock{x=75,y=4,z=108}",16,7,MovementTraverse,214,77,77,,
5516,0,Husk,T3/60,MOVING,67.754,3.376,108.506,"GoalBlock{x=75,y=4,z=108}",16,7,MovementTraverse,214,77,77,,
5517,0,Husk,T3/60,MOVING,67.858,3.442,108.506,"GoalBlock{x=75,y=4,z=108}",16,7,MovementTraverse,214,77,77,,
5518,0,Husk,T3/60,MOVING,67.961,3.516,108.506,"GoalBlock{x=75,y=4,z=108}",16,7,MovementTraverse,214,77,77,,
5519,0,Husk,T3/60,MOVING,68.063,3.594,108.506,"GoalBlock{x=75,y=4,z=108}",16,7,MovementTraverse,214,77,77,,
5520,0,Husk,T3/60,MOVING,68.164,3.677,108.506,"GoalBlock{x=75,y=4,z=108}",16,8,MovementAscend,214,77,77,,
5521,0,Husk,T3/60,MOVING,68.264,3.724,108.506,"GoalBlock{x=75,y=4,z=108}",16,8,MovementAscend,214,77,77,,
5522,0,Husk,T3/60,MOVING,68.375,3.691,108.506,"GoalBlock{x=75,y=4,z=108}",16,8,MovementAscend,214,77,77,,
5523,0,Husk,T3/60,MOVING,68.496,3.580,108.506,"GoalBlock{x=75,y=4,z=108}",16,8,MovementAscend,214,77,77,,
5524,0,Husk,T3/60,MOVING,68.625,3.433,108.505,"GoalBlock{x=75,y=4,z=108}",16,8,MovementAscend,214,77,77,,
5525,0,Husk,T3/60,MOVING,68.700,3.335,108.505,"GoalBlock{x=75,y=4,z=108}",16,8,MovementAscend,214,77,77,,
5526,0,Husk,T3/60,MOVING,68.700,3.277,108.505,"GoalBlock{x=75,y=4,z=108}",16,8,MovementAscend,214,77,77,,
5527,0,Husk,T3/60,MOVING,68.700,3.251,108.505,"GoalBlock{x=75,y=4,z=108}",16,8,MovementAscend,214,77,77,,
5528,0,Husk,T3/60,MOVING,68.700,3.250,108.505,"GoalBlock{x=75,y=4,z=108}",16,8,MovementAscend,214,77,77,,
5529,0,Husk,T3/60,MOVING,68.700,3.269,108.505,"GoalBlock{x=75,y=4,z=108}",16,8,MovementAscend,214,77,77,,
5530,0,Husk,T3/60,MOVING,68.700,3.304,108.505,"GoalBlock{x=75,y=4,z=108}",16,8,MovementAscend,214,77,77,,
5531,0,Husk,T3/60,MOVING,68.700,3.352,108.505,"GoalBlock{x=75,y=4,z=108}",16,8,MovementAscend,214,77,77,,
5532,0,Husk,T3/60,MOVING,68.700,3.411,108.504,"GoalBlock{x=75,y=4,z=108}",16,8,MovementAscend,214,77,77,,
5533,0,Husk,T3/60,MOVING,68.700,3.478,108.504,"GoalBlock{x=75,y=4,z=108}",16,8,MovementAscend,214,77,77,,
5534,0,Husk,T3/60,MOVING,68.700,3.818,108.504,"GoalBlock{x=75,y=4,z=108}",16,8,MovementAscend,214,77,77,,
5535,0,Husk,T3/60,MOVING,68.720,4.118,108.504,"GoalBlock{x=75,y=4,z=108}",16,8,MovementAscend,214,77,77,,
5536,0,Husk,T3/60,MOVING,68.757,4.333,108.504,"GoalBlock{x=75,y=4,z=108}",16,8,MovementAscend,214,77,77,,
5537,0,Husk,T3/60,MOVING,68.811,4.466,108.504,"GoalBlock{x=75,y=4,z=108}",16,8,MovementAscend,214,77,77,,
5538,0,Husk,T3/60,MOVING,68.879,4.518,108.504,"GoalBlock{x=75,y=4,z=108}",16,8,MovementAscend,214,77,77,,
5539,0,Husk,T3/60,MOVING,68.961,4.490,108.504,"GoalBlock{x=75,y=4,z=108}",16,8,MovementAscend,214,77,77,,
5540,0,Husk,T3/60,MOVING,69.055,4.385,108.504,"GoalBlock{x=75,y=4,z=108}",16,8,MovementAscend,214,77,77,,
5541,0,Husk,T3/60,MOVING,69.166,4.203,108.503,"GoalBlock{x=75,y=4,z=108}",16,9,MovementTraverse,214,77,77,,
5542,0,Husk,T3/60,MOVING,69.293,4.000,108.503,"GoalBlock{x=75,y=4,z=108}",16,9,MovementTraverse,214,77,77,,
5543,0,Husk,T3/60,MOVING,69.535,4.000,108.503,"GoalBlock{x=75,y=4,z=108}",16,9,MovementTraverse,214,77,77,,
5544,0,Husk,T3/60,MOVING,69.795,4.000,108.503,"GoalBlock{x=75,y=4,z=108}",16,9,MovementTraverse,214,77,77,,
5545,0,Husk,T3/60,MOVING,70.065,4.000,108.502,"GoalBlock{x=75,y=4,z=108}",16,9,MovementTraverse,214,77,77,,
5546,0,Husk,T3/60,MOVING,70.339,4.000,108.502,"GoalBlock{x=75,y=4,z=108}",16,10,MovementTraverse,214,77,77,,
5547,0,Husk,T3/60,MOVING,70.616,4.000,108.502,"GoalBlock{x=75,y=4,z=108}",16,10,MovementTraverse,214,77,77,,
5548,0,Husk,T3/60,MOVING,70.895,4.000,108.502,"GoalBlock{x=75,y=4,z=108}",16,10,MovementTraverse,214,77,77,,
5549,0,Husk,T3/60,MOVING,71.175,4.000,108.501,"GoalBlock{x=75,y=4,z=108}",16,10,MovementTraverse,214,77,77,,
5550,0,Husk,T3/60,MOVING,71.455,4.000,108.501,"GoalBlock{x=75,y=4,z=108}",16,11,MovementTraverse,214,77,77,,
5551,0,Husk,T3/60,MOVING,71.735,4.000,108.501,"GoalBlock{x=75,y=4,z=108}",16,11,MovementTraverse,214,77,77,,
5552,0,Husk,T3/60,MOVING,72.015,4.000,108.501,"GoalBlock{x=75,y=4,z=108}",16,11,MovementTraverse,214,77,77,,
5553,0,Husk,T3/60,MOVING,72.296,4.000,108.501,"GoalBlock{x=75,y=4,z=108}",16,12,MovementTraverse,214,77,77,,
5554,0,Husk,T3/60,MOVING,72.577,4.000,108.501,"GoalBlock{x=75,y=4,z=108}",16,12,MovementTraverse,214,77,77,,
5555,0,Husk,T3/60,MOVING,72.857,4.000,108.501,"GoalBlock{x=75,y=4,z=108}",16,12,MovementTraverse,214,77,77,,
5556,0,Husk,T3/60,MOVING,73.138,4.000,108.500,"GoalBlock{x=75,y=4,z=108}",16,12,MovementTraverse,214,77,77,,
5557,0,Husk,T3/60,MOVING,73.418,4.000,108.500,"GoalBlock{x=75,y=4,z=108}",16,13,MovementTraverse,214,77,77,,
5558,0,Husk,T3/60,MOVING,73.699,4.000,108.500,"GoalBlock{x=75,y=4,z=108}",16,13,MovementTraverse,214,77,77,,
5559,0,Husk,T3/60,MOVING,73.980,4.000,108.500,"GoalBlock{x=75,y=4,z=108}",16,13,MovementTraverse,214,77,77,,
5560,0,Husk,T3/60,MOVING,74.260,4.000,108.500,"GoalBlock{x=75,y=4,z=108}",16,13,MovementTraverse,214,77,77,,
5561,0,Husk,T3/60,MOVING,74.541,4.000,108.500,"GoalBlock{x=75,y=4,z=108}",16,14,MovementTraverse,214,77,77,,
5562,0,Husk,T3/60,MOVING,74.821,4.000,108.500,"GoalBlock{x=75,y=4,z=108}",16,14,MovementTraverse,214,77,77,,
5563,0,Husk,T3/60,MOVING,75.102,4.000,108.500,"GoalBlock{x=75,y=4,z=108}",16,14,MovementTraverse,214,77,77,,
5564,0,Husk,T3/60,ARRIVED,75.255,4.000,108.500,,-1,-1,,214,77,77,,CANCELED
5565,0,Husk,T3/61,ARRIVED,0.500,4.000,0.500,,-1,-1,,214,77,77,,
5566,0,Husk,T3/61,ARRIVED,0.500,4.000,0.500,,-1,-1,,214,77,77,,
5567,0,Husk,T3/61,ARRIVED,0.500,4.000,0.500,,-1,-1,,214,77,77,,
5568,0,Husk,T3/61,ARRIVED,0.500,4.000,0.500,,-1,-1,,214,77,77,,
5569,0,Husk,T3/61,ARRIVED,0.500,4.000,0.500,,-1,-1,,214,77,77,,
5570,0,Husk,T3/61,ARRIVED,0.500,4.000,0.500,,-1,-1,,214,77,77,,
5571,0,Husk,T3/61,ARRIVED,0.500,4.000,0.500,,-1,-1,,214,77,77,,
5572,0,Husk,T3/61,ARRIVED,0.500,4.000,0.500,,-1,-1,,214,77,77,,
5573,0,Husk,T3/61,ARRIVED,0.500,4.000,0.500,,-1,-1,,214,77,77,,
5574,0,Husk,T3/61,ARRIVED,0.500,4.000,0.500,,-1,-1,,214,77,77,,
5575,0,Husk,T3/61,ARRIVED,0.500,4.000,0.500,,-1,-1,,214,77,77,,
5576,0,Husk,T3/61,ARRIVED,0.500,4.000,0.500,,-1,-1,,214,77,77,,
5577,0,Husk,T3/61,ARRIVED,0.500,4.000,0.500,,-1,-1,,214,77,77,,
5578,0,Husk,T3/61,ARRIVED,0.500,4.000,0.500,,-1,-1,,214,77,77,,
5579,0,Husk,T3/61,ARRIVED,0.500,4.000,0.500,,-1,-1,,214,77,77,,
5580,0,Husk,T3/61,ARRIVED,0.500,4.000,0.500,,-1,-1,,214,77,77,,
5581,0,Husk,T3/61,ARRIVED,0.500,4.000,0.500,,-1,-1,,214,77,77,,
5582,0,Husk,T3/61,ARRIVED,0.500,4.000,0.500,,-1,-1,,214,77,77,,
5583,0,Husk,T3/61,ARRIVED,0.500,4.000,0.500,,-1,-1,,214,77,77,,
5584,0,Husk,T3/61,ARRIVED,0.500,4.000,0.500,,-1,-1,,214,77,77,,
5585,0,Husk,T3/61,ARRIVED,0.500,4.000,0.500,,-1,-1,,214,77,77,,
5586,0,Husk,T3/62,ARRIVED,0.500,4.000,12.500,,-1,-1,,214,77,77,,
5587,0,Husk,T3/62,ARRIVED,0.500,4.000,12.500,,-1,-1,,214,77,77,,
5588,0,Husk,T3/62,ARRIVED,0.500,4.000,12.500,,-1,-1,,214,77,77,,
5589,0,Husk,T3/62,ARRIVED,0.500,4.000,12.500,,-1,-1,,214,77,77,,
5590,0,Husk,T3/62,ARRIVED,0.500,4.000,12.500,,-1,-1,,214,77,77,,
5591,0,Husk,T3/62,ARRIVED,0.500,4.000,12.500,,-1,-1,,214,77,77,,
5592,0,Husk,T3/62,ARRIVED,0.500,4.000,12.500,,-1,-1,,214,77,77,,
5593,0,Husk,T3/62,ARRIVED,0.500,4.000,12.500,,-1,-1,,214,77,77,,
5594,0,Husk,T3/62,ARRIVED,0.500,4.000,12.500,,-1,-1,,214,77,77,,
5595,0,Husk,T3/62,ARRIVED,0.500,4.000,12.500,,-1,-1,,214,77,77,,
5596,0,Husk,T3/62,ARRIVED,0.500,4.000,12.500,,-1,-1,,214,77,77,,
5597,0,Husk,T3/62,ARRIVED,0.500,4.000,12.500,,-1,-1,,214,77,77,,
5598,0,Husk,T3/62,ARRIVED,0.500,4.000,12.500,,-1,-1,,214,77,77,,
5599,0,Husk,T3/62,ARRIVED,0.500,4.000,12.500,,-1,-1,,214,77,77,,
5600,0,Husk,T3/62,ARRIVED,0.500,4.000,12.500,,-1,-1,,214,77,77,,
5601,0,Husk,T3/62,ARRIVED,0.500,4.000,12.500,,-1,-1,,214,77,77,,
5602,0,Husk,T3/62,ARRIVED,0.500,4.000,12.500,,-1,-1,,214,77,77,,
5603,0,Husk,T3/62,ARRIVED,0.500,4.000,12.500,,-1,-1,,214,77,77,,
5604,0,Husk,T3/62,ARRIVED,0.500,4.000,12.500,,-1,-1,,214,77,77,,
5605,0,Husk,T3/62,ARRIVED,0.500,4.000,12.500,,-1,-1,,214,77,77,,
5606,0,Husk,T3/62,ARRIVED,0.500,4.000,12.500,,-1,-1,,214,77,77,,
5607,0,Husk,T3/63,ARRIVED,0.500,4.000,24.500,,-1,-1,,214,77,77,,
5608,0,Husk,T3/63,ARRIVED,0.500,4.000,24.500,,-1,-1,,214,77,77,,
5609,0,Husk,T3/63,ARRIVED,0.500,4.000,24.500,,-1,-1,,214,77,77,,
5610,0,Husk,T3/63,ARRIVED,0.500,4.000,24.500,,-1,-1,,214,77,77,,
5611,0,Husk,T3/63,ARRIVED,0.500,4.000,24.500,,-1,-1,,214,77,77,,
5612,0,Husk,T3/63,ARRIVED,0.500,4.000,24.500,,-1,-1,,214,77,77,,
5613,0,Husk,T3/63,ARRIVED,0.500,4.000,24.500,,-1,-1,,214,77,77,,
5614,0,Husk,T3/63,ARRIVED,0.500,4.000,24.500,,-1,-1,,214,77,77,,
5615,0,Husk,T3/63,ARRIVED,0.500,4.000,24.500,,-1,-1,,214,77,77,,
5616,0,Husk,T3/63,ARRIVED,0.500,4.000,24.500,,-1,-1,,214,77,77,,
5617,0,Husk,T3/63,ARRIVED,0.500,4.000,24.500,,-1,-1,,214,77,77,,
5618,0,Husk,T3/63,ARRIVED,0.500,4.000,24.500,,-1,-1,,214,77,77,,
5619,0,Husk,T3/63,ARRIVED,0.500,4.000,24.500,,-1,-1,,214,77,77,,
5620,0,Husk,T3/63,ARRIVED,0.500,4.000,24.500,,-1,-1,,214,77,77,,
5621,0,Husk,T3/63,ARRIVED,0.500,4.000,24.500,,-1,-1,,214,77,77,,
5622,0,Husk,T3/63,ARRIVED,0.500,4.000,24.500,,-1,-1,,214,77,77,,
5623,0,Husk,T3/63,ARRIVED,0.500,4.000,24.500,,-1,-1,,214,77,77,,
5624,0,Husk,T3/63,ARRIVED,0.500,4.000,24.500,,-1,-1,,214,77,77,,
5625,0,Husk,T3/63,ARRIVED,0.500,4.000,24.500,,-1,-1,,214,77,77,,
5626,0,Husk,T3/63,ARRIVED,0.500,4.000,24.500,,-1,-1,,214,77,77,,
5627,0,Husk,T3/63,ARRIVED,0.500,4.000,24.500,,-1,-1,,214,77,77,,
5628,0,Husk,T3/64,ARRIVED,3.500,8.000,36.500,,-1,-1,,214,77,77,,
5629,0,Husk,T3/64,ARRIVED,3.500,8.000,36.500,,-1,-1,,214,77,77,,
5630,0,Husk,T3/64,ARRIVED,3.500,8.000,36.500,,-1,-1,,214,77,77,,
5631,0,Husk,T3/64,ARRIVED,3.500,8.000,36.500,,-1,-1,,214,77,77,,
5632,0,Husk,T3/64,ARRIVED,3.500,8.000,36.500,,-1,-1,,214,77,77,,
5633,0,Husk,T3/64,ARRIVED,3.500,8.000,36.500,,-1,-1,,214,77,77,,
5634,0,Husk,T3/64,ARRIVED,3.500,8.000,36.500,,-1,-1,,214,77,77,,
5635,0,Husk,T3/64,ARRIVED,3.500,8.000,36.500,,-1,-1,,214,77,77,,
5636,0,Husk,T3/64,ARRIVED,3.500,8.000,36.500,,-1,-1,,214,77,77,,
5637,0,Husk,T3/64,ARRIVED,3.500,8.000,36.500,,-1,-1,,214,77,77,,
5638,0,Husk,T3/64,ARRIVED,3.500,8.000,36.500,,-1,-1,,214,77,77,,
5639,0,Husk,T3/64,ARRIVED,3.500,8.000,36.500,,-1,-1,,214,77,77,,
5640,0,Husk,T3/64,ARRIVED,3.500,8.000,36.500,,-1,-1,,214,77,77,,
5641,0,Husk,T3/64,ARRIVED,3.500,8.000,36.500,,-1,-1,,214,77,77,,
5642,0,Husk,T3/64,ARRIVED,3.500,8.000,36.500,,-1,-1,,214,77,77,,
5643,0,Husk,T3/64,ARRIVED,3.500,8.000,36.500,,-1,-1,,214,77,77,,
5644,0,Husk,T3/64,ARRIVED,3.500,8.000,36.500,,-1,-1,,214,77,77,,
5645,0,Husk,T3/64,ARRIVED,3.500,8.000,36.500,,-1,-1,,214,77,77,,
5646,0,Husk,T3/64,ARRIVED,3.500,8.000,36.500,,-1,-1,,214,77,77,,
5647,0,Husk,T3/64,ARRIVED,3.500,8.000,36.500,,-1,-1,,214,77,77,,
5648,0,Husk,T3/64,ARRIVED,3.500,8.000,36.500,,-1,-1,,214,77,77,,
5649,0,Husk,T3/65,ARRIVED,0.500,4.000,48.500,,-1,-1,,214,77,77,,
5650,0,Husk,T3/65,ARRIVED,0.500,4.000,48.500,,-1,-1,,214,77,77,,
5651,0,Husk,T3/65,ARRIVED,0.500,4.000,48.500,,-1,-1,,214,77,77,,
5652,0,Husk,T3/65,ARRIVED,0.500,4.000,48.500,,-1,-1,,214,77,77,,
5653,0,Husk,T3/65,ARRIVED,0.500,4.000,48.500,,-1,-1,,214,77,77,,
5654,0,Husk,T3/65,ARRIVED,0.500,4.000,48.500,,-1,-1,,214,77,77,,
5655,0,Husk,T3/65,ARRIVED,0.500,4.000,48.500,,-1,-1,,214,77,77,,
5656,0,Husk,T3/65,ARRIVED,0.500,4.000,48.500,,-1,-1,,214,77,77,,
5657,0,Husk,T3/65,ARRIVED,0.500,4.000,48.500,,-1,-1,,214,77,77,,
5658,0,Husk,T3/65,ARRIVED,0.500,4.000,48.500,,-1,-1,,214,77,77,,
5659,0,Husk,T3/65,ARRIVED,0.500,4.000,48.500,,-1,-1,,214,77,77,,
5660,0,Husk,T3/65,ARRIVED,0.500,4.000,48.500,,-1,-1,,214,77,77,,
5661,0,Husk,T3/65,ARRIVED,0.500,4.000,48.500,,-1,-1,,214,77,77,,
5662,0,Husk,T3/65,ARRIVED,0.500,4.000,48.500,,-1,-1,,214,77,77,,
5663,0,Husk,T3/65,ARRIVED,0.500,4.000,48.500,,-1,-1,,214,77,77,,
5664,0,Husk,T3/65,ARRIVED,0.500,4.000,48.500,,-1,-1,,214,77,77,,
5665,0,Husk,T3/65,ARRIVED,0.500,4.000,48.500,,-1,-1,,214,77,77,,
5666,0,Husk,T3/65,ARRIVED,0.500,4.000,48.500,,-1,-1,,214,77,77,,
5667,0,Husk,T3/65,ARRIVED,0.500,4.000,48.500,,-1,-1,,214,77,77,,
5668,0,Husk,T3/65,ARRIVED,0.500,4.000,48.500,,-1,-1,,214,77,77,,
5669,0,Husk,T3/65,ARRIVED,0.500,4.000,48.500,,-1,-1,,214,77,77,,
5670,0,Husk,T3/66,ARRIVED,0.500,4.000,60.500,,-1,-1,,214,77,77,,
5671,0,Husk,T3/66,ARRIVED,0.500,4.000,60.500,,-1,-1,,214,77,77,,
5672,0,Husk,T3/66,ARRIVED,0.500,4.000,60.500,,-1,-1,,214,77,77,,
5673,0,Husk,T3/66,ARRIVED,0.500,4.000,60.500,,-1,-1,,214,77,77,,
5674,0,Husk,T3/66,ARRIVED,0.500,4.000,60.500,,-1,-1,,214,77,77,,
5675,0,Husk,T3/66,ARRIVED,0.500,4.000,60.500,,-1,-1,,214,77,77,,
5676,0,Husk,T3/66,ARRIVED,0.500,4.000,60.500,,-1,-1,,214,77,77,,
5677,0,Husk,T3/66,ARRIVED,0.500,4.000,60.500,,-1,-1,,214,77,77,,
5678,0,Husk,T3/66,ARRIVED,0.500,4.000,60.500,,-1,-1,,214,77,77,,
5679,0,Husk,T3/66,ARRIVED,0.500,4.000,60.500,,-1,-1,,214,77,77,,
5680,0,Husk,T3/66,ARRIVED,0.500,4.000,60.500,,-1,-1,,214,77,77,,
5681,0,Husk,T3/66,ARRIVED,0.500,4.000,60.500,,-1,-1,,214,77,77,,
5682,0,Husk,T3/66,ARRIVED,0.500,4.000,60.500,,-1,-1,,214,77,77,,
5683,0,Husk,T3/66,ARRIVED,0.500,4.000,60.500,,-1,-1,,214,77,77,,
5684,0,Husk,T3/66,ARRIVED,0.500,4.000,60.500,,-1,-1,,214,77,77,,
5685,0,Husk,T3/66,ARRIVED,0.500,4.000,60.500,,-1,-1,,214,77,77,,
5686,0,Husk,T3/66,ARRIVED,0.500,4.000,60.500,,-1,-1,,214,77,77,,
5687,0,Husk,T3/66,ARRIVED,0.500,4.000,60.500,,-1,-1,,214,77,77,,
5688,0,Husk,T3/66,ARRIVED,0.500,4.000,60.500,,-1,-1,,214,77,77,,
5689,0,Husk,T3/66,ARRIVED,0.500,4.000,60.500,,-1,-1,,214,77,77,,
5690,0,Husk,T3/66,ARRIVED,0.500,4.000,60.500,,-1,-1,,214,77,77,,
5691,0,Husk,T3/67,ARRIVED,0.500,4.000,72.500,,-1,-1,,214,77,77,,
5692,0,Husk,T3/67,ARRIVED,0.500,4.000,72.500,,-1,-1,,214,77,77,,
5693,0,Husk,T3/67,ARRIVED,0.500,4.000,72.500,,-1,-1,,214,77,77,,
5694,0,Husk,T3/67,ARRIVED,0.500,4.000,72.500,,-1,-1,,214,77,77,,
5695,0,Husk,T3/67,ARRIVED,0.500,4.000,72.500,,-1,-1,,214,77,77,,
5696,0,Husk,T3/67,ARRIVED,0.500,4.000,72.500,,-1,-1,,214,77,77,,
5697,0,Husk,T3/67,ARRIVED,0.500,4.000,72.500,,-1,-1,,214,77,77,,
5698,0,Husk,T3/67,ARRIVED,0.500,4.000,72.500,,-1,-1,,214,77,77,,
5699,0,Husk,T3/67,ARRIVED,0.500,4.000,72.500,,-1,-1,,214,77,77,,
5700,0,Husk,T3/67,ARRIVED,0.500,4.000,72.500,,-1,-1,,214,77,77,,
5701,0,Husk,T3/67,ARRIVED,0.500,4.000,72.500,,-1,-1,,214,77,77,,
5702,0,Husk,T3/67,ARRIVED,0.500,4.000,72.500,,-1,-1,,214,77,77,,
5703,0,Husk,T3/67,ARRIVED,0.500,4.000,72.500,,-1,-1,,214,77,77,,
5704,0,Husk,T3/67,ARRIVED,0.500,4.000,72.500,,-1,-1,,214,77,77,,
5705,0,Husk,T3/67,ARRIVED,0.500,4.000,72.500,,-1,-1,,214,77,77,,
5706,0,Husk,T3/67,ARRIVED,0.500,4.000,72.500,,-1,-1,,214,77,77,,
5707,0,Husk,T3/67,ARRIVED,0.500,4.000,72.500,,-1,-1,,214,77,77,,
5708,0,Husk,T3/67,ARRIVED,0.500,4.000,72.500,,-1,-1,,214,77,77,,
5709,0,Husk,T3/67,ARRIVED,0.500,4.000,72.500,,-1,-1,,214,77,77,,
5710,0,Husk,T3/67,ARRIVED,0.500,4.000,72.500,,-1,-1,,214,77,77,,
5711,0,Husk,T3/67,ARRIVED,0.500,4.000,72.500,,-1,-1,,214,77,77,,
5712,0,Husk,T3/68,ARRIVED,20.500,4.000,84.500,,-1,-1,,214,77,77,,
5713,0,Husk,T3/68,ARRIVED,20.500,4.000,84.500,,-1,-1,,214,77,77,,
5714,0,Husk,T3/68,ARRIVED,20.500,4.000,84.500,,-1,-1,,214,77,77,,
5715,0,Husk,T3/68,ARRIVED,20.500,4.000,84.500,,-1,-1,,214,77,77,,
5716,0,Husk,T3/68,ARRIVED,20.500,4.000,84.500,,-1,-1,,214,77,77,,
5717,0,Husk,T3/68,ARRIVED,20.500,4.000,84.500,,-1,-1,,214,77,77,,
5718,0,Husk,T3/68,ARRIVED,20.500,4.000,84.500,,-1,-1,,214,77,77,,
5719,0,Husk,T3/68,ARRIVED,20.500,4.000,84.500,,-1,-1,,214,77,77,,
5720,0,Husk,T3/68,ARRIVED,20.500,4.000,84.500,,-1,-1,,214,77,77,,
5721,0,Husk,T3/68,ARRIVED,20.500,4.000,84.500,,-1,-1,,214,77,77,,
5722,0,Husk,T3/68,ARRIVED,20.500,4.000,84.500,,-1,-1,,214,77,77,,
5723,0,Husk,T3/68,ARRIVED,20.500,4.000,84.500,,-1,-1,,214,77,77,,
5724,0,Husk,T3/68,ARRIVED,20.500,4.000,84.500,,-1,-1,,214,77,77,,
5725,0,Husk,T3/68,ARRIVED,20.500,4.000,84.500,,-1,-1,,214,77,77,,
5726,0,Husk,T3/68,ARRIVED,20.500,4.000,84.500,,-1,-1,,214,77,77,,
5727,0,Husk,T3/68,ARRIVED,20.500,4.000,84.500,,-1,-1,,214,77,77,,
5728,0,Husk,T3/68,ARRIVED,20.500,4.000,84.500,,-1,-1,,214,77,77,,
5729,0,Husk,T3/68,ARRIVED,20.500,4.000,84.500,,-1,-1,,214,77,77,,
5730,0,Husk,T3/68,ARRIVED,20.500,4.000,84.500,,-1,-1,,214,77,77,,
5731,0,Husk,T3/68,ARRIVED,20.500,4.000,84.500,,-1,-1,,214,77,77,,
5732,0,Husk,T3/68,ARRIVED,20.500,4.000,84.500,,-1,-1,,214,77,77,,
5733,0,Husk,T3/69,ARRIVED,0.500,4.000,96.500,,-1,-1,,214,77,77,,
5734,0,Husk,T3/69,ARRIVED,0.500,4.000,96.500,,-1,-1,,214,77,77,,
5735,0,Husk,T3/69,ARRIVED,0.500,4.000,96.500,,-1,-1,,214,77,77,,
5736,0,Husk,T3/69,ARRIVED,0.500,4.000,96.500,,-1,-1,,214,77,77,,
5737,0,Husk,T3/69,ARRIVED,0.500,4.000,96.500,,-1,-1,,214,77,77,,
5738,0,Husk,T3/69,ARRIVED,0.500,4.000,96.500,,-1,-1,,214,77,77,,
5739,0,Husk,T3/69,ARRIVED,0.500,4.000,96.500,,-1,-1,,214,77,77,,
5740,0,Husk,T3/69,ARRIVED,0.500,4.000,96.500,,-1,-1,,214,77,77,,
5741,0,Husk,T3/69,ARRIVED,0.500,4.000,96.500,,-1,-1,,214,77,77,,
5742,0,Husk,T3/69,ARRIVED,0.500,4.000,96.500,,-1,-1,,214,77,77,,
5743,0,Husk,T3/69,ARRIVED,0.500,4.000,96.500,,-1,-1,,214,77,77,,
5744,0,Husk,T3/69,ARRIVED,0.500,4.000,96.500,,-1,-1,,214,77,77,,
5745,0,Husk,T3/69,ARRIVED,0.500,4.000,96.500,,-1,-1,,214,77,77,,
5746,0,Husk,T3/69,ARRIVED,0.500,4.000,96.500,,-1,-1,,214,77,77,,
5747,0,Husk,T3/69,ARRIVED,0.500,4.000,96.500,,-1,-1,,214,77,77,,
5748,0,Husk,T3/69,ARRIVED,0.500,4.000,96.500,,-1,-1,,214,77,77,,
5749,0,Husk,T3/69,ARRIVED,0.500,4.000,96.500,,-1,-1,,214,77,77,,
5750,0,Husk,T3/69,ARRIVED,0.500,4.000,96.500,,-1,-1,,214,77,77,,
5751,0,Husk,T3/69,ARRIVED,0.500,4.000,96.500,,-1,-1,,214,77,77,,
5752,0,Husk,T3/69,ARRIVED,0.500,4.000,96.500,,-1,-1,,214,77,77,,
5753,0,Husk,T3/69,ARRIVED,0.500,4.000,96.500,,-1,-1,,214,77,77,,
5754,0,Husk,T3/70,ARRIVED,0.500,4.000,108.500,,-1,-1,,214,77,77,,
5755,0,Husk,T3/70,ARRIVED,0.500,4.000,108.500,,-1,-1,,214,77,77,,
5756,0,Husk,T3/70,ARRIVED,0.500,4.000,108.500,,-1,-1,,214,77,77,,
5757,0,Husk,T3/70,ARRIVED,0.500,4.000,108.500,,-1,-1,,214,77,77,,
5758,0,Husk,T3/70,ARRIVED,0.500,4.000,108.500,,-1,-1,,214,77,77,,
5759,0,Husk,T3/70,ARRIVED,0.500,4.000,108.500,,-1,-1,,214,77,77,,
5760,0,Husk,T3/70,ARRIVED,0.500,4.000,108.500,,-1,-1,,214,77,77,,
5761,0,Husk,T3/70,ARRIVED,0.500,4.000,108.500,,-1,-1,,214,77,77,,
5762,0,Husk,T3/70,ARRIVED,0.500,4.000,108.500,,-1,-1,,214,77,77,,
5763,0,Husk,T3/70,ARRIVED,0.500,4.000,108.500,,-1,-1,,214,77,77,,
5764,0,Husk,T3/70,ARRIVED,0.500,4.000,108.500,,-1,-1,,214,77,77,,
5765,0,Husk,T3/70,ARRIVED,0.500,4.000,108.500,,-1,-1,,214,77,77,,
5766,0,Husk,T3/70,ARRIVED,0.500,4.000,108.500,,-1,-1,,214,77,77,,
5767,0,Husk,T3/70,ARRIVED,0.500,4.000,108.500,,-1,-1,,214,77,77,,
5768,0,Husk,T3/70,ARRIVED,0.500,4.000,108.500,,-1,-1,,214,77,77,,
5769,0,Husk,T3/70,ARRIVED,0.500,4.000,108.500,,-1,-1,,214,77,77,,
5770,0,Husk,T3/70,ARRIVED,0.500,4.000,108.500,,-1,-1,,214,77,77,,
5771,0,Husk,T3/70,ARRIVED,0.500,4.000,108.500,,-1,-1,,214,77,77,,
5772,0,Husk,T3/70,ARRIVED,0.500,4.000,108.500,,-1,-1,,214,77,77,,
5773,0,Husk,T3/70,ARRIVED,0.500,4.000,108.500,,-1,-1,,214,77,77,,
5774,0,Husk,T3/70,ARRIVED,0.500,4.000,108.500,,-1,-1,,214,77,77,,
5775,0,Husk,T3/71,ARRIVED,60.500,4.000,0.500,,-1,-1,,214,77,77,,
5776,0,Husk,T3/71,ARRIVED,60.500,4.000,0.500,,-1,-1,,214,77,77,,
5777,0,Husk,T3/71,ARRIVED,60.500,4.000,0.500,,-1,-1,,214,77,77,,
5778,0,Husk,T3/71,ARRIVED,60.500,4.000,0.500,,-1,-1,,214,77,77,,
5779,0,Husk,T3/71,ARRIVED,60.500,4.000,0.500,,-1,-1,,214,77,77,,
5780,0,Husk,T3/71,ARRIVED,60.500,4.000,0.500,,-1,-1,,214,77,77,,
5781,0,Husk,T3/71,ARRIVED,60.500,4.000,0.500,,-1,-1,,214,77,77,,
5782,0,Husk,T3/71,ARRIVED,60.500,4.000,0.500,,-1,-1,,214,77,77,,
5783,0,Husk,T3/71,ARRIVED,60.500,4.000,0.500,,-1,-1,,214,77,77,,
5784,0,Husk,T3/71,ARRIVED,60.500,4.000,0.500,,-1,-1,,214,77,77,,
5785,0,Husk,T3/71,ARRIVED,60.500,4.000,0.500,,-1,-1,,214,77,77,,
5786,0,Husk,T3/71,ARRIVED,60.500,4.000,0.500,,-1,-1,,214,77,77,,
5787,0,Husk,T3/71,ARRIVED,60.500,4.000,0.500,,-1,-1,,214,77,77,,
5788,0,Husk,T3/71,ARRIVED,60.500,4.000,0.500,,-1,-1,,214,77,77,,
5789,0,Husk,T3/71,ARRIVED,60.500,4.000,0.500,,-1,-1,,214,77,77,,
5790,0,Husk,T3/71,ARRIVED,60.500,4.000,0.500,,-1,-1,,214,77,77,,
5791,0,Husk,T3/71,ARRIVED,60.500,4.000,0.500,,-1,-1,,214,77,77,,
5792,0,Husk,T3/71,ARRIVED,60.500,4.000,0.500,,-1,-1,,214,77,77,,
5793,0,Husk,T3/71,ARRIVED,60.500,4.000,0.500,,-1,-1,,214,77,77,,
5794,0,Husk,T3/71,ARRIVED,60.500,4.000,0.500,,-1,-1,,214,77,77,,
5795,0,Husk,T3/71,ARRIVED,60.500,4.000,0.500,,-1,-1,,214,77,77,,
5796,0,Husk,T3/72,ARRIVED,60.500,4.000,12.500,,-1,-1,,214,77,77,,
5797,0,Husk,T3/72,ARRIVED,60.500,4.000,12.500,,-1,-1,,214,77,77,,
5798,0,Husk,T3/72,ARRIVED,60.500,4.000,12.500,,-1,-1,,214,77,77,,
5799,0,Husk,T3/72,ARRIVED,60.500,4.000,12.500,,-1,-1,,214,77,77,,
5800,0,Husk,T3/72,ARRIVED,60.500,4.000,12.500,,-1,-1,,214,77,77,,
5801,0,Husk,T3/72,ARRIVED,60.500,4.000,12.500,,-1,-1,,214,77,77,,
5802,0,Husk,T3/72,ARRIVED,60.500,4.000,12.500,,-1,-1,,214,77,77,,
5803,0,Husk,T3/72,ARRIVED,60.500,4.000,12.500,,-1,-1,,214,77,77,,
5804,0,Husk,T3/72,ARRIVED,60.500,4.000,12.500,,-1,-1,,214,77,77,,
5805,0,Husk,T3/72,ARRIVED,60.500,4.000,12.500,,-1,-1,,214,77,77,,
5806,0,Husk,T3/72,ARRIVED,60.500,4.000,12.500,,-1,-1,,214,77,77,,
5807,0,Husk,T3/72,ARRIVED,60.500,4.000,12.500,,-1,-1,,214,77,77,,
5808,0,Husk,T3/72,ARRIVED,60.500,4.000,12.500,,-1,-1,,214,77,77,,
5809,0,Husk,T3/72,ARRIVED,60.500,4.000,12.500,,-1,-1,,214,77,77,,
5810,0,Husk,T3/72,ARRIVED,60.500,4.000,12.500,,-1,-1,,214,77,77,,
5811,0,Husk,T3/72,ARRIVED,60.500,4.000,12.500,,-1,-1,,214,77,77,,
5812,0,Husk,T3/72,ARRIVED,60.500,4.000,12.500,,-1,-1,,214,77,77,,
5813,0,Husk,T3/72,ARRIVED,60.500,4.000,12.500,,-1,-1,,214,77,77,,
5814,0,Husk,T3/72,ARRIVED,60.500,4.000,12.500,,-1,-1,,214,77,77,,
5815,0,Husk,T3/72,ARRIVED,60.500,4.000,12.500,,-1,-1,,214,77,77,,
5816,0,Husk,T3/72,ARRIVED,60.500,4.000,12.500,,-1,-1,,214,77,77,,
5817,0,Husk,T3/73,ARRIVED,60.500,4.000,24.500,,-1,-1,,214,77,77,,
5818,0,Husk,T3/73,ARRIVED,60.500,4.000,24.500,,-1,-1,,214,77,77,,
5819,0,Husk,T3/73,ARRIVED,60.500,4.000,24.500,,-1,-1,,214,77,77,,
5820,0,Husk,T3/73,ARRIVED,60.500,4.000,24.500,,-1,-1,,214,77,77,,
5821,0,Husk,T3/73,ARRIVED,60.500,4.000,24.500,,-1,-1,,214,77,77,,
5822,0,Husk,T3/73,ARRIVED,60.500,4.000,24.500,,-1,-1,,214,77,77,,
5823,0,Husk,T3/73,ARRIVED,60.500,4.000,24.500,,-1,-1,,214,77,77,,
5824,0,Husk,T3/73,ARRIVED,60.500,4.000,24.500,,-1,-1,,214,77,77,,
5825,0,Husk,T3/73,ARRIVED,60.500,4.000,24.500,,-1,-1,,214,77,77,,
5826,0,Husk,T3/73,ARRIVED,60.500,4.000,24.500,,-1,-1,,214,77,77,,
5827,0,Husk,T3/73,ARRIVED,60.500,4.000,24.500,,-1,-1,,214,77,77,,
5828,0,Husk,T3/73,ARRIVED,60.500,4.000,24.500,,-1,-1,,214,77,77,,
5829,0,Husk,T3/73,ARRIVED,60.500,4.000,24.500,,-1,-1,,214,77,77,,
5830,0,Husk,T3/73,ARRIVED,60.500,4.000,24.500,,-1,-1,,214,77,77,,
5831,0,Husk,T3/73,ARRIVED,60.500,4.000,24.500,,-1,-1,,214,77,77,,
5832,0,Husk,T3/73,ARRIVED,60.500,4.000,24.500,,-1,-1,,214,77,77,,
5833,0,Husk,T3/73,ARRIVED,60.500,4.000,24.500,,-1,-1,,214,77,77,,
5834,0,Husk,T3/73,ARRIVED,60.500,4.000,24.500,,-1,-1,,214,77,77,,
5835,0,Husk,T3/73,ARRIVED,60.500,4.000,24.500,,-1,-1,,214,77,77,,
5836,0,Husk,T3/73,ARRIVED,60.500,4.000,24.500,,-1,-1,,214,77,77,,
5837,0,Husk,T3/73,ARRIVED,60.500,4.000,24.500,,-1,-1,,214,77,77,,
5838,0,Husk,T3/74,ARRIVED,60.500,4.000,36.500,,-1,-1,,214,77,77,,
5839,0,Husk,T3/74,ARRIVED,60.500,4.000,36.500,,-1,-1,,214,77,77,,
5840,0,Husk,T3/74,ARRIVED,60.500,4.000,36.500,,-1,-1,,214,77,77,,
5841,0,Husk,T3/74,ARRIVED,60.500,4.000,36.500,,-1,-1,,214,77,77,,
5842,0,Husk,T3/74,ARRIVED,60.500,4.000,36.500,,-1,-1,,214,77,77,,
5843,0,Husk,T3/74,ARRIVED,60.500,4.000,36.500,,-1,-1,,214,77,77,,
5844,0,Husk,T3/74,ARRIVED,60.500,4.000,36.500,,-1,-1,,214,77,77,,
5845,0,Husk,T3/74,ARRIVED,60.500,4.000,36.500,,-1,-1,,214,77,77,,
5846,0,Husk,T3/74,ARRIVED,60.500,4.000,36.500,,-1,-1,,214,77,77,,
5847,0,Husk,T3/74,ARRIVED,60.500,4.000,36.500,,-1,-1,,214,77,77,,
5848,0,Husk,T3/74,ARRIVED,60.500,4.000,36.500,,-1,-1,,214,77,77,,
5849,0,Husk,T3/74,ARRIVED,60.500,4.000,36.500,,-1,-1,,214,77,77,,
5850,0,Husk,T3/74,ARRIVED,60.500,4.000,36.500,,-1,-1,,214,77,77,,
5851,0,Husk,T3/74,ARRIVED,60.500,4.000,36.500,,-1,-1,,214,77,77,,
5852,0,Husk,T3/74,ARRIVED,60.500,4.000,36.500,,-1,-1,,214,77,77,,
5853,0,Husk,T3/74,ARRIVED,60.500,4.000,36.500,,-1,-1,,214,77,77,,
5854,0,Husk,T3/74,ARRIVED,60.500,4.000,36.500,,-1,-1,,214,77,77,,
5855,0,Husk,T3/74,ARRIVED,60.500,4.000,36.500,,-1,-1,,214,77,77,,
5856,0,Husk,T3/74,ARRIVED,60.500,4.000,36.500,,-1,-1,,214,77,77,,
5857,0,Husk,T3/74,ARRIVED,60.500,4.000,36.500,,-1,-1,,214,77,77,,
5858,0,Husk,T3/74,ARRIVED,60.500,4.000,36.500,,-1,-1,,214,77,77,,
5859,0,Husk,T3/75,ARRIVED,60.500,9.000,48.500,,-1,-1,,214,77,77,,
5860,0,Husk,T3/75,ARRIVED,60.500,9.000,48.500,,-1,-1,,214,77,77,,
5861,0,Husk,T3/75,ARRIVED,60.500,9.000,48.500,,-1,-1,,214,77,77,,
5862,0,Husk,T3/75,ARRIVED,60.500,9.000,48.500,,-1,-1,,214,77,77,,
5863,0,Husk,T3/75,ARRIVED,60.500,9.000,48.500,,-1,-1,,214,77,77,,
5864,0,Husk,T3/75,ARRIVED,60.500,9.000,48.500,,-1,-1,,214,77,77,,
5865,0,Husk,T3/75,ARRIVED,60.500,9.000,48.500,,-1,-1,,214,77,77,,
5866,0,Husk,T3/75,ARRIVED,60.500,9.000,48.500,,-1,-1,,214,77,77,,
5867,0,Husk,T3/75,ARRIVED,60.500,9.000,48.500,,-1,-1,,214,77,77,,
5868,0,Husk,T3/75,ARRIVED,60.500,9.000,48.500,,-1,-1,,214,77,77,,
5869,0,Husk,T3/75,ARRIVED,60.500,9.000,48.500,,-1,-1,,214,77,77,,
5870,0,Husk,T3/75,ARRIVED,60.500,9.000,48.500,,-1,-1,,214,77,77,,
5871,0,Husk,T3/75,ARRIVED,60.500,9.000,48.500,,-1,-1,,214,77,77,,
5872,0,Husk,T3/75,ARRIVED,60.500,9.000,48.500,,-1,-1,,214,77,77,,
5873,0,Husk,T3/75,ARRIVED,60.500,9.000,48.500,,-1,-1,,214,77,77,,
5874,0,Husk,T3/75,ARRIVED,60.500,9.000,48.500,,-1,-1,,214,77,77,,
5875,0,Husk,T3/75,ARRIVED,60.500,9.000,48.500,,-1,-1,,214,77,77,,
5876,0,Husk,T3/75,ARRIVED,60.500,9.000,48.500,,-1,-1,,214,77,77,,
5877,0,Husk,T3/75,ARRIVED,60.500,9.000,48.500,,-1,-1,,214,77,77,,
5878,0,Husk,T3/75,ARRIVED,60.500,9.000,48.500,,-1,-1,,214,77,77,,
5879,0,Husk,T3/75,ARRIVED,60.500,9.000,48.500,,-1,-1,,214,77,77,,
5880,0,Husk,T3/76,ARRIVED,60.500,4.000,60.500,,-1,-1,,214,77,77,,
5881,0,Husk,T3/76,ARRIVED,60.500,4.000,60.500,,-1,-1,,214,77,77,,
5882,0,Husk,T3/76,ARRIVED,60.500,4.000,60.500,,-1,-1,,214,77,77,,
5883,0,Husk,T3/76,ARRIVED,60.500,4.000,60.500,,-1,-1,,214,77,77,,
5884,0,Husk,T3/76,ARRIVED,60.500,4.000,60.500,,-1,-1,,214,77,77,,
5885,0,Husk,T3/76,ARRIVED,60.500,4.000,60.500,,-1,-1,,214,77,77,,
5886,0,Husk,T3/76,ARRIVED,60.500,4.000,60.500,,-1,-1,,214,77,77,,
5887,0,Husk,T3/76,ARRIVED,60.500,4.000,60.500,,-1,-1,,214,77,77,,
5888,0,Husk,T3/76,ARRIVED,60.500,4.000,60.500,,-1,-1,,214,77,77,,
5889,0,Husk,T3/76,ARRIVED,60.500,4.000,60.500,,-1,-1,,214,77,77,,
5890,0,Husk,T3/76,ARRIVED,60.500,4.000,60.500,,-1,-1,,214,77,77,,
5891,0,Husk,T3/76,ARRIVED,60.500,4.000,60.500,,-1,-1,,214,77,77,,
5892,0,Husk,T3/76,ARRIVED,60.500,4.000,60.500,,-1,-1,,214,77,77,,
5893,0,Husk,T3/76,ARRIVED,60.500,4.000,60.500,,-1,-1,,214,77,77,,
5894,0,Husk,T3/76,ARRIVED,60.500,4.000,60.500,,-1,-1,,214,77,77,,
5895,0,Husk,T3/76,ARRIVED,60.500,4.000,60.500,,-1,-1,,214,77,77,,
5896,0,Husk,T3/76,ARRIVED,60.500,4.000,60.500,,-1,-1,,214,77,77,,
5897,0,Husk,T3/76,ARRIVED,60.500,4.000,60.500,,-1,-1,,214,77,77,,
5898,0,Husk,T3/76,ARRIVED,60.500,4.000,60.500,,-1,-1,,214,77,77,,
5899,0,Husk,T3/76,ARRIVED,60.500,4.000,60.500,,-1,-1,,214,77,77,,
5900,0,Husk,T3/76,ARRIVED,60.500,4.000,60.500,,-1,-1,,214,77,77,,
5901,0,Husk,T3/77,ARRIVED,60.500,4.000,72.500,,-1,-1,,214,77,77,,
5902,0,Husk,T3/77,ARRIVED,60.500,4.000,72.500,,-1,-1,,214,77,77,,
5903,0,Husk,T3/77,ARRIVED,60.500,4.000,72.500,,-1,-1,,214,77,77,,
5904,0,Husk,T3/77,ARRIVED,60.500,4.000,72.500,,-1,-1,,214,77,77,,
5905,0,Husk,T3/77,ARRIVED,60.500,4.000,72.500,,-1,-1,,214,77,77,,
5906,0,Husk,T3/77,ARRIVED,60.500,4.000,72.500,,-1,-1,,214,77,77,,
5907,0,Husk,T3/77,ARRIVED,60.500,4.000,72.500,,-1,-1,,214,77,77,,
5908,0,Husk,T3/77,ARRIVED,60.500,4.000,72.500,,-1,-1,,214,77,77,,
5909,0,Husk,T3/77,ARRIVED,60.500,4.000,72.500,,-1,-1,,214,77,77,,
5910,0,Husk,T3/77,ARRIVED,60.500,4.000,72.500,,-1,-1,,214,77,77,,
5911,0,Husk,T3/77,ARRIVED,60.500,4.000,72.500,,-1,-1,,214,77,77,,
5912,0,Husk,T3/77,ARRIVED,60.500,4.000,72.500,,-1,-1,,214,77,77,,
5913,0,Husk,T3/77,ARRIVED,60.500,4.000,72.500,,-1,-1,,214,77,77,,
5914,0,Husk,T3/77,ARRIVED,60.500,4.000,72.500,,-1,-1,,214,77,77,,
5915,0,Husk,T3/77,ARRIVED,60.500,4.000,72.500,,-1,-1,,214,77,77,,
5916,0,Husk,T3/77,ARRIVED,60.500,4.000,72.500,,-1,-1,,214,77,77,,
5917,0,Husk,T3/77,ARRIVED,60.500,4.000,72.500,,-1,-1,,214,77,77,,
5918,0,Husk,T3/77,ARRIVED,60.500,4.000,72.500,,-1,-1,,214,77,77,,
5919,0,Husk,T3/77,ARRIVED,60.500,4.000,72.500,,-1,-1,,214,77,77,,
5920,0,Husk,T3/77,ARRIVED,60.500,4.000,72.500,,-1,-1,,214,77,77,,
5921,0,Husk,T3/77,ARRIVED,60.500,4.000,72.500,,-1,-1,,214,77,77,,
5922,0,Husk,T3/78,ARRIVED,60.500,4.000,84.500,,-1,-1,,214,77,77,,
5923,0,Husk,T3/78,ARRIVED,60.500,4.000,84.500,,-1,-1,,214,77,77,,
5924,0,Husk,T3/78,ARRIVED,60.500,4.000,84.500,,-1,-1,,214,77,77,,
5925,0,Husk,T3/78,ARRIVED,60.500,4.000,84.500,,-1,-1,,214,77,77,,
5926,0,Husk,T3/78,ARRIVED,60.500,4.000,84.500,,-1,-1,,214,77,77,,
5927,0,Husk,T3/78,ARRIVED,60.500,4.000,84.500,,-1,-1,,214,77,77,,
5928,0,Husk,T3/78,ARRIVED,60.500,4.000,84.500,,-1,-1,,214,77,77,,
5929,0,Husk,T3/78,ARRIVED,60.500,4.000,84.500,,-1,-1,,214,77,77,,
5930,0,Husk,T3/78,ARRIVED,60.500,4.000,84.500,,-1,-1,,214,77,77,,
5931,0,Husk,T3/78,ARRIVED,60.500,4.000,84.500,,-1,-1,,214,77,77,,
5932,0,Husk,T3/78,ARRIVED,60.500,4.000,84.500,,-1,-1,,214,77,77,,
5933,0,Husk,T3/78,ARRIVED,60.500,4.000,84.500,,-1,-1,,214,77,77,,
5934,0,Husk,T3/78,ARRIVED,60.500,4.000,84.500,,-1,-1,,214,77,77,,
5935,0,Husk,T3/78,ARRIVED,60.500,4.000,84.500,,-1,-1,,214,77,77,,
5936,0,Husk,T3/78,ARRIVED,60.500,4.000,84.500,,-1,-1,,214,77,77,,
5937,0,Husk,T3/78,ARRIVED,60.500,4.000,84.500,,-1,-1,,214,77,77,,
5938,0,Husk,T3/78,ARRIVED,60.500,4.000,84.500,,-1,-1,,214,77,77,,
5939,0,Husk,T3/78,ARRIVED,60.500,4.000,84.500,,-1,-1,,214,77,77,,
5940,0,Husk,T3/78,ARRIVED,60.500,4.000,84.500,,-1,-1,,214,77,77,,
5941,0,Husk,T3/78,ARRIVED,60.500,4.000,84.500,,-1,-1,,214,77,77,,
5942,0,Husk,T3/78,ARRIVED,60.500,4.000,84.500,,-1,-1,,214,77,77,,
5943,0,Husk,T3/79,ARRIVED,60.500,4.000,96.500,,-1,-1,,214,77,77,,
5944,0,Husk,T3/79,ARRIVED,60.500,4.000,96.500,,-1,-1,,214,77,77,,
5945,0,Husk,T3/79,ARRIVED,60.500,4.000,96.500,,-1,-1,,214,77,77,,
5946,0,Husk,T3/79,ARRIVED,60.500,4.000,96.500,,-1,-1,,214,77,77,,
5947,0,Husk,T3/79,ARRIVED,60.500,4.000,96.500,,-1,-1,,214,77,77,,
5948,0,Husk,T3/79,ARRIVED,60.500,4.000,96.500,,-1,-1,,214,77,77,,
5949,0,Husk,T3/79,ARRIVED,60.500,4.000,96.500,,-1,-1,,214,77,77,,
5950,0,Husk,T3/79,ARRIVED,60.500,4.000,96.500,,-1,-1,,214,77,77,,
5951,0,Husk,T3/79,ARRIVED,60.500,4.000,96.500,,-1,-1,,214,77,77,,
5952,0,Husk,T3/79,ARRIVED,60.500,4.000,96.500,,-1,-1,,214,77,77,,
5953,0,Husk,T3/79,ARRIVED,60.500,4.000,96.500,,-1,-1,,214,77,77,,
5954,0,Husk,T3/79,ARRIVED,60.500,4.000,96.500,,-1,-1,,214,77,77,,
5955,0,Husk,T3/79,ARRIVED,60.500,4.000,96.500,,-1,-1,,214,77,77,,
5956,0,Husk,T3/79,ARRIVED,60.500,4.000,96.500,,-1,-1,,214,77,77,,
5957,0,Husk,T3/79,ARRIVED,60.500,4.000,96.500,,-1,-1,,214,77,77,,
5958,0,Husk,T3/79,ARRIVED,60.500,4.000,96.500,,-1,-1,,214,77,77,,
5959,0,Husk,T3/79,ARRIVED,60.500,4.000,96.500,,-1,-1,,214,77,77,,
5960,0,Husk,T3/79,ARRIVED,60.500,4.000,96.500,,-1,-1,,214,77,77,,
5961,0,Husk,T3/79,ARRIVED,60.500,4.000,96.500,,-1,-1,,214,77,77,,
5962,0,Husk,T3/79,ARRIVED,60.500,4.000,96.500,,-1,-1,,214,77,77,,
5963,0,Husk,T3/79,ARRIVED,60.500,4.000,96.500,,-1,-1,,214,77,77,,
5964,0,Husk,T3/80,ARRIVED,60.500,14.000,108.500,,-1,-1,,214,77,77,,
5965,0,Husk,T3/80,ARRIVED,60.500,14.000,108.500,,-1,-1,,214,77,77,,
5966,0,Husk,T3/80,ARRIVED,60.500,14.000,108.500,,-1,-1,,214,77,77,,
5967,0,Husk,T3/80,ARRIVED,60.500,14.000,108.500,,-1,-1,,214,77,77,,
5968,0,Husk,T3/80,ARRIVED,60.500,14.000,108.500,,-1,-1,,214,77,77,,
5969,0,Husk,T3/80,ARRIVED,60.500,14.000,108.500,,-1,-1,,214,77,77,,
5970,0,Husk,T3/80,ARRIVED,60.500,14.000,108.500,,-1,-1,,214,77,77,,
5971,0,Husk,T3/80,ARRIVED,60.500,14.000,108.500,,-1,-1,,214,77,77,,
5972,0,Husk,T3/80,ARRIVED,60.500,14.000,108.500,,-1,-1,,214,77,77,,
5973,0,Husk,T3/80,ARRIVED,60.500,14.000,108.500,,-1,-1,,214,77,77,,
5974,0,Husk,T3/80,ARRIVED,60.500,14.000,108.500,,-1,-1,,214,77,77,,
5975,0,Husk,T3/80,ARRIVED,60.500,14.000,108.500,,-1,-1,,214,77,77,,
5976,0,Husk,T3/80,ARRIVED,60.500,14.000,108.500,,-1,-1,,214,77,77,,
5977,0,Husk,T3/80,ARRIVED,60.500,14.000,108.500,,-1,-1,,214,77,77,,
5978,0,Husk,T3/80,ARRIVED,60.500,14.000,108.500,,-1,-1,,214,77,77,,
5979,0,Husk,T3/80,ARRIVED,60.500,14.000,108.500,,-1,-1,,214,77,77,,
5980,0,Husk,T3/80,ARRIVED,60.500,14.000,108.500,,-1,-1,,214,77,77,,
5981,0,Husk,T3/80,ARRIVED,60.500,14.000,108.500,,-1,-1,,214,77,77,,
5982,0,Husk,T3/80,ARRIVED,60.500,14.000,108.500,,-1,-1,,214,77,77,,
5983,0,Husk,T3/80,ARRIVED,60.500,14.000,108.500,,-1,-1,,214,77,77,,
5984,0,Husk,T3/80,ARRIVED,60.500,14.000,108.500,,-1,-1,,214,77,77,,
5985,0,Husk,T3/81,ARRIVED,0.500,4.000,0.500,,-1,-1,,214,77,77,,
5986,0,Husk,T3/81,ARRIVED,0.500,4.000,0.500,,-1,-1,,214,77,77,,
5987,0,Husk,T3/81,ARRIVED,0.500,4.000,0.500,,-1,-1,,214,77,77,,
5988,0,Husk,T3/81,ARRIVED,0.500,4.000,0.500,,-1,-1,,214,77,77,,
5989,0,Husk,T3/81,ARRIVED,0.500,4.000,0.500,,-1,-1,,214,77,77,,
5990,0,Husk,T3/81,ARRIVED,0.500,4.000,0.500,,-1,-1,,214,77,77,,
5991,0,Husk,T3/81,ARRIVED,0.500,4.000,0.500,,-1,-1,,214,77,77,,
5992,0,Husk,T3/81,ARRIVED,0.500,4.000,0.500,,-1,-1,,214,77,77,,
5993,0,Husk,T3/81,ARRIVED,0.500,4.000,0.500,,-1,-1,,214,77,77,,
5994,0,Husk,T3/81,ARRIVED,0.500,4.000,0.500,,-1,-1,,214,77,77,,
5995,0,Husk,T3/81,ARRIVED,0.500,4.000,0.500,,-1,-1,,214,77,77,,
5996,0,Husk,T3/81,ARRIVED,0.500,4.000,0.500,,-1,-1,,214,77,77,,
5997,0,Husk,T3/81,ARRIVED,0.500,4.000,0.500,,-1,-1,,214,77,77,,
5998,0,Husk,T3/81,ARRIVED,0.500,4.000,0.500,,-1,-1,,214,77,77,,
5999,0,Husk,T3/81,ARRIVED,0.500,4.000,0.500,,-1,-1,,214,77,77,,
6000,0,Husk,T3/81,ARRIVED,0.500,4.000,0.500,,-1,-1,,214,77,77,,
6001,0,Husk,T3/81,ARRIVED,0.500,4.000,0.500,,-1,-1,,214,77,77,,
6002,0,Husk,T3/81,ARRIVED,0.500,4.000,0.500,,-1,-1,,214,77,77,,
6003,0,Husk,T3/81,ARRIVED,0.500,4.000,0.500,,-1,-1,,214,77,77,,
6004,0,Husk,T3/81,ARRIVED,0.500,4.000,0.500,,-1,-1,,214,77,77,,
6005,0,Husk,T3/81,ARRIVED,0.500,4.000,0.500,,-1,-1,,214,77,77,,
6006,0,Husk,T3/82,ARRIVED,0.500,4.000,12.500,,-1,-1,,214,77,77,,
6007,0,Husk,T3/82,ARRIVED,0.500,4.000,12.500,,-1,-1,,214,77,77,,
6008,0,Husk,T3/82,ARRIVED,0.500,4.000,12.500,,-1,-1,,214,77,77,,
6009,0,Husk,T3/82,ARRIVED,0.500,4.000,12.500,,-1,-1,,214,77,77,,
6010,0,Husk,T3/82,ARRIVED,0.500,4.000,12.500,,-1,-1,,214,77,77,,
6011,0,Husk,T3/82,ARRIVED,0.500,4.000,12.500,,-1,-1,,214,77,77,,
6012,0,Husk,T3/82,ARRIVED,0.500,4.000,12.500,,-1,-1,,214,77,77,,
6013,0,Husk,T3/82,ARRIVED,0.500,4.000,12.500,,-1,-1,,214,77,77,,
6014,0,Husk,T3/82,ARRIVED,0.500,4.000,12.500,,-1,-1,,214,77,77,,
6015,0,Husk,T3/82,ARRIVED,0.500,4.000,12.500,,-1,-1,,214,77,77,,
6016,0,Husk,T3/82,ARRIVED,0.500,4.000,12.500,,-1,-1,,214,77,77,,
6017,0,Husk,T3/82,ARRIVED,0.500,4.000,12.500,,-1,-1,,214,77,77,,
6018,0,Husk,T3/82,ARRIVED,0.500,4.000,12.500,,-1,-1,,214,77,77,,
6019,0,Husk,T3/82,ARRIVED,0.500,4.000,12.500,,-1,-1,,214,77,77,,
6020,0,Husk,T3/82,ARRIVED,0.500,4.000,12.500,,-1,-1,,214,77,77,,
6021,0,Husk,T3/82,ARRIVED,0.500,4.000,12.500,,-1,-1,,214,77,77,,
6022,0,Husk,T3/82,ARRIVED,0.500,4.000,12.500,,-1,-1,,214,77,77,,
6023,0,Husk,T3/82,ARRIVED,0.500,4.000,12.500,,-1,-1,,214,77,77,,
6024,0,Husk,T3/82,ARRIVED,0.500,4.000,12.500,,-1,-1,,214,77,77,,
6025,0,Husk,T3/82,ARRIVED,0.500,4.000,12.500,,-1,-1,,214,77,77,,
6026,0,Husk,T3/82,ARRIVED,0.500,4.000,12.500,,-1,-1,,214,77,77,,
6027,0,Husk,T3/83,ARRIVED,0.500,4.000,24.500,,-1,-1,,214,77,77,,
6028,0,Husk,T3/83,ARRIVED,0.500,4.000,24.500,,-1,-1,,214,77,77,,
6029,0,Husk,T3/83,ARRIVED,0.500,4.000,24.500,,-1,-1,,214,77,77,,
6030,0,Husk,T3/83,ARRIVED,0.500,4.000,24.500,,-1,-1,,214,77,77,,
6031,0,Husk,T3/83,ARRIVED,0.500,4.000,24.500,,-1,-1,,214,77,77,,
6032,0,Husk,T3/83,ARRIVED,0.500,4.000,24.500,,-1,-1,,214,77,77,,
6033,0,Husk,T3/83,ARRIVED,0.500,4.000,24.500,,-1,-1,,214,77,77,,
6034,0,Husk,T3/83,ARRIVED,0.500,4.000,24.500,,-1,-1,,214,77,77,,
6035,0,Husk,T3/83,ARRIVED,0.500,4.000,24.500,,-1,-1,,214,77,77,,
6036,0,Husk,T3/83,ARRIVED,0.500,4.000,24.500,,-1,-1,,214,77,77,,
6037,0,Husk,T3/83,ARRIVED,0.500,4.000,24.500,,-1,-1,,214,77,77,,
6038,0,Husk,T3/83,ARRIVED,0.500,4.000,24.500,,-1,-1,,214,77,77,,
6039,0,Husk,T3/83,ARRIVED,0.500,4.000,24.500,,-1,-1,,214,77,77,,
6040,0,Husk,T3/83,ARRIVED,0.500,4.000,24.500,,-1,-1,,214,77,77,,
6041,0,Husk,T3/83,ARRIVED,0.500,4.000,24.500,,-1,-1,,214,77,77,,
6042,0,Husk,T3/83,ARRIVED,0.500,4.000,24.500,,-1,-1,,214,77,77,,
6043,0,Husk,T3/83,ARRIVED,0.500,4.000,24.500,,-1,-1,,214,77,77,,
6044,0,Husk,T3/83,ARRIVED,0.500,4.000,24.500,,-1,-1,,214,77,77,,
6045,0,Husk,T3/83,ARRIVED,0.500,4.000,24.500,,-1,-1,,214,77,77,,
6046,0,Husk,T3/83,ARRIVED,0.500,4.000,24.500,,-1,-1,,214,77,77,,
6047,0,Husk,T3/83,ARRIVED,0.500,4.000,24.500,,-1,-1,,214,77,77,,
6048,0,Husk,T3/84,ARRIVED,3.500,8.000,36.500,,-1,-1,,214,77,77,,
6049,0,Husk,T3/84,ARRIVED,3.500,8.000,36.500,,-1,-1,,214,77,77,,
6050,0,Husk,T3/84,ARRIVED,3.500,8.000,36.500,,-1,-1,,214,77,77,,
6051,0,Husk,T3/84,ARRIVED,3.500,8.000,36.500,,-1,-1,,214,77,77,,
6052,0,Husk,T3/84,ARRIVED,3.500,8.000,36.500,,-1,-1,,214,77,77,,
6053,0,Husk,T3/84,ARRIVED,3.500,8.000,36.500,,-1,-1,,214,77,77,,
6054,0,Husk,T3/84,ARRIVED,3.500,8.000,36.500,,-1,-1,,214,77,77,,
6055,0,Husk,T3/84,ARRIVED,3.500,8.000,36.500,,-1,-1,,214,77,77,,
6056,0,Husk,T3/84,ARRIVED,3.500,8.000,36.500,,-1,-1,,214,77,77,,
6057,0,Husk,T3/84,ARRIVED,3.500,8.000,36.500,,-1,-1,,214,77,77,,
6058,0,Husk,T3/84,ARRIVED,3.500,8.000,36.500,,-1,-1,,214,77,77,,
6059,0,Husk,T3/84,ARRIVED,3.500,8.000,36.500,,-1,-1,,214,77,77,,
6060,0,Husk,T3/84,ARRIVED,3.500,8.000,36.500,,-1,-1,,214,77,77,,
6061,0,Husk,T3/84,ARRIVED,3.500,8.000,36.500,,-1,-1,,214,77,77,,
6062,0,Husk,T3/84,ARRIVED,3.500,8.000,36.500,,-1,-1,,214,77,77,,
6063,0,Husk,T3/84,ARRIVED,3.500,8.000,36.500,,-1,-1,,214,77,77,,
6064,0,Husk,T3/84,ARRIVED,3.500,8.000,36.500,,-1,-1,,214,77,77,,
6065,0,Husk,T3/84,ARRIVED,3.500,8.000,36.500,,-1,-1,,214,77,77,,
6066,0,Husk,T3/84,ARRIVED,3.500,8.000,36.500,,-1,-1,,214,77,77,,
6067,0,Husk,T3/84,ARRIVED,3.500,8.000,36.500,,-1,-1,,214,77,77,,
6068,0,Husk,T3/84,ARRIVED,3.500,8.000,36.500,,-1,-1,,214,77,77,,
6069,0,Husk,T3/85,ARRIVED,0.500,4.000,48.500,,-1,-1,,214,77,77,,
6070,0,Husk,T3/85,ARRIVED,0.500,4.000,48.500,,-1,-1,,214,77,77,,
6071,0,Husk,T3/85,ARRIVED,0.500,4.000,48.500,,-1,-1,,214,77,77,,
6072,0,Husk,T3/85,ARRIVED,0.500,4.000,48.500,,-1,-1,,214,77,77,,
6073,0,Husk,T3/85,ARRIVED,0.500,4.000,48.500,,-1,-1,,214,77,77,,
6074,0,Husk,T3/85,ARRIVED,0.500,4.000,48.500,,-1,-1,,214,77,77,,
6075,0,Husk,T3/85,ARRIVED,0.500,4.000,48.500,,-1,-1,,214,77,77,,
6076,0,Husk,T3/85,ARRIVED,0.500,4.000,48.500,,-1,-1,,214,77,77,,
6077,0,Husk,T3/85,ARRIVED,0.500,4.000,48.500,,-1,-1,,214,77,77,,
6078,0,Husk,T3/85,ARRIVED,0.500,4.000,48.500,,-1,-1,,214,77,77,,
6079,0,Husk,T3/85,ARRIVED,0.500,4.000,48.500,,-1,-1,,214,77,77,,
6080,0,Husk,T3/85,ARRIVED,0.500,4.000,48.500,,-1,-1,,214,77,77,,
6081,0,Husk,T3/85,ARRIVED,0.500,4.000,48.500,,-1,-1,,214,77,77,,
6082,0,Husk,T3/85,ARRIVED,0.500,4.000,48.500,,-1,-1,,214,77,77,,
6083,0,Husk,T3/85,ARRIVED,0.500,4.000,48.500,,-1,-1,,214,77,77,,
6084,0,Husk,T3/85,ARRIVED,0.500,4.000,48.500,,-1,-1,,214,77,77,,
6085,0,Husk,T3/85,ARRIVED,0.500,4.000,48.500,,-1,-1,,214,77,77,,
6086,0,Husk,T3/85,ARRIVED,0.500,4.000,48.500,,-1,-1,,214,77,77,,
6087,0,Husk,T3/85,ARRIVED,0.500,4.000,48.500,,-1,-1,,214,77,77,,
6088,0,Husk,T3/85,ARRIVED,0.500,4.000,48.500,,-1,-1,,214,77,77,,
6089,0,Husk,T3/85,ARRIVED,0.500,4.000,48.500,,-1,-1,,214,77,77,,
6090,0,Husk,T3/86,ARRIVED,0.500,4.000,60.500,,-1,-1,,214,77,77,,
6091,0,Husk,T3/86,ARRIVED,0.500,4.000,60.500,,-1,-1,,214,77,77,,
6092,0,Husk,T3/86,ARRIVED,0.500,4.000,60.500,,-1,-1,,214,77,77,,
6093,0,Husk,T3/86,ARRIVED,0.500,4.000,60.500,,-1,-1,,214,77,77,,
6094,0,Husk,T3/86,ARRIVED,0.500,4.000,60.500,,-1,-1,,214,77,77,,
6095,0,Husk,T3/86,ARRIVED,0.500,4.000,60.500,,-1,-1,,214,77,77,,
6096,0,Husk,T3/86,ARRIVED,0.500,4.000,60.500,,-1,-1,,214,77,77,,
6097,0,Husk,T3/86,ARRIVED,0.500,4.000,60.500,,-1,-1,,214,77,77,,
6098,0,Husk,T3/86,ARRIVED,0.500,4.000,60.500,,-1,-1,,214,77,77,,
6099,0,Husk,T3/86,ARRIVED,0.500,4.000,60.500,,-1,-1,,214,77,77,,
6100,0,Husk,T3/86,ARRIVED,0.500,4.000,60.500,,-1,-1,,214,77,77,,
6101,0,Husk,T3/86,ARRIVED,0.500,4.000,60.500,,-1,-1,,214,77,77,,
6102,0,Husk,T3/86,ARRIVED,0.500,4.000,60.500,,-1,-1,,214,77,77,,
6103,0,Husk,T3/86,ARRIVED,0.500,4.000,60.500,,-1,-1,,214,77,77,,
6104,0,Husk,T3/86,ARRIVED,0.500,4.000,60.500,,-1,-1,,214,77,77,,
6105,0,Husk,T3/86,ARRIVED,0.500,4.000,60.500,,-1,-1,,214,77,77,,
6106,0,Husk,T3/86,ARRIVED,0.500,4.000,60.500,,-1,-1,,214,77,77,,
6107,0,Husk,T3/86,ARRIVED,0.500,4.000,60.500,,-1,-1,,214,77,77,,
6108,0,Husk,T3/86,ARRIVED,0.500,4.000,60.500,,-1,-1,,214,77,77,,
6109,0,Husk,T3/86,ARRIVED,0.500,4.000,60.500,,-1,-1,,214,77,77,,
6110,0,Husk,T3/86,ARRIVED,0.500,4.000,60.500,,-1,-1,,214,77,77,,
6111,0,Husk,T3/87,ARRIVED,0.500,4.000,72.500,,-1,-1,,214,77,77,,
6112,0,Husk,T3/87,ARRIVED,0.500,4.000,72.500,,-1,-1,,214,77,77,,
6113,0,Husk,T3/87,ARRIVED,0.500,4.000,72.500,,-1,-1,,214,77,77,,
6114,0,Husk,T3/87,ARRIVED,0.500,4.000,72.500,,-1,-1,,214,77,77,,
6115,0,Husk,T3/87,ARRIVED,0.500,4.000,72.500,,-1,-1,,214,77,77,,
6116,0,Husk,T3/87,ARRIVED,0.500,4.000,72.500,,-1,-1,,214,77,77,,
6117,0,Husk,T3/87,ARRIVED,0.500,4.000,72.500,,-1,-1,,214,77,77,,
6118,0,Husk,T3/87,ARRIVED,0.500,4.000,72.500,,-1,-1,,214,77,77,,
6119,0,Husk,T3/87,ARRIVED,0.500,4.000,72.500,,-1,-1,,214,77,77,,
6120,0,Husk,T3/87,ARRIVED,0.500,4.000,72.500,,-1,-1,,214,77,77,,
6121,0,Husk,T3/87,ARRIVED,0.500,4.000,72.500,,-1,-1,,214,77,77,,
6122,0,Husk,T3/87,ARRIVED,0.500,4.000,72.500,,-1,-1,,214,77,77,,
6123,0,Husk,T3/87,ARRIVED,0.500,4.000,72.500,,-1,-1,,214,77,77,,
6124,0,Husk,T3/87,ARRIVED,0.500,4.000,72.500,,-1,-1,,214,77,77,,
6125,0,Husk,T3/87,ARRIVED,0.500,4.000,72.500,,-1,-1,,214,77,77,,
6126,0,Husk,T3/87,ARRIVED,0.500,4.000,72.500,,-1,-1,,214,77,77,,
6127,0,Husk,T3/87,ARRIVED,0.500,4.000,72.500,,-1,-1,,214,77,77,,
6128,0,Husk,T3/87,ARRIVED,0.500,4.000,72.500,,-1,-1,,214,77,77,,
6129,0,Husk,T3/87,ARRIVED,0.500,4.000,72.500,,-1,-1,,214,77,77,,
6130,0,Husk,T3/87,ARRIVED,0.500,4.000,72.500,,-1,-1,,214,77,77,,
6131,0,Husk,T3/87,ARRIVED,0.500,4.000,72.500,,-1,-1,,214,77,77,,
6132,0,Husk,T3/88,ARRIVED,20.500,4.000,84.500,,-1,-1,,214,77,77,,
6133,0,Husk,T3/88,ARRIVED,20.500,4.000,84.500,,-1,-1,,214,77,77,,
6134,0,Husk,T3/88,ARRIVED,20.500,4.000,84.500,,-1,-1,,214,77,77,,
6135,0,Husk,T3/88,ARRIVED,20.500,4.000,84.500,,-1,-1,,214,77,77,,
6136,0,Husk,T3/88,ARRIVED,20.500,4.000,84.500,,-1,-1,,214,77,77,,
6137,0,Husk,T3/88,ARRIVED,20.500,4.000,84.500,,-1,-1,,214,77,77,,
6138,0,Husk,T3/88,ARRIVED,20.500,4.000,84.500,,-1,-1,,214,77,77,,
6139,0,Husk,T3/88,ARRIVED,20.500,4.000,84.500,,-1,-1,,214,77,77,,
6140,0,Husk,T3/88,ARRIVED,20.500,4.000,84.500,,-1,-1,,214,77,77,,
6141,0,Husk,T3/88,ARRIVED,20.500,4.000,84.500,,-1,-1,,214,77,77,,
6142,0,Husk,T3/88,ARRIVED,20.500,4.000,84.500,,-1,-1,,214,77,77,,
6143,0,Husk,T3/88,ARRIVED,20.500,4.000,84.500,,-1,-1,,214,77,77,,
6144,0,Husk,T3/88,ARRIVED,20.500,4.000,84.500,,-1,-1,,214,77,77,,
6145,0,Husk,T3/88,ARRIVED,20.500,4.000,84.500,,-1,-1,,214,77,77,,
6146,0,Husk,T3/88,ARRIVED,20.500,4.000,84.500,,-1,-1,,214,77,77,,
6147,0,Husk,T3/88,ARRIVED,20.500,4.000,84.500,,-1,-1,,214,77,77,,
6148,0,Husk,T3/88,ARRIVED,20.500,4.000,84.500,,-1,-1,,214,77,77,,
6149,0,Husk,T3/88,ARRIVED,20.500,4.000,84.500,,-1,-1,,214,77,77,,
6150,0,Husk,T3/88,ARRIVED,20.500,4.000,84.500,,-1,-1,,214,77,77,,
6151,0,Husk,T3/88,ARRIVED,20.500,4.000,84.500,,-1,-1,,214,77,77,,
6152,0,Husk,T3/88,ARRIVED,20.500,4.000,84.500,,-1,-1,,214,77,77,,
6153,0,Husk,T3/89,ARRIVED,0.500,4.000,96.500,,-1,-1,,214,77,77,,
6154,0,Husk,T3/89,ARRIVED,0.500,4.000,96.500,,-1,-1,,214,77,77,,
6155,0,Husk,T3/89,ARRIVED,0.500,4.000,96.500,,-1,-1,,214,77,77,,
6156,0,Husk,T3/89,ARRIVED,0.500,4.000,96.500,,-1,-1,,214,77,77,,
6157,0,Husk,T3/89,ARRIVED,0.500,4.000,96.500,,-1,-1,,214,77,77,,
6158,0,Husk,T3/89,ARRIVED,0.500,4.000,96.500,,-1,-1,,214,77,77,,
6159,0,Husk,T3/89,ARRIVED,0.500,4.000,96.500,,-1,-1,,214,77,77,,
6160,0,Husk,T3/89,ARRIVED,0.500,4.000,96.500,,-1,-1,,214,77,77,,
6161,0,Husk,T3/89,ARRIVED,0.500,4.000,96.500,,-1,-1,,214,77,77,,
6162,0,Husk,T3/89,ARRIVED,0.500,4.000,96.500,,-1,-1,,214,77,77,,
6163,0,Husk,T3/89,ARRIVED,0.500,4.000,96.500,,-1,-1,,214,77,77,,
6164,0,Husk,T3/89,ARRIVED,0.500,4.000,96.500,,-1,-1,,214,77,77,,
6165,0,Husk,T3/89,ARRIVED,0.500,4.000,96.500,,-1,-1,,214,77,77,,
6166,0,Husk,T3/89,ARRIVED,0.500,4.000,96.500,,-1,-1,,214,77,77,,
6167,0,Husk,T3/89,ARRIVED,0.500,4.000,96.500,,-1,-1,,214,77,77,,
6168,0,Husk,T3/89,ARRIVED,0.500,4.000,96.500,,-1,-1,,214,77,77,,
6169,0,Husk,T3/89,ARRIVED,0.500,4.000,96.500,,-1,-1,,214,77,77,,
6170,0,Husk,T3/89,ARRIVED,0.500,4.000,96.500,,-1,-1,,214,77,77,,
6171,0,Husk,T3/89,ARRIVED,0.500,4.000,96.500,,-1,-1,,214,77,77,,
6172,0,Husk,T3/89,ARRIVED,0.500,4.000,96.500,,-1,-1,,214,77,77,,
6173,0,Husk,T3/89,ARRIVED,0.500,4.000,96.500,,-1,-1,,214,77,77,,
6174,0,Husk,T3/90,ARRIVED,0.500,4.000,108.500,,-1,-1,,214,77,77,,
6175,0,Husk,T3/90,ARRIVED,0.500,4.000,108.500,,-1,-1,,214,77,77,,
6176,0,Husk,T3/90,ARRIVED,0.500,4.000,108.500,,-1,-1,,214,77,77,,
6177,0,Husk,T3/90,ARRIVED,0.500,4.000,108.500,,-1,-1,,214,77,77,,
6178,0,Husk,T3/90,ARRIVED,0.500,4.000,108.500,,-1,-1,,214,77,77,,
6179,0,Husk,T3/90,ARRIVED,0.500,4.000,108.500,,-1,-1,,214,77,77,,
6180,0,Husk,T3/90,ARRIVED,0.500,4.000,108.500,,-1,-1,,214,77,77,,
6181,0,Husk,T3/90,ARRIVED,0.500,4.000,108.500,,-1,-1,,214,77,77,,
6182,0,Husk,T3/90,ARRIVED,0.500,4.000,108.500,,-1,-1,,214,77,77,,
6183,0,Husk,T3/90,ARRIVED,0.500,4.000,108.500,,-1,-1,,214,77,77,,
6184,0,Husk,T3/90,ARRIVED,0.500,4.000,108.500,,-1,-1,,214,77,77,,
6185,0,Husk,T3/90,ARRIVED,0.500,4.000,108.500,,-1,-1,,214,77,77,,
6186,0,Husk,T3/90,ARRIVED,0.500,4.000,108.500,,-1,-1,,214,77,77,,
6187,0,Husk,T3/90,ARRIVED,0.500,4.000,108.500,,-1,-1,,214,77,77,,
6188,0,Husk,T3/90,ARRIVED,0.500,4.000,108.500,,-1,-1,,214,77,77,,
6189,0,Husk,T3/90,ARRIVED,0.500,4.000,108.500,,-1,-1,,214,77,77,,
6190,0,Husk,T3/90,ARRIVED,0.500,4.000,108.500,,-1,-1,,214,77,77,,
6191,0,Husk,T3/90,ARRIVED,0.500,4.000,108.500,,-1,-1,,214,77,77,,
6192,0,Husk,T3/90,ARRIVED,0.500,4.000,108.500,,-1,-1,,214,77,77,,
6193,0,Husk,T3/90,ARRIVED,0.500,4.000,108.500,,-1,-1,,214,77,77,,
6194,0,Husk,T3/90,ARRIVED,0.500,4.000,108.500,,-1,-1,,214,77,77,,
6195,0,Husk,T3/91,ARRIVED,60.500,4.000,0.500,,-1,-1,,214,77,77,,
6196,0,Husk,T3/91,ARRIVED,60.500,4.000,0.500,,-1,-1,,214,77,77,,
6197,0,Husk,T3/91,ARRIVED,60.500,4.000,0.500,,-1,-1,,214,77,77,,
6198,0,Husk,T3/91,ARRIVED,60.500,4.000,0.500,,-1,-1,,214,77,77,,
6199,0,Husk,T3/91,ARRIVED,60.500,4.000,0.500,,-1,-1,,214,77,77,,
6200,0,Husk,T3/91,ARRIVED,60.500,4.000,0.500,,-1,-1,,214,77,77,,
6201,0,Husk,T3/91,ARRIVED,60.500,4.000,0.500,,-1,-1,,214,77,77,,
6202,0,Husk,T3/91,ARRIVED,60.500,4.000,0.500,,-1,-1,,214,77,77,,
6203,0,Husk,T3/91,ARRIVED,60.500,4.000,0.500,,-1,-1,,214,77,77,,
6204,0,Husk,T3/91,ARRIVED,60.500,4.000,0.500,,-1,-1,,214,77,77,,
6205,0,Husk,T3/91,ARRIVED,60.500,4.000,0.500,,-1,-1,,214,77,77,,
6206,0,Husk,T3/91,ARRIVED,60.500,4.000,0.500,,-1,-1,,214,77,77,,
6207,0,Husk,T3/91,ARRIVED,60.500,4.000,0.500,,-1,-1,,214,77,77,,
6208,0,Husk,T3/91,ARRIVED,60.500,4.000,0.500,,-1,-1,,214,77,77,,
6209,0,Husk,T3/91,ARRIVED,60.500,4.000,0.500,,-1,-1,,214,77,77,,
6210,0,Husk,T3/91,ARRIVED,60.500,4.000,0.500,,-1,-1,,214,77,77,,
6211,0,Husk,T3/91,ARRIVED,60.500,4.000,0.500,,-1,-1,,214,77,77,,
6212,0,Husk,T3/91,ARRIVED,60.500,4.000,0.500,,-1,-1,,214,77,77,,
6213,0,Husk,T3/91,ARRIVED,60.500,4.000,0.500,,-1,-1,,214,77,77,,
6214,0,Husk,T3/91,ARRIVED,60.500,4.000,0.500,,-1,-1,,214,77,77,,
6215,0,Husk,T3/91,ARRIVED,60.500,4.000,0.500,,-1,-1,,214,77,77,,
6216,0,Husk,T3/92,ARRIVED,60.500,4.000,12.500,,-1,-1,,214,77,77,,
6217,0,Husk,T3/92,ARRIVED,60.500,4.000,12.500,,-1,-1,,214,77,77,,
6218,0,Husk,T3/92,ARRIVED,60.500,4.000,12.500,,-1,-1,,214,77,77,,
6219,0,Husk,T3/92,ARRIVED,60.500,4.000,12.500,,-1,-1,,214,77,77,,
6220,0,Husk,T3/92,ARRIVED,60.500,4.000,12.500,,-1,-1,,214,77,77,,
6221,0,Husk,T3/92,ARRIVED,60.500,4.000,12.500,,-1,-1,,214,77,77,,
6222,0,Husk,T3/92,ARRIVED,60.500,4.000,12.500,,-1,-1,,214,77,77,,
6223,0,Husk,T3/92,ARRIVED,60.500,4.000,12.500,,-1,-1,,214,77,77,,
6224,0,Husk,T3/92,ARRIVED,60.500,4.000,12.500,,-1,-1,,214,77,77,,
6225,0,Husk,T3/92,ARRIVED,60.500,4.000,12.500,,-1,-1,,214,77,77,,
6226,0,Husk,T3/92,ARRIVED,60.500,4.000,12.500,,-1,-1,,214,77,77,,
6227,0,Husk,T3/92,ARRIVED,60.500,4.000,12.500,,-1,-1,,214,77,77,,
6228,0,Husk,T3/92,ARRIVED,60.500,4.000,12.500,,-1,-1,,214,77,77,,
6229,0,Husk,T3/92,ARRIVED,60.500,4.000,12.500,,-1,-1,,214,77,77,,
6230,0,Husk,T3/92,ARRIVED,60.500,4.000,12.500,,-1,-1,,214,77,77,,
6231,0,Husk,T3/92,ARRIVED,60.500,4.000,12.500,,-1,-1,,214,77,77,,
6232,0,Husk,T3/92,ARRIVED,60.500,4.000,12.500,,-1,-1,,214,77,77,,
6233,0,Husk,T3/92,ARRIVED,60.500,4.000,12.500,,-1,-1,,214,77,77,,
6234,0,Husk,T3/92,ARRIVED,60.500,4.000,12.500,,-1,-1,,214,77,77,,
6235,0,Husk,T3/92,ARRIVED,60.500,4.000,12.500,,-1,-1,,214,77,77,,
6236,0,Husk,T3/92,ARRIVED,60.500,4.000,12.500,,-1,-1,,214,77,77,,
6237,0,Husk,T3/93,ARRIVED,60.500,4.000,24.500,,-1,-1,,214,77,77,,
6238,0,Husk,T3/93,ARRIVED,60.500,4.000,24.500,,-1,-1,,214,77,77,,
6239,0,Husk,T3/93,ARRIVED,60.500,4.000,24.500,,-1,-1,,214,77,77,,
6240,0,Husk,T3/93,ARRIVED,60.500,4.000,24.500,,-1,-1,,214,77,77,,
6241,0,Husk,T3/93,ARRIVED,60.500,4.000,24.500,,-1,-1,,214,77,77,,
6242,0,Husk,T3/93,ARRIVED,60.500,4.000,24.500,,-1,-1,,214,77,77,,
6243,0,Husk,T3/93,ARRIVED,60.500,4.000,24.500,,-1,-1,,214,77,77,,
6244,0,Husk,T3/93,ARRIVED,60.500,4.000,24.500,,-1,-1,,214,77,77,,
6245,0,Husk,T3/93,ARRIVED,60.500,4.000,24.500,,-1,-1,,214,77,77,,
6246,0,Husk,T3/93,ARRIVED,60.500,4.000,24.500,,-1,-1,,214,77,77,,
6247,0,Husk,T3/93,ARRIVED,60.500,4.000,24.500,,-1,-1,,214,77,77,,
6248,0,Husk,T3/93,ARRIVED,60.500,4.000,24.500,,-1,-1,,214,77,77,,
6249,0,Husk,T3/93,ARRIVED,60.500,4.000,24.500,,-1,-1,,214,77,77,,
6250,0,Husk,T3/93,ARRIVED,60.500,4.000,24.500,,-1,-1,,214,77,77,,
6251,0,Husk,T3/93,ARRIVED,60.500,4.000,24.500,,-1,-1,,214,77,77,,
6252,0,Husk,T3/93,ARRIVED,60.500,4.000,24.500,,-1,-1,,214,77,77,,
6253,0,Husk,T3/93,ARRIVED,60.500,4.000,24.500,,-1,-1,,214,77,77,,
6254,0,Husk,T3/93,ARRIVED,60.500,4.000,24.500,,-1,-1,,214,77,77,,
6255,0,Husk,T3/93,ARRIVED,60.500,4.000,24.500,,-1,-1,,214,77,77,,
6256,0,Husk,T3/93,ARRIVED,60.500,4.000,24.500,,-1,-1,,214,77,77,,
6257,0,Husk,T3/93,ARRIVED,60.500,4.000,24.500,,-1,-1,,214,77,77,,
6258,0,Husk,T3/94,ARRIVED,60.500,4.000,36.500,,-1,-1,,214,77,77,,
6259,0,Husk,T3/94,ARRIVED,60.500,4.000,36.500,,-1,-1,,214,77,77,,
6260,0,Husk,T3/94,ARRIVED,60.500,4.000,36.500,,-1,-1,,214,77,77,,
6261,0,Husk,T3/94,ARRIVED,60.500,4.000,36.500,,-1,-1,,214,77,77,,
6262,0,Husk,T3/94,ARRIVED,60.500,4.000,36.500,,-1,-1,,214,77,77,,
6263,0,Husk,T3/94,ARRIVED,60.500,4.000,36.500,,-1,-1,,214,77,77,,
6264,0,Husk,T3/94,ARRIVED,60.500,4.000,36.500,,-1,-1,,214,77,77,,
6265,0,Husk,T3/94,ARRIVED,60.500,4.000,36.500,,-1,-1,,214,77,77,,
6266,0,Husk,T3/94,ARRIVED,60.500,4.000,36.500,,-1,-1,,214,77,77,,
6267,0,Husk,T3/94,ARRIVED,60.500,4.000,36.500,,-1,-1,,214,77,77,,
6268,0,Husk,T3/94,ARRIVED,60.500,4.000,36.500,,-1,-1,,214,77,77,,
6269,0,Husk,T3/94,ARRIVED,60.500,4.000,36.500,,-1,-1,,214,77,77,,
6270,0,Husk,T3/94,ARRIVED,60.500,4.000,36.500,,-1,-1,,214,77,77,,
6271,0,Husk,T3/94,ARRIVED,60.500,4.000,36.500,,-1,-1,,214,77,77,,
6272,0,Husk,T3/94,ARRIVED,60.500,4.000,36.500,,-1,-1,,214,77,77,,
6273,0,Husk,T3/94,ARRIVED,60.500,4.000,36.500,,-1,-1,,214,77,77,,
6274,0,Husk,T3/94,ARRIVED,60.500,4.000,36.500,,-1,-1,,214,77,77,,
6275,0,Husk,T3/94,ARRIVED,60.500,4.000,36.500,,-1,-1,,214,77,77,,
6276,0,Husk,T3/94,ARRIVED,60.500,4.000,36.500,,-1,-1,,214,77,77,,
6277,0,Husk,T3/94,ARRIVED,60.500,4.000,36.500,,-1,-1,,214,77,77,,
6278,0,Husk,T3/94,ARRIVED,60.500,4.000,36.500,,-1,-1,,214,77,77,,
6279,0,Husk,T3/95,ARRIVED,60.500,9.000,48.500,,-1,-1,,214,77,77,,
6280,0,Husk,T3/95,ARRIVED,60.500,9.000,48.500,,-1,-1,,214,77,77,,
6281,0,Husk,T3/95,ARRIVED,60.500,9.000,48.500,,-1,-1,,214,77,77,,
6282,0,Husk,T3/95,ARRIVED,60.500,9.000,48.500,,-1,-1,,214,77,77,,
6283,0,Husk,T3/95,ARRIVED,60.500,9.000,48.500,,-1,-1,,214,77,77,,
6284,0,Husk,T3/95,ARRIVED,60.500,9.000,48.500,,-1,-1,,214,77,77,,
6285,0,Husk,T3/95,ARRIVED,60.500,9.000,48.500,,-1,-1,,214,77,77,,
6286,0,Husk,T3/95,ARRIVED,60.500,9.000,48.500,,-1,-1,,214,77,77,,
6287,0,Husk,T3/95,ARRIVED,60.500,9.000,48.500,,-1,-1,,214,77,77,,
6288,0,Husk,T3/95,ARRIVED,60.500,9.000,48.500,,-1,-1,,214,77,77,,
6289,0,Husk,T3/95,ARRIVED,60.500,9.000,48.500,,-1,-1,,214,77,77,,
6290,0,Husk,T3/95,ARRIVED,60.500,9.000,48.500,,-1,-1,,214,77,77,,
6291,0,Husk,T3/95,ARRIVED,60.500,9.000,48.500,,-1,-1,,214,77,77,,
6292,0,Husk,T3/95,ARRIVED,60.500,9.000,48.500,,-1,-1,,214,77,77,,
6293,0,Husk,T3/95,ARRIVED,60.500,9.000,48.500,,-1,-1,,214,77,77,,
6294,0,Husk,T3/95,ARRIVED,60.500,9.000,48.500,,-1,-1,,214,77,77,,
6295,0,Husk,T3/95,ARRIVED,60.500,9.000,48.500,,-1,-1,,214,77,77,,
6296,0,Husk,T3/95,ARRIVED,60.500,9.000,48.500,,-1,-1,,214,77,77,,
6297,0,Husk,T3/95,ARRIVED,60.500,9.000,48.500,,-1,-1,,214,77,77,,
6298,0,Husk,T3/95,ARRIVED,60.500,9.000,48.500,,-1,-1,,214,77,77,,
6299,0,Husk,T3/95,ARRIVED,60.500,9.000,48.500,,-1,-1,,214,77,77,,
6300,0,Husk,T3/96,ARRIVED,60.500,4.000,60.500,,-1,-1,,214,77,77,,
6301,0,Husk,T3/96,ARRIVED,60.500,4.000,60.500,,-1,-1,,214,77,77,,
6302,0,Husk,T3/96,ARRIVED,60.500,4.000,60.500,,-1,-1,,214,77,77,,
6303,0,Husk,T3/96,ARRIVED,60.500,4.000,60.500,,-1,-1,,214,77,77,,
6304,0,Husk,T3/96,ARRIVED,60.500,4.000,60.500,,-1,-1,,214,77,77,,
6305,0,Husk,T3/96,ARRIVED,60.500,4.000,60.500,,-1,-1,,214,77,77,,
6306,0,Husk,T3/96,ARRIVED,60.500,4.000,60.500,,-1,-1,,214,77,77,,
6307,0,Husk,T3/96,ARRIVED,60.500,4.000,60.500,,-1,-1,,214,77,77,,
6308,0,Husk,T3/96,ARRIVED,60.500,4.000,60.500,,-1,-1,,214,77,77,,
6309,0,Husk,T3/96,ARRIVED,60.500,4.000,60.500,,-1,-1,,214,77,77,,
6310,0,Husk,T3/96,ARRIVED,60.500,4.000,60.500,,-1,-1,,214,77,77,,
6311,0,Husk,T3/96,ARRIVED,60.500,4.000,60.500,,-1,-1,,214,77,77,,
6312,0,Husk,T3/96,ARRIVED,60.500,4.000,60.500,,-1,-1,,214,77,77,,
6313,0,Husk,T3/96,ARRIVED,60.500,4.000,60.500,,-1,-1,,214,77,77,,
6314,0,Husk,T3/96,ARRIVED,60.500,4.000,60.500,,-1,-1,,214,77,77,,
6315,0,Husk,T3/96,ARRIVED,60.500,4.000,60.500,,-1,-1,,214,77,77,,
6316,0,Husk,T3/96,ARRIVED,60.500,4.000,60.500,,-1,-1,,214,77,77,,
6317,0,Husk,T3/96,ARRIVED,60.500,4.000,60.500,,-1,-1,,214,77,77,,
6318,0,Husk,T3/96,ARRIVED,60.500,4.000,60.500,,-1,-1,,214,77,77,,
6319,0,Husk,T3/96,ARRIVED,60.500,4.000,60.500,,-1,-1,,214,77,77,,
6320,0,Husk,T3/96,ARRIVED,60.500,4.000,60.500,,-1,-1,,214,77,77,,
6321,0,Husk,T3/97,ARRIVED,60.500,4.000,72.500,,-1,-1,,214,77,77,,
6322,0,Husk,T3/97,ARRIVED,60.500,4.000,72.500,,-1,-1,,214,77,77,,
6323,0,Husk,T3/97,ARRIVED,60.500,4.000,72.500,,-1,-1,,214,77,77,,
6324,0,Husk,T3/97,ARRIVED,60.500,4.000,72.500,,-1,-1,,214,77,77,,
6325,0,Husk,T3/97,ARRIVED,60.500,4.000,72.500,,-1,-1,,214,77,77,,
6326,0,Husk,T3/97,ARRIVED,60.500,4.000,72.500,,-1,-1,,214,77,77,,
6327,0,Husk,T3/97,ARRIVED,60.500,4.000,72.500,,-1,-1,,214,77,77,,
6328,0,Husk,T3/97,ARRIVED,60.500,4.000,72.500,,-1,-1,,214,77,77,,
6329,0,Husk,T3/97,ARRIVED,60.500,4.000,72.500,,-1,-1,,214,77,77,,
6330,0,Husk,T3/97,ARRIVED,60.500,4.000,72.500,,-1,-1,,214,77,77,,
6331,0,Husk,T3/97,ARRIVED,60.500,4.000,72.500,,-1,-1,,214,77,77,,
6332,0,Husk,T3/97,ARRIVED,60.500,4.000,72.500,,-1,-1,,214,77,77,,
6333,0,Husk,T3/97,ARRIVED,60.500,4.000,72.500,,-1,-1,,214,77,77,,
6334,0,Husk,T3/97,ARRIVED,60.500,4.000,72.500,,-1,-1,,214,77,77,,
6335,0,Husk,T3/97,ARRIVED,60.500,4.000,72.500,,-1,-1,,214,77,77,,
6336,0,Husk,T3/97,ARRIVED,60.500,4.000,72.500,,-1,-1,,214,77,77,,
6337,0,Husk,T3/97,ARRIVED,60.500,4.000,72.500,,-1,-1,,214,77,77,,
6338,0,Husk,T3/97,ARRIVED,60.500,4.000,72.500,,-1,-1,,214,77,77,,
6339,0,Husk,T3/97,ARRIVED,60.500,4.000,72.500,,-1,-1,,214,77,77,,
6340,0,Husk,T3/97,ARRIVED,60.500,4.000,72.500,,-1,-1,,214,77,77,,
6341,0,Husk,T3/97,ARRIVED,60.500,4.000,72.500,,-1,-1,,214,77,77,,
6342,0,Husk,T3/98,ARRIVED,60.500,4.000,84.500,,-1,-1,,214,77,77,,
6343,0,Husk,T3/98,ARRIVED,60.500,4.000,84.500,,-1,-1,,214,77,77,,
6344,0,Husk,T3/98,ARRIVED,60.500,4.000,84.500,,-1,-1,,214,77,77,,
6345,0,Husk,T3/98,ARRIVED,60.500,4.000,84.500,,-1,-1,,214,77,77,,
6346,0,Husk,T3/98,ARRIVED,60.500,4.000,84.500,,-1,-1,,214,77,77,,
6347,0,Husk,T3/98,ARRIVED,60.500,4.000,84.500,,-1,-1,,214,77,77,,
6348,0,Husk,T3/98,ARRIVED,60.500,4.000,84.500,,-1,-1,,214,77,77,,
6349,0,Husk,T3/98,ARRIVED,60.500,4.000,84.500,,-1,-1,,214,77,77,,
6350,0,Husk,T3/98,ARRIVED,60.500,4.000,84.500,,-1,-1,,214,77,77,,
6351,0,Husk,T3/98,ARRIVED,60.500,4.000,84.500,,-1,-1,,214,77,77,,
6352,0,Husk,T3/98,ARRIVED,60.500,4.000,84.500,,-1,-1,,214,77,77,,
6353,0,Husk,T3/98,ARRIVED,60.500,4.000,84.500,,-1,-1,,214,77,77,,
6354,0,Husk,T3/98,ARRIVED,60.500,4.000,84.500,,-1,-1,,214,77,77,,
6355,0,Husk,T3/98,ARRIVED,60.500,4.000,84.500,,-1,-1,,214,77,77,,
6356,0,Husk,T3/98,ARRIVED,60.500,4.000,84.500,,-1,-1,,214,77,77,,
6357,0,Husk,T3/98,ARRIVED,60.500,4.000,84.500,,-1,-1,,214,77,77,,
6358,0,Husk,T3/98,ARRIVED,60.500,4.000,84.500,,-1,-1,,214,77,77,,
6359,0,Husk,T3/98,ARRIVED,60.500,4.000,84.500,,-1,-1,,214,77,77,,
6360,0,Husk,T3/98,ARRIVED,60.500,4.000,84.500,,-1,-1,,214,77,77,,
6361,0,Husk,T3/98,ARRIVED,60.500,4.000,84.500,,-1,-1,,214,77,77,,
6362,0,Husk,T3/98,ARRIVED,60.500,4.000,84.500,,-1,-1,,214,77,77,,
6363,0,Husk,T3/99,ARRIVED,60.500,4.000,96.500,,-1,-1,,214,77,77,,
6364,0,Husk,T3/99,ARRIVED,60.500,4.000,96.500,,-1,-1,,214,77,77,,
6365,0,Husk,T3/99,ARRIVED,60.500,4.000,96.500,,-1,-1,,214,77,77,,
6366,0,Husk,T3/99,ARRIVED,60.500,4.000,96.500,,-1,-1,,214,77,77,,
6367,0,Husk,T3/99,ARRIVED,60.500,4.000,96.500,,-1,-1,,214,77,77,,
6368,0,Husk,T3/99,ARRIVED,60.500,4.000,96.500,,-1,-1,,214,77,77,,
6369,0,Husk,T3/99,ARRIVED,60.500,4.000,96.500,,-1,-1,,214,77,77,,
6370,0,Husk,T3/99,ARRIVED,60.500,4.000,96.500,,-1,-1,,214,77,77,,
6371,0,Husk,T3/99,ARRIVED,60.500,4.000,96.500,,-1,-1,,214,77,77,,
6372,0,Husk,T3/99,ARRIVED,60.500,4.000,96.500,,-1,-1,,214,77,77,,
6373,0,Husk,T3/99,ARRIVED,60.500,4.000,96.500,,-1,-1,,214,77,77,,
6374,0,Husk,T3/99,ARRIVED,60.500,4.000,96.500,,-1,-1,,214,77,77,,
6375,0,Husk,T3/99,ARRIVED,60.500,4.000,96.500,,-1,-1,,214,77,77,,
6376,0,Husk,T3/99,ARRIVED,60.500,4.000,96.500,,-1,-1,,214,77,77,,
6377,0,Husk,T3/99,ARRIVED,60.500,4.000,96.500,,-1,-1,,214,77,77,,
6378,0,Husk,T3/99,ARRIVED,60.500,4.000,96.500,,-1,-1,,214,77,77,,
6379,0,Husk,T3/99,ARRIVED,60.500,4.000,96.500,,-1,-1,,214,77,77,,
6380,0,Husk,T3/99,ARRIVED,60.500,4.000,96.500,,-1,-1,,214,77,77,,
6381,0,Husk,T3/99,ARRIVED,60.500,4.000,96.500,,-1,-1,,214,77,77,,
6382,0,Husk,T3/99,ARRIVED,60.500,4.000,96.500,,-1,-1,,214,77,77,,
6383,0,Husk,T3/99,ARRIVED,60.500,4.000,96.500,,-1,-1,,214,77,77,,
6384,0,Husk,T3/100,ARRIVED,60.500,14.000,108.500,,-1,-1,,214,77,77,,
6385,0,Husk,T3/100,ARRIVED,60.500,14.000,108.500,,-1,-1,,214,77,77,,
6386,0,Husk,T3/100,ARRIVED,60.500,14.000,108.500,,-1,-1,,214,77,77,,
6387,0,Husk,T3/100,ARRIVED,60.500,14.000,108.500,,-1,-1,,214,77,77,,
6388,0,Husk,T3/100,ARRIVED,60.500,14.000,108.500,,-1,-1,,214,77,77,,
6389,0,Husk,T3/100,ARRIVED,60.500,14.000,108.500,,-1,-1,,214,77,77,,
6390,0,Husk,T3/100,ARRIVED,60.500,14.000,108.500,,-1,-1,,214,77,77,,
6391,0,Husk,T3/100,ARRIVED,60.500,14.000,108.500,,-1,-1,,214,77,77,,
6392,0,Husk,T3/100,ARRIVED,60.500,14.000,108.500,,-1,-1,,214,77,77,,
6393,0,Husk,T3/100,ARRIVED,60.500,14.000,108.500,,-1,-1,,214,77,77,,
6394,0,Husk,T3/100,ARRIVED,60.500,14.000,108.500,,-1,-1,,214,77,77,,
6395,0,Husk,T3/100,ARRIVED,60.500,14.000,108.500,,-1,-1,,214,77,77,,
6396,0,Husk,T3/100,ARRIVED,60.500,14.000,108.500,,-1,-1,,214,77,77,,
6397,0,Husk,T3/100,ARRIVED,60.500,14.000,108.500,,-1,-1,,214,77,77,,
6398,0,Husk,T3/100,ARRIVED,60.500,14.000,108.500,,-1,-1,,214,77,77,,
6399,0,Husk,T3/100,ARRIVED,60.500,14.000,108.500,,-1,-1,,214,77,77,,
6400,0,Husk,T3/100,ARRIVED,60.500,14.000,108.500,,-1,-1,,214,77,77,,
6401,0,Husk,T3/100,ARRIVED,60.500,14.000,108.500,,-1,-1,,214,77,77,,
6402,0,Husk,T3/100,ARRIVED,60.500,14.000,108.500,,-1,-1,,214,77,77,,
6403,0,Husk,T3/100,ARRIVED,60.500,14.000,108.500,,-1,-1,,214,77,77,,
6404,0,Husk,T3/100,ARRIVED,60.500,14.000,108.500,,-1,-1,,214,77,77,,
