world_tick,entity_id,entity,tag,state,x,y,z,goal,path_len,path_pos,movement,search_us,searches,replans,fail_reason,events
108,0,Husk,T2/1,IDLE,0.500,4.000,0.500,,-1,-1,,-1,0,0,,
109,0,Husk,T2/1,IDLE,0.500,4.000,0.500,,-1,-1,,-1,0,0,,CANCELED
110,0,Husk,T2/1,IDLE,0.500,4.000,0.500,,-1,-1,,-1,0,0,,
111,0,Husk,T2/1,IDLE,0.500,4.000,0.500,,-1,-1,,-1,0,0,,
112,0,Husk,T2/1,IDLE,0.500,4.000,0.500,,-1,-1,,-1,0,0,,
113,0,Husk,T2/1,IDLE,0.500,4.000,0.500,,-1,-1,,-1,0,0,,
114,0,Husk,T2/1,IDLE,0.500,4.000,0.500,,-1,-1,,-1,0,0,,
115,0,Husk,T2/1,IDLE,0.500,4.000,0.500,,-1,-1,,-1,0,0,,
116,0,Husk,T2/1,IDLE,0.500,4.000,0.500,,-1,-1,,-1,0,0,,
117,0,Husk,T2/1,IDLE,0.500,4.000,0.500,,-1,-1,,-1,0,0,,
118,0,Husk,T2/1,SEARCHING,0.500,4.000,0.500,"GoalBlock{x=20,y=4,z=0}",-1,-1,,-1,1,1,,CALC_STARTED
119,0,Husk,T2/1,SEARCHING,0.500,4.000,0.500,"GoalBlock{x=20,y=4,z=0}",-1,-1,,-1,1,1,,
120,0,Husk,T2/1,MOVING,0.627,4.000,0.500,"GoalBlock{x=20,y=4,z=0}",21,0,MovementTraverse,62551,1,1,,CALC_FINISHED_NOW_EXECUTING
121,0,Husk,T2/1,MOVING,0.824,4.000,0.500,"GoalBlock{x=20,y=4,z=0}",21,0,MovementTraverse,62551,1,1,,
122,0,Husk,T2/1,MOVING,1.059,4.000,0.500,"GoalBlock{x=20,y=4,z=0}",21,0,MovementTraverse,62551,1,1,,
123,0,Husk,T2/1,MOVING,1.315,4.000,0.500,"GoalBlock{x=20,y=4,z=0}",21,1,MovementTraverse,62551,1,1,,
124,0,Husk,T2/1,MOVING,1.582,4.000,0.500,"GoalBlock{x=20,y=4,z=0}",21,1,MovementTraverse,62551,1,1,,
125,0,Husk,T2/1,MOVING,1.855,4.000,0.500,"GoalBlock{x=20,y=4,z=0}",21,1,MovementTraverse,62551,1,1,,
126,0,Husk,T2/1,MOVING,2.132,4.000,0.500,"GoalBlock{x=20,y=4,z=0}",21,1,MovementTraverse,62551,1,1,,
127,0,Husk,T2/1,MOVING,2.410,4.000,0.500,"GoalBlock{x=20,y=4,z=0}",21,2,MovementTraverse,62551,1,1,,
128,0,Husk,T2/1,MOVING,2.690,4.000,0.500,"GoalBlock{x=20,y=4,z=0}",21,2,MovementTraverse,62551,1,1,,
129,0,Husk,T2/1,MOVING,2.969,4.000,0.500,"GoalBlock{x=20,y=4,z=0}",21,2,MovementTraverse,62551,1,1,,
130,0,Husk,T2/1,MOVING,3.250,4.000,0.500,"GoalBlock{x=20,y=4,z=0}",21,2,MovementTraverse,62551,1,1,,
131,0,Husk,T2/1,MOVING,3.530,4.000,0.500,"GoalBlock{x=20,y=4,z=0}",21,3,MovementTraverse,62551,1,1,,
132,0,Husk,T2/1,MOVING,3.811,4.000,0.500,"GoalBlock{x=20,y=4,z=0}",21,3,MovementTraverse,62551,1,1,,
133,0,Husk,T2/1,MOVING,4.091,4.000,0.500,"GoalBlock{x=20,y=4,z=0}",21,3,MovementTraverse,62551,1,1,,
134,0,Husk,T2/1,MOVING,4.372,4.000,0.500,"GoalBlock{x=20,y=4,z=0}",21,4,MovementTraverse,62551,1,1,,
135,0,Husk,T2/1,MOVING,4.652,4.000,0.500,"GoalBlock{x=20,y=4,z=0}",21,4,MovementTraverse,62551,1,1,,
136,0,Husk,T2/1,MOVING,4.933,4.000,0.500,"GoalBlock{x=20,y=4,z=0}",21,4,MovementTraverse,62551,1,1,,
137,0,Husk,T2/1,MOVING,5.214,4.000,0.500,"GoalBlock{x=20,y=4,z=0}",21,4,MovementTraverse,62551,1,1,,
138,0,Husk,T2/1,MOVING,5.494,4.000,0.500,"GoalBlock{x=20,y=4,z=0}",21,5,MovementTraverse,62551,1,1,,
139,0,Husk,T2/1,MOVING,5.775,4.000,0.500,"GoalBlock{x=20,y=4,z=0}",21,5,MovementTraverse,62551,1,1,,
140,0,Husk,T2/1,MOVING,6.055,4.000,0.500,"GoalBlock{x=20,y=4,z=0}",21,5,MovementTraverse,62551,1,1,,
141,0,Husk,T2/1,MOVING,6.336,4.000,0.500,"GoalBlock{x=20,y=4,z=0}",21,6,MovementTraverse,62551,1,1,,
142,0,Husk,T2/1,MOVING,6.617,4.000,0.500,"GoalBlock{x=20,y=4,z=0}",21,6,MovementTraverse,62551,1,1,,
143,0,Husk,T2/1,MOVING,6.897,4.000,0.500,"GoalBlock{x=20,y=4,z=0}",21,6,MovementTraverse,62551,1,1,,
144,0,Husk,T2/1,MOVING,7.178,4.000,0.500,"GoalBlock{x=20,y=4,z=0}",21,6,MovementTraverse,62551,1,1,,
145,0,Husk,T2/1,MOVING,7.459,4.000,0.500,"GoalBlock{x=20,y=4,z=0}",21,7,MovementTraverse,62551,1,1,,
146,0,Husk,T2/1,MOVING,7.739,4.000,0.500,"GoalBlock{x=20,y=4,z=0}",21,7,MovementTraverse,62551,1,1,,
147,0,Husk,T2/1,MOVING,8.020,4.000,0.500,"GoalBlock{x=20,y=4,z=0}",21,7,MovementTraverse,62551,1,1,,
148,0,Husk,T2/1,MOVING,8.300,4.000,0.500,"GoalBlock{x=20,y=4,z=0}",21,8,MovementTraverse,62551,1,1,,
149,0,Husk,T2/1,MOVING,8.581,4.000,0.500,"GoalBlock{x=20,y=4,z=0}",21,8,MovementTraverse,62551,1,1,,
150,0,Husk,T2/1,MOVING,8.862,4.000,0.500,"GoalBlock{x=20,y=4,z=0}",21,8,MovementTraverse,62551,1,1,,
151,0,Husk,T2/1,MOVING,9.142,4.000,0.500,"GoalBlock{x=20,y=4,z=0}",21,8,MovementTraverse,62551,1,1,,
152,0,Husk,T2/1,MOVING,9.295,4.000,0.500,"GoalBlock{x=20,y=4,z=0}",21,9,MovementTraverse,62551,1,1,,
153,0,Husk,T2/1,MOVING,9.507,4.000,0.500,"GoalBlock{x=20,y=4,z=0}",21,9,MovementTraverse,62551,1,1,,
154,0,Husk,T2/1,MOVING,9.749,4.000,0.500,"GoalBlock{x=20,y=4,z=0}",21,9,MovementTraverse,62551,1,1,,
155,0,Husk,T2/1,MOVING,10.009,4.000,0.500,"GoalBlock{x=20,y=4,z=0}",21,9,MovementTraverse,62551,1,1,,
156,0,Husk,T2/1,MOVING,10.278,4.000,0.500,"GoalBlock{x=20,y=4,z=0}",21,10,MovementTraverse,62551,1,1,,
157,0,Husk,T2/1,MOVING,10.553,4.000,0.500,"GoalBlock{x=20,y=4,z=0}",21,10,MovementTraverse,62551,1,1,,
158,0,Husk,T2/1,MOVING,10.830,4.000,0.500,"GoalBlock{x=20,y=4,z=0}",21,10,MovementTraverse,62551,1,1,,
159,0,Husk,T2/1,MOVING,11.109,4.000,0.500,"GoalBlock{x=20,y=4,z=0}",21,10,MovementTraverse,62551,1,1,,
160,0,Husk,T2/1,MOVING,11.388,4.000,0.500,"GoalBlock{x=20,y=4,z=0}",21,11,MovementTraverse,62551,1,1,,
161,0,Husk,T2/1,MOVING,11.668,4.000,0.500,"GoalBlock{x=20,y=4,z=0}",21,11,MovementTraverse,62551,1,1,,
162,0,Husk,T2/1,MOVING,11.949,4.000,0.500,"GoalBlock{x=20,y=4,z=0}",21,11,MovementTraverse,62551,1,1,,
163,0,Husk,T2/1,MOVING,12.229,4.000,0.500,"GoalBlock{x=20,y=4,z=0}",21,11,MovementTraverse,62551,1,1,,
164,0,Husk,T2/1,MOVING,12.510,4.000,0.500,"GoalBlock{x=20,y=4,z=0}",21,12,MovementTraverse,62551,1,1,,
165,0,Husk,T2/1,MOVING,12.790,4.000,0.500,"GoalBlock{x=20,y=4,z=0}",21,12,MovementTraverse,62551,1,1,,
166,0,Husk,T2/1,MOVING,13.071,4.000,0.500,"GoalBlock{x=20,y=4,z=0}",21,12,MovementTraverse,62551,1,1,,
167,0,Husk,T2/1,MOVING,13.352,4.000,0.500,"GoalBlock{x=20,y=4,z=0}",21,13,MovementTraverse,62551,1,1,,
168,0,Husk,T2/1,MOVING,13.632,4.000,0.500,"GoalBlock{x=20,y=4,z=0}",21,13,MovementTraverse,62551,1,1,,
169,0,Husk,T2/1,MOVING,13.913,4.000,0.500,"GoalBlock{x=20,y=4,z=0}",21,13,MovementTraverse,62551,1,1,,
170,0,Husk,T2/1,MOVING,14.193,4.000,0.500,"GoalBlock{x=20,y=4,z=0}",21,13,MovementTraverse,62551,1,1,,
171,0,Husk,T2/1,MOVING,14.474,4.000,0.500,"GoalBlock{x=20,y=4,z=0}",21,14,MovementTraverse,62551,1,1,,
172,0,Husk,T2/1,MOVING,14.755,4.000,0.500,"GoalBlock{x=20,y=4,z=0}",21,14,MovementTraverse,62551,1,1,,
173,0,Husk,T2/1,MOVING,15.035,4.000,0.500,"GoalBlock{x=20,y=4,z=0}",21,14,MovementTraverse,62551,1,1,,
174,0,Husk,T2/1,MOVING,15.316,4.000,0.500,"GoalBlock{x=20,y=4,z=0}",21,15,MovementTraverse,62551,1,1,,
175,0,Husk,T2/1,MOVING,15.596,4.000,0.500,"GoalBlock{x=20,y=4,z=0}",21,15,MovementTraverse,62551,1,1,,
176,0,Husk,T2/1,MOVING,15.877,4.000,0.500,"GoalBlock{x=20,y=4,z=0}",21,15,MovementTraverse,62551,1,1,,
177,0,Husk,T2/1,MOVING,16.158,4.000,0.500,"GoalBlock{x=20,y=4,z=0}",21,15,MovementTraverse,62551,1,1,,
178,0,Husk,T2/1,MOVING,16.438,4.000,0.500,"GoalBlock{x=20,y=4,z=0}",21,16,MovementTraverse,62551,1,1,,
179,0,Husk,T2/1,MOVING,16.719,4.000,0.500,"GoalBlock{x=20,y=4,z=0}",21,16,MovementTraverse,62551,1,1,,
180,0,Husk,T2/1,MOVING,17.000,4.000,0.500,"GoalBlock{x=20,y=4,z=0}",21,16,MovementTraverse,62551,1,1,,
181,0,Husk,T2/1,MOVING,17.280,4.000,0.500,"GoalBlock{x=20,y=4,z=0}",21,16,MovementTraverse,62551,1,1,,
182,0,Husk,T2/1,MOVING,17.561,4.000,0.500,"GoalBlock{x=20,y=4,z=0}",21,17,MovementTraverse,62551,1,1,,
183,0,Husk,T2/1,MOVING,17.841,4.000,0.500,"GoalBlock{x=20,y=4,z=0}",21,17,MovementTraverse,62551,1,1,,
184,0,Husk,T2/1,MOVING,18.122,4.000,0.500,"GoalBlock{x=20,y=4,z=0}",21,17,MovementTraverse,62551,1,1,,
185,0,Husk,T2/1,MOVING,18.403,4.000,0.500,"GoalBlock{x=20,y=4,z=0}",21,18,MovementTraverse,62551,1,1,,
186,0,Husk,T2/1,MOVING,18.683,4.000,0.500,"GoalBlock{x=20,y=4,z=0}",21,18,MovementTraverse,62551,1,1,,
187,0,Husk,T2/1,MOVING,18.964,4.000,0.500,"GoalBlock{x=20,y=4,z=0}",21,18,MovementTraverse,62551,1,1,,
188,0,Husk,T2/1,MOVING,19.244,4.000,0.500,"GoalBlock{x=20,y=4,z=0}",21,18,MovementTraverse,62551,1,1,,
189,0,Husk,T2/1,MOVING,19.525,4.000,0.500,"GoalBlock{x=20,y=4,z=0}",21,19,MovementTraverse,62551,1,1,,
190,0,Husk,T2/1,MOVING,19.806,4.000,0.500,"GoalBlock{x=20,y=4,z=0}",21,19,MovementTraverse,62551,1,1,,
191,0,Husk,T2/1,MOVING,20.086,4.000,0.500,"GoalBlock{x=20,y=4,z=0}",21,19,MovementTraverse,62551,1,1,,
192,0,Husk,T2/1,ARRIVED,20.240,4.000,0.500,,-1,-1,,62551,1,1,,CANCELED
193,0,Husk,T2/2,ARRIVED,0.500,4.000,12.500,,-1,-1,,62551,1,1,,CANCELED|CANCELED
194,0,Husk,T2/2,ARRIVED,0.500,4.000,12.500,,-1,-1,,62551,1,1,,
195,0,Husk,T2/2,ARRIVED,0.500,4.000,12.500,,-1,-1,,62551,1,1,,
196,0,Husk,T2/2,ARRIVED,0.500,4.000,12.500,,-1,-1,,62551,1,1,,
197,0,Husk,T2/2,ARRIVED,0.500,4.000,12.500,,-1,-1,,62551,1,1,,
198,0,Husk,T2/2,ARRIVED,0.500,4.000,12.500,,-1,-1,,62551,1,1,,
199,0,Husk,T2/2,ARRIVED,0.500,4.000,12.500,,-1,-1,,62551,1,1,,
200,0,Husk,T2/2,ARRIVED,0.500,4.000,12.500,,-1,-1,,62551,1,1,,
201,0,Husk,T2/2,ARRIVED,0.500,4.000,12.500,,-1,-1,,62551,1,1,,
202,0,Husk,T2/2,ARRIVED,0.500,4.000,12.500,,-1,-1,,62551,1,1,,
203,0,Husk,T2/2,SEARCHING,0.500,4.000,12.500,"GoalBlock{x=20,y=4,z=12}",-1,-1,,62551,2,2,,CALC_STARTED
204,0,Husk,T2/2,MOVING,0.627,4.000,12.500,"GoalBlock{x=20,y=4,z=12}",10,0,MovementTraverse,4089,3,3,,CALC_FINISHED_NOW_EXECUTING|NEXT_SEGMENT_CALC_STARTED
205,0,Husk,T2/2,MOVING,0.824,4.000,12.500,"GoalBlock{x=20,y=4,z=12}",10,0,MovementTraverse,2408,3,3,,NEXT_CALC_FAILED
206,0,Husk,T2/2,MOVING,1.059,4.000,12.500,"GoalBlock{x=20,y=4,z=12}",10,0,MovementTraverse,2408,3,3,,
207,0,Husk,T2/2,MOVING,1.315,4.000,12.500,"GoalBlock{x=20,y=4,z=12}",10,1,MovementTraverse,2408,3,3,,
208,0,Husk,T2/2,MOVING,1.582,4.000,12.500,"GoalBlock{x=20,y=4,z=12}",10,1,MovementTraverse,2408,3,3,,
209,0,Husk,T2/2,MOVING,1.855,4.000,12.500,"GoalBlock{x=20,y=4,z=12}",10,1,MovementTraverse,2408,3,3,,
210,0,Husk,T2/2,MOVING,2.132,4.000,12.500,"GoalBlock{x=20,y=4,z=12}",10,1,MovementTraverse,2408,3,3,,
211,0,Husk,T2/2,MOVING,2.410,4.000,12.500,"GoalBlock{x=20,y=4,z=12}",10,2,MovementTraverse,2408,3,3,,
212,0,Husk,T2/2,MOVING,2.690,4.000,12.500,"GoalBlock{x=20,y=4,z=12}",10,2,MovementTraverse,2408,3,3,,
213,0,Husk,T2/2,MOVING,2.969,4.000,12.500,"GoalBlock{x=20,y=4,z=12}",10,2,MovementTraverse,2408,3,3,,
214,0,Husk,T2/2,MOVING,3.250,4.000,12.500,"GoalBlock{x=20,y=4,z=12}",10,2,MovementTraverse,2408,3,3,,
215,0,Husk,T2/2,MOVING,3.530,4.000,12.500,"GoalBlock{x=20,y=4,z=12}",10,3,MovementTraverse,2408,3,3,,
216,0,Husk,T2/2,MOVING,3.811,4.000,12.500,"GoalBlock{x=20,y=4,z=12}",10,3,MovementTraverse,2408,3,3,,
217,0,Husk,T2/2,MOVING,4.091,4.000,12.500,"GoalBlock{x=20,y=4,z=12}",10,3,MovementTraverse,2408,3,3,,
218,0,Husk,T2/2,MOVING,4.372,4.000,12.500,"GoalBlock{x=20,y=4,z=12}",10,4,MovementTraverse,2408,3,3,,
219,0,Husk,T2/2,MOVING,4.652,4.000,12.500,"GoalBlock{x=20,y=4,z=12}",10,4,MovementTraverse,2408,3,3,,
220,0,Husk,T2/2,MOVING,4.933,4.000,12.500,"GoalBlock{x=20,y=4,z=12}",10,4,MovementTraverse,2408,3,3,,
221,0,Husk,T2/2,MOVING,5.214,4.000,12.500,"GoalBlock{x=20,y=4,z=12}",10,4,MovementTraverse,2408,3,3,,
222,0,Husk,T2/2,MOVING,5.494,4.000,12.500,"GoalBlock{x=20,y=4,z=12}",10,5,MovementTraverse,2408,3,3,,
223,0,Husk,T2/2,MOVING,5.775,4.000,12.500,"GoalBlock{x=20,y=4,z=12}",10,5,MovementTraverse,2408,3,3,,
224,0,Husk,T2/2,MOVING,6.055,4.000,12.500,"GoalBlock{x=20,y=4,z=12}",10,5,MovementTraverse,2408,3,3,,
225,0,Husk,T2/2,MOVING,6.336,4.000,12.500,"GoalBlock{x=20,y=4,z=12}",10,6,MovementTraverse,2408,3,3,,
226,0,Husk,T2/2,MOVING,6.617,4.000,12.500,"GoalBlock{x=20,y=4,z=12}",10,6,MovementTraverse,2408,3,3,,
227,0,Husk,T2/2,MOVING,6.897,4.000,12.500,"GoalBlock{x=20,y=4,z=12}",10,6,MovementTraverse,2408,3,3,,
228,0,Husk,T2/2,MOVING,7.178,4.000,12.500,"GoalBlock{x=20,y=4,z=12}",10,6,MovementTraverse,2408,3,3,,
229,0,Husk,T2/2,MOVING,7.459,4.000,12.500,"GoalBlock{x=20,y=4,z=12}",10,7,MovementTraverse,2408,3,3,,
230,0,Husk,T2/2,MOVING,7.739,4.000,12.500,"GoalBlock{x=20,y=4,z=12}",10,7,MovementTraverse,2408,3,3,,
231,0,Husk,T2/2,MOVING,8.020,4.000,12.500,"GoalBlock{x=20,y=4,z=12}",10,7,MovementTraverse,2408,3,3,,
232,0,Husk,T2/2,MOVING,8.300,4.000,12.500,"GoalBlock{x=20,y=4,z=12}",10,8,MovementTraverse,2408,3,3,,
233,0,Husk,T2/2,MOVING,8.581,4.000,12.500,"GoalBlock{x=20,y=4,z=12}",10,8,MovementTraverse,2408,3,3,,
234,0,Husk,T2/2,MOVING,8.862,4.000,12.500,"GoalBlock{x=20,y=4,z=12}",10,8,MovementTraverse,2408,3,3,,
235,0,Husk,T2/2,MOVING,9.142,4.000,12.500,"GoalBlock{x=20,y=4,z=12}",10,8,MovementTraverse,2408,3,3,,
236,0,Husk,T2/2,SEARCHING,9.295,4.000,12.500,"GoalBlock{x=20,y=4,z=12}",-1,-1,,2408,4,4,,CALC_STARTED
237,0,Husk,T2/2,FAILED,9.379,4.000,12.500,,-1,-1,,1849,4,4,no_path,CALC_FAILED
238,0,Husk,T2/2,FAILED,9.425,4.000,12.500,,-1,-1,,1849,4,4,no_path,
239,0,Husk,T2/3,FAILED,0.500,4.000,24.500,,-1,-1,,1849,4,4,no_path,CANCELED|CANCELED
240,0,Husk,T2/3,FAILED,0.500,4.000,24.500,,-1,-1,,1849,4,4,no_path,
241,0,Husk,T2/3,FAILED,0.500,4.000,24.500,,-1,-1,,1849,4,4,no_path,
242,0,Husk,T2/3,FAILED,0.500,4.000,24.500,,-1,-1,,1849,4,4,no_path,
243,0,Husk,T2/3,FAILED,0.500,4.000,24.500,,-1,-1,,1849,4,4,no_path,
244,0,Husk,T2/3,FAILED,0.500,4.000,24.500,,-1,-1,,1849,4,4,no_path,
245,0,Husk,T2/3,FAILED,0.500,4.000,24.500,,-1,-1,,1849,4,4,no_path,
246,0,Husk,T2/3,FAILED,0.500,4.000,24.500,,-1,-1,,1849,4,4,no_path,
247,0,Husk,T2/3,FAILED,0.500,4.000,24.500,,-1,-1,,1849,4,4,no_path,
248,0,Husk,T2/3,FAILED,0.500,4.000,24.500,,-1,-1,,1849,4,4,no_path,
249,0,Husk,T2/3,SEARCHING,0.500,4.000,24.500,"GoalBlock{x=20,y=4,z=24}",-1,-1,,1849,5,5,,CALC_STARTED
250,0,Husk,T2/3,MOVING,0.627,4.000,24.500,"GoalBlock{x=20,y=4,z=24}",21,0,MovementTraverse,769,5,5,,CALC_FINISHED_NOW_EXECUTING
251,0,Husk,T2/3,MOVING,0.824,4.000,24.500,"GoalBlock{x=20,y=4,z=24}",21,0,MovementTraverse,769,5,5,,
252,0,Husk,T2/3,MOVING,1.059,4.000,24.500,"GoalBlock{x=20,y=4,z=24}",21,0,MovementTraverse,769,5,5,,
253,0,Husk,T2/3,MOVING,1.315,4.000,24.500,"GoalBlock{x=20,y=4,z=24}",21,1,MovementTraverse,769,5,5,,
254,0,Husk,T2/3,MOVING,1.582,4.000,24.500,"GoalBlock{x=20,y=4,z=24}",21,1,MovementTraverse,769,5,5,,
255,0,Husk,T2/3,MOVING,1.855,4.000,24.500,"GoalBlock{x=20,y=4,z=24}",21,1,MovementTraverse,769,5,5,,
256,0,Husk,T2/3,MOVING,2.132,4.000,24.500,"GoalBlock{x=20,y=4,z=24}",21,1,MovementTraverse,769,5,5,,
257,0,Husk,T2/3,MOVING,2.410,4.000,24.500,"GoalBlock{x=20,y=4,z=24}",21,2,MovementTraverse,769,5,5,,
258,0,Husk,T2/3,MOVING,2.690,4.000,24.500,"GoalBlock{x=20,y=4,z=24}",21,2,MovementTraverse,769,5,5,,
259,0,Husk,T2/3,MOVING,2.969,4.000,24.500,"GoalBlock{x=20,y=4,z=24}",21,2,MovementTraverse,769,5,5,,
260,0,Husk,T2/3,MOVING,3.250,4.000,24.500,"GoalBlock{x=20,y=4,z=24}",21,2,MovementTraverse,769,5,5,,
261,0,Husk,T2/3,MOVING,3.530,4.000,24.500,"GoalBlock{x=20,y=4,z=24}",21,3,MovementTraverse,769,5,5,,
262,0,Husk,T2/3,MOVING,3.811,4.000,24.500,"GoalBlock{x=20,y=4,z=24}",21,3,MovementTraverse,769,5,5,,
263,0,Husk,T2/3,MOVING,4.091,4.000,24.500,"GoalBlock{x=20,y=4,z=24}",21,3,MovementTraverse,769,5,5,,
264,0,Husk,T2/3,MOVING,4.372,4.000,24.500,"GoalBlock{x=20,y=4,z=24}",21,4,MovementTraverse,769,5,5,,
265,0,Husk,T2/3,MOVING,4.652,4.000,24.500,"GoalBlock{x=20,y=4,z=24}",21,4,MovementTraverse,769,5,5,,
266,0,Husk,T2/3,MOVING,4.933,4.000,24.500,"GoalBlock{x=20,y=4,z=24}",21,4,MovementTraverse,769,5,5,,
267,0,Husk,T2/3,MOVING,5.214,4.000,24.500,"GoalBlock{x=20,y=4,z=24}",21,4,MovementTraverse,769,5,5,,
268,0,Husk,T2/3,MOVING,5.494,4.000,24.500,"GoalBlock{x=20,y=4,z=24}",21,5,MovementTraverse,769,5,5,,
269,0,Husk,T2/3,MOVING,5.775,4.000,24.500,"GoalBlock{x=20,y=4,z=24}",21,5,MovementTraverse,769,5,5,,
270,0,Husk,T2/3,MOVING,6.055,4.000,24.500,"GoalBlock{x=20,y=4,z=24}",21,5,MovementTraverse,769,5,5,,
271,0,Husk,T2/3,MOVING,6.336,4.000,24.500,"GoalBlock{x=20,y=4,z=24}",21,6,MovementTraverse,769,5,5,,
272,0,Husk,T2/3,MOVING,6.617,4.000,24.500,"GoalBlock{x=20,y=4,z=24}",21,6,MovementTraverse,769,5,5,,
273,0,Husk,T2/3,MOVING,6.897,4.000,24.500,"GoalBlock{x=20,y=4,z=24}",21,6,MovementTraverse,769,5,5,,
274,0,Husk,T2/3,MOVING,7.178,4.000,24.500,"GoalBlock{x=20,y=4,z=24}",21,6,MovementTraverse,769,5,5,,
275,0,Husk,T2/3,MOVING,7.459,4.000,24.500,"GoalBlock{x=20,y=4,z=24}",21,7,MovementTraverse,769,5,5,,
276,0,Husk,T2/3,MOVING,7.739,4.000,24.500,"GoalBlock{x=20,y=4,z=24}",21,7,MovementTraverse,769,5,5,,
277,0,Husk,T2/3,MOVING,8.020,4.000,24.500,"GoalBlock{x=20,y=4,z=24}",21,7,MovementTraverse,769,5,5,,
278,0,Husk,T2/3,MOVING,8.300,4.000,24.500,"GoalBlock{x=20,y=4,z=24}",21,8,MovementTraverse,769,5,5,,
279,0,Husk,T2/3,MOVING,8.581,4.000,24.500,"GoalBlock{x=20,y=4,z=24}",21,8,MovementTraverse,769,5,5,,
280,0,Husk,T2/3,MOVING,8.862,4.000,24.500,"GoalBlock{x=20,y=4,z=24}",21,8,MovementTraverse,769,5,5,,
281,0,Husk,T2/3,MOVING,9.142,4.000,24.500,"GoalBlock{x=20,y=4,z=24}",21,8,MovementTraverse,769,5,5,,
282,0,Husk,T2/3,MOVING,9.295,4.000,24.500,"GoalBlock{x=20,y=4,z=24}",21,9,MovementTraverse,769,5,5,,
283,0,Husk,T2/3,MOVING,9.507,4.000,24.500,"GoalBlock{x=20,y=4,z=24}",21,9,MovementTraverse,769,5,5,,
284,0,Husk,T2/3,MOVING,9.749,4.000,24.500,"GoalBlock{x=20,y=4,z=24}",21,9,MovementTraverse,769,5,5,,
285,0,Husk,T2/3,MOVING,10.009,4.000,24.500,"GoalBlock{x=20,y=4,z=24}",21,9,MovementTraverse,769,5,5,,
286,0,Husk,T2/3,MOVING,10.278,4.000,24.500,"GoalBlock{x=20,y=4,z=24}",21,10,MovementTraverse,769,5,5,,
287,0,Husk,T2/3,MOVING,10.553,4.000,24.500,"GoalBlock{x=20,y=4,z=24}",21,10,MovementTraverse,769,5,5,,
288,0,Husk,T2/3,MOVING,10.830,4.000,24.500,"GoalBlock{x=20,y=4,z=24}",21,10,MovementTraverse,769,5,5,,
289,0,Husk,T2/3,MOVING,11.109,4.000,24.500,"GoalBlock{x=20,y=4,z=24}",21,10,MovementTraverse,769,5,5,,
290,0,Husk,T2/3,MOVING,11.388,4.000,24.500,"GoalBlock{x=20,y=4,z=24}",21,11,MovementTraverse,769,5,5,,
291,0,Husk,T2/3,MOVING,11.668,4.000,24.500,"GoalBlock{x=20,y=4,z=24}",21,11,MovementTraverse,769,5,5,,
292,0,Husk,T2/3,MOVING,11.949,4.000,24.500,"GoalBlock{x=20,y=4,z=24}",21,11,MovementTraverse,769,5,5,,
293,0,Husk,T2/3,MOVING,12.229,4.000,24.500,"GoalBlock{x=20,y=4,z=24}",21,11,MovementTraverse,769,5,5,,
294,0,Husk,T2/3,MOVING,12.510,4.000,24.500,"GoalBlock{x=20,y=4,z=24}",21,12,MovementTraverse,769,5,5,,
295,0,Husk,T2/3,MOVING,12.790,4.000,24.500,"GoalBlock{x=20,y=4,z=24}",21,12,MovementTraverse,769,5,5,,
296,0,Husk,T2/3,MOVING,13.071,4.000,24.500,"GoalBlock{x=20,y=4,z=24}",21,12,MovementTraverse,769,5,5,,
297,0,Husk,T2/3,MOVING,13.352,4.000,24.500,"GoalBlock{x=20,y=4,z=24}",21,13,MovementTraverse,769,5,5,,
298,0,Husk,T2/3,MOVING,13.632,4.000,24.500,"GoalBlock{x=20,y=4,z=24}",21,13,MovementTraverse,769,5,5,,
299,0,Husk,T2/3,MOVING,13.913,4.000,24.500,"GoalBlock{x=20,y=4,z=24}",21,13,MovementTraverse,769,5,5,,
300,0,Husk,T2/3,MOVING,14.193,4.000,24.500,"GoalBlock{x=20,y=4,z=24}",21,13,MovementTraverse,769,5,5,,
301,0,Husk,T2/3,MOVING,14.474,4.000,24.500,"GoalBlock{x=20,y=4,z=24}",21,14,MovementTraverse,769,5,5,,
302,0,Husk,T2/3,MOVING,14.755,4.000,24.500,"GoalBlock{x=20,y=4,z=24}",21,14,MovementTraverse,769,5,5,,
303,0,Husk,T2/3,MOVING,15.035,4.000,24.500,"GoalBlock{x=20,y=4,z=24}",21,14,MovementTraverse,769,5,5,,
304,0,Husk,T2/3,MOVING,15.316,4.000,24.500,"GoalBlock{x=20,y=4,z=24}",21,15,MovementTraverse,769,5,5,,
305,0,Husk,T2/3,MOVING,15.596,4.000,24.500,"GoalBlock{x=20,y=4,z=24}",21,15,MovementTraverse,769,5,5,,
306,0,Husk,T2/3,MOVING,15.877,4.000,24.500,"GoalBlock{x=20,y=4,z=24}",21,15,MovementTraverse,769,5,5,,
307,0,Husk,T2/3,MOVING,16.158,4.000,24.500,"GoalBlock{x=20,y=4,z=24}",21,15,MovementTraverse,769,5,5,,
308,0,Husk,T2/3,MOVING,16.438,4.000,24.500,"GoalBlock{x=20,y=4,z=24}",21,16,MovementTraverse,769,5,5,,
309,0,Husk,T2/3,MOVING,16.719,4.000,24.500,"GoalBlock{x=20,y=4,z=24}",21,16,MovementTraverse,769,5,5,,
310,0,Husk,T2/3,MOVING,17.000,4.000,24.500,"GoalBlock{x=20,y=4,z=24}",21,16,MovementTraverse,769,5,5,,
311,0,Husk,T2/3,MOVING,17.280,4.000,24.500,"GoalBlock{x=20,y=4,z=24}",21,16,MovementTraverse,769,5,5,,
312,0,Husk,T2/3,MOVING,17.561,4.000,24.500,"GoalBlock{x=20,y=4,z=24}",21,17,MovementTraverse,769,5,5,,
313,0,Husk,T2/3,MOVING,17.841,4.000,24.500,"GoalBlock{x=20,y=4,z=24}",21,17,MovementTraverse,769,5,5,,
314,0,Husk,T2/3,MOVING,18.122,4.000,24.500,"GoalBlock{x=20,y=4,z=24}",21,17,MovementTraverse,769,5,5,,
315,0,Husk,T2/3,MOVING,18.403,4.000,24.500,"GoalBlock{x=20,y=4,z=24}",21,18,MovementTraverse,769,5,5,,
316,0,Husk,T2/3,MOVING,18.683,4.000,24.500,"GoalBlock{x=20,y=4,z=24}",21,18,MovementTraverse,769,5,5,,
317,0,Husk,T2/3,MOVING,18.964,4.000,24.500,"GoalBlock{x=20,y=4,z=24}",21,18,MovementTraverse,769,5,5,,
318,0,Husk,T2/3,MOVING,19.244,4.000,24.500,"GoalBlock{x=20,y=4,z=24}",21,18,MovementTraverse,769,5,5,,
319,0,Husk,T2/3,MOVING,19.525,4.000,24.500,"GoalBlock{x=20,y=4,z=24}",21,19,MovementTraverse,769,5,5,,
320,0,Husk,T2/3,MOVING,19.806,4.000,24.500,"GoalBlock{x=20,y=4,z=24}",21,19,MovementTraverse,769,5,5,,
321,0,Husk,T2/3,MOVING,20.086,4.000,24.500,"GoalBlock{x=20,y=4,z=24}",21,19,MovementTraverse,769,5,5,,
322,0,Husk,T2/3,ARRIVED,20.240,4.000,24.500,,-1,-1,,769,5,5,,CANCELED
323,0,Husk,T2/4,ARRIVED,0.500,4.000,36.500,,-1,-1,,769,5,5,,CANCELED|CANCELED
324,0,Husk,T2/4,ARRIVED,0.500,4.000,36.500,,-1,-1,,769,5,5,,
325,0,Husk,T2/4,ARRIVED,0.500,4.000,36.500,,-1,-1,,769,5,5,,
326,0,Husk,T2/4,ARRIVED,0.500,4.000,36.500,,-1,-1,,769,5,5,,
327,0,Husk,T2/4,ARRIVED,0.500,4.000,36.500,,-1,-1,,769,5,5,,
328,0,Husk,T2/4,ARRIVED,0.500,4.000,36.500,,-1,-1,,769,5,5,,
329,0,Husk,T2/4,ARRIVED,0.500,4.000,36.500,,-1,-1,,769,5,5,,
330,0,Husk,T2/4,ARRIVED,0.500,4.000,36.500,,-1,-1,,769,5,5,,
331,0,Husk,T2/4,ARRIVED,0.500,4.000,36.500,,-1,-1,,769,5,5,,
332,0,Husk,T2/4,ARRIVED,0.500,4.000,36.500,,-1,-1,,769,5,5,,
333,0,Husk,T2/4,SEARCHING,0.500,4.000,36.500,"GoalBlock{x=15,y=9,z=36}",-1,-1,,769,6,6,,CALC_STARTED
334,0,Husk,T2/4,MOVING,0.627,4.000,36.500,"GoalBlock{x=15,y=9,z=36}",20,0,MovementTraverse,1602,6,6,,CALC_FINISHED_NOW_EXECUTING
335,0,Husk,T2/4,MOVING,0.824,4.000,36.500,"GoalBlock{x=15,y=9,z=36}",20,0,MovementTraverse,1602,6,6,,
336,0,Husk,T2/4,MOVING,1.059,4.000,36.500,"GoalBlock{x=15,y=9,z=36}",20,0,MovementTraverse,1602,6,6,,
337,0,Husk,T2/4,MOVING,1.315,4.000,36.500,"GoalBlock{x=15,y=9,z=36}",20,1,MovementTraverse,1602,6,6,,
338,0,Husk,T2/4,MOVING,1.582,4.000,36.500,"GoalBlock{x=15,y=9,z=36}",20,1,MovementTraverse,1602,6,6,,
339,0,Husk,T2/4,MOVING,1.855,4.000,36.500,"GoalBlock{x=15,y=9,z=36}",20,1,MovementTraverse,1602,6,6,,
340,0,Husk,T2/4,MOVING,2.132,4.000,36.500,"GoalBlock{x=15,y=9,z=36}",20,1,MovementTraverse,1602,6,6,,
341,0,Husk,T2/4,MOVING,2.410,4.000,36.500,"GoalBlock{x=15,y=9,z=36}",20,2,MovementTraverse,1602,6,6,,
342,0,Husk,T2/4,MOVING,2.690,4.000,36.500,"GoalBlock{x=15,y=9,z=36}",20,2,MovementTraverse,1602,6,6,,
343,0,Husk,T2/4,MOVING,2.969,4.000,36.500,"GoalBlock{x=15,y=9,z=36}",20,2,MovementTraverse,1602,6,6,,
344,0,Husk,T2/4,MOVING,3.250,4.000,36.500,"GoalBlock{x=15,y=9,z=36}",20,2,MovementTraverse,1602,6,6,,
345,0,Husk,T2/4,MOVING,3.530,4.000,36.500,"GoalBlock{x=15,y=9,z=36}",20,3,MovementTraverse,1602,6,6,,
346,0,Husk,T2/4,MOVING,3.811,4.000,36.500,"GoalBlock{x=15,y=9,z=36}",20,3,MovementTraverse,1602,6,6,,
347,0,Husk,T2/4,MOVING,4.091,4.000,36.500,"GoalBlock{x=15,y=9,z=36}",20,3,MovementTraverse,1602,6,6,,
348,0,Husk,T2/4,MOVING,4.372,4.000,36.500,"GoalBlock{x=15,y=9,z=36}",20,4,MovementTraverse,1602,6,6,,
349,0,Husk,T2/4,MOVING,4.652,4.000,36.500,"GoalBlock{x=15,y=9,z=36}",20,4,MovementTraverse,1602,6,6,,
350,0,Husk,T2/4,MOVING,4.933,4.000,36.500,"GoalBlock{x=15,y=9,z=36}",20,4,MovementTraverse,1602,6,6,,
351,0,Husk,T2/4,MOVING,5.214,4.000,36.500,"GoalBlock{x=15,y=9,z=36}",20,4,MovementTraverse,1602,6,6,,
352,0,Husk,T2/4,MOVING,5.494,4.000,36.500,"GoalBlock{x=15,y=9,z=36}",20,5,MovementTraverse,1602,6,6,,
353,0,Husk,T2/4,MOVING,5.775,4.000,36.500,"GoalBlock{x=15,y=9,z=36}",20,5,MovementTraverse,1602,6,6,,
354,0,Husk,T2/4,MOVING,6.055,4.000,36.500,"GoalBlock{x=15,y=9,z=36}",20,5,MovementTraverse,1602,6,6,,
355,0,Husk,T2/4,MOVING,6.336,4.000,36.500,"GoalBlock{x=15,y=9,z=36}",20,6,MovementTraverse,1602,6,6,,
356,0,Husk,T2/4,MOVING,6.617,4.000,36.500,"GoalBlock{x=15,y=9,z=36}",20,6,MovementTraverse,1602,6,6,,
357,0,Husk,T2/4,MOVING,6.897,4.000,36.500,"GoalBlock{x=15,y=9,z=36}",20,6,MovementTraverse,1602,6,6,,
358,0,Husk,T2/4,MOVING,7.178,4.000,36.500,"GoalBlock{x=15,y=9,z=36}",20,6,MovementTraverse,1602,6,6,,
359,0,Husk,T2/4,MOVING,7.459,4.000,36.500,"GoalBlock{x=15,y=9,z=36}",20,7,MovementTraverse,1602,6,6,,
360,0,Husk,T2/4,MOVING,7.739,4.000,36.500,"GoalBlock{x=15,y=9,z=36}",20,7,MovementTraverse,1602,6,6,,
361,0,Husk,T2/4,MOVING,8.020,4.000,36.500,"GoalBlock{x=15,y=9,z=36}",20,7,MovementTraverse,1602,6,6,,
362,0,Husk,T2/4,MOVING,8.271,4.420,36.500,"GoalBlock{x=15,y=9,z=36}",20,8,MovementAscend,1602,6,6,,
363,0,Husk,T2/4,MOVING,8.428,4.753,36.500,"GoalBlock{x=15,y=9,z=36}",20,8,MovementAscend,1602,6,6,,
364,0,Husk,T2/4,MOVING,8.590,5.001,36.500,"GoalBlock{x=15,y=9,z=36}",20,8,MovementAscend,1602,6,6,,
365,0,Husk,T2/4,MOVING,8.757,5.166,36.500,"GoalBlock{x=15,y=9,z=36}",20,8,MovementAscend,1602,6,6,,
366,0,Husk,T2/4,MOVING,8.929,5.249,36.500,"GoalBlock{x=15,y=9,z=36}",20,8,MovementAscend,1602,6,6,,
367,0,Husk,T2/4,MOVING,9.105,5.252,36.500,"GoalBlock{x=15,y=9,z=36}",20,8,MovementAscend,1602,6,6,,
368,0,Husk,T2/4,MOVING,9.255,5.177,36.500,"GoalBlock{x=15,y=9,z=36}",20,9,MovementPillar,1602,6,6,,
369,0,Husk,T2/4,MOVING,9.397,5.027,36.500,"GoalBlock{x=15,y=9,z=36}",20,9,MovementPillar,1602,6,6,,
370,0,Husk,T2/4,MOVING,9.512,4.877,36.500,"GoalBlock{x=15,y=9,z=36}",20,9,MovementPillar,1602,6,6,,
371,0,Husk,T2/4,MOVING,9.512,4.994,36.500,"GoalBlock{x=15,y=9,z=36}",20,9,MovementPillar,1602,6,6,,
372,0,Husk,T2/4,MOVING,9.512,5.112,36.500,"GoalBlock{x=15,y=9,z=36}",20,9,MovementPillar,1602,6,6,,
373,0,Husk,T2/4,MOVING,9.512,5.230,36.500,"GoalBlock{x=15,y=9,z=36}",20,9,MovementPillar,1602,6,6,,
374,0,Husk,T2/4,MOVING,9.512,5.347,36.500,"GoalBlock{x=15,y=9,z=36}",20,9,MovementPillar,1602,6,6,,
375,0,Husk,T2/4,MOVING,9.512,5.465,36.500,"GoalBlock{x=15,y=9,z=36}",20,9,MovementPillar,1602,6,6,,
376,0,Husk,T2/4,MOVING,9.512,5.582,36.500,"GoalBlock{x=15,y=9,z=36}",20,9,MovementPillar,1602,6,6,,
377,0,Husk,T2/4,MOVING,9.512,5.700,36.500,"GoalBlock{x=15,y=9,z=36}",20,9,MovementPillar,1602,6,6,,
378,0,Husk,T2/4,MOVING,9.512,5.818,36.500,"GoalBlock{x=15,y=9,z=36}",20,9,MovementPillar,1602,6,6,,
379,0,Husk,T2/4,MOVING,9.512,5.935,36.500,"GoalBlock{x=15,y=9,z=36}",20,9,MovementPillar,1602,6,6,,
380,0,Husk,T2/4,MOVING,9.512,6.053,36.500,"GoalBlock{x=15,y=9,z=36}",20,10,MovementPillar,1602,6,6,,
381,0,Husk,T2/4,MOVING,9.512,6.170,36.500,"GoalBlock{x=15,y=9,z=36}",20,10,MovementPillar,1602,6,6,,
382,0,Husk,T2/4,MOVING,9.512,6.288,36.500,"GoalBlock{x=15,y=9,z=36}",20,10,MovementPillar,1602,6,6,,
383,0,Husk,T2/4,MOVING,9.512,6.406,36.500,"GoalBlock{x=15,y=9,z=36}",20,10,MovementPillar,1602,6,6,,
384,0,Husk,T2/4,MOVING,9.512,6.523,36.500,"GoalBlock{x=15,y=9,z=36}",20,10,MovementPillar,1602,6,6,,
385,0,Husk,T2/4,MOVING,9.512,6.641,36.500,"GoalBlock{x=15,y=9,z=36}",20,10,MovementPillar,1602,6,6,,
386,0,Husk,T2/4,MOVING,9.512,6.758,36.500,"GoalBlock{x=15,y=9,z=36}",20,10,MovementPillar,1602,6,6,,
387,0,Husk,T2/4,MOVING,9.512,6.876,36.500,"GoalBlock{x=15,y=9,z=36}",20,10,MovementPillar,1602,6,6,,
388,0,Husk,T2/4,MOVING,9.512,6.994,36.500,"GoalBlock{x=15,y=9,z=36}",20,11,MovementPillar,1602,6,6,,
389,0,Husk,T2/4,MOVING,9.512,7.111,36.500,"GoalBlock{x=15,y=9,z=36}",20,11,MovementPillar,1602,6,6,,
390,0,Husk,T2/4,MOVING,9.512,7.229,36.500,"GoalBlock{x=15,y=9,z=36}",20,11,MovementPillar,1602,6,6,,
391,0,Husk,T2/4,MOVING,9.512,7.346,36.500,"GoalBlock{x=15,y=9,z=36}",20,11,MovementPillar,1602,6,6,,
392,0,Husk,T2/4,MOVING,9.512,7.464,36.500,"GoalBlock{x=15,y=9,z=36}",20,11,MovementPillar,1602,6,6,,
393,0,Husk,T2/4,MOVING,9.512,7.582,36.500,"GoalBlock{x=15,y=9,z=36}",20,11,MovementPillar,1602,6,6,,
394,0,Husk,T2/4,MOVING,9.512,7.699,36.500,"GoalBlock{x=15,y=9,z=36}",20,11,MovementPillar,1602,6,6,,
395,0,Husk,T2/4,MOVING,9.512,7.817,36.500,"GoalBlock{x=15,y=9,z=36}",20,11,MovementPillar,1602,6,6,,
396,0,Husk,T2/4,MOVING,9.512,7.934,36.500,"GoalBlock{x=15,y=9,z=36}",20,11,MovementPillar,1602,6,6,,
397,0,Husk,T2/4,MOVING,9.512,8.052,36.500,"GoalBlock{x=15,y=9,z=36}",20,12,MovementPillar,1602,6,6,,
398,0,Husk,T2/4,MOVING,9.512,8.170,36.500,"GoalBlock{x=15,y=9,z=36}",20,12,MovementPillar,1602,6,6,,
399,0,Husk,T2/4,MOVING,9.512,8.287,36.500,"GoalBlock{x=15,y=9,z=36}",20,12,MovementPillar,1602,6,6,,
400,0,Husk,T2/4,MOVING,9.512,8.405,36.500,"GoalBlock{x=15,y=9,z=36}",20,12,MovementPillar,1602,6,6,,
401,0,Husk,T2/4,MOVING,9.512,8.522,36.500,"GoalBlock{x=15,y=9,z=36}",20,12,MovementPillar,1602,6,6,,
402,0,Husk,T2/4,MOVING,9.512,8.640,36.500,"GoalBlock{x=15,y=9,z=36}",20,12,MovementPillar,1602,6,6,,
403,0,Husk,T2/4,MOVING,9.512,8.758,36.500,"GoalBlock{x=15,y=9,z=36}",20,12,MovementPillar,1602,6,6,,
404,0,Husk,T2/4,MOVING,9.512,8.875,36.500,"GoalBlock{x=15,y=9,z=36}",20,12,MovementPillar,1602,6,6,,
405,0,Husk,T2/4,MOVING,9.512,8.993,36.500,"GoalBlock{x=15,y=9,z=36}",20,13,MovementTraverse,1602,6,6,,
406,0,Husk,T2/4,MOVING,9.538,9.110,36.500,"GoalBlock{x=15,y=9,z=36}",20,13,MovementTraverse,1602,6,6,,
407,0,Husk,T2/4,MOVING,9.587,9.147,36.500,"GoalBlock{x=15,y=9,z=36}",20,13,MovementTraverse,1602,6,6,,
408,0,Husk,T2/4,MOVING,9.656,9.105,36.500,"GoalBlock{x=15,y=9,z=36}",20,13,MovementTraverse,1602,6,6,,
409,0,Husk,T2/4,MOVING,9.745,9.000,36.500,"GoalBlock{x=15,y=9,z=36}",20,13,MovementTraverse,1602,6,6,,
410,0,Husk,T2/4,MOVING,9.954,9.000,36.500,"GoalBlock{x=15,y=9,z=36}",20,13,MovementTraverse,1602,6,6,,
411,0,Husk,T2/4,MOVING,10.195,9.000,36.500,"GoalBlock{x=15,y=9,z=36}",20,13,MovementTraverse,1602,6,6,,
412,0,Husk,T2/4,MOVING,10.454,9.000,36.500,"GoalBlock{x=15,y=9,z=36}",20,14,MovementTraverse,1602,6,6,,
413,0,Husk,T2/4,MOVING,10.723,9.000,36.500,"GoalBlock{x=15,y=9,z=36}",20,14,MovementTraverse,1602,6,6,,
414,0,Husk,T2/4,MOVING,10.997,9.000,36.500,"GoalBlock{x=15,y=9,z=36}",20,14,MovementTraverse,1602,6,6,,
415,0,Husk,T2/4,MOVING,11.274,9.000,36.500,"GoalBlock{x=15,y=9,z=36}",20,14,MovementTraverse,1602,6,6,,
416,0,Husk,T2/4,MOVING,11.553,9.000,36.500,"GoalBlock{x=15,y=9,z=36}",20,15,MovementTraverse,1602,6,6,,
417,0,Husk,T2/4,MOVING,11.832,9.000,36.500,"GoalBlock{x=15,y=9,z=36}",20,15,MovementTraverse,1602,6,6,,
418,0,Husk,T2/4,MOVING,12.112,9.000,36.500,"GoalBlock{x=15,y=9,z=36}",20,15,MovementTraverse,1602,6,6,,
419,0,Husk,T2/4,MOVING,12.393,9.000,36.500,"GoalBlock{x=15,y=9,z=36}",20,16,MovementTraverse,1602,6,6,,
420,0,Husk,T2/4,MOVING,12.673,9.000,36.500,"GoalBlock{x=15,y=9,z=36}",20,16,MovementTraverse,1602,6,6,,
421,0,Husk,T2/4,MOVING,12.954,9.000,36.500,"GoalBlock{x=15,y=9,z=36}",20,16,MovementTraverse,1602,6,6,,
422,0,Husk,T2/4,MOVING,13.234,9.000,36.500,"GoalBlock{x=15,y=9,z=36}",20,16,MovementTraverse,1602,6,6,,
423,0,Husk,T2/4,MOVING,13.515,9.000,36.500,"GoalBlock{x=15,y=9,z=36}",20,17,MovementTraverse,1602,6,6,,
424,0,Husk,T2/4,MOVING,13.795,9.000,36.500,"GoalBlock{x=15,y=9,z=36}",20,17,MovementTraverse,1602,6,6,,
425,0,Husk,T2/4,MOVING,14.076,9.000,36.500,"GoalBlock{x=15,y=9,z=36}",20,17,MovementTraverse,1602,6,6,,
426,0,Husk,T2/4,MOVING,14.357,9.000,36.500,"GoalBlock{x=15,y=9,z=36}",20,18,MovementTraverse,1602,6,6,,
427,0,Husk,T2/4,MOVING,14.637,9.000,36.500,"GoalBlock{x=15,y=9,z=36}",20,18,MovementTraverse,1602,6,6,,
428,0,Husk,T2/4,MOVING,14.918,9.000,36.500,"GoalBlock{x=15,y=9,z=36}",20,18,MovementTraverse,1602,6,6,,
429,0,Husk,T2/4,MOVING,15.199,9.000,36.500,"GoalBlock{x=15,y=9,z=36}",20,18,MovementTraverse,1602,6,6,,
430,0,Husk,T2/4,ARRIVED,15.352,9.000,36.500,,-1,-1,,1602,6,6,,CANCELED
431,0,Husk,T2/5,ARRIVED,0.500,9.000,48.500,,-1,-1,,1602,6,6,,CANCELED|CANCELED
432,0,Husk,T2/5,ARRIVED,0.500,9.000,48.500,,-1,-1,,1602,6,6,,
433,0,Husk,T2/5,ARRIVED,0.500,9.000,48.500,,-1,-1,,1602,6,6,,
434,0,Husk,T2/5,ARRIVED,0.500,9.000,48.500,,-1,-1,,1602,6,6,,
435,0,Husk,T2/5,ARRIVED,0.500,9.000,48.500,,-1,-1,,1602,6,6,,
436,0,Husk,T2/5,ARRIVED,0.500,9.000,48.500,,-1,-1,,1602,6,6,,
437,0,Husk,T2/5,ARRIVED,0.500,9.000,48.500,,-1,-1,,1602,6,6,,
438,0,Husk,T2/5,ARRIVED,0.500,9.000,48.500,,-1,-1,,1602,6,6,,
439,0,Husk,T2/5,ARRIVED,0.500,9.000,48.500,,-1,-1,,1602,6,6,,
440,0,Husk,T2/5,ARRIVED,0.500,9.000,48.500,,-1,-1,,1602,6,6,,
441,0,Husk,T2/5,SEARCHING,0.500,9.000,48.500,"GoalBlock{x=20,y=4,z=48}",-1,-1,,1602,7,7,,CALC_STARTED
442,0,Husk,T2/5,MOVING,0.627,9.000,48.500,"GoalBlock{x=20,y=4,z=48}",26,0,MovementTraverse,1151,7,7,,CALC_FINISHED_NOW_EXECUTING
443,0,Husk,T2/5,MOVING,0.824,9.000,48.500,"GoalBlock{x=20,y=4,z=48}",26,0,MovementTraverse,1151,7,7,,
444,0,Husk,T2/5,MOVING,1.059,9.000,48.500,"GoalBlock{x=20,y=4,z=48}",26,0,MovementTraverse,1151,7,7,,
445,0,Husk,T2/5,MOVING,1.315,9.000,48.500,"GoalBlock{x=20,y=4,z=48}",26,1,MovementTraverse,1151,7,7,,
446,0,Husk,T2/5,MOVING,1.582,9.000,48.500,"GoalBlock{x=20,y=4,z=48}",26,1,MovementTraverse,1151,7,7,,
447,0,Husk,T2/5,MOVING,1.855,9.000,48.500,"GoalBlock{x=20,y=4,z=48}",26,1,MovementTraverse,1151,7,7,,
448,0,Husk,T2/5,MOVING,2.132,9.000,48.500,"GoalBlock{x=20,y=4,z=48}",26,1,MovementTraverse,1151,7,7,,
449,0,Husk,T2/5,MOVING,2.410,9.000,48.500,"GoalBlock{x=20,y=4,z=48}",26,2,MovementTraverse,1151,7,7,,
450,0,Husk,T2/5,MOVING,2.690,9.000,48.500,"GoalBlock{x=20,y=4,z=48}",26,2,MovementTraverse,1151,7,7,,
451,0,Husk,T2/5,MOVING,2.969,9.000,48.500,"GoalBlock{x=20,y=4,z=48}",26,2,MovementTraverse,1151,7,7,,
452,0,Husk,T2/5,MOVING,3.250,9.000,48.500,"GoalBlock{x=20,y=4,z=48}",26,2,MovementTraverse,1151,7,7,,
453,0,Husk,T2/5,MOVING,3.530,9.000,48.500,"GoalBlock{x=20,y=4,z=48}",26,3,MovementTraverse,1151,7,7,,
454,0,Husk,T2/5,MOVING,3.811,9.000,48.500,"GoalBlock{x=20,y=4,z=48}",26,3,MovementTraverse,1151,7,7,,
455,0,Husk,T2/5,MOVING,4.091,9.000,48.500,"GoalBlock{x=20,y=4,z=48}",26,3,MovementTraverse,1151,7,7,,
456,0,Husk,T2/5,MOVING,4.372,9.000,48.500,"GoalBlock{x=20,y=4,z=48}",26,4,MovementTraverse,1151,7,7,,
457,0,Husk,T2/5,MOVING,4.652,9.000,48.500,"GoalBlock{x=20,y=4,z=48}",26,4,MovementTraverse,1151,7,7,,
458,0,Husk,T2/5,MOVING,4.933,9.000,48.500,"GoalBlock{x=20,y=4,z=48}",26,4,MovementTraverse,1151,7,7,,
459,0,Husk,T2/5,MOVING,5.214,9.000,48.500,"GoalBlock{x=20,y=4,z=48}",26,4,MovementTraverse,1151,7,7,,
460,0,Husk,T2/5,MOVING,5.494,9.000,48.500,"GoalBlock{x=20,y=4,z=48}",26,5,MovementTraverse,1151,7,7,,
461,0,Husk,T2/5,MOVING,5.775,9.000,48.500,"GoalBlock{x=20,y=4,z=48}",26,5,MovementTraverse,1151,7,7,,
462,0,Husk,T2/5,MOVING,6.055,9.000,48.500,"GoalBlock{x=20,y=4,z=48}",26,5,MovementTraverse,1151,7,7,,
463,0,Husk,T2/5,MOVING,6.336,9.000,48.500,"GoalBlock{x=20,y=4,z=48}",26,6,MovementTraverse,1151,7,7,,
464,0,Husk,T2/5,MOVING,6.617,9.000,48.500,"GoalBlock{x=20,y=4,z=48}",26,6,MovementTraverse,1151,7,7,,
465,0,Husk,T2/5,MOVING,6.897,9.000,48.500,"GoalBlock{x=20,y=4,z=48}",26,6,MovementTraverse,1151,7,7,,
466,0,Husk,T2/5,MOVING,7.178,9.000,48.500,"GoalBlock{x=20,y=4,z=48}",26,6,MovementTraverse,1151,7,7,,
467,0,Husk,T2/5,MOVING,7.459,9.000,48.500,"GoalBlock{x=20,y=4,z=48}",26,7,MovementTraverse,1151,7,7,,
468,0,Husk,T2/5,MOVING,7.739,9.000,48.500,"GoalBlock{x=20,y=4,z=48}",26,7,MovementTraverse,1151,7,7,,
469,0,Husk,T2/5,MOVING,8.020,9.000,48.500,"GoalBlock{x=20,y=4,z=48}",26,7,MovementTraverse,1151,7,7,,
470,0,Husk,T2/5,MOVING,8.300,9.000,48.500,"GoalBlock{x=20,y=4,z=48}",26,8,MovementTraverse,1151,7,7,,
471,0,Husk,T2/5,MOVING,8.581,9.000,48.500,"GoalBlock{x=20,y=4,z=48}",26,8,MovementTraverse,1151,7,7,,
472,0,Husk,T2/5,MOVING,8.862,9.000,48.500,"GoalBlock{x=20,y=4,z=48}",26,8,MovementTraverse,1151,7,7,,
473,0,Husk,T2/5,MOVING,9.142,9.000,48.500,"GoalBlock{x=20,y=4,z=48}",26,8,MovementTraverse,1151,7,7,,
474,0,Husk,T2/5,MOVING,9.393,9.000,48.500,"GoalBlock{x=20,y=4,z=48}",26,9,MovementDownward,1151,7,7,,
475,0,Husk,T2/5,MOVING,9.531,9.000,48.500,"GoalBlock{x=20,y=4,z=48}",26,9,MovementDownward,1151,7,7,,
476,0,Husk,T2/5,MOVING,9.606,8.922,48.500,"GoalBlock{x=20,y=4,z=48}",26,9,MovementDownward,1151,7,7,,
477,0,Husk,T2/5,MOVING,9.646,8.772,48.500,"GoalBlock{x=20,y=4,z=48}",26,9,MovementDownward,1151,7,7,,
478,0,Husk,T2/5,MOVING,9.684,8.622,48.500,"GoalBlock{x=20,y=4,z=48}",26,10,MovementDownward,1151,7,7,,
479,0,Husk,T2/5,MOVING,9.717,8.472,48.500,"GoalBlock{x=20,y=4,z=48}",26,10,MovementDownward,1151,7,7,,
480,0,Husk,T2/5,MOVING,9.765,8.322,48.490,"GoalBlock{x=20,y=4,z=48}",26,10,MovementDownward,1151,7,7,,
481,0,Husk,T2/5,MOVING,9.819,8.172,48.464,"GoalBlock{x=20,y=4,z=48}",26,10,MovementDownward,1151,7,7,,
482,0,Husk,T2/5,MOVING,9.867,8.022,48.421,"GoalBlock{x=20,y=4,z=48}",26,10,MovementDownward,1151,7,7,,
483,0,Husk,T2/5,MOVING,9.901,7.872,48.365,"GoalBlock{x=20,y=4,z=48}",26,10,MovementDownward,1151,7,7,,
484,0,Husk,T2/5,MOVING,9.916,7.722,48.304,"GoalBlock{x=20,y=4,z=48}",26,11,MovementDownward,1151,7,7,,
485,0,Husk,T2/5,MOVING,9.909,7.572,48.248,"GoalBlock{x=20,y=4,z=48}",26,11,MovementDownward,1151,7,7,,
486,0,Husk,T2/5,MOVING,9.886,7.422,48.208,"GoalBlock{x=20,y=4,z=48}",26,11,MovementDownward,1151,7,7,,
487,0,Husk,T2/5,MOVING,9.849,7.272,48.182,"GoalBlock{x=20,y=4,z=48}",26,11,MovementDownward,1151,7,7,,
488,0,Husk,T2/5,MOVING,9.802,7.122,48.173,"GoalBlock{x=20,y=4,z=48}",26,11,MovementDownward,1151,7,7,,
489,0,Husk,T2/5,MOVING,9.745,6.972,48.178,"GoalBlock{x=20,y=4,z=48}",26,11,MovementDownward,1151,7,7,,
490,0,Husk,T2/5,MOVING,9.681,6.822,48.199,"GoalBlock{x=20,y=4,z=48}",26,11,MovementDownward,1151,7,7,,
491,0,Husk,T2/5,MOVING,9.614,6.672,48.234,"GoalBlock{x=20,y=4,z=48}",26,12,MovementDownward,1151,7,7,,
492,0,Husk,T2/5,MOVING,9.544,6.522,48.285,"GoalBlock{x=20,y=4,z=48}",26,12,MovementDownward,1151,7,7,,
493,0,Husk,T2/5,MOVING,9.488,6.372,48.350,"GoalBlock{x=20,y=4,z=48}",26,12,MovementDownward,1151,7,7,,
494,0,Husk,T2/5,MOVING,9.488,6.489,48.409,"GoalBlock{x=20,y=4,z=48}",26,12,MovementDownward,1151,7,7,,
495,0,Husk,T2/5,MOVING,9.488,6.526,48.463,"GoalBlock{x=20,y=4,z=48}",26,12,MovementDownward,1151,7,7,,
496,0,Husk,T2/5,MOVING,9.488,6.484,48.512,"GoalBlock{x=20,y=4,z=48}",26,12,MovementDownward,1151,7,7,,
497,0,Husk,T2/5,MOVING,9.488,6.364,48.557,"GoalBlock{x=20,y=4,z=48}",26,12,MovementDownward,1151,7,7,,
498,0,Husk,T2/5,MOVING,9.488,6.214,48.597,"GoalBlock{x=20,y=4,z=48}",26,12,MovementDownward,1151,7,7,,
499,0,Husk,T2/5,MOVING,9.488,6.064,48.634,"GoalBlock{x=20,y=4,z=48}",26,12,MovementDownward,1151,7,7,,
500,0,Husk,T2/5,MOVING,9.488,5.914,48.668,"GoalBlock{x=20,y=4,z=48}",26,12,MovementDownward,1151,7,7,,
501,0,Husk,T2/5,MOVING,9.488,5.764,48.713,"GoalBlock{x=20,y=4,z=48}",26,12,MovementDownward,1151,7,7,,
502,0,Husk,T2/5,MOVING,9.488,5.882,48.760,"GoalBlock{x=20,y=4,z=48}",26,13,MovementDownward,1151,7,7,,
503,0,Husk,T2/5,MOVING,9.488,5.999,48.799,"GoalBlock{x=20,y=4,z=48}",26,12,MovementDownward,1151,7,7,,
504,0,Husk,T2/5,MOVING,9.488,6.117,48.822,"GoalBlock{x=20,y=4,z=48}",26,12,MovementDownward,1151,7,7,,
505,0,Husk,T2/5,MOVING,9.488,6.234,48.824,"GoalBlock{x=20,y=4,z=48}",26,12,MovementDownward,1151,7,7,,
506,0,Husk,T2/5,MOVING,9.488,6.352,48.805,"GoalBlock{x=20,y=4,z=48}",26,12,MovementDownward,1151,7,7,,
507,0,Husk,T2/5,MOVING,9.489,6.389,48.767,"GoalBlock{x=20,y=4,z=48}",26,12,MovementDownward,1151,7,7,,
508,0,Husk,T2/5,MOVING,9.490,6.346,48.714,"GoalBlock{x=20,y=4,z=48}",26,12,MovementDownward,1151,7,7,,
509,0,Husk,T2/5,MOVING,9.491,6.227,48.645,"GoalBlock{x=20,y=4,z=48}",26,12,MovementDownward,1151,7,7,,
510,0,Husk,T2/5,MOVING,9.491,6.077,48.583,"GoalBlock{x=20,y=4,z=48}",26,12,MovementDownward,1151,7,7,,
511,0,Husk,T2/5,MOVING,9.491,5.927,48.526,"GoalBlock{x=20,y=4,z=48}",26,12,MovementDownward,1151,7,7,,
512,0,Husk,T2/5,MOVING,9.491,5.777,48.475,"GoalBlock{x=20,y=4,z=48}",26,12,MovementDownward,1151,7,7,,
513,0,Husk,T2/5,MOVING,9.491,5.627,48.428,"GoalBlock{x=20,y=4,z=48}",26,13,MovementDownward,1151,7,7,,
514,0,Husk,T2/5,MOVING,9.491,5.477,48.385,"GoalBlock{x=20,y=4,z=48}",26,13,MovementDownward,1151,7,7,,
515,0,Husk,T2/5,MOVING,9.491,5.327,48.346,"GoalBlock{x=20,y=4,z=48}",26,13,MovementDownward,1151,7,7,,
516,0,Husk,T2/5,MOVING,9.491,5.177,48.311,"GoalBlock{x=20,y=4,z=48}",26,13,MovementDownward,1151,7,7,,
517,0,Husk,T2/5,MOVING,9.491,5.027,48.279,"GoalBlock{x=20,y=4,z=48}",26,13,MovementDownward,1151,7,7,,
518,0,Husk,T2/5,MOVING,9.501,4.877,48.233,"GoalBlock{x=20,y=4,z=48}",26,13,MovementDownward,1151,7,7,,
519,0,Husk,T2/5,MOVING,9.528,4.727,48.183,"GoalBlock{x=20,y=4,z=48}",26,13,MovementDownward,1151,7,7,,
520,0,Husk,T2/5,MOVING,9.553,4.577,48.137,"GoalBlock{x=20,y=4,z=48}",26,14,MovementTraverse,1151,7,7,,
521,0,Husk,T2/5,MOVING,9.575,4.427,48.095,"GoalBlock{x=20,y=4,z=48}",26,14,MovementTraverse,1151,7,7,,
522,0,Husk,T2/5,MOVING,9.596,4.277,48.056,"GoalBlock{x=20,y=4,z=48}",26,14,MovementTraverse,1151,7,7,,
523,0,Husk,T2/5,MOVING,9.614,4.127,48.022,"GoalBlock{x=20,y=4,z=48}",26,14,MovementTraverse,1151,7,7,,
524,0,Husk,T2/5,MOVING,9.631,4.000,47.990,"GoalBlock{x=20,y=4,z=48}",26,14,MovementTraverse,1151,7,7,,
525,0,Husk,T2/5,MOVING,9.757,4.000,48.026,"GoalBlock{x=20,y=4,z=48}",26,14,MovementTraverse,1151,7,7,,
526,0,Husk,T2/5,MOVING,9.907,4.000,48.114,"GoalBlock{x=20,y=4,z=48}",26,14,MovementTraverse,1151,7,7,,
527,0,Husk,T2/5,MOVING,10.057,4.000,48.231,"GoalBlock{x=20,y=4,z=48}",26,14,MovementTraverse,1151,7,7,,
528,0,Husk,T2/5,MOVING,10.264,4.000,48.319,"GoalBlock{x=20,y=4,z=48}",26,15,MovementTraverse,1151,7,7,,
529,0,Husk,T2/5,MOVING,10.503,4.000,48.385,"GoalBlock{x=20,y=4,z=48}",26,15,MovementTraverse,1151,7,7,,
530,0,Husk,T2/5,MOVING,10.760,4.000,48.436,"GoalBlock{x=20,y=4,z=48}",26,15,MovementTraverse,1151,7,7,,
531,0,Husk,T2/5,MOVING,11.027,4.000,48.475,"GoalBlock{x=20,y=4,z=48}",26,15,MovementTraverse,1151,7,7,,
532,0,Husk,T2/5,MOVING,11.301,4.000,48.498,"GoalBlock{x=20,y=4,z=48}",26,16,MovementTraverse,1151,7,7,,
533,0,Husk,T2/5,MOVING,11.577,4.000,48.511,"GoalBlock{x=20,y=4,z=48}",26,16,MovementTraverse,1151,7,7,,
534,0,Husk,T2/5,MOVING,11.856,4.000,48.516,"GoalBlock{x=20,y=4,z=48}",26,16,MovementTraverse,1151,7,7,,
535,0,Husk,T2/5,MOVING,12.135,4.000,48.516,"GoalBlock{x=20,y=4,z=48}",26,16,MovementTraverse,1151,7,7,,
536,0,Husk,T2/5,MOVING,12.415,4.000,48.515,"GoalBlock{x=20,y=4,z=48}",26,17,MovementTraverse,1151,7,7,,
537,0,Husk,T2/5,MOVING,12.695,4.000,48.513,"GoalBlock{x=20,y=4,z=48}",26,17,MovementTraverse,1151,7,7,,
538,0,Husk,T2/5,MOVING,12.976,4.000,48.511,"GoalBlock{x=20,y=4,z=48}",26,17,MovementTraverse,1151,7,7,,
539,0,Husk,T2/5,MOVING,13.256,4.000,48.508,"GoalBlock{x=20,y=4,z=48}",26,17,MovementTraverse,1151,7,7,,
540,0,Husk,T2/5,MOVING,13.537,4.000,48.507,"GoalBlock{x=20,y=4,z=48}",26,18,MovementTraverse,1151,7,7,,
541,0,Husk,T2/5,MOVING,13.817,4.000,48.506,"GoalBlock{x=20,y=4,z=48}",26,18,MovementTraverse,1151,7,7,,
542,0,Husk,T2/5,MOVING,14.098,4.000,48.505,"GoalBlock{x=20,y=4,z=48}",26,18,MovementTraverse,1151,7,7,,
543,0,Husk,T2/5,MOVING,14.378,4.000,48.505,"GoalBlock{x=20,y=4,z=48}",26,19,MovementTraverse,1151,7,7,,
544,0,Husk,T2/5,MOVING,14.659,4.000,48.504,"GoalBlock{x=20,y=4,z=48}",26,19,MovementTraverse,1151,7,7,,
545,0,Husk,T2/5,MOVING,14.940,4.000,48.504,"GoalBlock{x=20,y=4,z=48}",26,19,MovementTraverse,1151,7,7,,
546,0,Husk,T2/5,MOVING,15.220,4.000,48.503,"GoalBlock{x=20,y=4,z=48}",26,19,MovementTraverse,1151,7,7,,
547,0,Husk,T2/5,MOVING,15.501,4.000,48.503,"GoalBlock{x=20,y=4,z=48}",26,20,MovementTraverse,1151,7,7,,
548,0,Husk,T2/5,MOVING,15.781,4.000,48.502,"GoalBlock{x=20,y=4,z=48}",26,20,MovementTraverse,1151,7,7,,
549,0,Husk,T2/5,MOVING,16.062,4.000,48.502,"GoalBlock{x=20,y=4,z=48}",26,20,MovementTraverse,1151,7,7,,
550,0,Husk,T2/5,MOVING,16.343,4.000,48.502,"GoalBlock{x=20,y=4,z=48}",26,21,MovementTraverse,1151,7,7,,
551,0,Husk,T2/5,MOVING,16.623,4.000,48.502,"GoalBlock{x=20,y=4,z=48}",26,21,MovementTraverse,1151,7,7,,
552,0,Husk,T2/5,MOVING,16.904,4.000,48.501,"GoalBlock{x=20,y=4,z=48}",26,21,MovementTraverse,1151,7,7,,
553,0,Husk,T2/5,MOVING,17.185,4.000,48.501,"GoalBlock{x=20,y=4,z=48}",26,21,MovementTraverse,1151,7,7,,
554,0,Husk,T2/5,MOVING,17.465,4.000,48.501,"GoalBlock{x=20,y=4,z=48}",26,22,MovementTraverse,1151,7,7,,
555,0,Husk,T2/5,MOVING,17.746,4.000,48.501,"GoalBlock{x=20,y=4,z=48}",26,22,MovementTraverse,1151,7,7,,
556,0,Husk,T2/5,MOVING,18.026,4.000,48.501,"GoalBlock{x=20,y=4,z=48}",26,22,MovementTraverse,1151,7,7,,
557,0,Husk,T2/5,MOVING,18.307,4.000,48.501,"GoalBlock{x=20,y=4,z=48}",26,23,MovementTraverse,1151,7,7,,
558,0,Husk,T2/5,MOVING,18.588,4.000,48.501,"GoalBlock{x=20,y=4,z=48}",26,23,MovementTraverse,1151,7,7,,
559,0,Husk,T2/5,MOVING,18.868,4.000,48.501,"GoalBlock{x=20,y=4,z=48}",26,23,MovementTraverse,1151,7,7,,
560,0,Husk,T2/5,MOVING,19.149,4.000,48.500,"GoalBlock{x=20,y=4,z=48}",26,23,MovementTraverse,1151,7,7,,
561,0,Husk,T2/5,MOVING,19.429,4.000,48.500,"GoalBlock{x=20,y=4,z=48}",26,24,MovementTraverse,1151,7,7,,
562,0,Husk,T2/5,MOVING,19.710,4.000,48.500,"GoalBlock{x=20,y=4,z=48}",26,24,MovementTraverse,1151,7,7,,
563,0,Husk,T2/5,MOVING,19.991,4.000,48.500,"GoalBlock{x=20,y=4,z=48}",26,24,MovementTraverse,1151,7,7,,
564,0,Husk,T2/5,MOVING,20.271,4.000,48.500,"GoalBlock{x=20,y=4,z=48}",26,24,MovementTraverse,1151,7,7,,
565,0,Husk,T2/5,ARRIVED,20.425,4.000,48.500,,-1,-1,,1151,7,7,,CANCELED
566,0,Husk,T2/6,ARRIVED,0.500,4.000,60.500,,-1,-1,,1151,7,7,,CANCELED|CANCELED
567,0,Husk,T2/6,ARRIVED,0.500,4.000,60.500,,-1,-1,,1151,7,7,,
568,0,Husk,T2/6,ARRIVED,0.500,4.000,60.500,,-1,-1,,1151,7,7,,
569,0,Husk,T2/6,ARRIVED,0.500,4.000,60.500,,-1,-1,,1151,7,7,,
570,0,Husk,T2/6,ARRIVED,0.500,4.000,60.500,,-1,-1,,1151,7,7,,
571,0,Husk,T2/6,ARRIVED,0.500,4.000,60.500,,-1,-1,,1151,7,7,,
572,0,Husk,T2/6,ARRIVED,0.500,4.000,60.500,,-1,-1,,1151,7,7,,
573,0,Husk,T2/6,ARRIVED,0.500,4.000,60.500,,-1,-1,,1151,7,7,,
574,0,Husk,T2/6,ARRIVED,0.500,4.000,60.500,,-1,-1,,1151,7,7,,
575,0,Husk,T2/6,ARRIVED,0.500,4.000,60.500,,-1,-1,,1151,7,7,,
576,0,Husk,T2/6,SEARCHING,0.500,4.000,60.500,"GoalBlock{x=20,y=4,z=60}",-1,-1,,1151,8,8,,CALC_STARTED
577,0,Husk,T2/6,MOVING,0.627,4.000,60.500,"GoalBlock{x=20,y=4,z=60}",21,0,MovementTraverse,2376,8,8,,CALC_FINISHED_NOW_EXECUTING
578,0,Husk,T2/6,MOVING,0.824,4.000,60.500,"GoalBlock{x=20,y=4,z=60}",21,0,MovementTraverse,2376,8,8,,
579,0,Husk,T2/6,MOVING,1.059,4.000,60.500,"GoalBlock{x=20,y=4,z=60}",21,0,MovementTraverse,2376,8,8,,
580,0,Husk,T2/6,MOVING,1.315,4.000,60.500,"GoalBlock{x=20,y=4,z=60}",21,1,MovementTraverse,2376,8,8,,
581,0,Husk,T2/6,MOVING,1.582,4.000,60.500,"GoalBlock{x=20,y=4,z=60}",21,1,MovementTraverse,2376,8,8,,
582,0,Husk,T2/6,MOVING,1.855,4.000,60.500,"GoalBlock{x=20,y=4,z=60}",21,1,MovementTraverse,2376,8,8,,
583,0,Husk,T2/6,MOVING,2.132,4.000,60.500,"GoalBlock{x=20,y=4,z=60}",21,1,MovementTraverse,2376,8,8,,
584,0,Husk,T2/6,MOVING,2.410,4.000,60.500,"GoalBlock{x=20,y=4,z=60}",21,2,MovementTraverse,2376,8,8,,
585,0,Husk,T2/6,MOVING,2.690,4.000,60.500,"GoalBlock{x=20,y=4,z=60}",21,2,MovementTraverse,2376,8,8,,
586,0,Husk,T2/6,MOVING,2.969,4.000,60.500,"GoalBlock{x=20,y=4,z=60}",21,2,MovementTraverse,2376,8,8,,
587,0,Husk,T2/6,MOVING,3.250,4.000,60.500,"GoalBlock{x=20,y=4,z=60}",21,2,MovementTraverse,2376,8,8,,
588,0,Husk,T2/6,MOVING,3.530,4.000,60.500,"GoalBlock{x=20,y=4,z=60}",21,3,MovementTraverse,2376,8,8,,
589,0,Husk,T2/6,MOVING,3.811,4.000,60.500,"GoalBlock{x=20,y=4,z=60}",21,3,MovementTraverse,2376,8,8,,
590,0,Husk,T2/6,MOVING,4.091,4.000,60.500,"GoalBlock{x=20,y=4,z=60}",21,3,MovementTraverse,2376,8,8,,
591,0,Husk,T2/6,MOVING,4.372,4.000,60.500,"GoalBlock{x=20,y=4,z=60}",21,4,MovementTraverse,2376,8,8,,
592,0,Husk,T2/6,MOVING,4.652,4.000,60.500,"GoalBlock{x=20,y=4,z=60}",21,4,MovementTraverse,2376,8,8,,
593,0,Husk,T2/6,MOVING,4.933,4.000,60.500,"GoalBlock{x=20,y=4,z=60}",21,4,MovementTraverse,2376,8,8,,
594,0,Husk,T2/6,MOVING,5.214,4.000,60.500,"GoalBlock{x=20,y=4,z=60}",21,4,MovementTraverse,2376,8,8,,
595,0,Husk,T2/6,MOVING,5.494,4.000,60.500,"GoalBlock{x=20,y=4,z=60}",21,5,MovementTraverse,2376,8,8,,
596,0,Husk,T2/6,MOVING,5.775,4.000,60.500,"GoalBlock{x=20,y=4,z=60}",21,5,MovementTraverse,2376,8,8,,
597,0,Husk,T2/6,MOVING,6.055,4.000,60.500,"GoalBlock{x=20,y=4,z=60}",21,5,MovementTraverse,2376,8,8,,
598,0,Husk,T2/6,MOVING,6.336,4.000,60.500,"GoalBlock{x=20,y=4,z=60}",21,6,MovementTraverse,2376,8,8,,
599,0,Husk,T2/6,MOVING,6.617,4.000,60.500,"GoalBlock{x=20,y=4,z=60}",21,6,MovementTraverse,2376,8,8,,
600,0,Husk,T2/6,MOVING,6.897,4.000,60.500,"GoalBlock{x=20,y=4,z=60}",21,6,MovementTraverse,2376,8,8,,
601,0,Husk,T2/6,MOVING,7.178,4.000,60.500,"GoalBlock{x=20,y=4,z=60}",21,6,MovementTraverse,2376,8,8,,
602,0,Husk,T2/6,MOVING,7.429,4.000,60.500,"GoalBlock{x=20,y=4,z=60}",21,7,MovementDescend,2376,8,8,,
603,0,Husk,T2/6,MOVING,7.664,4.000,60.500,"GoalBlock{x=20,y=4,z=60}",21,7,MovementDescend,2376,8,8,,
604,0,Husk,T2/6,MOVING,7.891,4.000,60.500,"GoalBlock{x=20,y=4,z=60}",21,7,MovementDescend,2376,8,8,,
605,0,Husk,T2/6,MOVING,8.112,4.000,60.500,"GoalBlock{x=20,y=4,z=60}",21,7,MovementDescend,2376,8,8,,
606,0,Husk,T2/6,MOVING,8.331,4.000,60.500,"GoalBlock{x=20,y=4,z=60}",21,7,MovementDescend,2376,8,8,,
607,0,Husk,T2/6,MOVING,8.536,3.922,60.451,"GoalBlock{x=20,y=4,z=60}",21,7,MovementDescend,2376,8,8,,
608,0,Husk,T2/6,MOVING,8.657,3.766,60.407,"GoalBlock{x=20,y=4,z=60}",21,7,MovementDescend,2376,8,8,,
609,0,Husk,T2/6,MOVING,8.790,3.536,60.355,"GoalBlock{x=20,y=4,z=60}",21,8,MovementTraverse,2376,8,8,,
610,0,Husk,T2/6,MOVING,8.930,3.272,60.307,"GoalBlock{x=20,y=4,z=60}",21,8,MovementTraverse,2376,8,8,,
611,0,Husk,T2/6,MOVING,9.061,3.080,60.275,"GoalBlock{x=20,y=4,z=60}",21,8,MovementTraverse,2376,8,8,,
612,0,Husk,T2/6,MOVING,9.185,3.000,60.252,"GoalBlock{x=20,y=4,z=60}",21,9,MovementTraverse,2376,8,8,,
613,0,Husk,T2/6,MOVING,9.303,3.020,60.238,"GoalBlock{x=20,y=4,z=60}",21,9,MovementTraverse,2376,8,8,,
614,0,Husk,T2/6,MOVING,9.417,3.056,60.231,"GoalBlock{x=20,y=4,z=60}",21,9,MovementTraverse,2376,8,8,,
615,0,Husk,T2/6,MOVING,9.527,3.105,60.230,"GoalBlock{x=20,y=4,z=60}",21,9,MovementTraverse,2376,8,8,,
616,0,Husk,T2/6,MOVING,9.634,3.164,60.235,"GoalBlock{x=20,y=4,z=60}",21,9,MovementTraverse,2376,8,8,,
617,0,Husk,T2/6,MOVING,9.739,3.231,60.245,"GoalBlock{x=20,y=4,z=60}",21,9,MovementTraverse,2376,8,8,,
618,0,Husk,T2/6,MOVING,9.841,3.305,60.259,"GoalBlock{x=20,y=4,z=60}",21,9,MovementTraverse,2376,8,8,,
619,0,Husk,T2/6,MOVING,9.941,3.384,60.277,"GoalBlock{x=20,y=4,z=60}",21,9,MovementTraverse,2376,8,8,,
620,0,Husk,T2/6,MOVING,10.039,3.467,60.299,"GoalBlock{x=20,y=4,z=60}",21,9,MovementTraverse,2376,8,8,,
621,0,Husk,T2/6,MOVING,10.137,3.554,60.319,"GoalBlock{x=20,y=4,z=60}",21,10,MovementTraverse,2376,8,8,,
622,0,Husk,T2/6,MOVING,10.235,3.643,60.337,"GoalBlock{x=20,y=4,z=60}",21,10,MovementTraverse,2376,8,8,,
623,0,Husk,T2/6,MOVING,10.338,3.694,60.356,"GoalBlock{x=20,y=4,z=60}",21,10,MovementTraverse,2376,8,8,,
624,0,Husk,T2/6,MOVING,10.458,3.666,60.375,"GoalBlock{x=20,y=4,z=60}",21,10,MovementTraverse,2376,8,8,,
625,0,Husk,T2/6,MOVING,10.592,3.560,60.396,"GoalBlock{x=20,y=4,z=60}",21,10,MovementTraverse,2376,8,8,,
626,0,Husk,T2/6,MOVING,10.733,3.418,60.417,"GoalBlock{x=20,y=4,z=60}",21,10,MovementTraverse,2376,8,8,,
627,0,Husk,T2/6,MOVING,10.866,3.325,60.436,"GoalBlock{x=20,y=4,z=60}",21,10,MovementTraverse,2376,8,8,,
628,0,Husk,T2/6,MOVING,10.992,3.270,60.454,"GoalBlock{x=20,y=4,z=60}",21,10,MovementTraverse,2376,8,8,,
629,0,Husk,T2/6,MOVING,11.112,3.246,60.469,"GoalBlock{x=20,y=4,z=60}",21,10,MovementTraverse,2376,8,8,,
630,0,Husk,T2/6,MOVING,11.227,3.247,60.482,"GoalBlock{x=20,y=4,z=60}",21,11,MovementTraverse,2376,8,8,,
631,0,Husk,T2/6,MOVING,11.339,3.267,60.493,"GoalBlock{x=20,y=4,z=60}",21,11,MovementTraverse,2376,8,8,,
632,0,Husk,T2/6,MOVING,11.449,3.304,60.501,"GoalBlock{x=20,y=4,z=60}",21,11,MovementTraverse,2376,8,8,,
633,0,Husk,T2/6,MOVING,11.556,3.353,60.508,"GoalBlock{x=20,y=4,z=60}",21,11,MovementTraverse,2376,8,8,,
634,0,Husk,T2/6,MOVING,11.661,3.412,60.513,"GoalBlock{x=20,y=4,z=60}",21,11,MovementTraverse,2376,8,8,,
635,0,Husk,T2/6,MOVING,11.765,3.480,60.517,"GoalBlock{x=20,y=4,z=60}",21,11,MovementTraverse,2376,8,8,,
636,0,Husk,T2/6,MOVING,11.867,3.554,60.520,"GoalBlock{x=20,y=4,z=60}",21,11,MovementTraverse,2376,8,8,,
637,0,Husk,T2/6,MOVING,11.969,3.633,60.519,"GoalBlock{x=20,y=4,z=60}",21,11,MovementTraverse,2376,8,8,,
638,0,Husk,T2/6,MOVING,12.076,3.676,60.519,"GoalBlock{x=20,y=4,z=60}",21,11,MovementTraverse,2376,8,8,,
639,0,Husk,T2/6,MOVING,12.192,3.640,60.518,"GoalBlock{x=20,y=4,z=60}",21,12,MovementAscend,2376,8,8,,
640,0,Husk,T2/6,MOVING,12.318,3.527,60.518,"GoalBlock{x=20,y=4,z=60}",21,12,MovementAscend,2376,8,8,,
641,0,Husk,T2/6,MOVING,12.452,3.377,60.518,"GoalBlock{x=20,y=4,z=60}",21,12,MovementAscend,2376,8,8,,
642,0,Husk,T2/6,MOVING,12.579,3.277,60.517,"GoalBlock{x=20,y=4,z=60}",21,12,MovementAscend,2376,8,8,,
643,0,Husk,T2/6,MOVING,12.700,3.218,60.517,"GoalBlock{x=20,y=4,z=60}",21,12,MovementAscend,2376,8,8,,
644,0,Husk,T2/6,MOVING,12.700,3.190,60.517,"GoalBlock{x=20,y=4,z=60}",21,12,MovementAscend,2376,8,8,,
645,0,Husk,T2/6,MOVING,12.700,3.187,60.516,"GoalBlock{x=20,y=4,z=60}",21,12,MovementAscend,2376,8,8,,
646,0,Husk,T2/6,MOVING,12.700,3.206,60.516,"GoalBlock{x=20,y=4,z=60}",21,12,MovementAscend,2376,8,8,,
647,0,Husk,T2/6,MOVING,12.700,3.240,60.515,"GoalBlock{x=20,y=4,z=60}",21,12,MovementAscend,2376,8,8,,
648,0,Husk,T2/6,MOVING,12.700,3.288,60.515,"GoalBlock{x=20,y=4,z=60}",21,12,MovementAscend,2376,8,8,,
649,0,Husk,T2/6,MOVING,12.700,3.346,60.515,"GoalBlock{x=20,y=4,z=60}",21,12,MovementAscend,2376,8,8,,
650,0,Husk,T2/6,MOVING,12.700,3.412,60.514,"GoalBlock{x=20,y=4,z=60}",21,12,MovementAscend,2376,8,8,,
651,0,Husk,T2/6,MOVING,12.700,3.486,60.514,"GoalBlock{x=20,y=4,z=60}",21,12,MovementAscend,2376,8,8,,
652,0,Husk,T2/6,MOVING,12.700,3.826,60.514,"GoalBlock{x=20,y=4,z=60}",21,12,MovementAscend,2376,8,8,,
653,0,Husk,T2/6,MOVING,12.720,4.126,60.513,"GoalBlock{x=20,y=4,z=60}",21,12,MovementAscend,2376,8,8,,
654,0,Husk,T2/6,MOVING,12.757,4.341,60.513,"GoalBlock{x=20,y=4,z=60}",21,12,MovementAscend,2376,8,8,,
655,0,Husk,T2/6,MOVING,12.811,4.474,60.513,"GoalBlock{x=20,y=4,z=60}",21,12,MovementAscend,2376,8,8,,
656,0,Husk,T2/6,MOVING,12.879,4.526,60.512,"GoalBlock{x=20,y=4,z=60}",21,12,MovementAscend,2376,8,8,,
657,0,Husk,T2/6,MOVING,12.961,4.498,60.512,"GoalBlock{x=20,y=4,z=60}",21,12,MovementAscend,2376,8,8,,
658,0,Husk,T2/6,MOVING,13.055,4.393,60.511,"GoalBlock{x=20,y=4,z=60}",21,12,MovementAscend,2376,8,8,,
659,0,Husk,T2/6,MOVING,13.166,4.211,60.511,"GoalBlock{x=20,y=4,z=60}",21,13,MovementTraverse,2376,8,8,,
660,0,Husk,T2/6,MOVING,13.293,4.000,60.511,"GoalBlock{x=20,y=4,z=60}",21,13,MovementTraverse,2376,8,8,,
661,0,Husk,T2/6,MOVING,13.535,4.000,60.510,"GoalBlock{x=20,y=4,z=60}",21,13,MovementTraverse,2376,8,8,,
662,0,Husk,T2/6,MOVING,13.795,4.000,60.509,"GoalBlock{x=20,y=4,z=60}",21,13,MovementTraverse,2376,8,8,,
663,0,Husk,T2/6,MOVING,14.064,4.000,60.507,"GoalBlock{x=20,y=4,z=60}",21,13,MovementTraverse,2376,8,8,,
664,0,Husk,T2/6,MOVING,14.339,4.000,60.506,"GoalBlock{x=20,y=4,z=60}",21,14,MovementTraverse,2376,8,8,,
665,0,Husk,T2/6,MOVING,14.616,4.000,60.506,"GoalBlock{x=20,y=4,z=60}",21,14,MovementTraverse,2376,8,8,,
666,0,Husk,T2/6,MOVING,14.895,4.000,60.505,"GoalBlock{x=20,y=4,z=60}",21,14,MovementTraverse,2376,8,8,,
667,0,Husk,T2/6,MOVING,15.174,4.000,60.504,"GoalBlock{x=20,y=4,z=60}",21,14,MovementTraverse,2376,8,8,,
668,0,Husk,T2/6,MOVING,15.455,4.000,60.504,"GoalBlock{x=20,y=4,z=60}",21,15,MovementTraverse,2376,8,8,,
669,0,Husk,T2/6,MOVING,15.735,4.000,60.503,"GoalBlock{x=20,y=4,z=60}",21,15,MovementTraverse,2376,8,8,,
670,0,Husk,T2/6,MOVING,16.015,4.000,60.503,"GoalBlock{x=20,y=4,z=60}",21,15,MovementTraverse,2376,8,8,,
671,0,Husk,T2/6,MOVING,16.296,4.000,60.502,"GoalBlock{x=20,y=4,z=60}",21,16,MovementTraverse,2376,8,8,,
672,0,Husk,T2/6,MOVING,16.576,4.000,60.502,"GoalBlock{x=20,y=4,z=60}",21,16,MovementTraverse,2376,8,8,,
673,0,Husk,T2/6,MOVING,16.857,4.000,60.502,"GoalBlock{x=20,y=4,z=60}",21,16,MovementTraverse,2376,8,8,,
674,0,Husk,T2/6,MOVING,17.138,4.000,60.501,"GoalBlock{x=20,y=4,z=60}",21,16,MovementTraverse,2376,8,8,,
675,0,Husk,T2/6,MOVING,17.418,4.000,60.501,"GoalBlock{x=20,y=4,z=60}",21,17,MovementTraverse,2376,8,8,,
676,0,Husk,T2/6,MOVING,17.699,4.000,60.501,"GoalBlock{x=20,y=4,z=60}",21,17,MovementTraverse,2376,8,8,,
677,0,Husk,T2/6,MOVING,17.979,4.000,60.501,"GoalBlock{x=20,y=4,z=60}",21,17,MovementTraverse,2376,8,8,,
678,0,Husk,T2/6,MOVING,18.260,4.000,60.501,"GoalBlock{x=20,y=4,z=60}",21,17,MovementTraverse,2376,8,8,,
679,0,Husk,T2/6,MOVING,18.541,4.000,60.501,"GoalBlock{x=20,y=4,z=60}",21,18,MovementTraverse,2376,8,8,,
680,0,Husk,T2/6,MOVING,18.821,4.000,60.501,"GoalBlock{x=20,y=4,z=60}",21,18,MovementTraverse,2376,8,8,,
681,0,Husk,T2/6,MOVING,19.102,4.000,60.501,"GoalBlock{x=20,y=4,z=60}",21,18,MovementTraverse,2376,8,8,,
682,0,Husk,T2/6,MOVING,19.382,4.000,60.500,"GoalBlock{x=20,y=4,z=60}",21,19,MovementTraverse,2376,8,8,,
683,0,Husk,T2/6,MOVING,19.663,4.000,60.500,"GoalBlock{x=20,y=4,z=60}",21,19,MovementTraverse,2376,8,8,,
684,0,Husk,T2/6,MOVING,19.944,4.000,60.500,"GoalBlock{x=20,y=4,z=60}",21,19,MovementTraverse,2376,8,8,,
685,0,Husk,T2/6,MOVING,20.224,4.000,60.500,"GoalBlock{x=20,y=4,z=60}",21,19,MovementTraverse,2376,8,8,,
686,0,Husk,T2/6,ARRIVED,20.378,4.000,60.500,,-1,-1,,2376,8,8,,CANCELED
687,0,Husk,T2/7,ARRIVED,0.500,4.000,72.500,,-1,-1,,2376,8,8,,CANCELED|CANCELED
688,0,Husk,T2/7,ARRIVED,0.500,4.000,72.500,,-1,-1,,2376,8,8,,
689,0,Husk,T2/7,ARRIVED,0.500,4.000,72.500,,-1,-1,,2376,8,8,,
690,0,Husk,T2/7,ARRIVED,0.500,4.000,72.500,,-1,-1,,2376,8,8,,
691,0,Husk,T2/7,ARRIVED,0.500,4.000,72.500,,-1,-1,,2376,8,8,,
692,0,Husk,T2/7,ARRIVED,0.500,4.000,72.500,,-1,-1,,2376,8,8,,
693,0,Husk,T2/7,ARRIVED,0.500,4.000,72.500,,-1,-1,,2376,8,8,,
694,0,Husk,T2/7,ARRIVED,0.500,4.000,72.500,,-1,-1,,2376,8,8,,
695,0,Husk,T2/7,ARRIVED,0.500,4.000,72.500,,-1,-1,,2376,8,8,,
696,0,Husk,T2/7,ARRIVED,0.500,4.000,72.500,,-1,-1,,2376,8,8,,
697,0,Husk,T2/7,SEARCHING,0.500,4.000,72.500,"GoalBlock{x=20,y=4,z=72}",-1,-1,,2376,9,9,,CALC_STARTED
698,0,Husk,T2/7,MOVING,0.627,4.000,72.500,"GoalBlock{x=20,y=4,z=72}",21,0,MovementTraverse,2030,9,9,,CALC_FINISHED_NOW_EXECUTING
699,0,Husk,T2/7,MOVING,0.824,4.000,72.500,"GoalBlock{x=20,y=4,z=72}",21,0,MovementTraverse,2030,9,9,,
700,0,Husk,T2/7,MOVING,1.059,4.000,72.500,"GoalBlock{x=20,y=4,z=72}",21,0,MovementTraverse,2030,9,9,,
701,0,Husk,T2/7,MOVING,1.315,4.000,72.500,"GoalBlock{x=20,y=4,z=72}",21,1,MovementTraverse,2030,9,9,,
702,0,Husk,T2/7,MOVING,1.582,4.000,72.500,"GoalBlock{x=20,y=4,z=72}",21,1,MovementTraverse,2030,9,9,,
703,0,Husk,T2/7,MOVING,1.855,4.000,72.500,"GoalBlock{x=20,y=4,z=72}",21,1,MovementTraverse,2030,9,9,,
704,0,Husk,T2/7,MOVING,2.132,4.000,72.500,"GoalBlock{x=20,y=4,z=72}",21,1,MovementTraverse,2030,9,9,,
705,0,Husk,T2/7,MOVING,2.410,4.000,72.500,"GoalBlock{x=20,y=4,z=72}",21,2,MovementTraverse,2030,9,9,,
706,0,Husk,T2/7,MOVING,2.690,4.000,72.500,"GoalBlock{x=20,y=4,z=72}",21,2,MovementTraverse,2030,9,9,,
707,0,Husk,T2/7,MOVING,2.969,4.000,72.500,"GoalBlock{x=20,y=4,z=72}",21,2,MovementTraverse,2030,9,9,,
708,0,Husk,T2/7,MOVING,3.250,4.000,72.500,"GoalBlock{x=20,y=4,z=72}",21,2,MovementTraverse,2030,9,9,,
709,0,Husk,T2/7,MOVING,3.530,4.000,72.500,"GoalBlock{x=20,y=4,z=72}",21,3,MovementTraverse,2030,9,9,,
710,0,Husk,T2/7,MOVING,3.811,4.000,72.500,"GoalBlock{x=20,y=4,z=72}",21,3,MovementTraverse,2030,9,9,,
711,0,Husk,T2/7,MOVING,4.091,4.000,72.500,"GoalBlock{x=20,y=4,z=72}",21,3,MovementTraverse,2030,9,9,,
712,0,Husk,T2/7,MOVING,4.372,4.000,72.500,"GoalBlock{x=20,y=4,z=72}",21,4,MovementTraverse,2030,9,9,,
713,0,Husk,T2/7,MOVING,4.652,4.000,72.500,"GoalBlock{x=20,y=4,z=72}",21,4,MovementTraverse,2030,9,9,,
714,0,Husk,T2/7,MOVING,4.933,4.000,72.500,"GoalBlock{x=20,y=4,z=72}",21,4,MovementTraverse,2030,9,9,,
715,0,Husk,T2/7,MOVING,5.214,4.000,72.500,"GoalBlock{x=20,y=4,z=72}",21,4,MovementTraverse,2030,9,9,,
716,0,Husk,T2/7,MOVING,5.494,4.000,72.500,"GoalBlock{x=20,y=4,z=72}",21,5,MovementTraverse,2030,9,9,,
717,0,Husk,T2/7,MOVING,5.775,4.000,72.500,"GoalBlock{x=20,y=4,z=72}",21,5,MovementTraverse,2030,9,9,,
718,0,Husk,T2/7,MOVING,6.055,4.000,72.500,"GoalBlock{x=20,y=4,z=72}",21,5,MovementTraverse,2030,9,9,,
719,0,Husk,T2/7,MOVING,6.336,4.000,72.500,"GoalBlock{x=20,y=4,z=72}",21,6,MovementTraverse,2030,9,9,,
720,0,Husk,T2/7,MOVING,6.617,4.000,72.500,"GoalBlock{x=20,y=4,z=72}",21,6,MovementTraverse,2030,9,9,,
721,0,Husk,T2/7,MOVING,6.897,4.000,72.500,"GoalBlock{x=20,y=4,z=72}",21,6,MovementTraverse,2030,9,9,,
722,0,Husk,T2/7,MOVING,7.178,4.000,72.500,"GoalBlock{x=20,y=4,z=72}",21,6,MovementTraverse,2030,9,9,,
723,0,Husk,T2/7,MOVING,7.429,4.000,72.500,"GoalBlock{x=20,y=4,z=72}",21,7,MovementDescend,2030,9,9,,
724,0,Husk,T2/7,MOVING,7.664,4.000,72.500,"GoalBlock{x=20,y=4,z=72}",21,7,MovementDescend,2030,9,9,,
725,0,Husk,T2/7,MOVING,7.891,4.000,72.500,"GoalBlock{x=20,y=4,z=72}",21,7,MovementDescend,2030,9,9,,
726,0,Husk,T2/7,MOVING,8.112,4.000,72.500,"GoalBlock{x=20,y=4,z=72}",21,7,MovementDescend,2030,9,9,,
727,0,Husk,T2/7,MOVING,8.331,4.000,72.500,"GoalBlock{x=20,y=4,z=72}",21,7,MovementDescend,2030,9,9,,
728,0,Husk,T2/7,MOVING,8.536,3.922,72.451,"GoalBlock{x=20,y=4,z=72}",21,7,MovementDescend,2030,9,9,,
729,0,Husk,T2/7,MOVING,8.657,3.766,72.407,"GoalBlock{x=20,y=4,z=72}",21,7,MovementDescend,2030,9,9,,
730,0,Husk,T2/7,MOVING,8.790,3.536,72.355,"GoalBlock{x=20,y=4,z=72}",21,8,MovementTraverse,2030,9,9,,
731,0,Husk,T2/7,MOVING,8.930,3.272,72.307,"GoalBlock{x=20,y=4,z=72}",21,8,MovementTraverse,2030,9,9,,
732,0,Husk,T2/7,MOVING,9.061,3.080,72.275,"GoalBlock{x=20,y=4,z=72}",21,8,MovementTraverse,2030,9,9,,
733,0,Husk,T2/7,MOVING,9.185,2.947,72.252,"GoalBlock{x=20,y=4,z=72}",21,9,MovementTraverse,2030,9,9,,
734,0,Husk,T2/7,MOVING,9.303,2.860,72.238,"GoalBlock{x=20,y=4,z=72}",21,9,MovementTraverse,2030,9,9,,
735,0,Husk,T2/7,MOVING,9.398,2.811,72.227,"GoalBlock{x=20,y=4,z=72}",21,9,MovementTraverse,2030,9,9,,
736,0,Husk,T2/7,MOVING,9.474,2.792,72.217,"GoalBlock{x=20,y=4,z=72}",21,9,MovementTraverse,2030,9,9,,
737,0,Husk,T2/7,MOVING,9.534,2.796,72.210,"GoalBlock{x=20,y=4,z=72}",21,9,MovementTraverse,2030,9,9,,
738,0,Husk,T2/7,MOVING,9.583,2.820,72.204,"GoalBlock{x=20,y=4,z=72}",21,9,MovementTraverse,2030,9,9,,
739,0,Husk,T2/7,MOVING,9.622,2.860,72.199,"GoalBlock{x=20,y=4,z=72}",21,9,MovementTraverse,2030,9,9,,
740,0,Husk,T2/7,MOVING,9.653,2.912,72.196,"GoalBlock{x=20,y=4,z=72}",21,9,MovementTraverse,2030,9,9,,
741,0,Husk,T2/7,MOVING,9.696,2.973,72.199,"GoalBlock{x=20,y=4,z=72}",21,9,MovementTraverse,2030,9,9,,
742,0,Husk,T2/7,MOVING,9.749,3.043,72.206,"GoalBlock{x=20,y=4,z=72}",21,9,MovementTraverse,2030,9,9,,
743,0,Husk,T2/7,MOVING,9.810,3.118,72.219,"GoalBlock{x=20,y=4,z=72}",21,9,MovementTraverse,2030,9,9,,
744,0,Husk,T2/7,MOVING,9.876,3.199,72.236,"GoalBlock{x=20,y=4,z=72}",21,9,MovementTraverse,2030,9,9,,
745,0,Husk,T2/7,MOVING,9.948,3.283,72.258,"GoalBlock{x=20,y=4,z=72}",21,9,MovementTraverse,2030,9,9,,
746,0,Husk,T2/7,MOVING,10.023,3.370,72.283,"GoalBlock{x=20,y=4,z=72}",21,9,MovementTraverse,2030,9,9,,
747,0,Husk,T2/7,MOVING,10.102,3.460,72.306,"GoalBlock{x=20,y=4,z=72}",21,10,MovementTraverse,2030,9,9,,
748,0,Husk,T2/7,MOVING,10.185,3.552,72.327,"GoalBlock{x=20,y=4,z=72}",21,10,MovementTraverse,2030,9,9,,
749,0,Husk,T2/7,MOVING,10.271,3.646,72.346,"GoalBlock{x=20,y=4,z=72}",21,10,MovementTraverse,2030,9,9,,
750,0,Husk,T2/7,MOVING,10.365,3.700,72.365,"GoalBlock{x=20,y=4,z=72}",21,10,MovementTraverse,2030,9,9,,
751,0,Husk,T2/7,MOVING,10.476,3.676,72.385,"GoalBlock{x=20,y=4,z=72}",21,10,MovementTraverse,2030,9,9,,
752,0,Husk,T2/7,MOVING,10.602,3.573,72.406,"GoalBlock{x=20,y=4,z=72}",21,10,MovementTraverse,2030,9,9,,
753,0,Husk,T2/7,MOVING,10.736,3.434,72.427,"GoalBlock{x=20,y=4,z=72}",21,10,MovementTraverse,2030,9,9,,
754,0,Husk,T2/7,MOVING,10.863,3.343,72.446,"GoalBlock{x=20,y=4,z=72}",21,10,MovementTraverse,2030,9,9,,
755,0,Husk,T2/7,MOVING,10.984,3.290,72.463,"GoalBlock{x=20,y=4,z=72}",21,10,MovementTraverse,2030,9,9,,
756,0,Husk,T2/7,MOVING,11.100,3.268,72.478,"GoalBlock{x=20,y=4,z=72}",21,10,MovementTraverse,2030,9,9,,
757,0,Husk,T2/7,MOVING,11.213,3.270,72.490,"GoalBlock{x=20,y=4,z=72}",21,11,MovementTraverse,2030,9,9,,
758,0,Husk,T2/7,MOVING,11.323,3.292,72.500,"GoalBlock{x=20,y=4,z=72}",21,11,MovementTraverse,2030,9,9,,
759,0,Husk,T2/7,MOVING,11.430,3.332,72.508,"GoalBlock{x=20,y=4,z=72}",21,11,MovementTraverse,2030,9,9,,
760,0,Husk,T2/7,MOVING,11.536,3.384,72.514,"GoalBlock{x=20,y=4,z=72}",21,11,MovementTraverse,2030,9,9,,
761,0,Husk,T2/7,MOVING,11.640,3.445,72.518,"GoalBlock{x=20,y=4,z=72}",21,11,MovementTraverse,2030,9,9,,
762,0,Husk,T2/7,MOVING,11.743,3.515,72.522,"GoalBlock{x=20,y=4,z=72}",21,11,MovementTraverse,2030,9,9,,
763,0,Husk,T2/7,MOVING,11.845,3.590,72.521,"GoalBlock{x=20,y=4,z=72}",21,11,MovementTraverse,2030,9,9,,
764,0,Husk,T2/7,MOVING,11.946,3.671,72.520,"GoalBlock{x=20,y=4,z=72}",21,11,MovementTraverse,2030,9,9,,
765,0,Husk,T2/7,MOVING,12.052,3.715,72.520,"GoalBlock{x=20,y=4,z=72}",21,11,MovementTraverse,2030,9,9,,
766,0,Husk,T2/7,MOVING,12.174,3.680,72.519,"GoalBlock{x=20,y=4,z=72}",21,12,MovementTraverse,2030,9,9,,
767,0,Husk,T2/7,MOVING,12.311,3.567,72.519,"GoalBlock{x=20,y=4,z=72}",21,12,MovementTraverse,2030,9,9,,
768,0,Husk,T2/7,MOVING,12.455,3.418,72.519,"GoalBlock{x=20,y=4,z=72}",21,12,MovementTraverse,2030,9,9,,
769,0,Husk,T2/7,MOVING,12.590,3.319,72.518,"GoalBlock{x=20,y=4,z=72}",21,12,MovementTraverse,2030,9,9,,
770,0,Husk,T2/7,MOVING,12.717,3.260,72.518,"GoalBlock{x=20,y=4,z=72}",21,12,MovementTraverse,2030,9,9,,
771,0,Husk,T2/7,MOVING,12.839,3.232,72.517,"GoalBlock{x=20,y=4,z=72}",21,12,MovementTraverse,2030,9,9,,
772,0,Husk,T2/7,MOVING,12.955,3.231,72.517,"GoalBlock{x=20,y=4,z=72}",21,12,MovementTraverse,2030,9,9,,
773,0,Husk,T2/7,MOVING,13.069,3.249,72.516,"GoalBlock{x=20,y=4,z=72}",21,12,MovementTraverse,2030,9,9,,
774,0,Husk,T2/7,MOVING,13.179,3.284,72.516,"GoalBlock{x=20,y=4,z=72}",21,13,MovementTraverse,2030,9,9,,
775,0,Husk,T2/7,MOVING,13.286,3.332,72.516,"GoalBlock{x=20,y=4,z=72}",21,13,MovementTraverse,2030,9,9,,
776,0,Husk,T2/7,MOVING,13.392,3.390,72.516,"GoalBlock{x=20,y=4,z=72}",21,13,MovementTraverse,2030,9,9,,
777,0,Husk,T2/7,MOVING,13.496,3.456,72.515,"GoalBlock{x=20,y=4,z=72}",21,13,MovementTraverse,2030,9,9,,
778,0,Husk,T2/7,MOVING,13.599,3.530,72.515,"GoalBlock{x=20,y=4,z=72}",21,13,MovementTraverse,2030,9,9,,
779,0,Husk,T2/7,MOVING,13.701,3.608,72.515,"GoalBlock{x=20,y=4,z=72}",21,13,MovementTraverse,2030,9,9,,
780,0,Husk,T2/7,MOVING,13.808,3.651,72.514,"GoalBlock{x=20,y=4,z=72}",21,13,MovementTraverse,2030,9,9,,
781,0,Husk,T2/7,MOVING,13.931,3.615,72.514,"GoalBlock{x=20,y=4,z=72}",21,13,MovementTraverse,2030,9,9,,
782,0,Husk,T2/7,MOVING,14.068,3.501,72.513,"GoalBlock{x=20,y=4,z=72}",21,13,MovementTraverse,2030,9,9,,
783,0,Husk,T2/7,MOVING,14.213,3.351,72.513,"GoalBlock{x=20,y=4,z=72}",21,14,MovementAscend,2030,9,9,,
784,0,Husk,T2/7,MOVING,14.348,3.251,72.513,"GoalBlock{x=20,y=4,z=72}",21,14,MovementAscend,2030,9,9,,
785,0,Husk,T2/7,MOVING,14.476,3.190,72.512,"GoalBlock{x=20,y=4,z=72}",21,14,MovementAscend,2030,9,9,,
786,0,Husk,T2/7,MOVING,14.597,3.162,72.512,"GoalBlock{x=20,y=4,z=72}",21,14,MovementAscend,2030,9,9,,
787,0,Husk,T2/7,MOVING,14.700,3.160,72.512,"GoalBlock{x=20,y=4,z=72}",21,14,MovementAscend,2030,9,9,,
788,0,Husk,T2/7,MOVING,14.700,3.178,72.512,"GoalBlock{x=20,y=4,z=72}",21,14,MovementAscend,2030,9,9,,
789,0,Husk,T2/7,MOVING,14.700,3.212,72.511,"GoalBlock{x=20,y=4,z=72}",21,14,MovementAscend,2030,9,9,,
790,0,Husk,T2/7,MOVING,14.700,3.260,72.511,"GoalBlock{x=20,y=4,z=72}",21,14,MovementAscend,2030,9,9,,
791,0,Husk,T2/7,MOVING,14.700,3.318,72.511,"GoalBlock{x=20,y=4,z=72}",21,14,MovementAscend,2030,9,9,,
792,0,Husk,T2/7,MOVING,14.700,3.384,72.511,"GoalBlock{x=20,y=4,z=72}",21,14,MovementAscend,2030,9,9,,
793,0,Husk,T2/7,MOVING,14.700,3.457,72.510,"GoalBlock{x=20,y=4,z=72}",21,14,MovementAscend,2030,9,9,,
794,0,Husk,T2/7,MOVING,14.700,3.797,72.510,"GoalBlock{x=20,y=4,z=72}",21,14,MovementAscend,2030,9,9,,
795,0,Husk,T2/7,MOVING,14.720,4.097,72.510,"GoalBlock{x=20,y=4,z=72}",21,14,MovementAscend,2030,9,9,,
796,0,Husk,T2/7,MOVING,14.757,4.313,72.510,"GoalBlock{x=20,y=4,z=72}",21,14,MovementAscend,2030,9,9,,
797,0,Husk,T2/7,MOVING,14.811,4.446,72.509,"GoalBlock{x=20,y=4,z=72}",21,14,MovementAscend,2030,9,9,,
798,0,Husk,T2/7,MOVING,14.879,4.498,72.509,"GoalBlock{x=20,y=4,z=72}",21,14,MovementAscend,2030,9,9,,
799,0,Husk,T2/7,MOVING,14.961,4.470,72.509,"GoalBlock{x=20,y=4,z=72}",21,14,MovementAscend,2030,9,9,,
800,0,Husk,T2/7,MOVING,15.055,4.365,72.508,"GoalBlock{x=20,y=4,z=72}",21,14,MovementAscend,2030,9,9,,
801,0,Husk,T2/7,MOVING,15.166,4.183,72.508,"GoalBlock{x=20,y=4,z=72}",21,15,MovementTraverse,2030,9,9,,
802,0,Husk,T2/7,MOVING,15.293,4.000,72.508,"GoalBlock{x=20,y=4,z=72}",21,15,MovementTraverse,2030,9,9,,
803,0,Husk,T2/7,MOVING,15.535,4.000,72.507,"GoalBlock{x=20,y=4,z=72}",21,15,MovementTraverse,2030,9,9,,
804,0,Husk,T2/7,MOVING,15.795,4.000,72.506,"GoalBlock{x=20,y=4,z=72}",21,15,MovementTraverse,2030,9,9,,
805,0,Husk,T2/7,MOVING,16.065,4.000,72.505,"GoalBlock{x=20,y=4,z=72}",21,15,MovementTraverse,2030,9,9,,
806,0,Husk,T2/7,MOVING,16.339,4.000,72.505,"GoalBlock{x=20,y=4,z=72}",21,16,MovementTraverse,2030,9,9,,
807,0,Husk,T2/7,MOVING,16.616,4.000,72.504,"GoalBlock{x=20,y=4,z=72}",21,16,MovementTraverse,2030,9,9,,
808,0,Husk,T2/7,MOVING,16.895,4.000,72.504,"GoalBlock{x=20,y=4,z=72}",21,16,MovementTraverse,2030,9,9,,
809,0,Husk,T2/7,MOVING,17.175,4.000,72.503,"GoalBlock{x=20,y=4,z=72}",21,16,MovementTraverse,2030,9,9,,
810,0,Husk,T2/7,MOVING,17.455,4.000,72.503,"GoalBlock{x=20,y=4,z=72}",21,17,MovementTraverse,2030,9,9,,
811,0,Husk,T2/7,MOVING,17.735,4.000,72.502,"GoalBlock{x=20,y=4,z=72}",21,17,MovementTraverse,2030,9,9,,
812,0,Husk,T2/7,MOVING,18.015,4.000,72.502,"GoalBlock{x=20,y=4,z=72}",21,17,MovementTraverse,2030,9,9,,
813,0,Husk,T2/7,MOVING,18.296,4.000,72.502,"GoalBlock{x=20,y=4,z=72}",21,18,MovementTraverse,2030,9,9,,
814,0,Husk,T2/7,MOVING,18.576,4.000,72.502,"GoalBlock{x=20,y=4,z=72}",21,18,MovementTraverse,2030,9,9,,
815,0,Husk,T2/7,MOVING,18.857,4.000,72.501,"GoalBlock{x=20,y=4,z=72}",21,18,MovementTraverse,2030,9,9,,
816,0,Husk,T2/7,MOVING,19.138,4.000,72.501,"GoalBlock{x=20,y=4,z=72}",21,18,MovementTraverse,2030,9,9,,
817,0,Husk,T2/7,MOVING,19.418,4.000,72.501,"GoalBlock{x=20,y=4,z=72}",21,19,MovementTraverse,2030,9,9,,
818,0,Husk,T2/7,MOVING,19.699,4.000,72.501,"GoalBlock{x=20,y=4,z=72}",21,19,MovementTraverse,2030,9,9,,
819,0,Husk,T2/7,MOVING,19.979,4.000,72.501,"GoalBlock{x=20,y=4,z=72}",21,19,MovementTraverse,2030,9,9,,
820,0,Husk,T2/7,MOVING,20.260,4.000,72.501,"GoalBlock{x=20,y=4,z=72}",21,19,MovementTraverse,2030,9,9,,
821,0,Husk,T2/7,ARRIVED,20.413,4.000,72.501,,-1,-1,,2030,9,9,,CANCELED
822,0,Husk,T2/8,ARRIVED,0.500,4.000,84.500,,-1,-1,,2030,9,9,,CANCELED|CANCELED
823,0,Husk,T2/8,ARRIVED,0.500,4.000,84.500,,-1,-1,,2030,9,9,,
824,0,Husk,T2/8,ARRIVED,0.500,4.000,84.500,,-1,-1,,2030,9,9,,
825,0,Husk,T2/8,ARRIVED,0.500,4.000,84.500,,-1,-1,,2030,9,9,,
826,0,Husk,T2/8,ARRIVED,0.500,4.000,84.500,,-1,-1,,2030,9,9,,
827,0,Husk,T2/8,ARRIVED,0.500,4.000,84.500,,-1,-1,,2030,9,9,,
828,0,Husk,T2/8,ARRIVED,0.500,4.000,84.500,,-1,-1,,2030,9,9,,
829,0,Husk,T2/8,ARRIVED,0.500,4.000,84.500,,-1,-1,,2030,9,9,,
830,0,Husk,T2/8,ARRIVED,0.500,4.000,84.500,,-1,-1,,2030,9,9,,
831,0,Husk,T2/8,ARRIVED,0.500,4.000,84.500,,-1,-1,,2030,9,9,,
832,0,Husk,T2/8,SEARCHING,0.500,4.000,84.500,"GoalBlock{x=20,y=4,z=84}",-1,-1,,2030,10,10,,CALC_STARTED
833,0,Husk,T2/8,MOVING,0.627,4.000,84.500,"GoalBlock{x=20,y=4,z=84}",21,0,MovementTraverse,1720,10,10,,CALC_FINISHED_NOW_EXECUTING
834,0,Husk,T2/8,MOVING,0.824,4.000,84.500,"GoalBlock{x=20,y=4,z=84}",21,0,MovementTraverse,1720,10,10,,
835,0,Husk,T2/8,MOVING,1.059,4.000,84.500,"GoalBlock{x=20,y=4,z=84}",21,0,MovementTraverse,1720,10,10,,
836,0,Husk,T2/8,MOVING,1.315,4.000,84.500,"GoalBlock{x=20,y=4,z=84}",21,1,MovementTraverse,1720,10,10,,
837,0,Husk,T2/8,MOVING,1.582,4.000,84.500,"GoalBlock{x=20,y=4,z=84}",21,1,MovementTraverse,1720,10,10,,
838,0,Husk,T2/8,MOVING,1.855,4.000,84.500,"GoalBlock{x=20,y=4,z=84}",21,1,MovementTraverse,1720,10,10,,
839,0,Husk,T2/8,MOVING,2.132,4.000,84.500,"GoalBlock{x=20,y=4,z=84}",21,1,MovementTraverse,1720,10,10,,
840,0,Husk,T2/8,MOVING,2.410,4.000,84.500,"GoalBlock{x=20,y=4,z=84}",21,2,MovementTraverse,1720,10,10,,
841,0,Husk,T2/8,MOVING,2.690,4.000,84.500,"GoalBlock{x=20,y=4,z=84}",21,2,MovementTraverse,1720,10,10,,
842,0,Husk,T2/8,MOVING,2.969,4.000,84.500,"GoalBlock{x=20,y=4,z=84}",21,2,MovementTraverse,1720,10,10,,
843,0,Husk,T2/8,MOVING,3.250,4.000,84.500,"GoalBlock{x=20,y=4,z=84}",21,2,MovementTraverse,1720,10,10,,
844,0,Husk,T2/8,MOVING,3.530,4.000,84.500,"GoalBlock{x=20,y=4,z=84}",21,3,MovementTraverse,1720,10,10,,
845,0,Husk,T2/8,MOVING,3.811,4.000,84.500,"GoalBlock{x=20,y=4,z=84}",21,3,MovementTraverse,1720,10,10,,
846,0,Husk,T2/8,MOVING,4.091,4.000,84.500,"GoalBlock{x=20,y=4,z=84}",21,3,MovementTraverse,1720,10,10,,
847,0,Husk,T2/8,MOVING,4.372,4.000,84.500,"GoalBlock{x=20,y=4,z=84}",21,4,MovementTraverse,1720,10,10,,
848,0,Husk,T2/8,MOVING,4.652,4.000,84.500,"GoalBlock{x=20,y=4,z=84}",21,4,MovementTraverse,1720,10,10,,
849,0,Husk,T2/8,MOVING,4.933,4.000,84.500,"GoalBlock{x=20,y=4,z=84}",21,4,MovementTraverse,1720,10,10,,
850,0,Husk,T2/8,MOVING,5.214,4.000,84.500,"GoalBlock{x=20,y=4,z=84}",21,4,MovementTraverse,1720,10,10,,
851,0,Husk,T2/8,MOVING,5.477,4.000,84.564,"GoalBlock{x=20,y=4,z=84}",21,5,MovementDiagonal,1720,10,10,,
852,0,Husk,T2/8,MOVING,5.715,4.000,84.684,"GoalBlock{x=20,y=4,z=84}",21,5,MovementDiagonal,1720,10,10,,
853,0,Husk,T2/8,MOVING,5.933,4.000,84.842,"GoalBlock{x=20,y=4,z=84}",21,5,MovementDiagonal,1720,10,10,,
854,0,Husk,T2/8,MOVING,6.136,4.000,85.025,"GoalBlock{x=20,y=4,z=84}",21,5,MovementDiagonal,1720,10,10,,
855,0,Husk,T2/8,MOVING,6.333,4.000,85.218,"GoalBlock{x=20,y=4,z=84}",21,6,MovementDiagonal,1720,10,10,,
856,0,Husk,T2/8,MOVING,6.526,4.000,85.418,"GoalBlock{x=20,y=4,z=84}",21,6,MovementDiagonal,1720,10,10,,
857,0,Husk,T2/8,MOVING,6.717,4.000,85.622,"GoalBlock{x=20,y=4,z=84}",21,6,MovementDiagonal,1720,10,10,,
858,0,Husk,T2/8,MOVING,6.906,4.000,85.828,"GoalBlock{x=20,y=4,z=84}",21,6,MovementDiagonal,1720,10,10,,
859,0,Husk,T2/8,MOVING,7.093,4.000,86.036,"GoalBlock{x=20,y=4,z=84}",21,6,MovementDiagonal,1720,10,10,,
860,0,Husk,T2/8,MOVING,7.284,4.000,86.241,"GoalBlock{x=20,y=4,z=84}",21,7,MovementDiagonal,1720,10,10,,
861,0,Husk,T2/8,MOVING,7.476,4.000,86.445,"GoalBlock{x=20,y=4,z=84}",21,7,MovementDiagonal,1720,10,10,,
862,0,Husk,T2/8,MOVING,7.670,4.000,86.648,"GoalBlock{x=20,y=4,z=84}",21,7,MovementDiagonal,1720,10,10,,
863,0,Husk,T2/8,MOVING,7.865,4.000,86.850,"GoalBlock{x=20,y=4,z=84}",21,7,MovementDiagonal,1720,10,10,,
864,0,Husk,T2/8,MOVING,8.060,4.000,87.051,"GoalBlock{x=20,y=4,z=84}",21,7,MovementDiagonal,1720,10,10,,
865,0,Husk,T2/8,MOVING,8.257,4.000,87.252,"GoalBlock{x=20,y=4,z=84}",21,8,MovementDiagonal,1720,10,10,,
866,0,Husk,T2/8,MOVING,8.454,4.000,87.451,"GoalBlock{x=20,y=4,z=84}",21,8,MovementDiagonal,1720,10,10,,
867,0,Husk,T2/8,MOVING,8.652,4.000,87.650,"GoalBlock{x=20,y=4,z=84}",21,8,MovementDiagonal,1720,10,10,,
868,0,Husk,T2/8,MOVING,8.850,4.000,87.849,"GoalBlock{x=20,y=4,z=84}",21,8,MovementDiagonal,1720,10,10,,
869,0,Husk,T2/8,MOVING,9.048,4.000,88.048,"GoalBlock{x=20,y=4,z=84}",21,8,MovementDiagonal,1720,10,10,,
870,0,Husk,T2/8,MOVING,9.277,4.000,88.194,"GoalBlock{x=20,y=4,z=84}",21,9,MovementTraverse,1720,10,10,,
871,0,Husk,T2/8,MOVING,9.527,4.000,88.305,"GoalBlock{x=20,y=4,z=84}",21,9,MovementTraverse,1720,10,10,,
872,0,Husk,T2/8,MOVING,9.787,4.000,88.391,"GoalBlock{x=20,y=4,z=84}",21,9,MovementTraverse,1720,10,10,,
873,0,Husk,T2/8,MOVING,10.056,4.000,88.457,"GoalBlock{x=20,y=4,z=84}",21,9,MovementTraverse,1720,10,10,,
874,0,Husk,T2/8,MOVING,10.330,4.000,88.497,"GoalBlock{x=20,y=4,z=84}",21,10,MovementTraverse,1720,10,10,,
875,0,Husk,T2/8,MOVING,10.607,4.000,88.519,"GoalBlock{x=20,y=4,z=84}",21,10,MovementTraverse,1720,10,10,,
876,0,Husk,T2/8,MOVING,10.885,4.000,88.528,"GoalBlock{x=20,y=4,z=84}",21,10,MovementTraverse,1720,10,10,,
877,0,Husk,T2/8,MOVING,11.165,4.000,88.527,"GoalBlock{x=20,y=4,z=84}",21,10,MovementTraverse,1720,10,10,,
878,0,Husk,T2/8,MOVING,11.445,4.000,88.525,"GoalBlock{x=20,y=4,z=84}",21,11,MovementTraverse,1720,10,10,,
879,0,Husk,T2/8,MOVING,11.725,4.000,88.522,"GoalBlock{x=20,y=4,z=84}",21,11,MovementTraverse,1720,10,10,,
880,0,Husk,T2/8,MOVING,12.005,4.000,88.518,"GoalBlock{x=20,y=4,z=84}",21,11,MovementTraverse,1720,10,10,,
881,0,Husk,T2/8,MOVING,12.286,4.000,88.517,"GoalBlock{x=20,y=4,z=84}",21,12,MovementTraverse,1720,10,10,,
882,0,Husk,T2/8,MOVING,12.566,4.000,88.515,"GoalBlock{x=20,y=4,z=84}",21,12,MovementTraverse,1720,10,10,,
883,0,Husk,T2/8,MOVING,12.847,4.000,88.513,"GoalBlock{x=20,y=4,z=84}",21,12,MovementTraverse,1720,10,10,,
884,0,Husk,T2/8,MOVING,13.127,4.000,88.510,"GoalBlock{x=20,y=4,z=84}",21,12,MovementTraverse,1720,10,10,,
885,0,Husk,T2/8,MOVING,13.408,4.000,88.509,"GoalBlock{x=20,y=4,z=84}",21,13,MovementTraverse,1720,10,10,,
886,0,Husk,T2/8,MOVING,13.688,4.000,88.508,"GoalBlock{x=20,y=4,z=84}",21,13,MovementTraverse,1720,10,10,,
887,0,Husk,T2/8,MOVING,13.969,4.000,88.507,"GoalBlock{x=20,y=4,z=84}",21,13,MovementTraverse,1720,10,10,,
888,0,Husk,T2/8,MOVING,14.249,4.000,88.505,"GoalBlock{x=20,y=4,z=84}",21,13,MovementTraverse,1720,10,10,,
889,0,Husk,T2/8,MOVING,14.530,4.000,88.505,"GoalBlock{x=20,y=4,z=84}",21,14,MovementTraverse,1720,10,10,,
890,0,Husk,T2/8,MOVING,14.811,4.000,88.504,"GoalBlock{x=20,y=4,z=84}",21,14,MovementTraverse,1720,10,10,,
891,0,Husk,T2/8,MOVING,15.091,4.000,88.503,"GoalBlock{x=20,y=4,z=84}",21,14,MovementTraverse,1720,10,10,,
892,0,Husk,T2/8,MOVING,15.372,4.000,88.503,"GoalBlock{x=20,y=4,z=84}",21,15,MovementTraverse,1720,10,10,,
893,0,Husk,T2/8,MOVING,15.653,4.000,88.503,"GoalBlock{x=20,y=4,z=84}",21,15,MovementTraverse,1720,10,10,,
894,0,Husk,T2/8,MOVING,15.933,4.000,88.502,"GoalBlock{x=20,y=4,z=84}",21,15,MovementTraverse,1720,10,10,,
895,0,Husk,T2/8,MOVING,16.214,4.000,88.502,"GoalBlock{x=20,y=4,z=84}",21,15,MovementTraverse,1720,10,10,,
896,0,Husk,T2/8,MOVING,16.477,4.000,88.438,"GoalBlock{x=20,y=4,z=84}",21,16,MovementDiagonal,1720,10,10,,
897,0,Husk,T2/8,MOVING,16.715,4.000,88.317,"GoalBlock{x=20,y=4,z=84}",21,16,MovementDiagonal,1720,10,10,,
898,0,Husk,T2/8,MOVING,16.933,4.000,88.159,"GoalBlock{x=20,y=4,z=84}",21,16,MovementDiagonal,1720,10,10,,
899,0,Husk,T2/8,MOVING,17.135,4.000,87.976,"GoalBlock{x=20,y=4,z=84}",21,16,MovementDiagonal,1720,10,10,,
900,0,Husk,T2/8,MOVING,17.332,4.000,87.783,"GoalBlock{x=20,y=4,z=84}",21,17,MovementDiagonal,1720,10,10,,
901,0,Husk,T2/8,MOVING,17.525,4.000,87.583,"GoalBlock{x=20,y=4,z=84}",21,17,MovementDiagonal,1720,10,10,,
902,0,Husk,T2/8,MOVING,17.716,4.000,87.379,"GoalBlock{x=20,y=4,z=84}",21,17,MovementDiagonal,1720,10,10,,
903,0,Husk,T2/8,MOVING,17.905,4.000,87.173,"GoalBlock{x=20,y=4,z=84}",21,17,MovementDiagonal,1720,10,10,,
904,0,Husk,T2/8,MOVING,18.093,4.000,86.965,"GoalBlock{x=20,y=4,z=84}",21,17,MovementDiagonal,1720,10,10,,
905,0,Husk,T2/8,MOVING,18.283,4.000,86.759,"GoalBlock{x=20,y=4,z=84}",21,18,MovementDiagonal,1720,10,10,,
906,0,Husk,T2/8,MOVING,18.476,4.000,86.555,"GoalBlock{x=20,y=4,z=84}",21,18,MovementDiagonal,1720,10,10,,
907,0,Husk,T2/8,MOVING,18.670,4.000,86.353,"GoalBlock{x=20,y=4,z=84}",21,18,MovementDiagonal,1720,10,10,,
908,0,Husk,T2/8,MOVING,18.865,4.000,86.151,"GoalBlock{x=20,y=4,z=84}",21,18,MovementDiagonal,1720,10,10,,
909,0,Husk,T2/8,MOVING,19.060,4.000,85.949,"GoalBlock{x=20,y=4,z=84}",21,18,MovementDiagonal,1720,10,10,,
910,0,Husk,T2/8,MOVING,19.256,4.000,85.749,"GoalBlock{x=20,y=4,z=84}",21,19,MovementDiagonal,1720,10,10,,
911,0,Husk,T2/8,MOVING,19.454,4.000,85.549,"GoalBlock{x=20,y=4,z=84}",21,19,MovementDiagonal,1720,10,10,,
912,0,Husk,T2/8,MOVING,19.651,4.000,85.350,"GoalBlock{x=20,y=4,z=84}",21,19,MovementDiagonal,1720,10,10,,
913,0,Husk,T2/8,MOVING,19.849,4.000,85.151,"GoalBlock{x=20,y=4,z=84}",21,19,MovementDiagonal,1720,10,10,,
914,0,Husk,T2/8,MOVING,20.047,4.000,84.952,"GoalBlock{x=20,y=4,z=84}",21,19,MovementDiagonal,1720,10,10,,
915,0,Husk,T2/8,ARRIVED,20.155,4.000,84.844,,-1,-1,,1720,10,10,,CANCELED
916,0,Husk,T2/9,ARRIVED,0.500,4.000,96.500,,-1,-1,,1720,10,10,,CANCELED|CANCELED
917,0,Husk,T2/9,ARRIVED,0.500,4.000,96.500,,-1,-1,,1720,10,10,,
918,0,Husk,T2/9,ARRIVED,0.500,4.000,96.500,,-1,-1,,1720,10,10,,
919,0,Husk,T2/9,ARRIVED,0.500,4.000,96.500,,-1,-1,,1720,10,10,,
920,0,Husk,T2/9,ARRIVED,0.500,4.000,96.500,,-1,-1,,1720,10,10,,
921,0,Husk,T2/9,ARRIVED,0.500,4.000,96.500,,-1,-1,,1720,10,10,,
922,0,Husk,T2/9,ARRIVED,0.500,4.000,96.500,,-1,-1,,1720,10,10,,
923,0,Husk,T2/9,ARRIVED,0.500,4.000,96.500,,-1,-1,,1720,10,10,,
924,0,Husk,T2/9,ARRIVED,0.500,4.000,96.500,,-1,-1,,1720,10,10,,
925,0,Husk,T2/9,ARRIVED,0.500,4.000,96.500,,-1,-1,,1720,10,10,,
926,0,Husk,T2/9,SEARCHING,0.500,4.000,96.500,"GoalBlock{x=20,y=4,z=96}",-1,-1,,1720,11,11,,CALC_STARTED
927,0,Husk,T2/9,MOVING,0.627,4.000,96.500,"GoalBlock{x=20,y=4,z=96}",21,0,MovementTraverse,830,11,11,,CALC_FINISHED_NOW_EXECUTING
928,0,Husk,T2/9,MOVING,0.824,4.000,96.500,"GoalBlock{x=20,y=4,z=96}",21,0,MovementTraverse,830,11,11,,
929,0,Husk,T2/9,MOVING,1.059,4.000,96.500,"GoalBlock{x=20,y=4,z=96}",21,0,MovementTraverse,830,11,11,,
930,0,Husk,T2/9,MOVING,1.315,4.000,96.500,"GoalBlock{x=20,y=4,z=96}",21,1,MovementTraverse,830,11,11,,
931,0,Husk,T2/9,MOVING,1.582,4.000,96.500,"GoalBlock{x=20,y=4,z=96}",21,1,MovementTraverse,830,11,11,,
932,0,Husk,T2/9,MOVING,1.855,4.000,96.500,"GoalBlock{x=20,y=4,z=96}",21,1,MovementTraverse,830,11,11,,
933,0,Husk,T2/9,MOVING,2.132,4.000,96.500,"GoalBlock{x=20,y=4,z=96}",21,1,MovementTraverse,830,11,11,,
934,0,Husk,T2/9,MOVING,2.410,4.000,96.500,"GoalBlock{x=20,y=4,z=96}",21,2,MovementTraverse,830,11,11,,
935,0,Husk,T2/9,MOVING,2.690,4.000,96.500,"GoalBlock{x=20,y=4,z=96}",21,2,MovementTraverse,830,11,11,,
936,0,Husk,T2/9,MOVING,2.969,4.000,96.500,"GoalBlock{x=20,y=4,z=96}",21,2,MovementTraverse,830,11,11,,
937,0,Husk,T2/9,MOVING,3.250,4.000,96.500,"GoalBlock{x=20,y=4,z=96}",21,2,MovementTraverse,830,11,11,,
938,0,Husk,T2/9,MOVING,3.530,4.000,96.500,"GoalBlock{x=20,y=4,z=96}",21,3,MovementTraverse,830,11,11,,
939,0,Husk,T2/9,MOVING,3.811,4.000,96.500,"GoalBlock{x=20,y=4,z=96}",21,3,MovementTraverse,830,11,11,,
940,0,Husk,T2/9,MOVING,4.091,4.000,96.500,"GoalBlock{x=20,y=4,z=96}",21,3,MovementTraverse,830,11,11,,
941,0,Husk,T2/9,MOVING,4.372,4.000,96.500,"GoalBlock{x=20,y=4,z=96}",21,4,MovementTraverse,830,11,11,,
942,0,Husk,T2/9,MOVING,4.652,4.000,96.500,"GoalBlock{x=20,y=4,z=96}",21,4,MovementTraverse,830,11,11,,
943,0,Husk,T2/9,MOVING,4.933,4.000,96.500,"GoalBlock{x=20,y=4,z=96}",21,4,MovementTraverse,830,11,11,,
944,0,Husk,T2/9,MOVING,5.214,4.000,96.500,"GoalBlock{x=20,y=4,z=96}",21,4,MovementTraverse,830,11,11,,
945,0,Husk,T2/9,MOVING,5.494,4.000,96.500,"GoalBlock{x=20,y=4,z=96}",21,5,MovementTraverse,830,11,11,,
946,0,Husk,T2/9,MOVING,5.775,4.000,96.500,"GoalBlock{x=20,y=4,z=96}",21,5,MovementTraverse,830,11,11,,
947,0,Husk,T2/9,MOVING,6.055,4.000,96.500,"GoalBlock{x=20,y=4,z=96}",21,5,MovementTraverse,830,11,11,,
948,0,Husk,T2/9,MOVING,6.336,4.000,96.500,"GoalBlock{x=20,y=4,z=96}",21,6,MovementTraverse,830,11,11,,
949,0,Husk,T2/9,MOVING,6.617,4.000,96.500,"GoalBlock{x=20,y=4,z=96}",21,6,MovementTraverse,830,11,11,,
950,0,Husk,T2/9,MOVING,6.897,4.000,96.500,"GoalBlock{x=20,y=4,z=96}",21,6,MovementTraverse,830,11,11,,
951,0,Husk,T2/9,MOVING,7.178,4.000,96.500,"GoalBlock{x=20,y=4,z=96}",21,6,MovementTraverse,830,11,11,,
952,0,Husk,T2/9,MOVING,7.459,4.000,96.500,"GoalBlock{x=20,y=4,z=96}",21,7,MovementTraverse,830,11,11,,
953,0,Husk,T2/9,MOVING,7.739,4.000,96.500,"GoalBlock{x=20,y=4,z=96}",21,7,MovementTraverse,830,11,11,,
954,0,Husk,T2/9,MOVING,8.020,4.000,96.500,"GoalBlock{x=20,y=4,z=96}",21,7,MovementTraverse,830,11,11,,
955,0,Husk,T2/9,MOVING,8.283,4.000,96.564,"GoalBlock{x=20,y=4,z=96}",21,8,MovementDiagonal,830,11,11,,
956,0,Husk,T2/9,MOVING,8.528,4.000,96.676,"GoalBlock{x=20,y=4,z=96}",21,8,MovementDiagonal,830,11,11,,
957,0,Husk,T2/9,MOVING,8.759,4.000,96.820,"GoalBlock{x=20,y=4,z=96}",21,8,MovementDiagonal,830,11,11,,
958,0,Husk,T2/9,MOVING,8.979,4.000,96.985,"GoalBlock{x=20,y=4,z=96}",21,8,MovementDiagonal,830,11,11,,
959,0,Husk,T2/9,MOVING,9.190,4.000,97.164,"GoalBlock{x=20,y=4,z=96}",21,8,MovementDiagonal,830,11,11,,
960,0,Husk,T2/9,MOVING,9.428,4.000,97.294,"GoalBlock{x=20,y=4,z=96}",21,9,MovementTraverse,830,11,11,,
961,0,Husk,T2/9,MOVING,9.683,4.000,97.390,"GoalBlock{x=20,y=4,z=96}",21,9,MovementTraverse,830,11,11,,
962,0,Husk,T2/9,MOVING,9.949,4.000,97.459,"GoalBlock{x=20,y=4,z=96}",21,9,MovementTraverse,830,11,11,,
963,0,Husk,T2/9,MOVING,10.221,4.000,97.506,"GoalBlock{x=20,y=4,z=96}",21,9,MovementTraverse,830,11,11,,
964,0,Husk,T2/9,MOVING,10.497,4.000,97.531,"GoalBlock{x=20,y=4,z=96}",21,10,MovementTraverse,830,11,11,,
965,0,Husk,T2/9,MOVING,10.775,4.000,97.541,"GoalBlock{x=20,y=4,z=96}",21,10,MovementTraverse,830,11,11,,
966,0,Husk,T2/9,MOVING,11.054,4.000,97.539,"GoalBlock{x=20,y=4,z=96}",21,10,MovementTraverse,830,11,11,,
967,0,Husk,T2/9,MOVING,11.333,4.000,97.536,"GoalBlock{x=20,y=4,z=96}",21,11,MovementTraverse,830,11,11,,
968,0,Husk,T2/9,MOVING,11.613,4.000,97.532,"GoalBlock{x=20,y=4,z=96}",21,11,MovementTraverse,830,11,11,,
969,0,Husk,T2/9,MOVING,11.894,4.000,97.527,"GoalBlock{x=20,y=4,z=96}",21,11,MovementTraverse,830,11,11,,
970,0,Husk,T2/9,MOVING,12.174,4.000,97.521,"GoalBlock{x=20,y=4,z=96}",21,11,MovementTraverse,830,11,11,,
971,0,Husk,T2/9,MOVING,12.454,4.000,97.516,"GoalBlock{x=20,y=4,z=96}",21,12,MovementTraverse,830,11,11,,
972,0,Husk,T2/9,MOVING,12.735,4.000,97.514,"GoalBlock{x=20,y=4,z=96}",21,12,MovementTraverse,830,11,11,,
973,0,Husk,T2/9,MOVING,13.015,4.000,97.512,"GoalBlock{x=20,y=4,z=96}",21,12,MovementTraverse,830,11,11,,
974,0,Husk,T2/9,MOVING,13.296,4.000,97.511,"GoalBlock{x=20,y=4,z=96}",21,13,MovementTraverse,830,11,11,,
975,0,Husk,T2/9,MOVING,13.576,4.000,97.510,"GoalBlock{x=20,y=4,z=96}",21,13,MovementTraverse,830,11,11,,
976,0,Husk,T2/9,MOVING,13.857,4.000,97.508,"GoalBlock{x=20,y=4,z=96}",21,13,MovementTraverse,830,11,11,,
977,0,Husk,T2/9,MOVING,14.138,4.000,97.507,"GoalBlock{x=20,y=4,z=96}",21,13,MovementTraverse,830,11,11,,
978,0,Husk,T2/9,MOVING,14.418,4.000,97.506,"GoalBlock{x=20,y=4,z=96}",21,14,MovementTraverse,830,11,11,,
979,0,Husk,T2/9,MOVING,14.699,4.000,97.505,"GoalBlock{x=20,y=4,z=96}",21,14,MovementTraverse,830,11,11,,
980,0,Husk,T2/9,MOVING,14.979,4.000,97.505,"GoalBlock{x=20,y=4,z=96}",21,14,MovementTraverse,830,11,11,,
981,0,Husk,T2/9,MOVING,15.260,4.000,97.503,"GoalBlock{x=20,y=4,z=96}",21,14,MovementTraverse,830,11,11,,
982,0,Husk,T2/9,MOVING,15.541,4.000,97.503,"GoalBlock{x=20,y=4,z=96}",21,15,MovementTraverse,830,11,11,,
983,0,Husk,T2/9,MOVING,15.821,4.000,97.503,"GoalBlock{x=20,y=4,z=96}",21,15,MovementTraverse,830,11,11,,
984,0,Husk,T2/9,MOVING,16.102,4.000,97.502,"GoalBlock{x=20,y=4,z=96}",21,15,MovementTraverse,830,11,11,,
985,0,Husk,T2/9,MOVING,16.382,4.000,97.502,"GoalBlock{x=20,y=4,z=96}",21,16,MovementTraverse,830,11,11,,
986,0,Husk,T2/9,MOVING,16.663,4.000,97.502,"GoalBlock{x=20,y=4,z=96}",21,16,MovementTraverse,830,11,11,,
987,0,Husk,T2/9,MOVING,16.944,4.000,97.502,"GoalBlock{x=20,y=4,z=96}",21,16,MovementTraverse,830,11,11,,
988,0,Husk,T2/9,MOVING,17.224,4.000,97.501,"GoalBlock{x=20,y=4,z=96}",21,16,MovementTraverse,830,11,11,,
989,0,Husk,T2/9,MOVING,17.505,4.000,97.501,"GoalBlock{x=20,y=4,z=96}",21,17,MovementTraverse,830,11,11,,
990,0,Husk,T2/9,MOVING,17.786,4.000,97.501,"GoalBlock{x=20,y=4,z=96}",21,17,MovementTraverse,830,11,11,,
991,0,Husk,T2/9,MOVING,18.066,4.000,97.501,"GoalBlock{x=20,y=4,z=96}",21,17,MovementTraverse,830,11,11,,
992,0,Husk,T2/9,MOVING,18.347,4.000,97.501,"GoalBlock{x=20,y=4,z=96}",21,18,MovementTraverse,830,11,11,,
993,0,Husk,T2/9,MOVING,18.627,4.000,97.501,"GoalBlock{x=20,y=4,z=96}",21,18,MovementTraverse,830,11,11,,
994,0,Husk,T2/9,MOVING,18.908,4.000,97.501,"GoalBlock{x=20,y=4,z=96}",21,18,MovementTraverse,830,11,11,,
995,0,Husk,T2/9,MOVING,19.189,4.000,97.500,"GoalBlock{x=20,y=4,z=96}",21,18,MovementTraverse,830,11,11,,
996,0,Husk,T2/9,MOVING,19.452,4.000,97.437,"GoalBlock{x=20,y=4,z=96}",21,19,MovementDiagonal,830,11,11,,
997,0,Husk,T2/9,MOVING,19.691,4.000,97.317,"GoalBlock{x=20,y=4,z=96}",21,19,MovementDiagonal,830,11,11,,
998,0,Husk,T2/9,MOVING,19.911,4.000,97.161,"GoalBlock{x=20,y=4,z=96}",21,19,MovementDiagonal,830,11,11,,
999,0,Husk,T2/9,MOVING,20.116,4.000,96.981,"GoalBlock{x=20,y=4,z=96}",21,19,MovementDiagonal,830,11,11,,
1000,0,Husk,T2/9,ARRIVED,20.228,4.000,96.882,,-1,-1,,830,11,11,,CANCELED
1001,0,Husk,T2/10,ARRIVED,0.500,14.000,108.500,,-1,-1,,830,11,11,,CANCELED|CANCELED
1002,0,Husk,T2/10,ARRIVED,0.500,14.000,108.500,,-1,-1,,830,11,11,,
1003,0,Husk,T2/10,ARRIVED,0.500,14.000,108.500,,-1,-1,,830,11,11,,
1004,0,Husk,T2/10,ARRIVED,0.500,14.000,108.500,,-1,-1,,830,11,11,,
1005,0,Husk,T2/10,ARRIVED,0.500,14.000,108.500,,-1,-1,,830,11,11,,
1006,0,Husk,T2/10,ARRIVED,0.500,14.000,108.500,,-1,-1,,830,11,11,,
1007,0,Husk,T2/10,ARRIVED,0.500,14.000,108.500,,-1,-1,,830,11,11,,
1008,0,Husk,T2/10,ARRIVED,0.500,14.000,108.500,,-1,-1,,830,11,11,,
1009,0,Husk,T2/10,ARRIVED,0.500,14.000,108.500,,-1,-1,,830,11,11,,
1010,0,Husk,T2/10,ARRIVED,0.500,14.000,108.500,,-1,-1,,830,11,11,,
1011,0,Husk,T2/10,SEARCHING,0.500,14.000,108.500,"GoalBlock{x=15,y=4,z=108}",-1,-1,,830,12,12,,CALC_STARTED
1012,0,Husk,T2/10,MOVING,0.627,14.000,108.500,"GoalBlock{x=15,y=4,z=108}",16,0,MovementTraverse,1257,12,12,,CALC_FINISHED_NOW_EXECUTING
1013,0,Husk,T2/10,MOVING,0.824,14.000,108.500,"GoalBlock{x=15,y=4,z=108}",16,0,MovementTraverse,1257,12,12,,
1014,0,Husk,T2/10,MOVING,1.059,14.000,108.500,"GoalBlock{x=15,y=4,z=108}",16,0,MovementTraverse,1257,12,12,,
1015,0,Husk,T2/10,MOVING,1.315,14.000,108.500,"GoalBlock{x=15,y=4,z=108}",16,1,MovementTraverse,1257,12,12,,
1016,0,Husk,T2/10,MOVING,1.582,14.000,108.500,"GoalBlock{x=15,y=4,z=108}",16,1,MovementTraverse,1257,12,12,,
1017,0,Husk,T2/10,MOVING,1.855,14.000,108.500,"GoalBlock{x=15,y=4,z=108}",16,1,MovementTraverse,1257,12,12,,
1018,0,Husk,T2/10,MOVING,2.132,14.000,108.500,"GoalBlock{x=15,y=4,z=108}",16,1,MovementTraverse,1257,12,12,,
1019,0,Husk,T2/10,MOVING,2.410,14.000,108.500,"GoalBlock{x=15,y=4,z=108}",16,2,MovementTraverse,1257,12,12,,
1020,0,Husk,T2/10,MOVING,2.690,14.000,108.500,"GoalBlock{x=15,y=4,z=108}",16,2,MovementTraverse,1257,12,12,,
1021,0,Husk,T2/10,MOVING,2.969,14.000,108.500,"GoalBlock{x=15,y=4,z=108}",16,2,MovementTraverse,1257,12,12,,
1022,0,Husk,T2/10,MOVING,3.250,14.000,108.500,"GoalBlock{x=15,y=4,z=108}",16,2,MovementTraverse,1257,12,12,,
1023,0,Husk,T2/10,MOVING,3.501,14.000,108.500,"GoalBlock{x=15,y=4,z=108}",16,3,MovementFall,1257,12,12,,
1024,0,Husk,T2/10,MOVING,3.736,14.000,108.500,"GoalBlock{x=15,y=4,z=108}",16,3,MovementFall,1257,12,12,,
1025,0,Husk,T2/10,MOVING,3.962,14.000,108.500,"GoalBlock{x=15,y=4,z=108}",16,3,MovementFall,1257,12,12,,
1026,0,Husk,T2/10,MOVING,4.184,14.000,108.500,"GoalBlock{x=15,y=4,z=108}",16,3,MovementFall,1257,12,12,,
1027,0,Husk,T2/10,MOVING,4.403,14.000,108.500,"GoalBlock{x=15,y=4,z=108}",16,3,MovementFall,1257,12,12,,
1028,0,Husk,T2/10,MOVING,4.522,13.922,108.500,"GoalBlock{x=15,y=4,z=108}",16,3,MovementFall,1257,12,12,,
1029,0,Husk,T2/10,MOVING,4.588,13.766,108.500,"GoalBlock{x=15,y=4,z=108}",16,3,MovementFall,1257,12,12,,
1030,0,Husk,T2/10,MOVING,4.647,13.536,108.480,"GoalBlock{x=15,y=4,z=108}",16,3,MovementFall,1257,12,12,,
1031,0,Husk,T2/10,MOVING,4.691,13.232,108.446,"GoalBlock{x=15,y=4,z=108}",16,3,MovementFall,1257,12,12,,
1032,0,Husk,T2/10,MOVING,4.715,12.855,108.404,"GoalBlock{x=15,y=4,z=108}",16,3,MovementFall,1257,12,12,,
1033,0,Husk,T2/10,MOVING,4.730,12.407,108.366,"GoalBlock{x=15,y=4,z=108}",16,3,MovementFall,1257,12,12,,
1034,0,Husk,T2/10,MOVING,4.738,11.890,108.334,"GoalBlock{x=15,y=4,z=108}",16,3,MovementFall,1257,12,12,,
1035,0,Husk,T2/10,MOVING,4.741,11.305,108.307,"GoalBlock{x=15,y=4,z=108}",16,3,MovementFall,1257,12,12,,
1036,0,Husk,T2/10,MOVING,4.735,10.654,108.285,"GoalBlock{x=15,y=4,z=108}",16,3,MovementFall,1257,12,12,,
1037,0,Husk,T2/10,MOVING,4.726,9.937,108.269,"GoalBlock{x=15,y=4,z=108}",16,3,MovementFall,1257,12,12,,
1038,0,Husk,T2/10,MOVING,4.712,9.156,108.257,"GoalBlock{x=15,y=4,z=108}",16,3,MovementFall,1257,12,12,,
1039,0,Husk,T2/10,MOVING,4.695,8.312,108.249,"GoalBlock{x=15,y=4,z=108}",16,3,MovementFall,1257,12,12,,
1040,0,Husk,T2/10,MOVING,4.674,7.406,108.246,"GoalBlock{x=15,y=4,z=108}",16,3,MovementFall,1257,12,12,,
1041,0,Husk,T2/10,MOVING,4.651,6.440,108.250,"GoalBlock{x=15,y=4,z=108}",16,3,MovementFall,1257,12,12,,
1042,0,Husk,T2/10,MOVING,4.626,5.416,108.257,"GoalBlock{x=15,y=4,z=108}",16,3,MovementFall,1257,12,12,,
1043,0,Husk,T2/10,MOVING,4.598,4.333,108.268,"GoalBlock{x=15,y=4,z=108}",16,3,MovementFall,1257,12,12,,
1044,0,Husk,T2/10,MOVING,4.570,3.193,108.282,"GoalBlock{x=15,y=4,z=108}",16,3,MovementFall,1257,12,12,,
1045,0,Husk,T2/10,MOVING,4.539,2.038,108.299,"GoalBlock{x=15,y=4,z=108}",16,3,MovementFall,1257,12,12,,
1046,0,Husk,T2/10,MOVING,4.511,2.000,108.318,"GoalBlock{x=15,y=4,z=108}",16,3,MovementFall,1257,12,12,,
1047,0,Husk,T2/10,MOVING,4.477,2.020,108.348,"GoalBlock{x=15,y=4,z=108}",16,3,MovementFall,1257,12,12,,
1048,0,Husk,T2/10,MOVING,4.439,2.056,108.388,"GoalBlock{x=15,y=4,z=108}",16,3,MovementFall,1257,12,12,,
1049,0,Husk,T2/10,MOVING,4.409,2.105,108.421,"GoalBlock{x=15,y=4,z=108}",16,3,MovementFall,1257,12,12,,
1050,0,Husk,T2/10,MOVING,4.377,2.164,108.465,"GoalBlock{x=15,y=4,z=108}",16,3,MovementFall,1257,12,12,,
1051,0,Husk,T2/10,MOVING,4.350,2.231,108.520,"GoalBlock{x=15,y=4,z=108}",16,3,MovementFall,1257,12,12,,
1052,0,Husk,T2/10,MOVING,4.338,2.305,108.581,"GoalBlock{x=15,y=4,z=108}",16,3,MovementFall,1257,12,12,,
1053,0,Husk,T2/10,MOVING,4.345,2.384,108.640,"GoalBlock{x=15,y=4,z=108}",16,3,MovementFall,1257,12,12,,
1054,0,Husk,T2/10,MOVING,4.370,2.467,108.689,"GoalBlock{x=15,y=4,z=108}",16,3,MovementFall,1257,12,12,,
1055,0,Husk,T2/10,MOVING,4.407,2.554,108.719,"GoalBlock{x=15,y=4,z=108}",16,3,MovementFall,1257,12,12,,
1056,0,Husk,T2/10,MOVING,4.447,2.643,108.726,"GoalBlock{x=15,y=4,z=108}",16,3,MovementFall,1257,12,12,,
1057,0,Husk,T2/10,MOVING,4.481,2.734,108.712,"GoalBlock{x=15,y=4,z=108}",16,3,MovementFall,1257,12,12,,
1058,0,Husk,T2/10,MOVING,4.498,2.827,108.683,"GoalBlock{x=15,y=4,z=108}",16,3,MovementFall,1257,12,12,,
1059,0,Husk,T2/10,MOVING,4.502,2.922,108.644,"GoalBlock{x=15,y=4,z=108}",16,3,MovementFall,1257,12,12,,
1060,0,Husk,T2/10,MOVING,4.500,3.018,108.594,"GoalBlock{x=15,y=4,z=108}",16,4,MovementTraverse,1257,12,12,,
1061,0,Husk,T2/10,MOVING,4.509,3.114,108.535,"GoalBlock{x=15,y=4,z=108}",16,4,MovementTraverse,1257,12,12,,
1062,0,Husk,T2/10,MOVING,4.532,3.211,108.478,"GoalBlock{x=15,y=4,z=108}",16,4,MovementTraverse,1257,12,12,,
1063,0,Husk,T2/10,MOVING,4.570,3.309,108.430,"GoalBlock{x=15,y=4,z=108}",16,4,MovementTraverse,1257,12,12,,
1064,0,Husk,T2/10,MOVING,4.620,3.407,108.394,"GoalBlock{x=15,y=4,z=108}",16,4,MovementTraverse,1257,12,12,,
1065,0,Husk,T2/10,MOVING,4.680,3.506,108.367,"GoalBlock{x=15,y=4,z=108}",16,4,MovementTraverse,1257,12,12,,
1066,0,Husk,T2/10,MOVING,4.747,3.605,108.349,"GoalBlock{x=15,y=4,z=108}",16,4,MovementTraverse,1257,12,12,,
1067,0,Husk,T2/10,MOVING,4.825,3.664,108.339,"GoalBlock{x=15,y=4,z=108}",16,4,MovementTraverse,1257,12,12,,
1068,0,Husk,T2/10,MOVING,4.921,3.643,108.336,"GoalBlock{x=15,y=4,z=108}",16,4,MovementTraverse,1257,12,12,,
1069,0,Husk,T2/10,MOVING,5.034,3.545,108.343,"GoalBlock{x=15,y=4,z=108}",16,4,MovementTraverse,1257,12,12,,
1070,0,Husk,T2/10,MOVING,5.155,3.410,108.352,"GoalBlock{x=15,y=4,z=108}",16,5,MovementTraverse,1257,12,12,,
1071,0,Husk,T2/10,MOVING,5.272,3.322,108.360,"GoalBlock{x=15,y=4,z=108}",16,5,MovementTraverse,1257,12,12,,
1072,0,Husk,T2/10,MOVING,5.384,3.271,108.370,"GoalBlock{x=15,y=4,z=108}",16,5,MovementTraverse,1257,12,12,,
1073,0,Husk,T2/10,MOVING,5.494,3.251,108.380,"GoalBlock{x=15,y=4,z=108}",16,5,MovementTraverse,1257,12,12,,
1074,0,Husk,T2/10,MOVING,5.601,3.255,108.390,"GoalBlock{x=15,y=4,z=108}",16,5,MovementTraverse,1257,12,12,,
1075,0,Husk,T2/10,MOVING,5.707,3.278,108.400,"GoalBlock{x=15,y=4,z=108}",16,5,MovementTraverse,1257,12,12,,
1076,0,Husk,T2/10,MOVING,5.810,3.318,108.411,"GoalBlock{x=15,y=4,z=108}",16,5,MovementTraverse,1257,12,12,,
1077,0,Husk,T2/10,MOVING,5.913,3.370,108.422,"GoalBlock{x=15,y=4,z=108}",16,5,MovementTraverse,1257,12,12,,
1078,0,Husk,T2/10,MOVING,6.014,3.432,108.434,"GoalBlock{x=15,y=4,z=108}",16,5,MovementTraverse,1257,12,12,,
1079,0,Husk,T2/10,MOVING,6.115,3.501,108.444,"GoalBlock{x=15,y=4,z=108}",16,6,MovementTraverse,1257,12,12,,
1080,0,Husk,T2/10,MOVING,6.215,3.576,108.453,"GoalBlock{x=15,y=4,z=108}",16,6,MovementTraverse,1257,12,12,,
1081,0,Husk,T2/10,MOVING,6.314,3.657,108.460,"GoalBlock{x=15,y=4,z=108}",16,6,MovementTraverse,1257,12,12,,
1082,0,Husk,T2/10,MOVING,6.420,3.701,108.468,"GoalBlock{x=15,y=4,z=108}",16,6,MovementTraverse,1257,12,12,,
1083,0,Husk,T2/10,MOVING,6.541,3.666,108.475,"GoalBlock{x=15,y=4,z=108}",16,6,MovementTraverse,1257,12,12,,
1084,0,Husk,T2/10,MOVING,6.677,3.553,108.482,"GoalBlock{x=15,y=4,z=108}",16,6,MovementTraverse,1257,12,12,,
1085,0,Husk,T2/10,MOVING,6.820,3.404,108.489,"GoalBlock{x=15,y=4,z=108}",16,6,MovementTraverse,1257,12,12,,
1086,0,Husk,T2/10,MOVING,6.954,3.305,108.495,"GoalBlock{x=15,y=4,z=108}",16,6,MovementTraverse,1257,12,12,,
1087,0,Husk,T2/10,MOVING,7.081,3.246,108.500,"GoalBlock{x=15,y=4,z=108}",16,6,MovementTraverse,1257,12,12,,
1088,0,Husk,T2/10,MOVING,7.202,3.219,108.504,"GoalBlock{x=15,y=4,z=108}",16,7,MovementTraverse,1257,12,12,,
1089,0,Husk,T2/10,MOVING,7.318,3.217,108.507,"GoalBlock{x=15,y=4,z=108}",16,7,MovementTraverse,1257,12,12,,
1090,0,Husk,T2/10,MOVING,7.431,3.235,108.507,"GoalBlock{x=15,y=4,z=108}",16,7,MovementTraverse,1257,12,12,,
1091,0,Husk,T2/10,MOVING,7.541,3.270,108.507,"GoalBlock{x=15,y=4,z=108}",16,7,MovementTraverse,1257,12,12,,
1092,0,Husk,T2/10,MOVING,7.648,3.318,108.507,"GoalBlock{x=15,y=4,z=108}",16,7,MovementTraverse,1257,12,12,,
1093,0,Husk,T2/10,MOVING,7.754,3.376,108.506,"GoalBlock{x=15,y=4,z=108}",16,7,MovementTraverse,1257,12,12,,
1094,0,Husk,T2/10,MOVING,7.858,3.442,108.506,"GoalBlock{x=15,y=4,z=108}",16,7,MovementTraverse,1257,12,12,,
1095,0,Husk,T2/10,MOVING,7.961,3.516,108.506,"GoalBlock{x=15,y=4,z=108}",16,7,MovementTraverse,1257,12,12,,
1096,0,Husk,T2/10,MOVING,8.063,3.594,108.506,"GoalBlock{x=15,y=4,z=108}",16,7,MovementTraverse,1257,12,12,,
1097,0,Husk,T2/10,MOVING,8.164,3.677,108.506,"GoalBlock{x=15,y=4,z=108}",16,8,MovementAscend,1257,12,12,,
1098,0,Husk,T2/10,MOVING,8.264,3.724,108.506,"GoalBlock{x=15,y=4,z=108}",16,8,MovementAscend,1257,12,12,,
1099,0,Husk,T2/10,MOVING,8.375,3.691,108.506,"GoalBlock{x=15,y=4,z=108}",16,8,MovementAscend,1257,12,12,,
1100,0,Husk,T2/10,MOVING,8.496,3.580,108.506,"GoalBlock{x=15,y=4,z=108}",16,8,MovementAscend,1257,12,12,,
1101,0,Husk,T2/10,MOVING,8.625,3.433,108.505,"GoalBlock{x=15,y=4,z=108}",16,8,MovementAscend,1257,12,12,,
1102,0,Husk,T2/10,MOVING,8.700,3.335,108.505,"GoalBlock{x=15,y=4,z=108}",16,8,MovementAscend,1257,12,12,,
1103,0,Husk,T2/10,MOVING,8.700,3.277,108.505,"GoalBlock{x=15,y=4,z=108}",16,8,MovementAscend,1257,12,12,,
1104,0,Husk,T2/10,MOVING,8.700,3.251,108.505,"GoalBlock{x=15,y=4,z=108}",16,8,MovementAscend,1257,12,12,,
1105,0,Husk,T2/10,MOVING,8.700,3.250,108.505,"GoalBlock{x=15,y=4,z=108}",16,8,MovementAscend,1257,12,12,,
1106,0,Husk,T2/10,MOVING,8.700,3.269,108.505,"GoalBlock{x=15,y=4,z=108}",16,8,MovementAscend,1257,12,12,,
1107,0,Husk,T2/10,MOVING,8.700,3.304,108.505,"GoalBlock{x=15,y=4,z=108}",16,8,MovementAscend,1257,12,12,,
1108,0,Husk,T2/10,MOVING,8.700,3.352,108.505,"GoalBlock{x=15,y=4,z=108}",16,8,MovementAscend,1257,12,12,,
1109,0,Husk,T2/10,MOVING,8.700,3.411,108.504,"GoalBlock{x=15,y=4,z=108}",16,8,MovementAscend,1257,12,12,,
1110,0,Husk,T2/10,MOVING,8.700,3.478,108.504,"GoalBlock{x=15,y=4,z=108}",16,8,MovementAscend,1257,12,12,,
1111,0,Husk,T2/10,MOVING,8.700,3.818,108.504,"GoalBlock{x=15,y=4,z=108}",16,8,MovementAscend,1257,12,12,,
1112,0,Husk,T2/10,MOVING,8.720,4.118,108.504,"GoalBlock{x=15,y=4,z=108}",16,8,MovementAscend,1257,12,12,,
1113,0,Husk,T2/10,MOVING,8.757,4.333,108.504,"GoalBlock{x=15,y=4,z=108}",16,8,MovementAscend,1257,12,12,,
1114,0,Husk,T2/10,MOVING,8.811,4.466,108.504,"GoalBlock{x=15,y=4,z=108}",16,8,MovementAscend,1257,12,12,,
1115,0,Husk,T2/10,MOVING,8.879,4.518,108.504,"GoalBlock{x=15,y=4,z=108}",16,8,MovementAscend,1257,12,12,,
1116,0,Husk,T2/10,MOVING,8.961,4.490,108.504,"GoalBlock{x=15,y=4,z=108}",16,8,MovementAscend,1257,12,12,,
1117,0,Husk,T2/10,MOVING,9.055,4.385,108.504,"GoalBlock{x=15,y=4,z=108}",16,8,MovementAscend,1257,12,12,,
1118,0,Husk,T2/10,MOVING,9.166,4.203,108.503,"GoalBlock{x=15,y=4,z=108}",16,9,MovementTraverse,1257,12,12,,
1119,0,Husk,T2/10,MOVING,9.293,4.000,108.503,"GoalBlock{x=15,y=4,z=108}",16,9,MovementTraverse,1257,12,12,,
1120,0,Husk,T2/10,MOVING,9.535,4.000,108.503,"GoalBlock{x=15,y=4,z=108}",16,9,MovementTraverse,1257,12,12,,
1121,0,Husk,T2/10,MOVING,9.795,4.000,108.503,"GoalBlock{x=15,y=4,z=108}",16,9,MovementTraverse,1257,12,12,,
1122,0,Husk,T2/10,MOVING,10.065,4.000,108.502,"GoalBlock{x=15,y=4,z=108}",16,9,MovementTraverse,1257,12,12,,
1123,0,Husk,T2/10,MOVING,10.339,4.000,108.502,"GoalBlock{x=15,y=4,z=108}",16,10,MovementTraverse,1257,12,12,,
1124,0,Husk,T2/10,MOVING,10.616,4.000,108.502,"GoalBlock{x=15,y=4,z=108}",16,10,MovementTraverse,1257,12,12,,
1125,0,Husk,T2/10,MOVING,10.895,4.000,108.502,"GoalBlock{x=15,y=4,z=108}",16,10,MovementTraverse,1257,12,12,,
1126,0,Husk,T2/10,MOVING,11.175,4.000,108.501,"GoalBlock{x=15,y=4,z=108}",16,10,MovementTraverse,1257,12,12,,
1127,0,Husk,T2/10,MOVING,11.455,4.000,108.501,"GoalBlock{x=15,y=4,z=108}",16,11,MovementTraverse,1257,12,12,,
1128,0,Husk,T2/10,MOVING,11.735,4.000,108.501,"GoalBlock{x=15,y=4,z=108}",16,11,MovementTraverse,1257,12,12,,
1129,0,Husk,T2/10,MOVING,12.015,4.000,108.501,"GoalBlock{x=15,y=4,z=108}",16,11,MovementTraverse,1257,12,12,,
1130,0,Husk,T2/10,MOVING,12.296,4.000,108.501,"GoalBlock{x=15,y=4,z=108}",16,12,MovementTraverse,1257,12,12,,
1131,0,Husk,T2/10,MOVING,12.577,4.000,108.501,"GoalBlock{x=15,y=4,z=108}",16,12,MovementTraverse,1257,12,12,,
1132,0,Husk,T2/10,MOVING,12.857,4.000,108.501,"GoalBlock{x=15,y=4,z=108}",16,12,MovementTraverse,1257,12,12,,
1133,0,Husk,T2/10,MOVING,13.138,4.000,108.500,"GoalBlock{x=15,y=4,z=108}",16,12,MovementTraverse,1257,12,12,,
1134,0,Husk,T2/10,MOVING,13.418,4.000,108.500,"GoalBlock{x=15,y=4,z=108}",16,13,MovementTraverse,1257,12,12,,
1135,0,Husk,T2/10,MOVING,13.699,4.000,108.500,"GoalBlock{x=15,y=4,z=108}",16,13,MovementTraverse,1257,12,12,,
1136,0,Husk,T2/10,MOVING,13.980,4.000,108.500,"GoalBlock{x=15,y=4,z=108}",16,13,MovementTraverse,1257,12,12,,
1137,0,Husk,T2/10,MOVING,14.260,4.000,108.500,"GoalBlock{x=15,y=4,z=108}",16,13,MovementTraverse,1257,12,12,,
1138,0,Husk,T2/10,MOVING,14.541,4.000,108.500,"GoalBlock{x=15,y=4,z=108}",16,14,MovementTraverse,1257,12,12,,
1139,0,Husk,T2/10,MOVING,14.821,4.000,108.500,"GoalBlock{x=15,y=4,z=108}",16,14,MovementTraverse,1257,12,12,,
1140,0,Husk,T2/10,MOVING,15.102,4.000,108.500,"GoalBlock{x=15,y=4,z=108}",16,14,MovementTraverse,1257,12,12,,
1141,0,Husk,T2/10,ARRIVED,15.255,4.000,108.500,,-1,-1,,1257,12,12,,CANCELED
